ISO-10303-21;
HEADER;
/* Generated by software containing ST-Developer
 * from STEP Tools, Inc. (www.steptools.com) 
 */

FILE_DESCRIPTION(
/* description */ ('KiCad electronic assembly'),
/* implementation_level */ '2;1');

FILE_NAME(
/* name */ 'marcopad.step',
/* time_stamp */ '2025-12-07T01:47:33+01:00',
/* author */ (''),
/* organization */ (''),
/* preprocessor_version */ 'ST-DEVELOPER v20.1',
/* originating_system */ 'Autodesk Translation Framework v14.17.0.0',
/* authorisation */ '');

FILE_SCHEMA (('AUTOMOTIVE_DESIGN { 1 0 10303 214 3 1 1 }'));
ENDSEC;

DATA;
#10=MECHANICAL_DESIGN_GEOMETRIC_PRESENTATION_REPRESENTATION('',(#292,#293),
#13730);
#11=ITEM_DEFINED_TRANSFORMATION($,$,#7748,#8169);
#12=(
REPRESENTATION_RELATIONSHIP($,$,#13741,#13740)
REPRESENTATION_RELATIONSHIP_WITH_TRANSFORMATION(#11)
SHAPE_REPRESENTATION_RELATIONSHIP()
);
#13=CONTEXT_DEPENDENT_SHAPE_REPRESENTATION(#12,#13739);
#14=NEXT_ASSEMBLY_USAGE_OCCURRENCE('marcopad_PCB:1','marcopad_PCB:1',
'marcopad_PCB:1',#13743,#13744,'marcopad_PCB:1');
#15=B_SPLINE_SURFACE_WITH_KNOTS('',3,1,((#10529,#10530),(#10531,#10532),
(#10533,#10534),(#10535,#10536),(#10537,#10538)),.UNSPECIFIED.,.F.,.F.,
 .F.,(4,1,4),(2,2),(0.,0.0290832889863667,0.0532574955967692),(0.,0.1),
 .UNSPECIFIED.);
#16=B_SPLINE_SURFACE_WITH_KNOTS('',3,1,((#10560,#10561),(#10562,#10563),
(#10564,#10565),(#10566,#10567),(#10568,#10569)),.UNSPECIFIED.,.F.,.F.,
 .F.,(4,1,4),(2,2),(0.,0.010036587460286,0.0229523561310035),(0.,0.1),
 .UNSPECIFIED.);
#17=B_SPLINE_SURFACE_WITH_KNOTS('',3,1,((#10577,#10578),(#10579,#10580),
(#10581,#10582),(#10583,#10584),(#10585,#10586)),.UNSPECIFIED.,.F.,.F.,
 .F.,(4,1,4),(2,2),(0.,0.0142899339000154,0.0282718417248171),(0.,0.1),
 .UNSPECIFIED.);
#18=B_SPLINE_SURFACE_WITH_KNOTS('',3,1,((#10594,#10595),(#10596,#10597),
(#10598,#10599),(#10600,#10601),(#10602,#10603)),.UNSPECIFIED.,.F.,.F.,
 .F.,(4,1,4),(2,2),(0.,0.0187838786160857,0.0367599441004521),(0.,0.1),
 .UNSPECIFIED.);
#19=B_SPLINE_SURFACE_WITH_KNOTS('',3,1,((#10611,#10612),(#10613,#10614),
(#10615,#10616),(#10617,#10618),(#10619,#10620)),.UNSPECIFIED.,.F.,.F.,
 .F.,(4,1,4),(2,2),(0.,0.0179290195807207,0.0362889929921029),(0.,0.1),
 .UNSPECIFIED.);
#20=B_SPLINE_SURFACE_WITH_KNOTS('',3,1,((#10759,#10760),(#10761,#10762),
(#10763,#10764),(#10765,#10766),(#10767,#10768)),.UNSPECIFIED.,.F.,.F.,
 .F.,(4,1,4),(2,2),(0.,0.0179788351286167,0.0360502436031009),(0.,0.1),
 .UNSPECIFIED.);
#21=B_SPLINE_SURFACE_WITH_KNOTS('',3,1,((#10776,#10777),(#10778,#10779),
(#10780,#10781),(#10782,#10783),(#10784,#10785)),.UNSPECIFIED.,.F.,.F.,
 .F.,(4,1,4),(2,2),(0.,0.0182376446936831,0.0365200394936313),(0.,0.1),
 .UNSPECIFIED.);
#22=B_SPLINE_SURFACE_WITH_KNOTS('',3,1,((#10793,#10794),(#10795,#10796),
(#10797,#10798),(#10799,#10800),(#10801,#10802)),.UNSPECIFIED.,.F.,.F.,
 .F.,(4,1,4),(2,2),(0.,0.0178083673050937,0.0357443784310486),(0.,0.1),
 .UNSPECIFIED.);
#23=B_SPLINE_SURFACE_WITH_KNOTS('',3,1,((#10810,#10811),(#10812,#10813),
(#10814,#10815),(#10816,#10817),(#10818,#10819)),.UNSPECIFIED.,.F.,.F.,
 .F.,(4,1,4),(2,2),(0.,0.0179297833417746,0.0357282734778125),(0.,0.1),
 .UNSPECIFIED.);
#24=B_SPLINE_SURFACE_WITH_KNOTS('',3,1,((#10839,#10840),(#10841,#10842),
(#10843,#10844),(#10845,#10846),(#10847,#10848)),.UNSPECIFIED.,.F.,.F.,
 .F.,(4,1,4),(2,2),(0.,0.0176309352965109,0.0356392357290413),(0.,0.1),
 .UNSPECIFIED.);
#25=B_SPLINE_SURFACE_WITH_KNOTS('',3,1,((#10856,#10857),(#10858,#10859),
(#10860,#10861),(#10862,#10863),(#10864,#10865)),.UNSPECIFIED.,.F.,.F.,
 .F.,(4,1,4),(2,2),(0.,0.018108899575178,0.0360845654083847),(0.,0.1),
 .UNSPECIFIED.);
#26=B_SPLINE_SURFACE_WITH_KNOTS('',3,1,((#10873,#10874),(#10875,#10876),
(#10877,#10878),(#10879,#10880),(#10881,#10882)),.UNSPECIFIED.,.F.,.F.,
 .F.,(4,1,4),(2,2),(0.,0.0180301284918581,0.0359643558960267),(0.,0.1),
 .UNSPECIFIED.);
#27=B_SPLINE_SURFACE_WITH_KNOTS('',3,1,((#11027,#11028),(#11029,#11030),
(#11031,#11032),(#11033,#11034),(#11035,#11036)),.UNSPECIFIED.,.F.,.F.,
 .F.,(4,1,4),(2,2),(0.,0.0175994033660366,0.035522540354118),(0.,0.1),
 .UNSPECIFIED.);
#28=B_SPLINE_SURFACE_WITH_KNOTS('',3,1,((#11044,#11045),(#11046,#11047),
(#11048,#11049),(#11050,#11051),(#11052,#11053)),.UNSPECIFIED.,.F.,.F.,
 .F.,(4,1,4),(2,2),(0.,0.0179849292433062,0.0359379268164974),(0.,0.1),
 .UNSPECIFIED.);
#29=B_SPLINE_SURFACE_WITH_KNOTS('',3,1,((#11061,#11062),(#11063,#11064),
(#11065,#11066),(#11067,#11068),(#11069,#11070)),.UNSPECIFIED.,.F.,.F.,
 .F.,(4,1,4),(2,2),(0.,0.0181581502258607,0.0361808531794282),(0.,0.1),
 .UNSPECIFIED.);
#30=B_SPLINE_SURFACE_WITH_KNOTS('',3,1,((#11078,#11079),(#11080,#11081),
(#11082,#11083),(#11084,#11085),(#11086,#11087)),.UNSPECIFIED.,.F.,.F.,
 .F.,(4,1,4),(2,2),(0.,0.0179280973009602,0.0357513247510042),(0.,0.1),
 .UNSPECIFIED.);
#31=B_SPLINE_SURFACE_WITH_KNOTS('',3,1,((#11099,#11100),(#11101,#11102),
(#11103,#11104),(#11105,#11106),(#11107,#11108)),.UNSPECIFIED.,.F.,.F.,
 .F.,(4,1,4),(2,2),(0.,0.0179000713189117,0.0357732433257759),(0.,0.1),
 .UNSPECIFIED.);
#32=B_SPLINE_SURFACE_WITH_KNOTS('',3,1,((#11116,#11117),(#11118,#11119),
(#11120,#11121),(#11122,#11123),(#11124,#11125)),.UNSPECIFIED.,.F.,.F.,
 .F.,(4,1,4),(2,2),(0.,0.0179572027651327,0.0361706970980714),(0.,0.1),
 .UNSPECIFIED.);
#33=B_SPLINE_SURFACE_WITH_KNOTS('',3,1,((#11137,#11138),(#11139,#11140),
(#11141,#11142),(#11143,#11144),(#11145,#11146)),.UNSPECIFIED.,.F.,.F.,
 .F.,(4,1,4),(2,2),(0.,0.0181321586878126,0.0361084120027584),(0.,0.1),
 .UNSPECIFIED.);
#34=B_SPLINE_SURFACE_WITH_KNOTS('',3,1,((#11154,#11155),(#11156,#11157),
(#11158,#11159),(#11160,#11161),(#11162,#11163)),.UNSPECIFIED.,.F.,.F.,
 .F.,(4,1,4),(2,2),(0.,0.0180541574776654,0.0361710255346588),(0.,0.1),
 .UNSPECIFIED.);
#35=B_SPLINE_SURFACE_WITH_KNOTS('',3,1,((#11171,#11172),(#11173,#11174),
(#11175,#11176),(#11177,#11178),(#11179,#11180)),.UNSPECIFIED.,.F.,.F.,
 .F.,(4,1,4),(2,2),(0.,0.0175593779597362,0.0352162709274621),(0.,0.1),
 .UNSPECIFIED.);
#36=B_SPLINE_SURFACE_WITH_KNOTS('',3,1,((#11343,#11344),(#11345,#11346),
(#11347,#11348),(#11349,#11350),(#11351,#11352)),.UNSPECIFIED.,.F.,.F.,
 .F.,(4,1,4),(2,2),(0.,0.0255993598227692,0.0491815820122207),(0.,0.1),
 .UNSPECIFIED.);
#37=B_SPLINE_SURFACE_WITH_KNOTS('',3,1,((#11360,#11361),(#11362,#11363),
(#11364,#11365),(#11366,#11367),(#11368,#11369)),.UNSPECIFIED.,.F.,.F.,
 .F.,(4,1,4),(2,2),(0.,0.0181828565321378,0.0366494133172836),(0.,0.1),
 .UNSPECIFIED.);
#38=B_SPLINE_SURFACE_WITH_KNOTS('',3,1,((#11377,#11378),(#11379,#11380),
(#11381,#11382),(#11383,#11384),(#11385,#11386)),.UNSPECIFIED.,.F.,.F.,
 .F.,(4,1,4),(2,2),(0.,0.0181829694521351,0.0358854778029079),(0.,0.1),
 .UNSPECIFIED.);
#39=B_SPLINE_SURFACE_WITH_KNOTS('',3,1,((#11394,#11395),(#11396,#11397),
(#11398,#11399),(#11400,#11401),(#11402,#11403)),.UNSPECIFIED.,.F.,.F.,
 .F.,(4,1,4),(2,2),(0.,0.0124625702050863,0.0256071080119605),(0.,0.1),
 .UNSPECIFIED.);
#40=B_SPLINE_SURFACE_WITH_KNOTS('',3,1,((#11419,#11420),(#11421,#11422),
(#11423,#11424),(#11425,#11426),(#11427,#11428)),.UNSPECIFIED.,.F.,.F.,
 .F.,(4,1,4),(2,2),(0.,0.00988075904522499,0.0210838984057925),(0.,0.1),
 .UNSPECIFIED.);
#41=B_SPLINE_SURFACE_WITH_KNOTS('',3,1,((#11436,#11437),(#11438,#11439),
(#11440,#11441),(#11442,#11443),(#11444,#11445)),.UNSPECIFIED.,.F.,.F.,
 .F.,(4,1,4),(2,2),(0.,0.0179900109981896,0.0357726060208421),(0.,0.1),
 .UNSPECIFIED.);
#42=B_SPLINE_SURFACE_WITH_KNOTS('',3,1,((#11453,#11454),(#11455,#11456),
(#11457,#11458),(#11459,#11460),(#11461,#11462)),.UNSPECIFIED.,.F.,.F.,
 .F.,(4,1,4),(2,2),(0.,0.017866514649051,0.0359432239077122),(0.,0.1),
 .UNSPECIFIED.);
#43=B_SPLINE_SURFACE_WITH_KNOTS('',3,1,((#11470,#11471),(#11472,#11473),
(#11474,#11475),(#11476,#11477),(#11478,#11479)),.UNSPECIFIED.,.F.,.F.,
 .F.,(4,1,4),(2,2),(0.,0.0246417344379285,0.0527761732899964),(0.,0.1),
 .UNSPECIFIED.);
#44=B_SPLINE_SURFACE_WITH_KNOTS('',3,1,((#11560,#11561),(#11562,#11563),
(#11564,#11565),(#11566,#11567),(#11568,#11569)),.UNSPECIFIED.,.F.,.F.,
 .F.,(4,1,4),(2,2),(0.,0.0180343261269847,0.0361135176084395),(0.,0.1),
 .UNSPECIFIED.);
#45=B_SPLINE_SURFACE_WITH_KNOTS('',3,1,((#11583,#11584),(#11585,#11586),
(#11587,#11588),(#11589,#11590),(#11591,#11592)),.UNSPECIFIED.,.F.,.F.,
 .F.,(4,1,4),(2,2),(0.,0.0179560199784932,0.0357711120423546),(0.,0.1),
 .UNSPECIFIED.);
#46=B_SPLINE_SURFACE_WITH_KNOTS('',3,1,((#11600,#11601),(#11602,#11603),
(#11604,#11605),(#11606,#11607),(#11608,#11609)),.UNSPECIFIED.,.F.,.F.,
 .F.,(4,1,4),(2,2),(0.,0.0178221560915005,0.0357926564515477),(0.,0.1),
 .UNSPECIFIED.);
#47=B_SPLINE_SURFACE_WITH_KNOTS('',3,1,((#11621,#11622),(#11623,#11624),
(#11625,#11626),(#11627,#11628),(#11629,#11630)),.UNSPECIFIED.,.F.,.F.,
 .F.,(4,1,4),(2,2),(0.,0.0170519866813249,0.0350213116329914),(0.,0.1),
 .UNSPECIFIED.);
#48=B_SPLINE_SURFACE_WITH_KNOTS('',3,1,((#11759,#11760),(#11761,#11762),
(#11763,#11764),(#11765,#11766),(#11767,#11768)),.UNSPECIFIED.,.F.,.F.,
 .F.,(4,1,4),(2,2),(0.,0.0108605274071241,0.0218161868821888),(0.,0.1),
 .UNSPECIFIED.);
#49=B_SPLINE_SURFACE_WITH_KNOTS('',3,1,((#11776,#11777),(#11778,#11779),
(#11780,#11781),(#11782,#11783),(#11784,#11785)),.UNSPECIFIED.,.F.,.F.,
 .F.,(4,1,4),(2,2),(0.,0.010926191896249,0.0215950550059219),(0.,0.1),
 .UNSPECIFIED.);
#50=B_SPLINE_SURFACE_WITH_KNOTS('',3,1,((#11797,#11798),(#11799,#11800),
(#11801,#11802),(#11803,#11804),(#11805,#11806)),.UNSPECIFIED.,.F.,.F.,
 .F.,(4,1,4),(2,2),(0.,0.0464998562224248,0.093209290378638),(0.,0.1),
 .UNSPECIFIED.);
#51=B_SPLINE_SURFACE_WITH_KNOTS('',3,1,((#11816,#11817),(#11818,#11819),
(#11820,#11821),(#11822,#11823),(#11824,#11825)),.UNSPECIFIED.,.F.,.F.,
 .F.,(4,1,4),(2,2),(0.,0.0468066251143873,0.0936479997310852),(0.,0.1),
 .UNSPECIFIED.);
#52=B_SPLINE_SURFACE_WITH_KNOTS('',3,1,((#11841,#11842),(#11843,#11844),
(#11845,#11846),(#11847,#11848),(#11849,#11850)),.UNSPECIFIED.,.F.,.F.,
 .F.,(4,1,4),(2,2),(0.,0.0178904345849703,0.0357618416735406),(0.,0.1),
 .UNSPECIFIED.);
#53=B_SPLINE_SURFACE_WITH_KNOTS('',3,1,((#11858,#11859),(#11860,#11861),
(#11862,#11863),(#11864,#11865),(#11866,#11867)),.UNSPECIFIED.,.F.,.F.,
 .F.,(4,1,4),(2,2),(0.,0.0179731068657221,0.0362094375227745),(0.,0.1),
 .UNSPECIFIED.);
#54=B_SPLINE_SURFACE_WITH_KNOTS('',3,1,((#11875,#11876),(#11877,#11878),
(#11879,#11880),(#11881,#11882),(#11883,#11884)),.UNSPECIFIED.,.F.,.F.,
 .F.,(4,1,4),(2,2),(0.,0.0183326879281068,0.0363964172222275),(0.,0.1),
 .UNSPECIFIED.);
#55=B_SPLINE_SURFACE_WITH_KNOTS('',3,1,((#12067,#12068),(#12069,#12070),
(#12071,#12072),(#12073,#12074),(#12075,#12076)),.UNSPECIFIED.,.F.,.F.,
 .F.,(4,1,4),(2,2),(0.,0.0237805127161837,0.0427404856409719),(0.,0.1),
 .UNSPECIFIED.);
#56=B_SPLINE_SURFACE_WITH_KNOTS('',3,1,((#12084,#12085),(#12086,#12087),
(#12088,#12089),(#12090,#12091),(#12092,#12093)),.UNSPECIFIED.,.F.,.F.,
 .F.,(4,1,4),(2,2),(0.,0.021708300429992,0.0434334511434434),(0.,0.1),
 .UNSPECIFIED.);
#57=B_SPLINE_SURFACE_WITH_KNOTS('',3,1,((#12105,#12106),(#12107,#12108),
(#12109,#12110),(#12111,#12112),(#12113,#12114)),.UNSPECIFIED.,.F.,.F.,
 .F.,(4,1,4),(2,2),(0.,0.0160464087917303,0.0344427326477013),(0.,0.1),
 .UNSPECIFIED.);
#58=B_SPLINE_SURFACE_WITH_KNOTS('',3,1,((#12128,#12129),(#12130,#12131),
(#12132,#12133),(#12134,#12135),(#12136,#12137)),.UNSPECIFIED.,.F.,.F.,
 .F.,(4,1,4),(2,2),(0.,0.0180033829955491,0.0359256532890297),(0.,0.1),
 .UNSPECIFIED.);
#59=B_SPLINE_SURFACE_WITH_KNOTS('',3,1,((#12145,#12146),(#12147,#12148),
(#12149,#12150),(#12151,#12152),(#12153,#12154)),.UNSPECIFIED.,.F.,.F.,
 .F.,(4,1,4),(2,2),(0.,0.0178764823686313,0.0355603567885295),(0.,0.1),
 .UNSPECIFIED.);
#60=B_SPLINE_SURFACE_WITH_KNOTS('',3,1,((#12162,#12163),(#12164,#12165),
(#12166,#12167),(#12168,#12169),(#12170,#12171)),.UNSPECIFIED.,.F.,.F.,
 .F.,(4,1,4),(2,2),(0.,0.0180407191782265,0.0361510908827946),(0.,0.1),
 .UNSPECIFIED.);
#61=B_SPLINE_SURFACE_WITH_KNOTS('',3,1,((#12179,#12180),(#12181,#12182),
(#12183,#12184),(#12185,#12186),(#12187,#12188)),.UNSPECIFIED.,.F.,.F.,
 .F.,(4,1,4),(2,2),(0.,0.0180463162190908,0.0361339917664218),(0.,0.1),
 .UNSPECIFIED.);
#62=B_SPLINE_SURFACE_WITH_KNOTS('',3,1,((#12208,#12209),(#12210,#12211),
(#12212,#12213),(#12214,#12215),(#12216,#12217)),.UNSPECIFIED.,.F.,.F.,
 .F.,(4,1,4),(2,2),(0.,0.0181606717259626,0.0361616987654378),(0.,0.1),
 .UNSPECIFIED.);
#63=B_SPLINE_SURFACE_WITH_KNOTS('',3,1,((#12225,#12226),(#12227,#12228),
(#12229,#12230),(#12231,#12232),(#12233,#12234)),.UNSPECIFIED.,.F.,.F.,
 .F.,(4,1,4),(2,2),(0.,0.0180685148682112,0.036191991590343),(0.,0.1),
 .UNSPECIFIED.);
#64=B_SPLINE_SURFACE_WITH_KNOTS('',3,1,((#12242,#12243),(#12244,#12245),
(#12246,#12247),(#12248,#12249),(#12250,#12251)),.UNSPECIFIED.,.F.,.F.,
 .F.,(4,1,4),(2,2),(0.,0.0176013272558061,0.0355198322598857),(0.,0.1),
 .UNSPECIFIED.);
#65=B_SPLINE_SURFACE_WITH_KNOTS('',3,1,((#13177,#13178),(#13179,#13180),
(#13181,#13182),(#13183,#13184),(#13185,#13186)),.UNSPECIFIED.,.F.,.F.,
 .F.,(4,1,4),(2,2),(0.,0.0178281641425753,0.0357968853573307),(0.,0.1),
 .UNSPECIFIED.);
#66=B_SPLINE_SURFACE_WITH_KNOTS('',3,1,((#13188,#13189),(#13190,#13191),
(#13192,#13193),(#13194,#13195),(#13196,#13197)),.UNSPECIFIED.,.F.,.F.,
 .F.,(4,1,4),(2,2),(0.,0.0179845378772067,0.0358212534371995),(0.,0.1),
 .UNSPECIFIED.);
#67=B_SPLINE_SURFACE_WITH_KNOTS('',3,1,((#13199,#13200),(#13201,#13202),
(#13203,#13204),(#13205,#13206),(#13207,#13208)),.UNSPECIFIED.,.F.,.F.,
 .F.,(4,1,4),(2,2),(0.,0.0177886321775334,0.0358552335665811),(0.,0.1),
 .UNSPECIFIED.);
#68=B_SPLINE_SURFACE_WITH_KNOTS('',3,1,((#13210,#13211),(#13212,#13213),
(#13214,#13215),(#13216,#13217),(#13218,#13219)),.UNSPECIFIED.,.F.,.F.,
 .F.,(4,1,4),(2,2),(0.,0.018038367753128,0.0358133605182482),(0.,0.1),
 .UNSPECIFIED.);
#69=B_SPLINE_SURFACE_WITH_KNOTS('',3,1,((#13227,#13228),(#13229,#13230),
(#13231,#13232),(#13233,#13234),(#13235,#13236)),.UNSPECIFIED.,.F.,.F.,
 .F.,(4,1,4),(2,2),(0.,0.0177667001714298,0.0355950421878659),(0.,0.1),
 .UNSPECIFIED.);
#70=B_SPLINE_SURFACE_WITH_KNOTS('',3,1,((#13245,#13246),(#13247,#13248),
(#13249,#13250),(#13251,#13252),(#13253,#13254)),.UNSPECIFIED.,.F.,.F.,
 .F.,(4,1,4),(2,2),(0.,0.0178685580564415,0.0355410907848695),(0.,0.1),
 .UNSPECIFIED.);
#71=B_SPLINE_SURFACE_WITH_KNOTS('',3,1,((#13256,#13257),(#13258,#13259),
(#13260,#13261),(#13262,#13263),(#13264,#13265)),.UNSPECIFIED.,.F.,.F.,
 .F.,(4,1,4),(2,2),(0.,0.0180303514618708,0.0359643824400665),(0.,0.1),
 .UNSPECIFIED.);
#72=B_SPLINE_SURFACE_WITH_KNOTS('',3,1,((#13267,#13268),(#13269,#13270),
(#13271,#13272),(#13273,#13274),(#13275,#13276)),.UNSPECIFIED.,.F.,.F.,
 .F.,(4,1,4),(2,2),(0.,0.017973133627323,0.0362130734558927),(0.,0.1),
 .UNSPECIFIED.);
#73=B_SPLINE_SURFACE_WITH_KNOTS('',3,1,((#13278,#13279),(#13280,#13281),
(#13282,#13283),(#13284,#13285),(#13286,#13287)),.UNSPECIFIED.,.F.,.F.,
 .F.,(4,1,4),(2,2),(0.,0.0178969724684193,0.0357711957000796),(0.,0.1),
 .UNSPECIFIED.);
#74=B_SPLINE_SURFACE_WITH_KNOTS('',3,1,((#13295,#13296),(#13297,#13298),
(#13299,#13300),(#13301,#13302),(#13303,#13304)),.UNSPECIFIED.,.F.,.F.,
 .F.,(4,1,4),(2,2),(0.,0.0178670083478288,0.0355343896892146),(0.,0.1),
 .UNSPECIFIED.);
#75=B_SPLINE_SURFACE_WITH_KNOTS('',3,1,((#13310,#13311),(#13312,#13313),
(#13314,#13315),(#13316,#13317),(#13318,#13319)),.UNSPECIFIED.,.F.,.F.,
 .F.,(4,1,4),(2,2),(0.,0.017506771399615,0.0343256616729786),(0.,0.1),
 .UNSPECIFIED.);
#76=B_SPLINE_SURFACE_WITH_KNOTS('',3,1,((#13321,#13322),(#13323,#13324),
(#13325,#13326),(#13327,#13328),(#13329,#13330)),.UNSPECIFIED.,.F.,.F.,
 .F.,(4,1,4),(2,2),(0.,0.0177574442270175,0.0355657003289126),(0.,0.1),
 .UNSPECIFIED.);
#77=B_SPLINE_SURFACE_WITH_KNOTS('',3,1,((#13332,#13333),(#13334,#13335),
(#13336,#13337),(#13338,#13339),(#13340,#13341)),.UNSPECIFIED.,.F.,.F.,
 .F.,(4,1,4),(2,2),(0.,0.00869381768332439,0.0157655783612511),(0.,0.1),
 .UNSPECIFIED.);
#78=B_SPLINE_SURFACE_WITH_KNOTS('',3,1,((#13345,#13346),(#13347,#13348),
(#13349,#13350),(#13351,#13352),(#13353,#13354)),.UNSPECIFIED.,.F.,.F.,
 .F.,(4,1,4),(2,2),(0.,0.0284797845762018,0.053291120978012),(0.,0.1),
 .UNSPECIFIED.);
#79=B_SPLINE_SURFACE_WITH_KNOTS('',3,1,((#13356,#13357),(#13358,#13359),
(#13360,#13361),(#13362,#13363),(#13364,#13365)),.UNSPECIFIED.,.F.,.F.,
 .F.,(4,1,4),(2,2),(0.,0.0330588854520893,0.0633188335867426),(0.,0.1),
 .UNSPECIFIED.);
#80=B_SPLINE_SURFACE_WITH_KNOTS('',3,1,((#13369,#13370),(#13371,#13372),
(#13373,#13374),(#13375,#13376),(#13377,#13378)),.UNSPECIFIED.,.F.,.F.,
 .F.,(4,1,4),(2,2),(0.,0.0088726006020699,0.0190178353953963),(0.,0.1),
 .UNSPECIFIED.);
#81=B_SPLINE_SURFACE_WITH_KNOTS('',3,1,((#13379,#13380),(#13381,#13382),
(#13383,#13384),(#13385,#13386),(#13387,#13388)),.UNSPECIFIED.,.F.,.F.,
 .F.,(4,1,4),(2,2),(0.,0.0109116140918135,0.0218543878012228),(0.,0.1),
 .UNSPECIFIED.);
#82=B_SPLINE_SURFACE_WITH_KNOTS('',3,1,((#13396,#13397),(#13398,#13399),
(#13400,#13401),(#13402,#13403),(#13404,#13405)),.UNSPECIFIED.,.F.,.F.,
 .F.,(4,1,4),(2,2),(0.,0.0107509796139935,0.0216337128547635),(0.,0.1),
 .UNSPECIFIED.);
#83=B_SPLINE_SURFACE_WITH_KNOTS('',3,1,((#13421,#13422),(#13423,#13424),
(#13425,#13426),(#13427,#13428),(#13429,#13430)),.UNSPECIFIED.,.F.,.F.,
 .F.,(4,1,4),(2,2),(0.,0.0471203444953074,0.0936426315708004),(0.,0.1),
 .UNSPECIFIED.);
#84=B_SPLINE_SURFACE_WITH_KNOTS('',3,1,((#13432,#13433),(#13434,#13435),
(#13436,#13437),(#13438,#13439),(#13440,#13441)),.UNSPECIFIED.,.F.,.F.,
 .F.,(4,1,4),(2,2),(0.,0.0465314898674396,0.0936244355253917),(0.,0.1),
 .UNSPECIFIED.);
#85=B_SPLINE_SURFACE_WITH_KNOTS('',3,1,((#13447,#13448),(#13449,#13450),
(#13451,#13452),(#13453,#13454),(#13455,#13456)),.UNSPECIFIED.,.F.,.F.,
 .F.,(4,1,4),(2,2),(0.,0.0179302828801355,0.0359414397958874),(0.,0.1),
 .UNSPECIFIED.);
#86=B_SPLINE_SURFACE_WITH_KNOTS('',3,1,((#13457,#13458),(#13459,#13460),
(#13461,#13462),(#13463,#13464),(#13465,#13466)),.UNSPECIFIED.,.F.,.F.,
 .F.,(4,1,4),(2,2),(0.,0.016419429618701,0.0291391884754406),(0.,0.1),
 .UNSPECIFIED.);
#87=B_SPLINE_SURFACE_WITH_KNOTS('',3,1,((#13484,#13485),(#13486,#13487),
(#13488,#13489),(#13490,#13491),(#13492,#13493)),.UNSPECIFIED.,.F.,.F.,
 .F.,(4,1,4),(2,2),(0.,0.0332060499244712,0.0670586481443039),(0.,0.1),
 .UNSPECIFIED.);
#88=B_SPLINE_SURFACE_WITH_KNOTS('',3,1,((#13495,#13496),(#13497,#13498),
(#13499,#13500),(#13501,#13502),(#13503,#13504)),.UNSPECIFIED.,.F.,.F.,
 .F.,(4,1,4),(2,2),(0.,0.0327213953661638,0.0656661714370751),(0.,0.1),
 .UNSPECIFIED.);
#89=B_SPLINE_SURFACE_WITH_KNOTS('',3,1,((#13508,#13509),(#13510,#13511),
(#13512,#13513),(#13514,#13515),(#13516,#13517)),.UNSPECIFIED.,.F.,.F.,
 .F.,(4,1,4),(2,2),(0.,0.0416362684127198,0.0843356604481512),(0.,0.1),
 .UNSPECIFIED.);
#90=B_SPLINE_SURFACE_WITH_KNOTS('',3,1,((#13519,#13520),(#13521,#13522),
(#13523,#13524),(#13525,#13526),(#13527,#13528)),.UNSPECIFIED.,.F.,.F.,
 .F.,(4,1,4),(2,2),(0.,0.0431555576985219,0.0869830987568509),(0.,0.1),
 .UNSPECIFIED.);
#91=B_SPLINE_SURFACE_WITH_KNOTS('',3,1,((#13532,#13533),(#13534,#13535),
(#13536,#13537),(#13538,#13539),(#13540,#13541)),.UNSPECIFIED.,.F.,.F.,
 .F.,(4,1,4),(2,2),(0.,0.0330686185589991,0.0639384492155365),(0.,0.1),
 .UNSPECIFIED.);
#92=B_SPLINE_SURFACE_WITH_KNOTS('',3,1,((#13543,#13544),(#13545,#13546),
(#13547,#13548),(#13549,#13550),(#13551,#13552)),.UNSPECIFIED.,.F.,.F.,
 .F.,(4,1,4),(2,2),(0.,0.0380095053736554,0.0731416841669973),(0.,0.1),
 .UNSPECIFIED.);
#93=B_SPLINE_SURFACE_WITH_KNOTS('',3,1,((#13556,#13557),(#13558,#13559),
(#13560,#13561),(#13562,#13563),(#13564,#13565)),.UNSPECIFIED.,.F.,.F.,
 .F.,(4,1,4),(2,2),(0.,0.0179659944437592,0.0358912160425705),(0.,0.1),
 .UNSPECIFIED.);
#94=B_SPLINE_SURFACE_WITH_KNOTS('',3,1,((#13566,#13567),(#13568,#13569),
(#13570,#13571),(#13572,#13573),(#13574,#13575)),.UNSPECIFIED.,.F.,.F.,
 .F.,(4,1,4),(2,2),(0.,0.0181357605471239,0.0361114157380959),(0.,0.1),
 .UNSPECIFIED.);
#95=B_SPLINE_SURFACE_WITH_KNOTS('',3,1,((#13579,#13580),(#13581,#13582),
(#13583,#13584),(#13585,#13586),(#13587,#13588)),.UNSPECIFIED.,.F.,.F.,
 .F.,(4,1,4),(2,2),(0.,0.0181527315510216,0.0364612794740797),(0.,0.1),
 .UNSPECIFIED.);
#96=B_SPLINE_SURFACE_WITH_KNOTS('',3,1,((#13590,#13591),(#13592,#13593),
(#13594,#13595),(#13596,#13597),(#13598,#13599)),.UNSPECIFIED.,.F.,.F.,
 .F.,(4,1,4),(2,2),(0.,0.0179181251950725,0.036035553568886),(0.,0.1),
 .UNSPECIFIED.);
#97=B_SPLINE_SURFACE_WITH_KNOTS('',3,1,((#13603,#13604),(#13605,#13606),
(#13607,#13608),(#13609,#13610),(#13611,#13612)),.UNSPECIFIED.,.F.,.F.,
 .F.,(4,1,4),(2,2),(0.,0.0181709639741965,0.0366371805084215),(0.,0.1),
 .UNSPECIFIED.);
#98=B_SPLINE_SURFACE_WITH_KNOTS('',3,1,((#13613,#13614),(#13615,#13616),
(#13617,#13618),(#13619,#13620),(#13621,#13622)),.UNSPECIFIED.,.F.,.F.,
 .F.,(4,1,4),(2,2),(0.,0.0240305081963675,0.0471427494907412),(0.,0.1),
 .UNSPECIFIED.);
#99=B_SPLINE_SURFACE_WITH_KNOTS('',3,1,((#13624,#13625),(#13626,#13627),
(#13628,#13629),(#13630,#13631),(#13632,#13633)),.UNSPECIFIED.,.F.,.F.,
 .F.,(4,1,4),(2,2),(0.,0.0178290705805679,0.0351056034544766),(0.,0.1),
 .UNSPECIFIED.);
#100=B_SPLINE_SURFACE_WITH_KNOTS('',3,1,((#13635,#13636),(#13637,#13638),
(#13639,#13640),(#13641,#13642),(#13643,#13644)),.UNSPECIFIED.,.F.,.F.,
 .F.,(4,1,4),(2,2),(0.,0.016963169537207,0.0346658972206543),(0.,0.1),
 .UNSPECIFIED.);
#101=B_SPLINE_SURFACE_WITH_KNOTS('',3,1,((#13646,#13647),(#13648,#13649),
(#13650,#13651),(#13652,#13653),(#13654,#13655)),.UNSPECIFIED.,.F.,.F.,
 .F.,(4,1,4),(2,2),(0.,0.0165492660889455,0.0311363451864184),(0.,0.1),
 .UNSPECIFIED.);
#102=B_SPLINE_SURFACE_WITH_KNOTS('',3,1,((#13661,#13662),(#13663,#13664),
(#13665,#13666),(#13667,#13668),(#13669,#13670)),.UNSPECIFIED.,.F.,.F.,
 .F.,(4,1,4),(2,2),(0.,0.0097842603243297,0.0156469063013086),(0.,0.1),
 .UNSPECIFIED.);
#103=B_SPLINE_SURFACE_WITH_KNOTS('',3,1,((#13672,#13673),(#13674,#13675),
(#13676,#13677),(#13678,#13679),(#13680,#13681)),.UNSPECIFIED.,.F.,.F.,
 .F.,(4,1,4),(2,2),(0.,0.0180421323909201,0.0348678708171694),(0.,0.1),
 .UNSPECIFIED.);
#104=B_SPLINE_SURFACE_WITH_KNOTS('',3,1,((#13683,#13684),(#13685,#13686),
(#13687,#13688),(#13689,#13690),(#13691,#13692)),.UNSPECIFIED.,.F.,.F.,
 .F.,(4,1,4),(2,2),(0.,0.0184496007283157,0.0369079420868598),(0.,0.1),
 .UNSPECIFIED.);
#105=B_SPLINE_SURFACE_WITH_KNOTS('',3,1,((#13694,#13695),(#13696,#13697),
(#13698,#13699),(#13700,#13701),(#13702,#13703)),.UNSPECIFIED.,.F.,.F.,
 .F.,(4,1,4),(2,2),(0.,0.018867217255697,0.0414765668679955),(0.,0.1),
 .UNSPECIFIED.);
#106=B_SPLINE_CURVE_WITH_KNOTS('',3,(#10417,#10418,#10419,#10420,#10421,
#10422,#10423),.UNSPECIFIED.,.F.,.F.,(4,3,4),(-0.0191653138858677,-0.0102239085162654,
0.),.UNSPECIFIED.);
#107=B_SPLINE_CURVE_WITH_KNOTS('',3,(#10425,#10426,#10427,#10428,#10429,
#10430,#10431),.UNSPECIFIED.,.F.,.F.,(4,3,4),(-0.0371831744387194,-0.0188123736085549,
0.),.UNSPECIFIED.);
#108=B_SPLINE_CURVE_WITH_KNOTS('',3,(#10433,#10434,#10435,#10436,#10437,
#10438,#10439),.UNSPECIFIED.,.F.,.F.,(4,3,4),(-0.0391787479641755,-0.0191588903692278,
0.),.UNSPECIFIED.);
#109=B_SPLINE_CURVE_WITH_KNOTS('',3,(#10441,#10442,#10443,#10444,#10445,
#10446,#10447),.UNSPECIFIED.,.F.,.F.,(4,3,4),(-0.029234706274602,-0.0144580948208205,
0.),.UNSPECIFIED.);
#110=B_SPLINE_CURVE_WITH_KNOTS('',3,(#10449,#10450,#10451,#10452,#10453,
#10454,#10455),.UNSPECIFIED.,.F.,.F.,(4,3,4),(-0.023900287432788,-0.0134491893504812,
0.),.UNSPECIFIED.);
#111=B_SPLINE_CURVE_WITH_KNOTS('',3,(#10463,#10464,#10465,#10466,#10467,
#10468,#10469),.UNSPECIFIED.,.F.,.F.,(4,3,4),(-0.06699411675529,-0.0304094212838287,
0.),.UNSPECIFIED.);
#112=B_SPLINE_CURVE_WITH_KNOTS('',3,(#10471,#10472,#10473,#10474,#10475,
#10476,#10477),.UNSPECIFIED.,.F.,.F.,(4,3,4),(-0.0364614593373344,-0.0178653885726574,
0.),.UNSPECIFIED.);
#113=B_SPLINE_CURVE_WITH_KNOTS('',3,(#10479,#10480,#10481,#10482,#10483,
#10484,#10485),.UNSPECIFIED.,.F.,.F.,(4,3,4),(-0.0364450190133951,-0.01824854357504,
0.),.UNSPECIFIED.);
#114=B_SPLINE_CURVE_WITH_KNOTS('',3,(#10487,#10488,#10489,#10490,#10491,
#10492,#10493),.UNSPECIFIED.,.F.,.F.,(4,3,4),(-0.0176143555951576,-0.00790104266463264,
0.),.UNSPECIFIED.);
#115=B_SPLINE_CURVE_WITH_KNOTS('',3,(#10497,#10498,#10499,#10500,#10501,
#10502,#10503),.UNSPECIFIED.,.F.,.F.,(4,3,4),(-0.0571071103714968,-0.0265879887748492,
0.),.UNSPECIFIED.);
#116=B_SPLINE_CURVE_WITH_KNOTS('',3,(#10505,#10506,#10507,#10508,#10509,
#10510,#10511),.UNSPECIFIED.,.F.,.F.,(4,3,4),(-0.0706644368355664,-0.0337703977234419,
0.),.UNSPECIFIED.);
#117=B_SPLINE_CURVE_WITH_KNOTS('',3,(#10542,#10543,#10544,#10545,#10546),
 .UNSPECIFIED.,.F.,.F.,(4,1,4),(0.,0.0290832889863667,0.0532574955967692),
 .UNSPECIFIED.);
#118=B_SPLINE_CURVE_WITH_KNOTS('',3,(#10572,#10573,#10574,#10575,#10576),
 .UNSPECIFIED.,.F.,.F.,(4,1,4),(0.,0.010036587460286,0.0229523561310035),
 .UNSPECIFIED.);
#119=B_SPLINE_CURVE_WITH_KNOTS('',3,(#10589,#10590,#10591,#10592,#10593),
 .UNSPECIFIED.,.F.,.F.,(4,1,4),(0.,0.0142899339000154,0.0282718417248171),
 .UNSPECIFIED.);
#120=B_SPLINE_CURVE_WITH_KNOTS('',3,(#10606,#10607,#10608,#10609,#10610),
 .UNSPECIFIED.,.F.,.F.,(4,1,4),(0.,0.0187838786160857,0.0367599441004521),
 .UNSPECIFIED.);
#121=B_SPLINE_CURVE_WITH_KNOTS('',3,(#10623,#10624,#10625,#10626,#10627),
 .UNSPECIFIED.,.F.,.F.,(4,1,4),(0.,0.0179290195807207,0.0362889929921029),
 .UNSPECIFIED.);
#122=B_SPLINE_CURVE_WITH_KNOTS('',3,(#10631,#10632,#10633,#10634,#10635,
#10636,#10637),.UNSPECIFIED.,.F.,.F.,(4,3,4),(-0.0368051755188624,-0.0182992047117033,
0.),.UNSPECIFIED.);
#123=B_SPLINE_CURVE_WITH_KNOTS('',3,(#10639,#10640,#10641,#10642,#10643,
#10644,#10645),.UNSPECIFIED.,.F.,.F.,(4,3,4),(-0.0370905364446175,-0.0184958161648563,
0.),.UNSPECIFIED.);
#124=B_SPLINE_CURVE_WITH_KNOTS('',3,(#10647,#10648,#10649,#10650,#10651,
#10652,#10653),.UNSPECIFIED.,.F.,.F.,(4,3,4),(-0.0372616347262415,-0.0185620274667986,
0.),.UNSPECIFIED.);
#125=B_SPLINE_CURVE_WITH_KNOTS('',3,(#10655,#10656,#10657,#10658,#10659,
#10660,#10661),.UNSPECIFIED.,.F.,.F.,(4,3,4),(-0.0365612510083316,-0.0184741894397774,
6.93889390390723E-18),.UNSPECIFIED.);
#126=B_SPLINE_CURVE_WITH_KNOTS('',3,(#10669,#10670,#10671,#10672,#10673,
#10674,#10675),.UNSPECIFIED.,.F.,.F.,(4,3,4),(-0.0368971700768824,-0.0183807907221973,
0.),.UNSPECIFIED.);
#127=B_SPLINE_CURVE_WITH_KNOTS('',3,(#10677,#10678,#10679,#10680,#10681,
#10682,#10683),.UNSPECIFIED.,.F.,.F.,(4,3,4),(-0.0366537324418284,-0.0183923117911418,
0.),.UNSPECIFIED.);
#128=B_SPLINE_CURVE_WITH_KNOTS('',3,(#10685,#10686,#10687,#10688,#10689,
#10690,#10691),.UNSPECIFIED.,.F.,.F.,(4,3,4),(-0.037397318811861,-0.0187215719494828,
0.),.UNSPECIFIED.);
#129=B_SPLINE_CURVE_WITH_KNOTS('',3,(#10693,#10694,#10695,#10696,#10697,
#10698,#10699),.UNSPECIFIED.,.F.,.F.,(4,3,4),(-0.0370204752601677,-0.0185577700309488,
-6.93889390390723E-18),.UNSPECIFIED.);
#130=B_SPLINE_CURVE_WITH_KNOTS('',3,(#10713,#10714,#10715,#10716,#10717,
#10718,#10719),.UNSPECIFIED.,.F.,.F.,(4,3,4),(-0.0368052370613149,-0.0183011196949686,
0.),.UNSPECIFIED.);
#131=B_SPLINE_CURVE_WITH_KNOTS('',3,(#10721,#10722,#10723,#10724,#10725,
#10726,#10727),.UNSPECIFIED.,.F.,.F.,(4,3,4),(-0.0370914447203921,-0.0184960528586882,
0.),.UNSPECIFIED.);
#132=B_SPLINE_CURVE_WITH_KNOTS('',3,(#10729,#10730,#10731,#10732,#10733,
#10734,#10735),.UNSPECIFIED.,.F.,.F.,(4,3,4),(-0.0371404142141271,-0.0187070263809271,
6.93889390390723E-18),.UNSPECIFIED.);
#133=B_SPLINE_CURVE_WITH_KNOTS('',3,(#10737,#10738,#10739,#10740,#10741,
#10742,#10743),.UNSPECIFIED.,.F.,.F.,(4,3,4),(-0.0367266056592476,-0.0183516244074863,
0.),.UNSPECIFIED.);
#134=B_SPLINE_CURVE_WITH_KNOTS('',3,(#10771,#10772,#10773,#10774,#10775),
 .UNSPECIFIED.,.F.,.F.,(4,1,4),(0.,0.0179788351286167,0.0360502436031009),
 .UNSPECIFIED.);
#135=B_SPLINE_CURVE_WITH_KNOTS('',3,(#10788,#10789,#10790,#10791,#10792),
 .UNSPECIFIED.,.F.,.F.,(4,1,4),(0.,0.0182376446936831,0.0365200394936313),
 .UNSPECIFIED.);
#136=B_SPLINE_CURVE_WITH_KNOTS('',3,(#10805,#10806,#10807,#10808,#10809),
 .UNSPECIFIED.,.F.,.F.,(4,1,4),(0.,0.0178083673050937,0.0357443784310486),
 .UNSPECIFIED.);
#137=B_SPLINE_CURVE_WITH_KNOTS('',3,(#10822,#10823,#10824,#10825,#10826),
 .UNSPECIFIED.,.F.,.F.,(4,1,4),(0.,0.0179297833417746,0.0357282734778125),
 .UNSPECIFIED.);
#138=B_SPLINE_CURVE_WITH_KNOTS('',3,(#10851,#10852,#10853,#10854,#10855),
 .UNSPECIFIED.,.F.,.F.,(4,1,4),(0.,0.0176309352965109,0.0356392357290413),
 .UNSPECIFIED.);
#139=B_SPLINE_CURVE_WITH_KNOTS('',3,(#10868,#10869,#10870,#10871,#10872),
 .UNSPECIFIED.,.F.,.F.,(4,1,4),(0.,0.018108899575178,0.0360845654083847),
 .UNSPECIFIED.);
#140=B_SPLINE_CURVE_WITH_KNOTS('',3,(#10885,#10886,#10887,#10888,#10889),
 .UNSPECIFIED.,.F.,.F.,(4,1,4),(0.,0.0180301284918581,0.0359643558960267),
 .UNSPECIFIED.);
#141=B_SPLINE_CURVE_WITH_KNOTS('',3,(#10893,#10894,#10895,#10896,#10897,
#10898,#10899),.UNSPECIFIED.,.F.,.F.,(4,3,4),(-0.036478669706091,-0.0182709208881483,
0.),.UNSPECIFIED.);
#142=B_SPLINE_CURVE_WITH_KNOTS('',3,(#10901,#10902,#10903,#10904,#10905,
#10906,#10907),.UNSPECIFIED.,.F.,.F.,(4,3,4),(-0.0361352863351351,-0.0181176730634492,
0.),.UNSPECIFIED.);
#143=B_SPLINE_CURVE_WITH_KNOTS('',3,(#10909,#10910,#10911,#10912,#10913,
#10914,#10915),.UNSPECIFIED.,.F.,.F.,(4,3,4),(-0.0370399517344026,-0.0185520843960198,
0.),.UNSPECIFIED.);
#144=B_SPLINE_CURVE_WITH_KNOTS('',3,(#10917,#10918,#10919,#10920,#10921,
#10922,#10923),.UNSPECIFIED.,.F.,.F.,(4,3,4),(-0.0373852442131801,-0.0186119129294829,
0.),.UNSPECIFIED.);
#145=B_SPLINE_CURVE_WITH_KNOTS('',3,(#10927,#10928,#10929,#10930,#10931,
#10932,#10933),.UNSPECIFIED.,.F.,.F.,(4,3,4),(-0.0371007374199605,-0.018681809446861,
0.),.UNSPECIFIED.);
#146=B_SPLINE_CURVE_WITH_KNOTS('',3,(#10935,#10936,#10937,#10938,#10939,
#10940,#10941),.UNSPECIFIED.,.F.,.F.,(4,3,4),(-0.036732864725024,-0.0183526219179062,
-6.93889390390723E-18),.UNSPECIFIED.);
#147=B_SPLINE_CURVE_WITH_KNOTS('',3,(#10945,#10946,#10947,#10948,#10949,
#10950,#10951),.UNSPECIFIED.,.F.,.F.,(4,3,4),(-0.0368675293964333,-0.0183796926835657,
0.),.UNSPECIFIED.);
#148=B_SPLINE_CURVE_WITH_KNOTS('',3,(#10953,#10954,#10955,#10956,#10957,
#10958,#10959),.UNSPECIFIED.,.F.,.F.,(4,3,4),(-0.0373668604549003,-0.0186134866125542,
0.),.UNSPECIFIED.);
#149=B_SPLINE_CURVE_WITH_KNOTS('',3,(#10961,#10962,#10963,#10964,#10965,
#10966,#10967),.UNSPECIFIED.,.F.,.F.,(4,3,4),(-0.0369385495384601,-0.0184528643960829,
0.),.UNSPECIFIED.);
#150=B_SPLINE_CURVE_WITH_KNOTS('',3,(#10969,#10970,#10971,#10972,#10973,
#10974,#10975),.UNSPECIFIED.,.F.,.F.,(4,3,4),(-0.0364128017703902,-0.0183723243817752,
6.93889390390723E-18),.UNSPECIFIED.);
#151=B_SPLINE_CURVE_WITH_KNOTS('',3,(#10985,#10986,#10987,#10988,#10989,
#10990,#10991),.UNSPECIFIED.,.F.,.F.,(4,3,4),(-0.036712814817706,-0.0184284841511555,
0.),.UNSPECIFIED.);
#152=B_SPLINE_CURVE_WITH_KNOTS('',3,(#10993,#10994,#10995,#10996,#10997,
#10998,#10999),.UNSPECIFIED.,.F.,.F.,(4,3,4),(-0.0370197177743206,-0.0184334748980629,
0.),.UNSPECIFIED.);
#153=B_SPLINE_CURVE_WITH_KNOTS('',3,(#11001,#11002,#11003,#11004,#11005,
#11006,#11007),.UNSPECIFIED.,.F.,.F.,(4,3,4),(-0.0367720797856314,-0.0185285784430775,
6.93889390390723E-18),.UNSPECIFIED.);
#154=B_SPLINE_CURVE_WITH_KNOTS('',3,(#11009,#11010,#11011,#11012,#11013,
#11014,#11015),.UNSPECIFIED.,.F.,.F.,(4,3,4),(-0.0372363792110754,-0.0184812696015748,
0.),.UNSPECIFIED.);
#155=B_SPLINE_CURVE_WITH_KNOTS('',3,(#11039,#11040,#11041,#11042,#11043),
 .UNSPECIFIED.,.F.,.F.,(4,1,4),(0.,0.0175994033660366,0.035522540354118),
 .UNSPECIFIED.);
#156=B_SPLINE_CURVE_WITH_KNOTS('',3,(#11056,#11057,#11058,#11059,#11060),
 .UNSPECIFIED.,.F.,.F.,(4,1,4),(0.,0.0179849292433062,0.0359379268164974),
 .UNSPECIFIED.);
#157=B_SPLINE_CURVE_WITH_KNOTS('',3,(#11073,#11074,#11075,#11076,#11077),
 .UNSPECIFIED.,.F.,.F.,(4,1,4),(0.,0.0181581502258607,0.0361808531794282),
 .UNSPECIFIED.);
#158=B_SPLINE_CURVE_WITH_KNOTS('',3,(#11090,#11091,#11092,#11093,#11094),
 .UNSPECIFIED.,.F.,.F.,(4,1,4),(0.,0.0179280973009602,0.0357513247510042),
 .UNSPECIFIED.);
#159=B_SPLINE_CURVE_WITH_KNOTS('',3,(#11111,#11112,#11113,#11114,#11115),
 .UNSPECIFIED.,.F.,.F.,(4,1,4),(0.,0.0179000713189117,0.0357732433257759),
 .UNSPECIFIED.);
#160=B_SPLINE_CURVE_WITH_KNOTS('',3,(#11128,#11129,#11130,#11131,#11132),
 .UNSPECIFIED.,.F.,.F.,(4,1,4),(0.,0.0179572027651327,0.0361706970980714),
 .UNSPECIFIED.);
#161=B_SPLINE_CURVE_WITH_KNOTS('',3,(#11149,#11150,#11151,#11152,#11153),
 .UNSPECIFIED.,.F.,.F.,(4,1,4),(0.,0.0181321586878126,0.0361084120027584),
 .UNSPECIFIED.);
#162=B_SPLINE_CURVE_WITH_KNOTS('',3,(#11166,#11167,#11168,#11169,#11170),
 .UNSPECIFIED.,.F.,.F.,(4,1,4),(0.,0.0180541574776654,0.0361710255346588),
 .UNSPECIFIED.);
#163=B_SPLINE_CURVE_WITH_KNOTS('',3,(#11183,#11184,#11185,#11186,#11187),
 .UNSPECIFIED.,.F.,.F.,(4,1,4),(0.,0.0175593779597362,0.0352162709274621),
 .UNSPECIFIED.);
#164=B_SPLINE_CURVE_WITH_KNOTS('',3,(#11193,#11194,#11195,#11196,#11197,
#11198,#11199),.UNSPECIFIED.,.F.,.F.,(4,3,4),(-0.0466725835886645,-0.024880677532795,
0.),.UNSPECIFIED.);
#165=B_SPLINE_CURVE_WITH_KNOTS('',3,(#11201,#11202,#11203,#11204,#11205,
#11206,#11207),.UNSPECIFIED.,.F.,.F.,(4,3,4),(-0.0368256615756456,-0.0185205083236276,
0.),.UNSPECIFIED.);
#166=B_SPLINE_CURVE_WITH_KNOTS('',3,(#11209,#11210,#11211,#11212,#11213,
#11214,#11215),.UNSPECIFIED.,.F.,.F.,(4,3,4),(-0.0371241338275734,-0.0184544407258969,
0.),.UNSPECIFIED.);
#167=B_SPLINE_CURVE_WITH_KNOTS('',3,(#11217,#11218,#11219,#11220,#11221,
#11222,#11223),.UNSPECIFIED.,.F.,.F.,(4,3,4),(-0.0214600432237432,-0.0114030076550428,
-3.46944695195361E-18),.UNSPECIFIED.);
#168=B_SPLINE_CURVE_WITH_KNOTS('',3,(#11229,#11230,#11231,#11232,#11233,
#11234,#11235),.UNSPECIFIED.,.F.,.F.,(4,3,4),(-0.025920396177645,-0.0133053536294326,
0.),.UNSPECIFIED.);
#169=B_SPLINE_CURVE_WITH_KNOTS('',3,(#11237,#11238,#11239,#11240,#11241,
#11242,#11243),.UNSPECIFIED.,.F.,.F.,(4,3,4),(-0.0377949496956401,-0.0186444615919226,
0.),.UNSPECIFIED.);
#170=B_SPLINE_CURVE_WITH_KNOTS('',3,(#11245,#11246,#11247,#11248,#11249,
#11250,#11251),.UNSPECIFIED.,.F.,.F.,(4,3,4),(-0.0374948342864598,-0.0188925394386603,
0.),.UNSPECIFIED.);
#171=B_SPLINE_CURVE_WITH_KNOTS('',3,(#11253,#11254,#11255,#11256,#11257,
#11258,#11259),.UNSPECIFIED.,.F.,.F.,(4,3,4),(-0.0466756224281585,-0.0223806322183429,
0.),.UNSPECIFIED.);
#172=B_SPLINE_CURVE_WITH_KNOTS('',3,(#11265,#11266,#11267,#11268,#11269,
#11270,#11271),.UNSPECIFIED.,.F.,.F.,(4,3,4),(-0.0415639054539206,-0.0203771528467218,
0.),.UNSPECIFIED.);
#173=B_SPLINE_CURVE_WITH_KNOTS('',3,(#11273,#11274,#11275,#11276,#11277,
#11278,#11279),.UNSPECIFIED.,.F.,.F.,(4,3,4),(-0.0369917201651604,-0.0182047481486699,
0.),.UNSPECIFIED.);
#174=B_SPLINE_CURVE_WITH_KNOTS('',3,(#11281,#11282,#11283,#11284,#11285,
#11286,#11287),.UNSPECIFIED.,.F.,.F.,(4,3,4),(-0.0356077006306224,-0.0181836755496423,
0.),.UNSPECIFIED.);
#175=B_SPLINE_CURVE_WITH_KNOTS('',3,(#11289,#11290,#11291,#11292,#11293,
#11294,#11295),.UNSPECIFIED.,.F.,.F.,(4,3,4),(-0.0342339734707777,-0.0160382882399713,
0.),.UNSPECIFIED.);
#176=B_SPLINE_CURVE_WITH_KNOTS('',3,(#11301,#11302,#11303,#11304,#11305,
#11306,#11307),.UNSPECIFIED.,.F.,.F.,(4,3,4),(-0.0195682075881422,-0.00733189496275795,
0.),.UNSPECIFIED.);
#177=B_SPLINE_CURVE_WITH_KNOTS('',3,(#11309,#11310,#11311,#11312,#11313,
#11314,#11315),.UNSPECIFIED.,.F.,.F.,(4,3,4),(-0.037740276062311,-0.0182118379550207,
-6.93889390390723E-18),.UNSPECIFIED.);
#178=B_SPLINE_CURVE_WITH_KNOTS('',3,(#11317,#11318,#11319,#11320,#11321,
#11322,#11323),.UNSPECIFIED.,.F.,.F.,(4,3,4),(-0.037870551562126,-0.0189397600799569,
0.),.UNSPECIFIED.);
#179=B_SPLINE_CURVE_WITH_KNOTS('',3,(#11325,#11326,#11327,#11328,#11329,
#11330,#11331),.UNSPECIFIED.,.F.,.F.,(4,3,4),(-0.0371482254060944,-0.0202499213195716,
0.),.UNSPECIFIED.);
#180=B_SPLINE_CURVE_WITH_KNOTS('',3,(#11355,#11356,#11357,#11358,#11359),
 .UNSPECIFIED.,.F.,.F.,(4,1,4),(0.,0.0255993598227692,0.0491815820122207),
 .UNSPECIFIED.);
#181=B_SPLINE_CURVE_WITH_KNOTS('',3,(#11372,#11373,#11374,#11375,#11376),
 .UNSPECIFIED.,.F.,.F.,(4,1,4),(0.,0.0181828565321378,0.0366494133172836),
 .UNSPECIFIED.);
#182=B_SPLINE_CURVE_WITH_KNOTS('',3,(#11389,#11390,#11391,#11392,#11393),
 .UNSPECIFIED.,.F.,.F.,(4,1,4),(0.,0.0181829694521351,0.0358854778029079),
 .UNSPECIFIED.);
#183=B_SPLINE_CURVE_WITH_KNOTS('',3,(#11406,#11407,#11408,#11409,#11410),
 .UNSPECIFIED.,.F.,.F.,(4,1,4),(0.,0.0124625702050863,0.0256071080119605),
 .UNSPECIFIED.);
#184=B_SPLINE_CURVE_WITH_KNOTS('',3,(#11431,#11432,#11433,#11434,#11435),
 .UNSPECIFIED.,.F.,.F.,(4,1,4),(0.,0.00988075904522499,0.0210838984057925),
 .UNSPECIFIED.);
#185=B_SPLINE_CURVE_WITH_KNOTS('',3,(#11448,#11449,#11450,#11451,#11452),
 .UNSPECIFIED.,.F.,.F.,(4,1,4),(0.,0.0179900109981896,0.0357726060208421),
 .UNSPECIFIED.);
#186=B_SPLINE_CURVE_WITH_KNOTS('',3,(#11465,#11466,#11467,#11468,#11469),
 .UNSPECIFIED.,.F.,.F.,(4,1,4),(0.,0.017866514649051,0.0359432239077122),
 .UNSPECIFIED.);
#187=B_SPLINE_CURVE_WITH_KNOTS('',3,(#11482,#11483,#11484,#11485,#11486),
 .UNSPECIFIED.,.F.,.F.,(4,1,4),(0.,0.0246417344379285,0.0527761732899964),
 .UNSPECIFIED.);
#188=B_SPLINE_CURVE_WITH_KNOTS('',3,(#11490,#11491,#11492,#11493,#11494,
#11495,#11496),.UNSPECIFIED.,.F.,.F.,(4,3,4),(-0.037712242379577,-0.0190080793365736,
0.),.UNSPECIFIED.);
#189=B_SPLINE_CURVE_WITH_KNOTS('',3,(#11498,#11499,#11500,#11501,#11502,
#11503,#11504),.UNSPECIFIED.,.F.,.F.,(4,3,4),(-0.0358374514550851,-0.0183880837298324,
0.),.UNSPECIFIED.);
#190=B_SPLINE_CURVE_WITH_KNOTS('',3,(#11508,#11509,#11510,#11511,#11512,
#11513,#11514),.UNSPECIFIED.,.F.,.F.,(4,3,4),(-0.0367042960503038,-0.0184282093250093,
0.),.UNSPECIFIED.);
#191=B_SPLINE_CURVE_WITH_KNOTS('',3,(#11516,#11517,#11518,#11519,#11520,
#11521,#11522),.UNSPECIFIED.,.F.,.F.,(4,3,4),(-0.0369594716794624,-0.0184069309844682,
0.),.UNSPECIFIED.);
#192=B_SPLINE_CURVE_WITH_KNOTS('',3,(#11526,#11527,#11528,#11529,#11530,
#11531,#11532),.UNSPECIFIED.,.F.,.F.,(4,3,4),(-0.0369851411003487,-0.0185155446548238,
0.),.UNSPECIFIED.);
#193=B_SPLINE_CURVE_WITH_KNOTS('',3,(#11534,#11535,#11536,#11537,#11538,
#11539,#11540),.UNSPECIFIED.,.F.,.F.,(4,3,4),(-0.0373914899696185,-0.0186128546065691,
0.),.UNSPECIFIED.);
#194=B_SPLINE_CURVE_WITH_KNOTS('',3,(#11544,#11545,#11546,#11547,#11548,
#11549,#11550),.UNSPECIFIED.,.F.,.F.,(4,3,4),(-0.03744042433975,-0.0188002125315227,
0.),.UNSPECIFIED.);
#195=B_SPLINE_CURVE_WITH_KNOTS('',3,(#11552,#11553,#11554,#11555,#11556,
#11557,#11558),.UNSPECIFIED.,.F.,.F.,(4,3,4),(-0.0369107679459089,-0.0185574558527069,
-6.93889390390723E-18),.UNSPECIFIED.);
#196=B_SPLINE_CURVE_WITH_KNOTS('',3,(#11573,#11574,#11575,#11576,#11577),
 .UNSPECIFIED.,.F.,.F.,(4,1,4),(0.,0.0180343261269847,0.0361135176084395),
 .UNSPECIFIED.);
#197=B_SPLINE_CURVE_WITH_KNOTS('',3,(#11595,#11596,#11597,#11598,#11599),
 .UNSPECIFIED.,.F.,.F.,(4,1,4),(0.,0.0179560199784932,0.0357711120423546),
 .UNSPECIFIED.);
#198=B_SPLINE_CURVE_WITH_KNOTS('',3,(#11612,#11613,#11614,#11615,#11616),
 .UNSPECIFIED.,.F.,.F.,(4,1,4),(0.,0.0178221560915005,0.0357926564515477),
 .UNSPECIFIED.);
#199=B_SPLINE_CURVE_WITH_KNOTS('',3,(#11633,#11634,#11635,#11636,#11637),
 .UNSPECIFIED.,.F.,.F.,(4,1,4),(0.,0.0170519866813249,0.0350213116329914),
 .UNSPECIFIED.);
#200=B_SPLINE_CURVE_WITH_KNOTS('',3,(#11641,#11642,#11643,#11644,#11645,
#11646,#11647),.UNSPECIFIED.,.F.,.F.,(4,3,4),(-0.0368836710686176,-0.0184833326382731,
0.),.UNSPECIFIED.);
#201=B_SPLINE_CURVE_WITH_KNOTS('',3,(#11649,#11650,#11651,#11652,#11653,
#11654,#11655),.UNSPECIFIED.,.F.,.F.,(4,3,4),(-0.0378141914883081,-0.0187673779633367,
0.),.UNSPECIFIED.);
#202=B_SPLINE_CURVE_WITH_KNOTS('',3,(#11657,#11658,#11659,#11660,#11661,
#11662,#11663),.UNSPECIFIED.,.F.,.F.,(4,3,4),(-0.0371352723753392,-0.0187026132524276,
0.),.UNSPECIFIED.);
#203=B_SPLINE_CURVE_WITH_KNOTS('',3,(#11665,#11666,#11667,#11668,#11669,
#11670,#11671),.UNSPECIFIED.,.F.,.F.,(4,3,4),(-0.0367108322138255,-0.0183456498980838,
0.),.UNSPECIFIED.);
#204=B_SPLINE_CURVE_WITH_KNOTS('',3,(#11677,#11678,#11679,#11680,#11681,
#11682,#11683),.UNSPECIFIED.,.F.,.F.,(4,3,4),(-0.0960252399280197,-0.0480304357705745,
0.),.UNSPECIFIED.);
#205=B_SPLINE_CURVE_WITH_KNOTS('',3,(#11685,#11686,#11687,#11688,#11689,
#11690,#11691),.UNSPECIFIED.,.F.,.F.,(4,3,4),(-0.0955829463688558,-0.0478989306938886,
0.),.UNSPECIFIED.);
#206=B_SPLINE_CURVE_WITH_KNOTS('',3,(#11695,#11696,#11697,#11698,#11699,
#11700,#11701),.UNSPECIFIED.,.F.,.F.,(4,3,4),(-0.0971659168258475,-0.0482726788077055,
0.),.UNSPECIFIED.);
#207=B_SPLINE_CURVE_WITH_KNOTS('',3,(#11703,#11704,#11705,#11706,#11707,
#11708,#11709),.UNSPECIFIED.,.F.,.F.,(4,3,4),(-0.0960401223860535,-0.0483080323969789,
0.),.UNSPECIFIED.);
#208=B_SPLINE_CURVE_WITH_KNOTS('',3,(#11719,#11720,#11721,#11722,#11723,
#11724,#11725),.UNSPECIFIED.,.F.,.F.,(4,3,4),(-0.0226135652436699,-0.0111720498947658,
-3.46944695195361E-18),.UNSPECIFIED.);
#209=B_SPLINE_CURVE_WITH_KNOTS('',3,(#11727,#11728,#11729,#11730,#11731,
#11732,#11733),.UNSPECIFIED.,.F.,.F.,(4,3,4),(-0.0223890383185025,-0.0112433341865047,
0.),.UNSPECIFIED.);
#210=B_SPLINE_CURVE_WITH_KNOTS('',3,(#11737,#11738,#11739,#11740,#11741,
#11742,#11743),.UNSPECIFIED.,.F.,.F.,(4,3,4),(-0.0224261306827126,-0.0112290527408337,
0.),.UNSPECIFIED.);
#211=B_SPLINE_CURVE_WITH_KNOTS('',3,(#11745,#11746,#11747,#11748,#11749,
#11750,#11751),.UNSPECIFIED.,.F.,.F.,(4,3,4),(-0.0221718540806389,-0.0111534425474146,
0.),.UNSPECIFIED.);
#212=B_SPLINE_CURVE_WITH_KNOTS('',3,(#11771,#11772,#11773,#11774,#11775),
 .UNSPECIFIED.,.F.,.F.,(4,1,4),(0.,0.0108605274071241,0.0218161868821888),
 .UNSPECIFIED.);
#213=B_SPLINE_CURVE_WITH_KNOTS('',3,(#11788,#11789,#11790,#11791,#11792),
 .UNSPECIFIED.,.F.,.F.,(4,1,4),(0.,0.010926191896249,0.0215950550059219),
 .UNSPECIFIED.);
#214=B_SPLINE_CURVE_WITH_KNOTS('',3,(#11810,#11811,#11812,#11813,#11814),
 .UNSPECIFIED.,.F.,.F.,(4,1,4),(0.,0.0464998562224248,0.093209290378638),
 .UNSPECIFIED.);
#215=B_SPLINE_CURVE_WITH_KNOTS('',3,(#11828,#11829,#11830,#11831,#11832),
 .UNSPECIFIED.,.F.,.F.,(4,1,4),(0.,0.0468066251143873,0.0936479997310852),
 .UNSPECIFIED.);
#216=B_SPLINE_CURVE_WITH_KNOTS('',3,(#11853,#11854,#11855,#11856,#11857),
 .UNSPECIFIED.,.F.,.F.,(4,1,4),(0.,0.0178904345849703,0.0357618416735406),
 .UNSPECIFIED.);
#217=B_SPLINE_CURVE_WITH_KNOTS('',3,(#11870,#11871,#11872,#11873,#11874),
 .UNSPECIFIED.,.F.,.F.,(4,1,4),(0.,0.0179731068657221,0.0362094375227745),
 .UNSPECIFIED.);
#218=B_SPLINE_CURVE_WITH_KNOTS('',3,(#11887,#11888,#11889,#11890,#11891),
 .UNSPECIFIED.,.F.,.F.,(4,1,4),(0.,0.0183326879281068,0.0363964172222275),
 .UNSPECIFIED.);
#219=B_SPLINE_CURVE_WITH_KNOTS('',3,(#11895,#11896,#11897,#11898,#11899,
#11900,#11901),.UNSPECIFIED.,.F.,.F.,(4,3,4),(-0.036912428430945,-0.0184352477383366,
0.),.UNSPECIFIED.);
#220=B_SPLINE_CURVE_WITH_KNOTS('',3,(#11903,#11904,#11905,#11906,#11907,
#11908,#11909),.UNSPECIFIED.,.F.,.F.,(4,3,4),(-0.0364055974941467,-0.0183653423840091,
0.),.UNSPECIFIED.);
#221=B_SPLINE_CURVE_WITH_KNOTS('',3,(#11911,#11912,#11913,#11914,#11915,
#11916,#11917),.UNSPECIFIED.,.F.,.F.,(4,3,4),(-0.0370640437905487,-0.0185601649798493,
0.),.UNSPECIFIED.);
#222=B_SPLINE_CURVE_WITH_KNOTS('',3,(#11919,#11920,#11921,#11922,#11923,
#11924,#11925),.UNSPECIFIED.,.F.,.F.,(4,3,4),(-0.0374441606001468,-0.0186394270857074,
0.),.UNSPECIFIED.);
#223=B_SPLINE_CURVE_WITH_KNOTS('',3,(#11933,#11934,#11935,#11936,#11937,
#11938,#11939),.UNSPECIFIED.,.F.,.F.,(4,3,4),(-0.0371023475834593,-0.0185724076507246,
0.),.UNSPECIFIED.);
#224=B_SPLINE_CURVE_WITH_KNOTS('',3,(#11941,#11942,#11943,#11944,#11945,
#11946,#11947),.UNSPECIFIED.,.F.,.F.,(4,3,4),(-0.0370224942053316,-0.0185469128348733,
0.),.UNSPECIFIED.);
#225=B_SPLINE_CURVE_WITH_KNOTS('',3,(#11949,#11950,#11951,#11952,#11953,
#11954,#11955),.UNSPECIFIED.,.F.,.F.,(4,3,4),(-0.0368129274278623,-0.0183067675483259,
0.),.UNSPECIFIED.);
#226=B_SPLINE_CURVE_WITH_KNOTS('',3,(#11957,#11958,#11959,#11960,#11961,
#11962,#11963),.UNSPECIFIED.,.F.,.F.,(4,3,4),(-0.0370276158191284,-0.0184720075566787,
0.),.UNSPECIFIED.);
#227=B_SPLINE_CURVE_WITH_KNOTS('',3,(#11967,#11968,#11969,#11970,#11971,
#11972,#11973),.UNSPECIFIED.,.F.,.F.,(4,3,4),(-0.0679544057503975,-0.0343047952619829,
0.),.UNSPECIFIED.);
#228=B_SPLINE_CURVE_WITH_KNOTS('',3,(#11975,#11976,#11977,#11978,#11979,
#11980,#11981),.UNSPECIFIED.,.F.,.F.,(4,3,4),(-0.066423590130847,-0.0333247736969667,
0.),.UNSPECIFIED.);
#229=B_SPLINE_CURVE_WITH_KNOTS('',3,(#11985,#11986,#11987,#11988,#11989,
#11990,#11991),.UNSPECIFIED.,.F.,.F.,(4,3,4),(-0.085263502293521,-0.0431691610808364,
0.),.UNSPECIFIED.);
#230=B_SPLINE_CURVE_WITH_KNOTS('',3,(#11993,#11994,#11995,#11996,#11997,
#11998,#11999),.UNSPECIFIED.,.F.,.F.,(4,3,4),(-0.0878247661761389,-0.0442516258966885,
0.),.UNSPECIFIED.);
#231=B_SPLINE_CURVE_WITH_KNOTS('',3,(#12003,#12004,#12005,#12006,#12007,
#12008,#12009),.UNSPECIFIED.,.F.,.F.,(4,3,4),(-0.0682610386447174,-0.0329568003174175,
0.),.UNSPECIFIED.);
#232=B_SPLINE_CURVE_WITH_KNOTS('',3,(#12011,#12012,#12013,#12014,#12015,
#12016,#12017),.UNSPECIFIED.,.F.,.F.,(4,3,4),(-0.0787375659556758,-0.0378200512664093,
1.38777878078145E-17),.UNSPECIFIED.);
#233=B_SPLINE_CURVE_WITH_KNOTS('',3,(#12023,#12024,#12025,#12026,#12027,
#12028,#12029),.UNSPECIFIED.,.F.,.F.,(4,3,4),(-0.0305208879275054,-0.0163016141729874,
0.),.UNSPECIFIED.);
#234=B_SPLINE_CURVE_WITH_KNOTS('',3,(#12033,#12034,#12035,#12036,#12037,
#12038,#12039),.UNSPECIFIED.,.F.,.F.,(4,3,4),(-0.0438222180013723,-0.0219196095547028,
0.),.UNSPECIFIED.);
#235=B_SPLINE_CURVE_WITH_KNOTS('',3,(#12041,#12042,#12043,#12044,#12045,
#12046,#12047),.UNSPECIFIED.,.F.,.F.,(4,3,4),(-0.0481003100018418,-0.0213376278166244,
0.),.UNSPECIFIED.);
#236=B_SPLINE_CURVE_WITH_KNOTS('',3,(#12051,#12052,#12053,#12054,#12055,
#12056,#12057),.UNSPECIFIED.,.F.,.F.,(4,3,4),(-0.03320571923954,-0.0144948697438,
0.),.UNSPECIFIED.);
#237=B_SPLINE_CURVE_WITH_KNOTS('',3,(#12079,#12080,#12081,#12082,#12083),
 .UNSPECIFIED.,.F.,.F.,(4,1,4),(0.,0.0237805127161837,0.0427404856409719),
 .UNSPECIFIED.);
#238=B_SPLINE_CURVE_WITH_KNOTS('',3,(#12096,#12097,#12098,#12099,#12100),
 .UNSPECIFIED.,.F.,.F.,(4,1,4),(0.,0.021708300429992,0.0434334511434434),
 .UNSPECIFIED.);
#239=B_SPLINE_CURVE_WITH_KNOTS('',3,(#12117,#12118,#12119,#12120,#12121),
 .UNSPECIFIED.,.F.,.F.,(4,1,4),(0.,0.0160464087917303,0.0344427326477013),
 .UNSPECIFIED.);
#240=B_SPLINE_CURVE_WITH_KNOTS('',3,(#12140,#12141,#12142,#12143,#12144),
 .UNSPECIFIED.,.F.,.F.,(4,1,4),(0.,0.0180033829955491,0.0359256532890297),
 .UNSPECIFIED.);
#241=B_SPLINE_CURVE_WITH_KNOTS('',3,(#12157,#12158,#12159,#12160,#12161),
 .UNSPECIFIED.,.F.,.F.,(4,1,4),(0.,0.0178764823686313,0.0355603567885295),
 .UNSPECIFIED.);
#242=B_SPLINE_CURVE_WITH_KNOTS('',3,(#12174,#12175,#12176,#12177,#12178),
 .UNSPECIFIED.,.F.,.F.,(4,1,4),(0.,0.0180407191782265,0.0361510908827946),
 .UNSPECIFIED.);
#243=B_SPLINE_CURVE_WITH_KNOTS('',3,(#12191,#12192,#12193,#12194,#12195),
 .UNSPECIFIED.,.F.,.F.,(4,1,4),(0.,0.0180463162190908,0.0361339917664218),
 .UNSPECIFIED.);
#244=B_SPLINE_CURVE_WITH_KNOTS('',3,(#12220,#12221,#12222,#12223,#12224),
 .UNSPECIFIED.,.F.,.F.,(4,1,4),(0.,0.0181606717259626,0.0361616987654378),
 .UNSPECIFIED.);
#245=B_SPLINE_CURVE_WITH_KNOTS('',3,(#12237,#12238,#12239,#12240,#12241),
 .UNSPECIFIED.,.F.,.F.,(4,1,4),(0.,0.0180685148682112,0.036191991590343),
 .UNSPECIFIED.);
#246=B_SPLINE_CURVE_WITH_KNOTS('',3,(#12254,#12255,#12256,#12257,#12258),
 .UNSPECIFIED.,.F.,.F.,(4,1,4),(0.,0.0176013272558061,0.0355198322598857),
 .UNSPECIFIED.);
#247=B_SPLINE_CURVE_WITH_KNOTS('',3,(#12894,#12895,#12896,#12897,#12898),
 .UNSPECIFIED.,.F.,.F.,(4,1,4),(0.,0.0177667001714298,0.0355950421878659),
 .UNSPECIFIED.);
#248=B_SPLINE_CURVE_WITH_KNOTS('',3,(#12906,#12907,#12908,#12909,#12910),
 .UNSPECIFIED.,.F.,.F.,(4,1,4),(0.,0.018038367753128,0.0358133605182482),
 .UNSPECIFIED.);
#249=B_SPLINE_CURVE_WITH_KNOTS('',3,(#12912,#12913,#12914,#12915,#12916),
 .UNSPECIFIED.,.F.,.F.,(4,1,4),(0.,0.0177886321775334,0.0358552335665811),
 .UNSPECIFIED.);
#250=B_SPLINE_CURVE_WITH_KNOTS('',3,(#12918,#12919,#12920,#12921,#12922),
 .UNSPECIFIED.,.F.,.F.,(4,1,4),(0.,0.0179845378772067,0.0358212534371995),
 .UNSPECIFIED.);
#251=B_SPLINE_CURVE_WITH_KNOTS('',3,(#12924,#12925,#12926,#12927,#12928),
 .UNSPECIFIED.,.F.,.F.,(4,1,4),(0.,0.0178281641425753,0.0357968853573307),
 .UNSPECIFIED.);
#252=B_SPLINE_CURVE_WITH_KNOTS('',3,(#12935,#12936,#12937,#12938,#12939),
 .UNSPECIFIED.,.F.,.F.,(4,1,4),(0.,0.0178670083478288,0.0355343896892146),
 .UNSPECIFIED.);
#253=B_SPLINE_CURVE_WITH_KNOTS('',3,(#12947,#12948,#12949,#12950,#12951),
 .UNSPECIFIED.,.F.,.F.,(4,1,4),(0.,0.0178969724684193,0.0357711957000796),
 .UNSPECIFIED.);
#254=B_SPLINE_CURVE_WITH_KNOTS('',3,(#12953,#12954,#12955,#12956,#12957),
 .UNSPECIFIED.,.F.,.F.,(4,1,4),(0.,0.017973133627323,0.0362130734558927),
 .UNSPECIFIED.);
#255=B_SPLINE_CURVE_WITH_KNOTS('',3,(#12959,#12960,#12961,#12962,#12963),
 .UNSPECIFIED.,.F.,.F.,(4,1,4),(0.,0.0180303514618708,0.0359643824400665),
 .UNSPECIFIED.);
#256=B_SPLINE_CURVE_WITH_KNOTS('',3,(#12965,#12966,#12967,#12968,#12969),
 .UNSPECIFIED.,.F.,.F.,(4,1,4),(0.,0.0178685580564415,0.0355410907848695),
 .UNSPECIFIED.);
#257=B_SPLINE_CURVE_WITH_KNOTS('',3,(#12981,#12982,#12983,#12984,#12985),
 .UNSPECIFIED.,.F.,.F.,(4,1,4),(0.,0.0088726006020699,0.0190178353953963),
 .UNSPECIFIED.);
#258=B_SPLINE_CURVE_WITH_KNOTS('',3,(#12989,#12990,#12991,#12992,#12993),
 .UNSPECIFIED.,.F.,.F.,(4,1,4),(0.,0.0330588854520893,0.0633188335867426),
 .UNSPECIFIED.);
#259=B_SPLINE_CURVE_WITH_KNOTS('',3,(#12995,#12996,#12997,#12998,#12999),
 .UNSPECIFIED.,.F.,.F.,(4,1,4),(0.,0.0284797845762018,0.053291120978012),
 .UNSPECIFIED.);
#260=B_SPLINE_CURVE_WITH_KNOTS('',3,(#13003,#13004,#13005,#13006,#13007),
 .UNSPECIFIED.,.F.,.F.,(4,1,4),(0.,0.00869381768332439,0.0157655783612511),
 .UNSPECIFIED.);
#261=B_SPLINE_CURVE_WITH_KNOTS('',3,(#13009,#13010,#13011,#13012,#13013),
 .UNSPECIFIED.,.F.,.F.,(4,1,4),(0.,0.0177574442270175,0.0355657003289126),
 .UNSPECIFIED.);
#262=B_SPLINE_CURVE_WITH_KNOTS('',3,(#13014,#13015,#13016,#13017,#13018),
 .UNSPECIFIED.,.F.,.F.,(4,1,4),(0.,0.017506771399615,0.0343256616729786),
 .UNSPECIFIED.);
#263=B_SPLINE_CURVE_WITH_KNOTS('',3,(#13020,#13021,#13022,#13023,#13024),
 .UNSPECIFIED.,.F.,.F.,(4,1,4),(0.,0.0179302828801355,0.0359414397958874),
 .UNSPECIFIED.);
#264=B_SPLINE_CURVE_WITH_KNOTS('',3,(#13030,#13031,#13032,#13033,#13034),
 .UNSPECIFIED.,.F.,.F.,(4,1,4),(0.,0.0465314898674396,0.0936244355253917),
 .UNSPECIFIED.);
#265=B_SPLINE_CURVE_WITH_KNOTS('',3,(#13036,#13037,#13038,#13039,#13040),
 .UNSPECIFIED.,.F.,.F.,(4,1,4),(0.,0.0471203444953074,0.0936426315708004),
 .UNSPECIFIED.);
#266=B_SPLINE_CURVE_WITH_KNOTS('',3,(#13043,#13044,#13045,#13046,#13047),
 .UNSPECIFIED.,.F.,.F.,(4,1,4),(0.,0.0179659944437592,0.0358912160425705),
 .UNSPECIFIED.);
#267=B_SPLINE_CURVE_WITH_KNOTS('',3,(#13051,#13052,#13053,#13054,#13055),
 .UNSPECIFIED.,.F.,.F.,(4,1,4),(0.,0.0380095053736554,0.0731416841669973),
 .UNSPECIFIED.);
#268=B_SPLINE_CURVE_WITH_KNOTS('',3,(#13057,#13058,#13059,#13060,#13061),
 .UNSPECIFIED.,.F.,.F.,(4,1,4),(0.,0.0330686185589991,0.0639384492155365),
 .UNSPECIFIED.);
#269=B_SPLINE_CURVE_WITH_KNOTS('',3,(#13065,#13066,#13067,#13068,#13069),
 .UNSPECIFIED.,.F.,.F.,(4,1,4),(0.,0.0431555576985219,0.0869830987568509),
 .UNSPECIFIED.);
#270=B_SPLINE_CURVE_WITH_KNOTS('',3,(#13071,#13072,#13073,#13074,#13075),
 .UNSPECIFIED.,.F.,.F.,(4,1,4),(0.,0.0416362684127198,0.0843356604481512),
 .UNSPECIFIED.);
#271=B_SPLINE_CURVE_WITH_KNOTS('',3,(#13079,#13080,#13081,#13082,#13083),
 .UNSPECIFIED.,.F.,.F.,(4,1,4),(0.,0.0327213953661638,0.0656661714370751),
 .UNSPECIFIED.);
#272=B_SPLINE_CURVE_WITH_KNOTS('',3,(#13084,#13085,#13086,#13087,#13088),
 .UNSPECIFIED.,.F.,.F.,(4,1,4),(0.,0.0332060499244712,0.0670586481443039),
 .UNSPECIFIED.);
#273=B_SPLINE_CURVE_WITH_KNOTS('',3,(#13090,#13091,#13092,#13093,#13094),
 .UNSPECIFIED.,.F.,.F.,(4,1,4),(0.,0.0181709639741965,0.0366371805084215),
 .UNSPECIFIED.);
#274=B_SPLINE_CURVE_WITH_KNOTS('',3,(#13098,#13099,#13100,#13101,#13102),
 .UNSPECIFIED.,.F.,.F.,(4,1,4),(0.,0.0179181251950725,0.036035553568886),
 .UNSPECIFIED.);
#275=B_SPLINE_CURVE_WITH_KNOTS('',3,(#13104,#13105,#13106,#13107,#13108),
 .UNSPECIFIED.,.F.,.F.,(4,1,4),(0.,0.0181527315510216,0.0364612794740797),
 .UNSPECIFIED.);
#276=B_SPLINE_CURVE_WITH_KNOTS('',3,(#13111,#13112,#13113,#13114,#13115),
 .UNSPECIFIED.,.F.,.F.,(4,1,4),(0.,0.0181357605471239,0.0361114157380959),
 .UNSPECIFIED.);
#277=B_SPLINE_CURVE_WITH_KNOTS('',3,(#13121,#13122,#13123,#13124,#13125),
 .UNSPECIFIED.,.F.,.F.,(4,1,4),(0.,0.018867217255697,0.0414765668679955),
 .UNSPECIFIED.);
#278=B_SPLINE_CURVE_WITH_KNOTS('',3,(#13127,#13128,#13129,#13130,#13131),
 .UNSPECIFIED.,.F.,.F.,(4,1,4),(0.,0.0184496007283157,0.0369079420868598),
 .UNSPECIFIED.);
#279=B_SPLINE_CURVE_WITH_KNOTS('',3,(#13133,#13134,#13135,#13136,#13137),
 .UNSPECIFIED.,.F.,.F.,(4,1,4),(0.,0.0180421323909201,0.0348678708171694),
 .UNSPECIFIED.);
#280=B_SPLINE_CURVE_WITH_KNOTS('',3,(#13139,#13140,#13141,#13142,#13143),
 .UNSPECIFIED.,.F.,.F.,(4,1,4),(0.,0.0097842603243297,0.0156469063013086),
 .UNSPECIFIED.);
#281=B_SPLINE_CURVE_WITH_KNOTS('',3,(#13149,#13150,#13151,#13152,#13153),
 .UNSPECIFIED.,.F.,.F.,(4,1,4),(0.,0.0165492660889455,0.0311363451864184),
 .UNSPECIFIED.);
#282=B_SPLINE_CURVE_WITH_KNOTS('',3,(#13155,#13156,#13157,#13158,#13159),
 .UNSPECIFIED.,.F.,.F.,(4,1,4),(0.,0.016963169537207,0.0346658972206543),
 .UNSPECIFIED.);
#283=B_SPLINE_CURVE_WITH_KNOTS('',3,(#13161,#13162,#13163,#13164,#13165),
 .UNSPECIFIED.,.F.,.F.,(4,1,4),(0.,0.0178290705805679,0.0351056034544766),
 .UNSPECIFIED.);
#284=B_SPLINE_CURVE_WITH_KNOTS('',3,(#13166,#13167,#13168,#13169,#13170),
 .UNSPECIFIED.,.F.,.F.,(4,1,4),(0.,0.0240305081963675,0.0471427494907412),
 .UNSPECIFIED.);
#285=B_SPLINE_CURVE_WITH_KNOTS('',3,(#13390,#13391,#13392,#13393,#13394),
 .UNSPECIFIED.,.F.,.F.,(4,1,4),(0.,0.0109116140918135,0.0218543878012228),
 .UNSPECIFIED.);
#286=B_SPLINE_CURVE_WITH_KNOTS('',3,(#13407,#13408,#13409,#13410,#13411),
 .UNSPECIFIED.,.F.,.F.,(4,1,4),(0.,0.0107509796139935,0.0216337128547635),
 .UNSPECIFIED.);
#287=B_SPLINE_CURVE_WITH_KNOTS('',3,(#13468,#13469,#13470,#13471,#13472),
 .UNSPECIFIED.,.F.,.F.,(4,1,4),(0.,0.016419429618701,0.0291391884754406),
 .UNSPECIFIED.);
#288=SHAPE_REPRESENTATION_RELATIONSHIP('SRR','None',#13741,#290);
#289=SHAPE_REPRESENTATION_RELATIONSHIP('SRR','None',#13740,#291);
#290=ADVANCED_BREP_SHAPE_REPRESENTATION('',(#294),#13729);
#291=ADVANCED_BREP_SHAPE_REPRESENTATION('',(#295),#13728);
#292=STYLED_ITEM('',(#13755),#294);
#293=STYLED_ITEM('',(#13754),#295);
#294=MANIFOLD_SOLID_BREP('Body1',#7733);
#295=MANIFOLD_SOLID_BREP('Body1',#7734);
#296=CYLINDRICAL_SURFACE('',#7803,0.75);
#297=CYLINDRICAL_SURFACE('',#7806,0.75);
#298=CYLINDRICAL_SURFACE('',#7865,0.85);
#299=CYLINDRICAL_SURFACE('',#7866,2.);
#300=CYLINDRICAL_SURFACE('',#7867,0.75);
#301=CYLINDRICAL_SURFACE('',#7868,0.85);
#302=CYLINDRICAL_SURFACE('',#7869,0.75);
#303=CYLINDRICAL_SURFACE('',#7870,0.85);
#304=CYLINDRICAL_SURFACE('',#7871,0.75);
#305=CYLINDRICAL_SURFACE('',#7872,2.);
#306=CYLINDRICAL_SURFACE('',#7873,0.85);
#307=CYLINDRICAL_SURFACE('',#7874,0.75);
#308=CYLINDRICAL_SURFACE('',#7875,0.85);
#309=CYLINDRICAL_SURFACE('',#7876,2.);
#310=CYLINDRICAL_SURFACE('',#7877,0.75);
#311=CYLINDRICAL_SURFACE('',#7878,0.85);
#312=CYLINDRICAL_SURFACE('',#7879,0.75);
#313=CYLINDRICAL_SURFACE('',#7880,0.85);
#314=CYLINDRICAL_SURFACE('',#7881,0.75);
#315=CYLINDRICAL_SURFACE('',#7882,2.);
#316=CYLINDRICAL_SURFACE('',#7883,0.85);
#317=CYLINDRICAL_SURFACE('',#7884,0.75);
#318=CYLINDRICAL_SURFACE('',#7885,0.5);
#319=CYLINDRICAL_SURFACE('',#7886,0.5);
#320=CYLINDRICAL_SURFACE('',#7887,0.5);
#321=CYLINDRICAL_SURFACE('',#7888,0.75);
#322=CYLINDRICAL_SURFACE('',#7890,0.5);
#323=CYLINDRICAL_SURFACE('',#7891,0.75);
#324=CYLINDRICAL_SURFACE('',#7893,0.5);
#325=CYLINDRICAL_SURFACE('',#7894,0.85);
#326=CYLINDRICAL_SURFACE('',#7895,2.);
#327=CYLINDRICAL_SURFACE('',#7896,0.85);
#328=CYLINDRICAL_SURFACE('',#7897,0.85);
#329=CYLINDRICAL_SURFACE('',#7898,2.);
#330=CYLINDRICAL_SURFACE('',#7899,0.85);
#331=CYLINDRICAL_SURFACE('',#7900,0.75);
#332=CYLINDRICAL_SURFACE('',#7901,0.75);
#333=CYLINDRICAL_SURFACE('',#7902,0.75);
#334=CYLINDRICAL_SURFACE('',#7903,0.75);
#335=CYLINDRICAL_SURFACE('',#7904,0.4445);
#336=CYLINDRICAL_SURFACE('',#7905,0.4445);
#337=CYLINDRICAL_SURFACE('',#7906,0.4445);
#338=CYLINDRICAL_SURFACE('',#7907,0.4445);
#339=CYLINDRICAL_SURFACE('',#7908,0.4445);
#340=CYLINDRICAL_SURFACE('',#7909,0.4445);
#341=CYLINDRICAL_SURFACE('',#7910,0.4445);
#342=CYLINDRICAL_SURFACE('',#7911,0.4445);
#343=CYLINDRICAL_SURFACE('',#7912,0.4445);
#344=CYLINDRICAL_SURFACE('',#7913,0.4445);
#345=CYLINDRICAL_SURFACE('',#7914,0.4445);
#346=CYLINDRICAL_SURFACE('',#7915,0.4445);
#347=CYLINDRICAL_SURFACE('',#7916,0.4445);
#348=CYLINDRICAL_SURFACE('',#7917,0.4445);
#349=CYLINDRICAL_SURFACE('',#7992,1.25);
#350=FACE_BOUND('',#995,.T.);
#351=FACE_BOUND('',#996,.T.);
#352=FACE_BOUND('',#997,.T.);
#353=FACE_BOUND('',#998,.T.);
#354=FACE_BOUND('',#999,.T.);
#355=FACE_BOUND('',#1000,.T.);
#356=FACE_BOUND('',#1001,.T.);
#357=FACE_BOUND('',#1002,.T.);
#358=FACE_BOUND('',#1003,.T.);
#359=FACE_BOUND('',#1004,.T.);
#360=FACE_BOUND('',#1005,.T.);
#361=FACE_BOUND('',#1006,.T.);
#362=FACE_BOUND('',#1007,.T.);
#363=FACE_BOUND('',#1008,.T.);
#364=FACE_BOUND('',#1009,.T.);
#365=FACE_BOUND('',#1010,.T.);
#366=FACE_BOUND('',#1011,.T.);
#367=FACE_BOUND('',#1012,.T.);
#368=FACE_BOUND('',#1013,.T.);
#369=FACE_BOUND('',#1014,.T.);
#370=FACE_BOUND('',#1015,.T.);
#371=FACE_BOUND('',#1016,.T.);
#372=FACE_BOUND('',#1017,.T.);
#373=FACE_BOUND('',#1018,.T.);
#374=FACE_BOUND('',#1019,.T.);
#375=FACE_BOUND('',#1020,.T.);
#376=FACE_BOUND('',#1021,.T.);
#377=FACE_BOUND('',#1022,.T.);
#378=FACE_BOUND('',#1023,.T.);
#379=FACE_BOUND('',#1024,.T.);
#380=FACE_BOUND('',#1025,.T.);
#381=FACE_BOUND('',#1026,.T.);
#382=FACE_BOUND('',#1027,.T.);
#383=FACE_BOUND('',#1028,.T.);
#384=FACE_BOUND('',#1029,.T.);
#385=FACE_BOUND('',#1030,.T.);
#386=FACE_BOUND('',#1031,.T.);
#387=FACE_BOUND('',#1032,.T.);
#388=FACE_BOUND('',#1033,.T.);
#389=FACE_BOUND('',#1034,.T.);
#390=FACE_BOUND('',#1035,.T.);
#391=FACE_BOUND('',#1036,.T.);
#392=FACE_BOUND('',#1037,.T.);
#393=FACE_BOUND('',#1038,.T.);
#394=FACE_BOUND('',#1039,.T.);
#395=FACE_BOUND('',#1040,.T.);
#396=FACE_BOUND('',#1041,.T.);
#397=FACE_BOUND('',#1042,.T.);
#398=FACE_BOUND('',#1043,.T.);
#399=FACE_BOUND('',#1044,.T.);
#400=FACE_BOUND('',#1045,.T.);
#401=FACE_BOUND('',#1054,.T.);
#402=FACE_BOUND('',#1055,.T.);
#403=FACE_BOUND('',#1056,.T.);
#404=FACE_BOUND('',#1057,.T.);
#405=FACE_BOUND('',#1058,.T.);
#406=FACE_BOUND('',#1059,.T.);
#407=FACE_BOUND('',#1060,.T.);
#408=FACE_BOUND('',#1061,.T.);
#409=FACE_BOUND('',#1062,.T.);
#410=FACE_BOUND('',#1063,.T.);
#411=FACE_BOUND('',#1064,.T.);
#412=FACE_BOUND('',#1065,.T.);
#413=FACE_BOUND('',#1066,.T.);
#414=FACE_BOUND('',#1067,.T.);
#415=FACE_BOUND('',#1068,.T.);
#416=FACE_BOUND('',#1069,.T.);
#417=FACE_BOUND('',#1070,.T.);
#418=FACE_BOUND('',#1071,.T.);
#419=FACE_BOUND('',#1072,.T.);
#420=FACE_BOUND('',#1073,.T.);
#421=FACE_BOUND('',#1074,.T.);
#422=FACE_BOUND('',#1075,.T.);
#423=FACE_BOUND('',#1076,.T.);
#424=FACE_BOUND('',#1077,.T.);
#425=FACE_BOUND('',#1078,.T.);
#426=FACE_BOUND('',#1079,.T.);
#427=FACE_BOUND('',#1080,.T.);
#428=FACE_BOUND('',#1081,.T.);
#429=FACE_BOUND('',#1082,.T.);
#430=FACE_BOUND('',#1083,.T.);
#431=FACE_BOUND('',#1084,.T.);
#432=FACE_BOUND('',#1085,.T.);
#433=FACE_BOUND('',#1086,.T.);
#434=FACE_BOUND('',#1087,.T.);
#435=FACE_BOUND('',#1088,.T.);
#436=FACE_BOUND('',#1089,.T.);
#437=FACE_BOUND('',#1090,.T.);
#438=FACE_BOUND('',#1091,.T.);
#439=FACE_BOUND('',#1092,.T.);
#440=FACE_BOUND('',#1093,.T.);
#441=FACE_BOUND('',#1094,.T.);
#442=FACE_BOUND('',#1095,.T.);
#443=FACE_BOUND('',#1096,.T.);
#444=FACE_BOUND('',#1097,.T.);
#445=FACE_BOUND('',#1098,.T.);
#446=FACE_BOUND('',#1099,.T.);
#447=FACE_BOUND('',#1100,.T.);
#448=FACE_BOUND('',#1101,.T.);
#449=FACE_BOUND('',#1102,.T.);
#450=FACE_BOUND('',#1103,.T.);
#451=FACE_BOUND('',#1104,.T.);
#452=FACE_BOUND('',#1179,.T.);
#453=FACE_BOUND('',#1180,.T.);
#454=FACE_BOUND('',#1181,.T.);
#455=FACE_BOUND('',#1184,.T.);
#456=FACE_BOUND('',#1185,.T.);
#457=FACE_BOUND('',#1186,.T.);
#458=FACE_BOUND('',#1193,.T.);
#459=FACE_BOUND('',#1200,.T.);
#460=FACE_BOUND('',#1258,.T.);
#461=FACE_BOUND('',#1271,.T.);
#462=FACE_BOUND('',#1316,.T.);
#463=FACE_BOUND('',#1317,.T.);
#464=FACE_BOUND('',#1318,.T.);
#465=FACE_BOUND('',#1319,.T.);
#466=FACE_BOUND('',#1340,.T.);
#467=FACE_BOUND('',#1359,.T.);
#468=FACE_BOUND('',#1360,.T.);
#469=FACE_BOUND('',#1361,.T.);
#470=FACE_BOUND('',#1430,.T.);
#471=FACE_BOUND('',#1431,.T.);
#472=FACE_BOUND('',#1432,.T.);
#473=FACE_BOUND('',#1433,.T.);
#474=FACE_BOUND('',#1434,.T.);
#475=FACE_BOUND('',#1435,.T.);
#476=FACE_BOUND('',#1436,.T.);
#477=FACE_BOUND('',#1437,.T.);
#478=FACE_BOUND('',#1438,.T.);
#479=FACE_BOUND('',#1439,.T.);
#480=FACE_BOUND('',#1440,.T.);
#481=FACE_BOUND('',#1441,.T.);
#482=FACE_BOUND('',#1442,.T.);
#483=CIRCLE('',#7750,0.85);
#484=CIRCLE('',#7751,2.);
#485=CIRCLE('',#7752,0.75);
#486=CIRCLE('',#7753,0.85);
#487=CIRCLE('',#7754,0.75);
#488=CIRCLE('',#7755,0.85);
#489=CIRCLE('',#7756,0.75);
#490=CIRCLE('',#7757,2.);
#491=CIRCLE('',#7758,0.85);
#492=CIRCLE('',#7759,0.75);
#493=CIRCLE('',#7760,0.85);
#494=CIRCLE('',#7761,2.);
#495=CIRCLE('',#7762,0.75);
#496=CIRCLE('',#7763,0.85);
#497=CIRCLE('',#7764,0.75);
#498=CIRCLE('',#7765,0.85);
#499=CIRCLE('',#7766,0.75);
#500=CIRCLE('',#7767,2.);
#501=CIRCLE('',#7768,0.85);
#502=CIRCLE('',#7769,0.75);
#503=CIRCLE('',#7770,0.5);
#504=CIRCLE('',#7771,0.5);
#505=CIRCLE('',#7772,0.5);
#506=CIRCLE('',#7773,0.75);
#507=CIRCLE('',#7774,0.75);
#508=CIRCLE('',#7775,0.5);
#509=CIRCLE('',#7776,0.75);
#510=CIRCLE('',#7777,0.75);
#511=CIRCLE('',#7778,0.5);
#512=CIRCLE('',#7779,0.85);
#513=CIRCLE('',#7780,2.);
#514=CIRCLE('',#7781,0.85);
#515=CIRCLE('',#7782,0.85);
#516=CIRCLE('',#7783,2.);
#517=CIRCLE('',#7784,0.85);
#518=CIRCLE('',#7785,0.75);
#519=CIRCLE('',#7786,0.75);
#520=CIRCLE('',#7787,0.75);
#521=CIRCLE('',#7788,0.75);
#522=CIRCLE('',#7789,0.4445);
#523=CIRCLE('',#7790,0.4445);
#524=CIRCLE('',#7791,0.4445);
#525=CIRCLE('',#7792,0.4445);
#526=CIRCLE('',#7793,0.4445);
#527=CIRCLE('',#7794,0.4445);
#528=CIRCLE('',#7795,0.4445);
#529=CIRCLE('',#7796,0.4445);
#530=CIRCLE('',#7797,0.4445);
#531=CIRCLE('',#7798,0.4445);
#532=CIRCLE('',#7799,0.4445);
#533=CIRCLE('',#7800,0.4445);
#534=CIRCLE('',#7801,0.4445);
#535=CIRCLE('',#7802,0.4445);
#536=CIRCLE('',#7804,0.75);
#537=CIRCLE('',#7807,0.75);
#538=CIRCLE('',#7813,0.85);
#539=CIRCLE('',#7814,2.);
#540=CIRCLE('',#7815,0.75);
#541=CIRCLE('',#7816,0.85);
#542=CIRCLE('',#7817,0.75);
#543=CIRCLE('',#7818,0.85);
#544=CIRCLE('',#7819,0.75);
#545=CIRCLE('',#7820,2.);
#546=CIRCLE('',#7821,0.85);
#547=CIRCLE('',#7822,0.75);
#548=CIRCLE('',#7823,0.85);
#549=CIRCLE('',#7824,2.);
#550=CIRCLE('',#7825,0.75);
#551=CIRCLE('',#7826,0.85);
#552=CIRCLE('',#7827,0.75);
#553=CIRCLE('',#7828,0.85);
#554=CIRCLE('',#7829,0.75);
#555=CIRCLE('',#7830,2.);
#556=CIRCLE('',#7831,0.85);
#557=CIRCLE('',#7832,0.75);
#558=CIRCLE('',#7833,0.5);
#559=CIRCLE('',#7834,0.5);
#560=CIRCLE('',#7835,0.5);
#561=CIRCLE('',#7836,0.75);
#562=CIRCLE('',#7837,0.5);
#563=CIRCLE('',#7838,0.75);
#564=CIRCLE('',#7839,0.5);
#565=CIRCLE('',#7840,0.85);
#566=CIRCLE('',#7841,2.);
#567=CIRCLE('',#7842,0.85);
#568=CIRCLE('',#7843,0.85);
#569=CIRCLE('',#7844,2.);
#570=CIRCLE('',#7845,0.85);
#571=CIRCLE('',#7846,0.75);
#572=CIRCLE('',#7847,0.75);
#573=CIRCLE('',#7848,0.75);
#574=CIRCLE('',#7849,0.75);
#575=CIRCLE('',#7850,0.4445);
#576=CIRCLE('',#7851,0.4445);
#577=CIRCLE('',#7852,0.4445);
#578=CIRCLE('',#7853,0.4445);
#579=CIRCLE('',#7854,0.4445);
#580=CIRCLE('',#7855,0.4445);
#581=CIRCLE('',#7856,0.4445);
#582=CIRCLE('',#7857,0.4445);
#583=CIRCLE('',#7858,0.4445);
#584=CIRCLE('',#7859,0.4445);
#585=CIRCLE('',#7860,0.4445);
#586=CIRCLE('',#7861,0.4445);
#587=CIRCLE('',#7862,0.4445);
#588=CIRCLE('',#7863,0.4445);
#589=CIRCLE('',#7993,1.25);
#590=CIRCLE('',#7994,1.25);
#591=FACE_OUTER_BOUND('',#994,.T.);
#592=FACE_OUTER_BOUND('',#1046,.T.);
#593=FACE_OUTER_BOUND('',#1047,.T.);
#594=FACE_OUTER_BOUND('',#1048,.T.);
#595=FACE_OUTER_BOUND('',#1049,.T.);
#596=FACE_OUTER_BOUND('',#1050,.T.);
#597=FACE_OUTER_BOUND('',#1051,.T.);
#598=FACE_OUTER_BOUND('',#1052,.T.);
#599=FACE_OUTER_BOUND('',#1053,.T.);
#600=FACE_OUTER_BOUND('',#1105,.T.);
#601=FACE_OUTER_BOUND('',#1106,.T.);
#602=FACE_OUTER_BOUND('',#1107,.T.);
#603=FACE_OUTER_BOUND('',#1108,.T.);
#604=FACE_OUTER_BOUND('',#1109,.T.);
#605=FACE_OUTER_BOUND('',#1110,.T.);
#606=FACE_OUTER_BOUND('',#1111,.T.);
#607=FACE_OUTER_BOUND('',#1112,.T.);
#608=FACE_OUTER_BOUND('',#1113,.T.);
#609=FACE_OUTER_BOUND('',#1114,.T.);
#610=FACE_OUTER_BOUND('',#1115,.T.);
#611=FACE_OUTER_BOUND('',#1116,.T.);
#612=FACE_OUTER_BOUND('',#1117,.T.);
#613=FACE_OUTER_BOUND('',#1118,.T.);
#614=FACE_OUTER_BOUND('',#1119,.T.);
#615=FACE_OUTER_BOUND('',#1120,.T.);
#616=FACE_OUTER_BOUND('',#1121,.T.);
#617=FACE_OUTER_BOUND('',#1122,.T.);
#618=FACE_OUTER_BOUND('',#1123,.T.);
#619=FACE_OUTER_BOUND('',#1124,.T.);
#620=FACE_OUTER_BOUND('',#1125,.T.);
#621=FACE_OUTER_BOUND('',#1126,.T.);
#622=FACE_OUTER_BOUND('',#1127,.T.);
#623=FACE_OUTER_BOUND('',#1128,.T.);
#624=FACE_OUTER_BOUND('',#1129,.T.);
#625=FACE_OUTER_BOUND('',#1130,.T.);
#626=FACE_OUTER_BOUND('',#1131,.T.);
#627=FACE_OUTER_BOUND('',#1132,.T.);
#628=FACE_OUTER_BOUND('',#1133,.T.);
#629=FACE_OUTER_BOUND('',#1134,.T.);
#630=FACE_OUTER_BOUND('',#1135,.T.);
#631=FACE_OUTER_BOUND('',#1136,.T.);
#632=FACE_OUTER_BOUND('',#1137,.T.);
#633=FACE_OUTER_BOUND('',#1138,.T.);
#634=FACE_OUTER_BOUND('',#1139,.T.);
#635=FACE_OUTER_BOUND('',#1140,.T.);
#636=FACE_OUTER_BOUND('',#1141,.T.);
#637=FACE_OUTER_BOUND('',#1142,.T.);
#638=FACE_OUTER_BOUND('',#1143,.T.);
#639=FACE_OUTER_BOUND('',#1144,.T.);
#640=FACE_OUTER_BOUND('',#1145,.T.);
#641=FACE_OUTER_BOUND('',#1146,.T.);
#642=FACE_OUTER_BOUND('',#1147,.T.);
#643=FACE_OUTER_BOUND('',#1148,.T.);
#644=FACE_OUTER_BOUND('',#1149,.T.);
#645=FACE_OUTER_BOUND('',#1150,.T.);
#646=FACE_OUTER_BOUND('',#1151,.T.);
#647=FACE_OUTER_BOUND('',#1152,.T.);
#648=FACE_OUTER_BOUND('',#1153,.T.);
#649=FACE_OUTER_BOUND('',#1154,.T.);
#650=FACE_OUTER_BOUND('',#1155,.T.);
#651=FACE_OUTER_BOUND('',#1156,.T.);
#652=FACE_OUTER_BOUND('',#1157,.T.);
#653=FACE_OUTER_BOUND('',#1158,.T.);
#654=FACE_OUTER_BOUND('',#1159,.T.);
#655=FACE_OUTER_BOUND('',#1160,.T.);
#656=FACE_OUTER_BOUND('',#1161,.T.);
#657=FACE_OUTER_BOUND('',#1162,.T.);
#658=FACE_OUTER_BOUND('',#1163,.T.);
#659=FACE_OUTER_BOUND('',#1164,.T.);
#660=FACE_OUTER_BOUND('',#1165,.T.);
#661=FACE_OUTER_BOUND('',#1166,.T.);
#662=FACE_OUTER_BOUND('',#1167,.T.);
#663=FACE_OUTER_BOUND('',#1168,.T.);
#664=FACE_OUTER_BOUND('',#1169,.T.);
#665=FACE_OUTER_BOUND('',#1170,.T.);
#666=FACE_OUTER_BOUND('',#1171,.T.);
#667=FACE_OUTER_BOUND('',#1172,.T.);
#668=FACE_OUTER_BOUND('',#1173,.T.);
#669=FACE_OUTER_BOUND('',#1174,.T.);
#670=FACE_OUTER_BOUND('',#1175,.T.);
#671=FACE_OUTER_BOUND('',#1176,.T.);
#672=FACE_OUTER_BOUND('',#1177,.T.);
#673=FACE_OUTER_BOUND('',#1178,.T.);
#674=FACE_OUTER_BOUND('',#1182,.T.);
#675=FACE_OUTER_BOUND('',#1183,.T.);
#676=FACE_OUTER_BOUND('',#1187,.T.);
#677=FACE_OUTER_BOUND('',#1188,.T.);
#678=FACE_OUTER_BOUND('',#1189,.T.);
#679=FACE_OUTER_BOUND('',#1190,.T.);
#680=FACE_OUTER_BOUND('',#1191,.T.);
#681=FACE_OUTER_BOUND('',#1192,.T.);
#682=FACE_OUTER_BOUND('',#1194,.T.);
#683=FACE_OUTER_BOUND('',#1195,.T.);
#684=FACE_OUTER_BOUND('',#1196,.T.);
#685=FACE_OUTER_BOUND('',#1197,.T.);
#686=FACE_OUTER_BOUND('',#1198,.T.);
#687=FACE_OUTER_BOUND('',#1199,.T.);
#688=FACE_OUTER_BOUND('',#1201,.T.);
#689=FACE_OUTER_BOUND('',#1202,.T.);
#690=FACE_OUTER_BOUND('',#1203,.T.);
#691=FACE_OUTER_BOUND('',#1204,.T.);
#692=FACE_OUTER_BOUND('',#1205,.T.);
#693=FACE_OUTER_BOUND('',#1206,.T.);
#694=FACE_OUTER_BOUND('',#1207,.T.);
#695=FACE_OUTER_BOUND('',#1208,.T.);
#696=FACE_OUTER_BOUND('',#1209,.T.);
#697=FACE_OUTER_BOUND('',#1210,.T.);
#698=FACE_OUTER_BOUND('',#1211,.T.);
#699=FACE_OUTER_BOUND('',#1212,.T.);
#700=FACE_OUTER_BOUND('',#1213,.T.);
#701=FACE_OUTER_BOUND('',#1214,.T.);
#702=FACE_OUTER_BOUND('',#1215,.T.);
#703=FACE_OUTER_BOUND('',#1216,.T.);
#704=FACE_OUTER_BOUND('',#1217,.T.);
#705=FACE_OUTER_BOUND('',#1218,.T.);
#706=FACE_OUTER_BOUND('',#1219,.T.);
#707=FACE_OUTER_BOUND('',#1220,.T.);
#708=FACE_OUTER_BOUND('',#1221,.T.);
#709=FACE_OUTER_BOUND('',#1222,.T.);
#710=FACE_OUTER_BOUND('',#1223,.T.);
#711=FACE_OUTER_BOUND('',#1224,.T.);
#712=FACE_OUTER_BOUND('',#1225,.T.);
#713=FACE_OUTER_BOUND('',#1226,.T.);
#714=FACE_OUTER_BOUND('',#1227,.T.);
#715=FACE_OUTER_BOUND('',#1228,.T.);
#716=FACE_OUTER_BOUND('',#1229,.T.);
#717=FACE_OUTER_BOUND('',#1230,.T.);
#718=FACE_OUTER_BOUND('',#1231,.T.);
#719=FACE_OUTER_BOUND('',#1232,.T.);
#720=FACE_OUTER_BOUND('',#1233,.T.);
#721=FACE_OUTER_BOUND('',#1234,.T.);
#722=FACE_OUTER_BOUND('',#1235,.T.);
#723=FACE_OUTER_BOUND('',#1236,.T.);
#724=FACE_OUTER_BOUND('',#1237,.T.);
#725=FACE_OUTER_BOUND('',#1238,.T.);
#726=FACE_OUTER_BOUND('',#1239,.T.);
#727=FACE_OUTER_BOUND('',#1240,.T.);
#728=FACE_OUTER_BOUND('',#1241,.T.);
#729=FACE_OUTER_BOUND('',#1242,.T.);
#730=FACE_OUTER_BOUND('',#1243,.T.);
#731=FACE_OUTER_BOUND('',#1244,.T.);
#732=FACE_OUTER_BOUND('',#1245,.T.);
#733=FACE_OUTER_BOUND('',#1246,.T.);
#734=FACE_OUTER_BOUND('',#1247,.T.);
#735=FACE_OUTER_BOUND('',#1248,.T.);
#736=FACE_OUTER_BOUND('',#1249,.T.);
#737=FACE_OUTER_BOUND('',#1250,.T.);
#738=FACE_OUTER_BOUND('',#1251,.T.);
#739=FACE_OUTER_BOUND('',#1252,.T.);
#740=FACE_OUTER_BOUND('',#1253,.T.);
#741=FACE_OUTER_BOUND('',#1254,.T.);
#742=FACE_OUTER_BOUND('',#1255,.T.);
#743=FACE_OUTER_BOUND('',#1256,.T.);
#744=FACE_OUTER_BOUND('',#1257,.T.);
#745=FACE_OUTER_BOUND('',#1259,.T.);
#746=FACE_OUTER_BOUND('',#1260,.T.);
#747=FACE_OUTER_BOUND('',#1261,.T.);
#748=FACE_OUTER_BOUND('',#1262,.T.);
#749=FACE_OUTER_BOUND('',#1263,.T.);
#750=FACE_OUTER_BOUND('',#1264,.T.);
#751=FACE_OUTER_BOUND('',#1265,.T.);
#752=FACE_OUTER_BOUND('',#1266,.T.);
#753=FACE_OUTER_BOUND('',#1267,.T.);
#754=FACE_OUTER_BOUND('',#1268,.T.);
#755=FACE_OUTER_BOUND('',#1269,.T.);
#756=FACE_OUTER_BOUND('',#1270,.T.);
#757=FACE_OUTER_BOUND('',#1272,.T.);
#758=FACE_OUTER_BOUND('',#1273,.T.);
#759=FACE_OUTER_BOUND('',#1274,.T.);
#760=FACE_OUTER_BOUND('',#1275,.T.);
#761=FACE_OUTER_BOUND('',#1276,.T.);
#762=FACE_OUTER_BOUND('',#1277,.T.);
#763=FACE_OUTER_BOUND('',#1278,.T.);
#764=FACE_OUTER_BOUND('',#1279,.T.);
#765=FACE_OUTER_BOUND('',#1280,.T.);
#766=FACE_OUTER_BOUND('',#1281,.T.);
#767=FACE_OUTER_BOUND('',#1282,.T.);
#768=FACE_OUTER_BOUND('',#1283,.T.);
#769=FACE_OUTER_BOUND('',#1284,.T.);
#770=FACE_OUTER_BOUND('',#1285,.T.);
#771=FACE_OUTER_BOUND('',#1286,.T.);
#772=FACE_OUTER_BOUND('',#1287,.T.);
#773=FACE_OUTER_BOUND('',#1288,.T.);
#774=FACE_OUTER_BOUND('',#1289,.T.);
#775=FACE_OUTER_BOUND('',#1290,.T.);
#776=FACE_OUTER_BOUND('',#1291,.T.);
#777=FACE_OUTER_BOUND('',#1292,.T.);
#778=FACE_OUTER_BOUND('',#1293,.T.);
#779=FACE_OUTER_BOUND('',#1294,.T.);
#780=FACE_OUTER_BOUND('',#1295,.T.);
#781=FACE_OUTER_BOUND('',#1296,.T.);
#782=FACE_OUTER_BOUND('',#1297,.T.);
#783=FACE_OUTER_BOUND('',#1298,.T.);
#784=FACE_OUTER_BOUND('',#1299,.T.);
#785=FACE_OUTER_BOUND('',#1300,.T.);
#786=FACE_OUTER_BOUND('',#1301,.T.);
#787=FACE_OUTER_BOUND('',#1302,.T.);
#788=FACE_OUTER_BOUND('',#1303,.T.);
#789=FACE_OUTER_BOUND('',#1304,.T.);
#790=FACE_OUTER_BOUND('',#1305,.T.);
#791=FACE_OUTER_BOUND('',#1306,.T.);
#792=FACE_OUTER_BOUND('',#1307,.T.);
#793=FACE_OUTER_BOUND('',#1308,.T.);
#794=FACE_OUTER_BOUND('',#1309,.T.);
#795=FACE_OUTER_BOUND('',#1310,.T.);
#796=FACE_OUTER_BOUND('',#1311,.T.);
#797=FACE_OUTER_BOUND('',#1312,.T.);
#798=FACE_OUTER_BOUND('',#1313,.T.);
#799=FACE_OUTER_BOUND('',#1314,.T.);
#800=FACE_OUTER_BOUND('',#1315,.T.);
#801=FACE_OUTER_BOUND('',#1320,.T.);
#802=FACE_OUTER_BOUND('',#1321,.T.);
#803=FACE_OUTER_BOUND('',#1322,.T.);
#804=FACE_OUTER_BOUND('',#1323,.T.);
#805=FACE_OUTER_BOUND('',#1324,.T.);
#806=FACE_OUTER_BOUND('',#1325,.T.);
#807=FACE_OUTER_BOUND('',#1326,.T.);
#808=FACE_OUTER_BOUND('',#1327,.T.);
#809=FACE_OUTER_BOUND('',#1328,.T.);
#810=FACE_OUTER_BOUND('',#1329,.T.);
#811=FACE_OUTER_BOUND('',#1330,.T.);
#812=FACE_OUTER_BOUND('',#1331,.T.);
#813=FACE_OUTER_BOUND('',#1332,.T.);
#814=FACE_OUTER_BOUND('',#1333,.T.);
#815=FACE_OUTER_BOUND('',#1334,.T.);
#816=FACE_OUTER_BOUND('',#1335,.T.);
#817=FACE_OUTER_BOUND('',#1336,.T.);
#818=FACE_OUTER_BOUND('',#1337,.T.);
#819=FACE_OUTER_BOUND('',#1338,.T.);
#820=FACE_OUTER_BOUND('',#1339,.T.);
#821=FACE_OUTER_BOUND('',#1341,.T.);
#822=FACE_OUTER_BOUND('',#1342,.T.);
#823=FACE_OUTER_BOUND('',#1343,.T.);
#824=FACE_OUTER_BOUND('',#1344,.T.);
#825=FACE_OUTER_BOUND('',#1345,.T.);
#826=FACE_OUTER_BOUND('',#1346,.T.);
#827=FACE_OUTER_BOUND('',#1347,.T.);
#828=FACE_OUTER_BOUND('',#1348,.T.);
#829=FACE_OUTER_BOUND('',#1349,.T.);
#830=FACE_OUTER_BOUND('',#1350,.T.);
#831=FACE_OUTER_BOUND('',#1351,.T.);
#832=FACE_OUTER_BOUND('',#1352,.T.);
#833=FACE_OUTER_BOUND('',#1353,.T.);
#834=FACE_OUTER_BOUND('',#1354,.T.);
#835=FACE_OUTER_BOUND('',#1355,.T.);
#836=FACE_OUTER_BOUND('',#1356,.T.);
#837=FACE_OUTER_BOUND('',#1357,.T.);
#838=FACE_OUTER_BOUND('',#1358,.T.);
#839=FACE_OUTER_BOUND('',#1362,.T.);
#840=FACE_OUTER_BOUND('',#1363,.T.);
#841=FACE_OUTER_BOUND('',#1364,.T.);
#842=FACE_OUTER_BOUND('',#1365,.T.);
#843=FACE_OUTER_BOUND('',#1366,.T.);
#844=FACE_OUTER_BOUND('',#1367,.T.);
#845=FACE_OUTER_BOUND('',#1368,.T.);
#846=FACE_OUTER_BOUND('',#1369,.T.);
#847=FACE_OUTER_BOUND('',#1370,.T.);
#848=FACE_OUTER_BOUND('',#1371,.T.);
#849=FACE_OUTER_BOUND('',#1372,.T.);
#850=FACE_OUTER_BOUND('',#1373,.T.);
#851=FACE_OUTER_BOUND('',#1374,.T.);
#852=FACE_OUTER_BOUND('',#1375,.T.);
#853=FACE_OUTER_BOUND('',#1376,.T.);
#854=FACE_OUTER_BOUND('',#1377,.T.);
#855=FACE_OUTER_BOUND('',#1378,.T.);
#856=FACE_OUTER_BOUND('',#1379,.T.);
#857=FACE_OUTER_BOUND('',#1380,.T.);
#858=FACE_OUTER_BOUND('',#1381,.T.);
#859=FACE_OUTER_BOUND('',#1382,.T.);
#860=FACE_OUTER_BOUND('',#1383,.T.);
#861=FACE_OUTER_BOUND('',#1384,.T.);
#862=FACE_OUTER_BOUND('',#1385,.T.);
#863=FACE_OUTER_BOUND('',#1386,.T.);
#864=FACE_OUTER_BOUND('',#1387,.T.);
#865=FACE_OUTER_BOUND('',#1388,.T.);
#866=FACE_OUTER_BOUND('',#1389,.T.);
#867=FACE_OUTER_BOUND('',#1390,.T.);
#868=FACE_OUTER_BOUND('',#1391,.T.);
#869=FACE_OUTER_BOUND('',#1392,.T.);
#870=FACE_OUTER_BOUND('',#1393,.T.);
#871=FACE_OUTER_BOUND('',#1394,.T.);
#872=FACE_OUTER_BOUND('',#1395,.T.);
#873=FACE_OUTER_BOUND('',#1396,.T.);
#874=FACE_OUTER_BOUND('',#1397,.T.);
#875=FACE_OUTER_BOUND('',#1398,.T.);
#876=FACE_OUTER_BOUND('',#1399,.T.);
#877=FACE_OUTER_BOUND('',#1400,.T.);
#878=FACE_OUTER_BOUND('',#1401,.T.);
#879=FACE_OUTER_BOUND('',#1402,.T.);
#880=FACE_OUTER_BOUND('',#1403,.T.);
#881=FACE_OUTER_BOUND('',#1404,.T.);
#882=FACE_OUTER_BOUND('',#1405,.T.);
#883=FACE_OUTER_BOUND('',#1406,.T.);
#884=FACE_OUTER_BOUND('',#1407,.T.);
#885=FACE_OUTER_BOUND('',#1408,.T.);
#886=FACE_OUTER_BOUND('',#1409,.T.);
#887=FACE_OUTER_BOUND('',#1410,.T.);
#888=FACE_OUTER_BOUND('',#1411,.T.);
#889=FACE_OUTER_BOUND('',#1412,.T.);
#890=FACE_OUTER_BOUND('',#1413,.T.);
#891=FACE_OUTER_BOUND('',#1414,.T.);
#892=FACE_OUTER_BOUND('',#1415,.T.);
#893=FACE_OUTER_BOUND('',#1416,.T.);
#894=FACE_OUTER_BOUND('',#1417,.T.);
#895=FACE_OUTER_BOUND('',#1418,.T.);
#896=FACE_OUTER_BOUND('',#1419,.T.);
#897=FACE_OUTER_BOUND('',#1420,.T.);
#898=FACE_OUTER_BOUND('',#1421,.T.);
#899=FACE_OUTER_BOUND('',#1422,.T.);
#900=FACE_OUTER_BOUND('',#1423,.T.);
#901=FACE_OUTER_BOUND('',#1424,.T.);
#902=FACE_OUTER_BOUND('',#1425,.T.);
#903=FACE_OUTER_BOUND('',#1426,.T.);
#904=FACE_OUTER_BOUND('',#1427,.T.);
#905=FACE_OUTER_BOUND('',#1428,.T.);
#906=FACE_OUTER_BOUND('',#1429,.T.);
#907=FACE_OUTER_BOUND('',#1443,.T.);
#908=FACE_OUTER_BOUND('',#1444,.T.);
#909=FACE_OUTER_BOUND('',#1445,.T.);
#910=FACE_OUTER_BOUND('',#1446,.T.);
#911=FACE_OUTER_BOUND('',#1447,.T.);
#912=FACE_OUTER_BOUND('',#1448,.T.);
#913=FACE_OUTER_BOUND('',#1449,.T.);
#914=FACE_OUTER_BOUND('',#1450,.T.);
#915=FACE_OUTER_BOUND('',#1451,.T.);
#916=FACE_OUTER_BOUND('',#1452,.T.);
#917=FACE_OUTER_BOUND('',#1453,.T.);
#918=FACE_OUTER_BOUND('',#1454,.T.);
#919=FACE_OUTER_BOUND('',#1455,.T.);
#920=FACE_OUTER_BOUND('',#1456,.T.);
#921=FACE_OUTER_BOUND('',#1457,.T.);
#922=FACE_OUTER_BOUND('',#1458,.T.);
#923=FACE_OUTER_BOUND('',#1459,.T.);
#924=FACE_OUTER_BOUND('',#1460,.T.);
#925=FACE_OUTER_BOUND('',#1461,.T.);
#926=FACE_OUTER_BOUND('',#1462,.T.);
#927=FACE_OUTER_BOUND('',#1463,.T.);
#928=FACE_OUTER_BOUND('',#1464,.T.);
#929=FACE_OUTER_BOUND('',#1465,.T.);
#930=FACE_OUTER_BOUND('',#1466,.T.);
#931=FACE_OUTER_BOUND('',#1467,.T.);
#932=FACE_OUTER_BOUND('',#1468,.T.);
#933=FACE_OUTER_BOUND('',#1469,.T.);
#934=FACE_OUTER_BOUND('',#1470,.T.);
#935=FACE_OUTER_BOUND('',#1471,.T.);
#936=FACE_OUTER_BOUND('',#1472,.T.);
#937=FACE_OUTER_BOUND('',#1473,.T.);
#938=FACE_OUTER_BOUND('',#1474,.T.);
#939=FACE_OUTER_BOUND('',#1475,.T.);
#940=FACE_OUTER_BOUND('',#1476,.T.);
#941=FACE_OUTER_BOUND('',#1477,.T.);
#942=FACE_OUTER_BOUND('',#1478,.T.);
#943=FACE_OUTER_BOUND('',#1479,.T.);
#944=FACE_OUTER_BOUND('',#1480,.T.);
#945=FACE_OUTER_BOUND('',#1481,.T.);
#946=FACE_OUTER_BOUND('',#1482,.T.);
#947=FACE_OUTER_BOUND('',#1483,.T.);
#948=FACE_OUTER_BOUND('',#1484,.T.);
#949=FACE_OUTER_BOUND('',#1485,.T.);
#950=FACE_OUTER_BOUND('',#1486,.T.);
#951=FACE_OUTER_BOUND('',#1487,.T.);
#952=FACE_OUTER_BOUND('',#1488,.T.);
#953=FACE_OUTER_BOUND('',#1489,.T.);
#954=FACE_OUTER_BOUND('',#1490,.T.);
#955=FACE_OUTER_BOUND('',#1491,.T.);
#956=FACE_OUTER_BOUND('',#1492,.T.);
#957=FACE_OUTER_BOUND('',#1493,.T.);
#958=FACE_OUTER_BOUND('',#1494,.T.);
#959=FACE_OUTER_BOUND('',#1495,.T.);
#960=FACE_OUTER_BOUND('',#1496,.T.);
#961=FACE_OUTER_BOUND('',#1497,.T.);
#962=FACE_OUTER_BOUND('',#1498,.T.);
#963=FACE_OUTER_BOUND('',#1499,.T.);
#964=FACE_OUTER_BOUND('',#1500,.T.);
#965=FACE_OUTER_BOUND('',#1501,.T.);
#966=FACE_OUTER_BOUND('',#1502,.T.);
#967=FACE_OUTER_BOUND('',#1503,.T.);
#968=FACE_OUTER_BOUND('',#1504,.T.);
#969=FACE_OUTER_BOUND('',#1505,.T.);
#970=FACE_OUTER_BOUND('',#1506,.T.);
#971=FACE_OUTER_BOUND('',#1507,.T.);
#972=FACE_OUTER_BOUND('',#1508,.T.);
#973=FACE_OUTER_BOUND('',#1509,.T.);
#974=FACE_OUTER_BOUND('',#1510,.T.);
#975=FACE_OUTER_BOUND('',#1511,.T.);
#976=FACE_OUTER_BOUND('',#1512,.T.);
#977=FACE_OUTER_BOUND('',#1513,.T.);
#978=FACE_OUTER_BOUND('',#1514,.T.);
#979=FACE_OUTER_BOUND('',#1515,.T.);
#980=FACE_OUTER_BOUND('',#1516,.T.);
#981=FACE_OUTER_BOUND('',#1517,.T.);
#982=FACE_OUTER_BOUND('',#1518,.T.);
#983=FACE_OUTER_BOUND('',#1519,.T.);
#984=FACE_OUTER_BOUND('',#1520,.T.);
#985=FACE_OUTER_BOUND('',#1521,.T.);
#986=FACE_OUTER_BOUND('',#1522,.T.);
#987=FACE_OUTER_BOUND('',#1523,.T.);
#988=FACE_OUTER_BOUND('',#1524,.T.);
#989=FACE_OUTER_BOUND('',#1525,.T.);
#990=FACE_OUTER_BOUND('',#1526,.T.);
#991=FACE_OUTER_BOUND('',#1527,.T.);
#992=FACE_OUTER_BOUND('',#1528,.T.);
#993=FACE_OUTER_BOUND('',#1529,.T.);
#994=EDGE_LOOP('',(#4900,#4901,#4902,#4903));
#995=EDGE_LOOP('',(#4904));
#996=EDGE_LOOP('',(#4905));
#997=EDGE_LOOP('',(#4906));
#998=EDGE_LOOP('',(#4907));
#999=EDGE_LOOP('',(#4908));
#1000=EDGE_LOOP('',(#4909));
#1001=EDGE_LOOP('',(#4910));
#1002=EDGE_LOOP('',(#4911));
#1003=EDGE_LOOP('',(#4912));
#1004=EDGE_LOOP('',(#4913));
#1005=EDGE_LOOP('',(#4914));
#1006=EDGE_LOOP('',(#4915));
#1007=EDGE_LOOP('',(#4916));
#1008=EDGE_LOOP('',(#4917));
#1009=EDGE_LOOP('',(#4918));
#1010=EDGE_LOOP('',(#4919));
#1011=EDGE_LOOP('',(#4920));
#1012=EDGE_LOOP('',(#4921));
#1013=EDGE_LOOP('',(#4922));
#1014=EDGE_LOOP('',(#4923));
#1015=EDGE_LOOP('',(#4924));
#1016=EDGE_LOOP('',(#4925));
#1017=EDGE_LOOP('',(#4926));
#1018=EDGE_LOOP('',(#4927,#4928,#4929,#4930));
#1019=EDGE_LOOP('',(#4931));
#1020=EDGE_LOOP('',(#4932,#4933,#4934,#4935));
#1021=EDGE_LOOP('',(#4936));
#1022=EDGE_LOOP('',(#4937));
#1023=EDGE_LOOP('',(#4938));
#1024=EDGE_LOOP('',(#4939));
#1025=EDGE_LOOP('',(#4940));
#1026=EDGE_LOOP('',(#4941));
#1027=EDGE_LOOP('',(#4942));
#1028=EDGE_LOOP('',(#4943));
#1029=EDGE_LOOP('',(#4944));
#1030=EDGE_LOOP('',(#4945));
#1031=EDGE_LOOP('',(#4946));
#1032=EDGE_LOOP('',(#4947));
#1033=EDGE_LOOP('',(#4948));
#1034=EDGE_LOOP('',(#4949));
#1035=EDGE_LOOP('',(#4950));
#1036=EDGE_LOOP('',(#4951));
#1037=EDGE_LOOP('',(#4952));
#1038=EDGE_LOOP('',(#4953));
#1039=EDGE_LOOP('',(#4954));
#1040=EDGE_LOOP('',(#4955));
#1041=EDGE_LOOP('',(#4956));
#1042=EDGE_LOOP('',(#4957));
#1043=EDGE_LOOP('',(#4958));
#1044=EDGE_LOOP('',(#4959));
#1045=EDGE_LOOP('',(#4960));
#1046=EDGE_LOOP('',(#4961,#4962,#4963,#4964));
#1047=EDGE_LOOP('',(#4965,#4966,#4967,#4968));
#1048=EDGE_LOOP('',(#4969,#4970,#4971,#4972));
#1049=EDGE_LOOP('',(#4973,#4974,#4975,#4976));
#1050=EDGE_LOOP('',(#4977,#4978,#4979,#4980));
#1051=EDGE_LOOP('',(#4981,#4982,#4983,#4984));
#1052=EDGE_LOOP('',(#4985,#4986,#4987,#4988));
#1053=EDGE_LOOP('',(#4989,#4990,#4991,#4992));
#1054=EDGE_LOOP('',(#4993));
#1055=EDGE_LOOP('',(#4994));
#1056=EDGE_LOOP('',(#4995));
#1057=EDGE_LOOP('',(#4996));
#1058=EDGE_LOOP('',(#4997));
#1059=EDGE_LOOP('',(#4998));
#1060=EDGE_LOOP('',(#4999));
#1061=EDGE_LOOP('',(#5000));
#1062=EDGE_LOOP('',(#5001));
#1063=EDGE_LOOP('',(#5002));
#1064=EDGE_LOOP('',(#5003));
#1065=EDGE_LOOP('',(#5004));
#1066=EDGE_LOOP('',(#5005));
#1067=EDGE_LOOP('',(#5006));
#1068=EDGE_LOOP('',(#5007));
#1069=EDGE_LOOP('',(#5008));
#1070=EDGE_LOOP('',(#5009));
#1071=EDGE_LOOP('',(#5010));
#1072=EDGE_LOOP('',(#5011));
#1073=EDGE_LOOP('',(#5012));
#1074=EDGE_LOOP('',(#5013));
#1075=EDGE_LOOP('',(#5014));
#1076=EDGE_LOOP('',(#5015));
#1077=EDGE_LOOP('',(#5016,#5017,#5018,#5019));
#1078=EDGE_LOOP('',(#5020));
#1079=EDGE_LOOP('',(#5021,#5022,#5023,#5024));
#1080=EDGE_LOOP('',(#5025));
#1081=EDGE_LOOP('',(#5026));
#1082=EDGE_LOOP('',(#5027));
#1083=EDGE_LOOP('',(#5028));
#1084=EDGE_LOOP('',(#5029));
#1085=EDGE_LOOP('',(#5030));
#1086=EDGE_LOOP('',(#5031));
#1087=EDGE_LOOP('',(#5032));
#1088=EDGE_LOOP('',(#5033));
#1089=EDGE_LOOP('',(#5034));
#1090=EDGE_LOOP('',(#5035));
#1091=EDGE_LOOP('',(#5036));
#1092=EDGE_LOOP('',(#5037));
#1093=EDGE_LOOP('',(#5038));
#1094=EDGE_LOOP('',(#5039));
#1095=EDGE_LOOP('',(#5040));
#1096=EDGE_LOOP('',(#5041));
#1097=EDGE_LOOP('',(#5042));
#1098=EDGE_LOOP('',(#5043));
#1099=EDGE_LOOP('',(#5044));
#1100=EDGE_LOOP('',(#5045));
#1101=EDGE_LOOP('',(#5046));
#1102=EDGE_LOOP('',(#5047));
#1103=EDGE_LOOP('',(#5048));
#1104=EDGE_LOOP('',(#5049));
#1105=EDGE_LOOP('',(#5050,#5051,#5052,#5053));
#1106=EDGE_LOOP('',(#5054,#5055,#5056,#5057));
#1107=EDGE_LOOP('',(#5058,#5059,#5060,#5061));
#1108=EDGE_LOOP('',(#5062,#5063,#5064,#5065));
#1109=EDGE_LOOP('',(#5066,#5067,#5068,#5069));
#1110=EDGE_LOOP('',(#5070,#5071,#5072,#5073));
#1111=EDGE_LOOP('',(#5074,#5075,#5076,#5077));
#1112=EDGE_LOOP('',(#5078,#5079,#5080,#5081));
#1113=EDGE_LOOP('',(#5082,#5083,#5084,#5085));
#1114=EDGE_LOOP('',(#5086,#5087,#5088,#5089));
#1115=EDGE_LOOP('',(#5090,#5091,#5092,#5093));
#1116=EDGE_LOOP('',(#5094,#5095,#5096,#5097));
#1117=EDGE_LOOP('',(#5098,#5099,#5100,#5101));
#1118=EDGE_LOOP('',(#5102,#5103,#5104,#5105));
#1119=EDGE_LOOP('',(#5106,#5107,#5108,#5109));
#1120=EDGE_LOOP('',(#5110,#5111,#5112,#5113));
#1121=EDGE_LOOP('',(#5114,#5115,#5116,#5117));
#1122=EDGE_LOOP('',(#5118,#5119,#5120,#5121));
#1123=EDGE_LOOP('',(#5122,#5123,#5124,#5125));
#1124=EDGE_LOOP('',(#5126,#5127,#5128,#5129));
#1125=EDGE_LOOP('',(#5130,#5131,#5132,#5133));
#1126=EDGE_LOOP('',(#5134,#5135,#5136,#5137));
#1127=EDGE_LOOP('',(#5138,#5139,#5140,#5141));
#1128=EDGE_LOOP('',(#5142,#5143,#5144,#5145));
#1129=EDGE_LOOP('',(#5146,#5147,#5148,#5149));
#1130=EDGE_LOOP('',(#5150,#5151,#5152,#5153));
#1131=EDGE_LOOP('',(#5154,#5155,#5156,#5157));
#1132=EDGE_LOOP('',(#5158,#5159,#5160,#5161));
#1133=EDGE_LOOP('',(#5162,#5163,#5164,#5165));
#1134=EDGE_LOOP('',(#5166,#5167,#5168,#5169));
#1135=EDGE_LOOP('',(#5170,#5171,#5172,#5173));
#1136=EDGE_LOOP('',(#5174,#5175,#5176,#5177));
#1137=EDGE_LOOP('',(#5178,#5179,#5180,#5181));
#1138=EDGE_LOOP('',(#5182,#5183,#5184,#5185));
#1139=EDGE_LOOP('',(#5186,#5187,#5188,#5189));
#1140=EDGE_LOOP('',(#5190,#5191,#5192,#5193));
#1141=EDGE_LOOP('',(#5194,#5195,#5196,#5197));
#1142=EDGE_LOOP('',(#5198,#5199,#5200,#5201));
#1143=EDGE_LOOP('',(#5202,#5203,#5204,#5205));
#1144=EDGE_LOOP('',(#5206,#5207,#5208,#5209));
#1145=EDGE_LOOP('',(#5210,#5211,#5212,#5213));
#1146=EDGE_LOOP('',(#5214,#5215,#5216,#5217));
#1147=EDGE_LOOP('',(#5218,#5219,#5220,#5221));
#1148=EDGE_LOOP('',(#5222,#5223,#5224,#5225));
#1149=EDGE_LOOP('',(#5226,#5227,#5228,#5229));
#1150=EDGE_LOOP('',(#5230,#5231,#5232,#5233));
#1151=EDGE_LOOP('',(#5234,#5235,#5236,#5237));
#1152=EDGE_LOOP('',(#5238,#5239,#5240,#5241));
#1153=EDGE_LOOP('',(#5242,#5243,#5244,#5245));
#1154=EDGE_LOOP('',(#5246,#5247,#5248,#5249));
#1155=EDGE_LOOP('',(#5250,#5251,#5252,#5253));
#1156=EDGE_LOOP('',(#5254,#5255,#5256,#5257));
#1157=EDGE_LOOP('',(#5258,#5259,#5260,#5261));
#1158=EDGE_LOOP('',(#5262,#5263,#5264,#5265));
#1159=EDGE_LOOP('',(#5266,#5267,#5268,#5269));
#1160=EDGE_LOOP('',(#5270,#5271,#5272,#5273));
#1161=EDGE_LOOP('',(#5274,#5275,#5276,#5277));
#1162=EDGE_LOOP('',(#5278,#5279,#5280,#5281));
#1163=EDGE_LOOP('',(#5282,#5283,#5284));
#1164=EDGE_LOOP('',(#5285,#5286,#5287,#5288));
#1165=EDGE_LOOP('',(#5289,#5290,#5291,#5292));
#1166=EDGE_LOOP('',(#5293,#5294,#5295));
#1167=EDGE_LOOP('',(#5296,#5297,#5298,#5299));
#1168=EDGE_LOOP('',(#5300,#5301,#5302,#5303));
#1169=EDGE_LOOP('',(#5304,#5305,#5306,#5307));
#1170=EDGE_LOOP('',(#5308,#5309,#5310,#5311));
#1171=EDGE_LOOP('',(#5312,#5313,#5314,#5315));
#1172=EDGE_LOOP('',(#5316,#5317,#5318,#5319));
#1173=EDGE_LOOP('',(#5320,#5321,#5322,#5323));
#1174=EDGE_LOOP('',(#5324,#5325,#5326,#5327,#5328,#5329));
#1175=EDGE_LOOP('',(#5330,#5331,#5332,#5333));
#1176=EDGE_LOOP('',(#5334,#5335,#5336,#5337));
#1177=EDGE_LOOP('',(#5338,#5339,#5340,#5341));
#1178=EDGE_LOOP('',(#5342,#5343,#5344,#5345,#5346,#5347,#5348,#5349));
#1179=EDGE_LOOP('',(#5350,#5351,#5352,#5353));
#1180=EDGE_LOOP('',(#5354,#5355,#5356,#5357));
#1181=EDGE_LOOP('',(#5358,#5359,#5360));
#1182=EDGE_LOOP('',(#5361,#5362,#5363,#5364,#5365,#5366));
#1183=EDGE_LOOP('',(#5367,#5368,#5369,#5370,#5371,#5372,#5373,#5374));
#1184=EDGE_LOOP('',(#5375,#5376,#5377,#5378));
#1185=EDGE_LOOP('',(#5379,#5380,#5381));
#1186=EDGE_LOOP('',(#5382,#5383,#5384,#5385));
#1187=EDGE_LOOP('',(#5386,#5387,#5388,#5389));
#1188=EDGE_LOOP('',(#5390,#5391,#5392,#5393));
#1189=EDGE_LOOP('',(#5394,#5395,#5396,#5397));
#1190=EDGE_LOOP('',(#5398,#5399,#5400,#5401));
#1191=EDGE_LOOP('',(#5402,#5403,#5404,#5405,#5406,#5407,#5408,#5409,#5410,
#5411));
#1192=EDGE_LOOP('',(#5412,#5413,#5414,#5415));
#1193=EDGE_LOOP('',(#5416,#5417,#5418,#5419));
#1194=EDGE_LOOP('',(#5420,#5421,#5422,#5423));
#1195=EDGE_LOOP('',(#5424,#5425,#5426,#5427));
#1196=EDGE_LOOP('',(#5428,#5429,#5430,#5431));
#1197=EDGE_LOOP('',(#5432,#5433,#5434,#5435));
#1198=EDGE_LOOP('',(#5436,#5437,#5438,#5439));
#1199=EDGE_LOOP('',(#5440,#5441,#5442,#5443,#5444,#5445,#5446,#5447,#5448,
#5449,#5450,#5451,#5452,#5453,#5454,#5455));
#1200=EDGE_LOOP('',(#5456,#5457,#5458));
#1201=EDGE_LOOP('',(#5459,#5460,#5461,#5462));
#1202=EDGE_LOOP('',(#5463,#5464,#5465,#5466));
#1203=EDGE_LOOP('',(#5467,#5468,#5469,#5470));
#1204=EDGE_LOOP('',(#5471,#5472,#5473,#5474));
#1205=EDGE_LOOP('',(#5475,#5476,#5477,#5478));
#1206=EDGE_LOOP('',(#5479,#5480,#5481,#5482));
#1207=EDGE_LOOP('',(#5483,#5484,#5485,#5486));
#1208=EDGE_LOOP('',(#5487,#5488,#5489,#5490));
#1209=EDGE_LOOP('',(#5491,#5492,#5493,#5494));
#1210=EDGE_LOOP('',(#5495,#5496,#5497,#5498));
#1211=EDGE_LOOP('',(#5499,#5500,#5501,#5502,#5503,#5504,#5505,#5506,#5507,
#5508,#5509,#5510,#5511,#5512,#5513,#5514,#5515,#5516,#5517,#5518,#5519,
#5520,#5521,#5522));
#1212=EDGE_LOOP('',(#5523,#5524,#5525,#5526));
#1213=EDGE_LOOP('',(#5527,#5528,#5529,#5530));
#1214=EDGE_LOOP('',(#5531,#5532,#5533,#5534));
#1215=EDGE_LOOP('',(#5535,#5536,#5537,#5538));
#1216=EDGE_LOOP('',(#5539,#5540,#5541,#5542));
#1217=EDGE_LOOP('',(#5543,#5544,#5545,#5546));
#1218=EDGE_LOOP('',(#5547,#5548,#5549,#5550));
#1219=EDGE_LOOP('',(#5551,#5552,#5553,#5554));
#1220=EDGE_LOOP('',(#5555,#5556,#5557,#5558));
#1221=EDGE_LOOP('',(#5559,#5560,#5561,#5562));
#1222=EDGE_LOOP('',(#5563,#5564,#5565,#5566));
#1223=EDGE_LOOP('',(#5567,#5568,#5569,#5570));
#1224=EDGE_LOOP('',(#5571,#5572,#5573,#5574,#5575,#5576,#5577,#5578,#5579,
#5580,#5581,#5582,#5583,#5584,#5585,#5586,#5587,#5588,#5589,#5590,#5591,
#5592,#5593));
#1225=EDGE_LOOP('',(#5594,#5595,#5596,#5597));
#1226=EDGE_LOOP('',(#5598,#5599,#5600,#5601));
#1227=EDGE_LOOP('',(#5602,#5603,#5604,#5605));
#1228=EDGE_LOOP('',(#5606,#5607,#5608,#5609));
#1229=EDGE_LOOP('',(#5610,#5611,#5612,#5613));
#1230=EDGE_LOOP('',(#5614,#5615,#5616,#5617));
#1231=EDGE_LOOP('',(#5618,#5619,#5620,#5621));
#1232=EDGE_LOOP('',(#5622,#5623,#5624,#5625));
#1233=EDGE_LOOP('',(#5626,#5627,#5628,#5629));
#1234=EDGE_LOOP('',(#5630,#5631,#5632,#5633));
#1235=EDGE_LOOP('',(#5634,#5635,#5636,#5637));
#1236=EDGE_LOOP('',(#5638,#5639,#5640,#5641));
#1237=EDGE_LOOP('',(#5642,#5643,#5644,#5645,#5646,#5647,#5648,#5649,#5650,
#5651,#5652,#5653,#5654,#5655,#5656,#5657,#5658,#5659,#5660,#5661,#5662,
#5663,#5664,#5665));
#1238=EDGE_LOOP('',(#5666,#5667,#5668,#5669));
#1239=EDGE_LOOP('',(#5670,#5671,#5672,#5673));
#1240=EDGE_LOOP('',(#5674,#5675,#5676,#5677));
#1241=EDGE_LOOP('',(#5678,#5679,#5680,#5681));
#1242=EDGE_LOOP('',(#5682,#5683,#5684,#5685));
#1243=EDGE_LOOP('',(#5686,#5687,#5688,#5689));
#1244=EDGE_LOOP('',(#5690,#5691,#5692,#5693));
#1245=EDGE_LOOP('',(#5694,#5695,#5696,#5697));
#1246=EDGE_LOOP('',(#5698,#5699,#5700,#5701));
#1247=EDGE_LOOP('',(#5702,#5703,#5704,#5705));
#1248=EDGE_LOOP('',(#5706,#5707,#5708,#5709));
#1249=EDGE_LOOP('',(#5710,#5711,#5712,#5713));
#1250=EDGE_LOOP('',(#5714,#5715,#5716,#5717,#5718,#5719,#5720,#5721,#5722,
#5723,#5724,#5725));
#1251=EDGE_LOOP('',(#5726,#5727,#5728,#5729));
#1252=EDGE_LOOP('',(#5730,#5731,#5732,#5733));
#1253=EDGE_LOOP('',(#5734,#5735,#5736,#5737));
#1254=EDGE_LOOP('',(#5738,#5739,#5740,#5741));
#1255=EDGE_LOOP('',(#5742,#5743,#5744,#5745));
#1256=EDGE_LOOP('',(#5746,#5747,#5748,#5749));
#1257=EDGE_LOOP('',(#5750,#5751,#5752,#5753,#5754,#5755,#5756,#5757,#5758,
#5759,#5760,#5761,#5762));
#1258=EDGE_LOOP('',(#5763,#5764,#5765,#5766,#5767,#5768,#5769,#5770));
#1259=EDGE_LOOP('',(#5771,#5772,#5773,#5774));
#1260=EDGE_LOOP('',(#5775,#5776,#5777,#5778));
#1261=EDGE_LOOP('',(#5779,#5780,#5781,#5782));
#1262=EDGE_LOOP('',(#5783,#5784,#5785,#5786));
#1263=EDGE_LOOP('',(#5787,#5788,#5789,#5790));
#1264=EDGE_LOOP('',(#5791,#5792,#5793,#5794));
#1265=EDGE_LOOP('',(#5795,#5796,#5797,#5798));
#1266=EDGE_LOOP('',(#5799,#5800,#5801,#5802));
#1267=EDGE_LOOP('',(#5803,#5804,#5805,#5806));
#1268=EDGE_LOOP('',(#5807,#5808,#5809,#5810));
#1269=EDGE_LOOP('',(#5811,#5812,#5813,#5814));
#1270=EDGE_LOOP('',(#5815,#5816,#5817,#5818,#5819,#5820,#5821,#5822,#5823,
#5824,#5825,#5826,#5827,#5828,#5829,#5830,#5831,#5832,#5833,#5834,#5835));
#1271=EDGE_LOOP('',(#5836,#5837,#5838,#5839,#5840,#5841,#5842,#5843,#5844));
#1272=EDGE_LOOP('',(#5845,#5846,#5847,#5848));
#1273=EDGE_LOOP('',(#5849,#5850,#5851,#5852));
#1274=EDGE_LOOP('',(#5853,#5854,#5855,#5856));
#1275=EDGE_LOOP('',(#5857,#5858,#5859,#5860));
#1276=EDGE_LOOP('',(#5861,#5862,#5863,#5864));
#1277=EDGE_LOOP('',(#5865,#5866,#5867,#5868));
#1278=EDGE_LOOP('',(#5869,#5870,#5871,#5872));
#1279=EDGE_LOOP('',(#5873,#5874,#5875,#5876));
#1280=EDGE_LOOP('',(#5877,#5878,#5879,#5880));
#1281=EDGE_LOOP('',(#5881,#5882,#5883,#5884));
#1282=EDGE_LOOP('',(#5885,#5886,#5887,#5888));
#1283=EDGE_LOOP('',(#5889,#5890,#5891,#5892));
#1284=EDGE_LOOP('',(#5893,#5894,#5895,#5896));
#1285=EDGE_LOOP('',(#5897,#5898,#5899,#5900));
#1286=EDGE_LOOP('',(#5901,#5902,#5903,#5904));
#1287=EDGE_LOOP('',(#5905,#5906,#5907,#5908));
#1288=EDGE_LOOP('',(#5909,#5910,#5911,#5912));
#1289=EDGE_LOOP('',(#5913,#5914,#5915,#5916));
#1290=EDGE_LOOP('',(#5917,#5918,#5919,#5920));
#1291=EDGE_LOOP('',(#5921,#5922,#5923,#5924));
#1292=EDGE_LOOP('',(#5925,#5926,#5927,#5928));
#1293=EDGE_LOOP('',(#5929,#5930,#5931,#5932));
#1294=EDGE_LOOP('',(#5933));
#1295=EDGE_LOOP('',(#5934,#5935,#5936,#5937));
#1296=EDGE_LOOP('',(#5938,#5939,#5940,#5941));
#1297=EDGE_LOOP('',(#5942,#5943,#5944,#5945));
#1298=EDGE_LOOP('',(#5946,#5947,#5948,#5949));
#1299=EDGE_LOOP('',(#5950,#5951,#5952,#5953));
#1300=EDGE_LOOP('',(#5954,#5955,#5956,#5957));
#1301=EDGE_LOOP('',(#5958,#5959,#5960,#5961));
#1302=EDGE_LOOP('',(#5962,#5963,#5964,#5965));
#1303=EDGE_LOOP('',(#5966,#5967,#5968,#5969));
#1304=EDGE_LOOP('',(#5970,#5971,#5972,#5973));
#1305=EDGE_LOOP('',(#5974,#5975,#5976,#5977));
#1306=EDGE_LOOP('',(#5978,#5979,#5980,#5981));
#1307=EDGE_LOOP('',(#5982,#5983,#5984,#5985));
#1308=EDGE_LOOP('',(#5986,#5987,#5988,#5989));
#1309=EDGE_LOOP('',(#5990,#5991,#5992,#5993));
#1310=EDGE_LOOP('',(#5994,#5995,#5996,#5997));
#1311=EDGE_LOOP('',(#5998,#5999,#6000,#6001));
#1312=EDGE_LOOP('',(#6002,#6003,#6004,#6005));
#1313=EDGE_LOOP('',(#6006,#6007,#6008,#6009));
#1314=EDGE_LOOP('',(#6010,#6011,#6012,#6013,#6014,#6015,#6016,#6017,#6018,
#6019));
#1315=EDGE_LOOP('',(#6020,#6021,#6022,#6023));
#1316=EDGE_LOOP('',(#6024,#6025,#6026));
#1317=EDGE_LOOP('',(#6027,#6028,#6029));
#1318=EDGE_LOOP('',(#6030,#6031,#6032));
#1319=EDGE_LOOP('',(#6033,#6034,#6035));
#1320=EDGE_LOOP('',(#6036,#6037,#6038,#6039));
#1321=EDGE_LOOP('',(#6040,#6041,#6042,#6043));
#1322=EDGE_LOOP('',(#6044,#6045,#6046,#6047));
#1323=EDGE_LOOP('',(#6048,#6049,#6050,#6051));
#1324=EDGE_LOOP('',(#6052,#6053,#6054,#6055));
#1325=EDGE_LOOP('',(#6056,#6057,#6058,#6059));
#1326=EDGE_LOOP('',(#6060,#6061,#6062,#6063));
#1327=EDGE_LOOP('',(#6064,#6065,#6066,#6067));
#1328=EDGE_LOOP('',(#6068,#6069,#6070,#6071));
#1329=EDGE_LOOP('',(#6072,#6073,#6074,#6075));
#1330=EDGE_LOOP('',(#6076,#6077,#6078,#6079,#6080,#6081,#6082,#6083,#6084,
#6085,#6086,#6087,#6088,#6089,#6090,#6091));
#1331=EDGE_LOOP('',(#6092,#6093,#6094,#6095));
#1332=EDGE_LOOP('',(#6096,#6097,#6098,#6099));
#1333=EDGE_LOOP('',(#6100,#6101,#6102,#6103));
#1334=EDGE_LOOP('',(#6104,#6105,#6106,#6107));
#1335=EDGE_LOOP('',(#6108,#6109,#6110,#6111));
#1336=EDGE_LOOP('',(#6112,#6113,#6114,#6115));
#1337=EDGE_LOOP('',(#6116,#6117,#6118,#6119));
#1338=EDGE_LOOP('',(#6120,#6121,#6122,#6123));
#1339=EDGE_LOOP('',(#6124,#6125,#6126,#6127,#6128,#6129,#6130,#6131,#6132,
#6133,#6134,#6135,#6136,#6137,#6138,#6139));
#1340=EDGE_LOOP('',(#6140,#6141,#6142,#6143));
#1341=EDGE_LOOP('',(#6144,#6145,#6146,#6147));
#1342=EDGE_LOOP('',(#6148,#6149,#6150,#6151));
#1343=EDGE_LOOP('',(#6152,#6153,#6154,#6155));
#1344=EDGE_LOOP('',(#6156,#6157,#6158,#6159));
#1345=EDGE_LOOP('',(#6160,#6161,#6162,#6163));
#1346=EDGE_LOOP('',(#6164,#6165,#6166,#6167));
#1347=EDGE_LOOP('',(#6168,#6169,#6170,#6171));
#1348=EDGE_LOOP('',(#6172,#6173,#6174,#6175,#6176,#6177,#6178,#6179,#6180,
#6181,#6182,#6183,#6184,#6185,#6186,#6187,#6188,#6189,#6190,#6191,#6192,
#6193,#6194,#6195));
#1349=EDGE_LOOP('',(#6196,#6197,#6198,#6199));
#1350=EDGE_LOOP('',(#6200,#6201,#6202,#6203));
#1351=EDGE_LOOP('',(#6204,#6205,#6206,#6207));
#1352=EDGE_LOOP('',(#6208,#6209,#6210,#6211));
#1353=EDGE_LOOP('',(#6212,#6213,#6214,#6215));
#1354=EDGE_LOOP('',(#6216,#6217,#6218,#6219));
#1355=EDGE_LOOP('',(#6220,#6221,#6222,#6223));
#1356=EDGE_LOOP('',(#6224,#6225,#6226,#6227,#6228,#6229,#6230,#6231,#6232,
#6233,#6234,#6235,#6236,#6237,#6238,#6239,#6240,#6241,#6242,#6243,#6244,
#6245,#6246,#6247));
#1357=EDGE_LOOP('',(#6248,#6249,#6250,#6251));
#1358=EDGE_LOOP('',(#6252,#6253,#6254,#6255));
#1359=EDGE_LOOP('',(#6256,#6257,#6258));
#1360=EDGE_LOOP('',(#6259,#6260,#6261));
#1361=EDGE_LOOP('',(#6262,#6263,#6264));
#1362=EDGE_LOOP('',(#6265,#6266,#6267,#6268));
#1363=EDGE_LOOP('',(#6269,#6270,#6271,#6272));
#1364=EDGE_LOOP('',(#6273,#6274,#6275,#6276,#6277,#6278));
#1365=EDGE_LOOP('',(#6279,#6280,#6281,#6282));
#1366=EDGE_LOOP('',(#6283,#6284,#6285,#6286));
#1367=EDGE_LOOP('',(#6287,#6288,#6289,#6290));
#1368=EDGE_LOOP('',(#6291,#6292,#6293,#6294));
#1369=EDGE_LOOP('',(#6295,#6296,#6297,#6298));
#1370=EDGE_LOOP('',(#6299,#6300,#6301,#6302));
#1371=EDGE_LOOP('',(#6303,#6304,#6305,#6306));
#1372=EDGE_LOOP('',(#6307,#6308,#6309,#6310));
#1373=EDGE_LOOP('',(#6311,#6312,#6313,#6314));
#1374=EDGE_LOOP('',(#6315,#6316,#6317,#6318));
#1375=EDGE_LOOP('',(#6319,#6320,#6321,#6322));
#1376=EDGE_LOOP('',(#6323,#6324,#6325,#6326));
#1377=EDGE_LOOP('',(#6327,#6328,#6329,#6330));
#1378=EDGE_LOOP('',(#6331,#6332,#6333,#6334));
#1379=EDGE_LOOP('',(#6335,#6336,#6337,#6338,#6339,#6340));
#1380=EDGE_LOOP('',(#6341,#6342,#6343,#6344,#6345));
#1381=EDGE_LOOP('',(#6346,#6347,#6348,#6349,#6350));
#1382=EDGE_LOOP('',(#6351,#6352,#6353,#6354));
#1383=EDGE_LOOP('',(#6355,#6356,#6357,#6358));
#1384=EDGE_LOOP('',(#6359,#6360,#6361,#6362));
#1385=EDGE_LOOP('',(#6363,#6364,#6365,#6366));
#1386=EDGE_LOOP('',(#6367,#6368,#6369,#6370,#6371,#6372,#6373,#6374,#6375,
#6376,#6377,#6378,#6379,#6380,#6381));
#1387=EDGE_LOOP('',(#6382,#6383,#6384,#6385));
#1388=EDGE_LOOP('',(#6386,#6387,#6388,#6389));
#1389=EDGE_LOOP('',(#6390,#6391,#6392,#6393,#6394,#6395));
#1390=EDGE_LOOP('',(#6396,#6397,#6398,#6399,#6400,#6401));
#1391=EDGE_LOOP('',(#6402,#6403,#6404,#6405,#6406,#6407));
#1392=EDGE_LOOP('',(#6408,#6409,#6410,#6411));
#1393=EDGE_LOOP('',(#6412,#6413,#6414,#6415));
#1394=EDGE_LOOP('',(#6416,#6417,#6418,#6419));
#1395=EDGE_LOOP('',(#6420,#6421,#6422,#6423));
#1396=EDGE_LOOP('',(#6424,#6425,#6426,#6427));
#1397=EDGE_LOOP('',(#6428,#6429,#6430,#6431));
#1398=EDGE_LOOP('',(#6432,#6433,#6434,#6435));
#1399=EDGE_LOOP('',(#6436,#6437,#6438,#6439));
#1400=EDGE_LOOP('',(#6440,#6441,#6442,#6443));
#1401=EDGE_LOOP('',(#6444,#6445,#6446,#6447));
#1402=EDGE_LOOP('',(#6448,#6449,#6450,#6451));
#1403=EDGE_LOOP('',(#6452,#6453,#6454,#6455));
#1404=EDGE_LOOP('',(#6456,#6457,#6458,#6459));
#1405=EDGE_LOOP('',(#6460,#6461,#6462,#6463));
#1406=EDGE_LOOP('',(#6464,#6465,#6466,#6467));
#1407=EDGE_LOOP('',(#6468,#6469,#6470,#6471));
#1408=EDGE_LOOP('',(#6472,#6473,#6474,#6475));
#1409=EDGE_LOOP('',(#6476,#6477,#6478,#6479));
#1410=EDGE_LOOP('',(#6480,#6481,#6482,#6483));
#1411=EDGE_LOOP('',(#6484,#6485,#6486,#6487));
#1412=EDGE_LOOP('',(#6488,#6489,#6490,#6491));
#1413=EDGE_LOOP('',(#6492,#6493,#6494,#6495));
#1414=EDGE_LOOP('',(#6496,#6497,#6498,#6499));
#1415=EDGE_LOOP('',(#6500,#6501,#6502,#6503));
#1416=EDGE_LOOP('',(#6504,#6505,#6506,#6507));
#1417=EDGE_LOOP('',(#6508,#6509,#6510));
#1418=EDGE_LOOP('',(#6511,#6512,#6513));
#1419=EDGE_LOOP('',(#6514,#6515,#6516));
#1420=EDGE_LOOP('',(#6517,#6518,#6519));
#1421=EDGE_LOOP('',(#6520,#6521,#6522,#6523));
#1422=EDGE_LOOP('',(#6524,#6525,#6526,#6527));
#1423=EDGE_LOOP('',(#6528,#6529,#6530,#6531));
#1424=EDGE_LOOP('',(#6532,#6533,#6534,#6535));
#1425=EDGE_LOOP('',(#6536,#6537,#6538,#6539));
#1426=EDGE_LOOP('',(#6540,#6541,#6542,#6543));
#1427=EDGE_LOOP('',(#6544,#6545,#6546,#6547));
#1428=EDGE_LOOP('',(#6548,#6549,#6550,#6551));
#1429=EDGE_LOOP('',(#6552,#6553,#6554,#6555));
#1430=EDGE_LOOP('',(#6556,#6557,#6558,#6559));
#1431=EDGE_LOOP('',(#6560));
#1432=EDGE_LOOP('',(#6561,#6562,#6563,#6564));
#1433=EDGE_LOOP('',(#6565,#6566,#6567,#6568));
#1434=EDGE_LOOP('',(#6569,#6570,#6571,#6572));
#1435=EDGE_LOOP('',(#6573,#6574,#6575,#6576,#6577,#6578,#6579,#6580,#6581,
#6582,#6583,#6584,#6585,#6586,#6587,#6588,#6589,#6590,#6591,#6592,#6593,
#6594,#6595));
#1436=EDGE_LOOP('',(#6596,#6597,#6598,#6599,#6600,#6601,#6602,#6603,#6604,
#6605,#6606,#6607,#6608,#6609,#6610,#6611,#6612,#6613,#6614,#6615,#6616,
#6617,#6618,#6619));
#1437=EDGE_LOOP('',(#6620,#6621,#6622,#6623));
#1438=EDGE_LOOP('',(#6624,#6625,#6626,#6627,#6628,#6629,#6630,#6631,#6632,
#6633,#6634,#6635,#6636,#6637,#6638,#6639));
#1439=EDGE_LOOP('',(#6640,#6641,#6642,#6643,#6644,#6645,#6646,#6647,#6648,
#6649,#6650,#6651,#6652));
#1440=EDGE_LOOP('',(#6653,#6654,#6655,#6656,#6657,#6658,#6659,#6660,#6661,
#6662,#6663,#6664,#6665,#6666,#6667,#6668,#6669,#6670,#6671,#6672,#6673));
#1441=EDGE_LOOP('',(#6674,#6675,#6676,#6677,#6678,#6679,#6680,#6681,#6682,
#6683,#6684,#6685));
#1442=EDGE_LOOP('',(#6686,#6687,#6688,#6689,#6690,#6691,#6692,#6693,#6694,
#6695,#6696,#6697,#6698,#6699,#6700,#6701,#6702,#6703,#6704,#6705,#6706,
#6707,#6708,#6709));
#1443=EDGE_LOOP('',(#6710,#6711,#6712,#6713));
#1444=EDGE_LOOP('',(#6714,#6715,#6716,#6717));
#1445=EDGE_LOOP('',(#6718,#6719,#6720,#6721));
#1446=EDGE_LOOP('',(#6722,#6723,#6724,#6725));
#1447=EDGE_LOOP('',(#6726,#6727,#6728,#6729));
#1448=EDGE_LOOP('',(#6730,#6731,#6732,#6733));
#1449=EDGE_LOOP('',(#6734,#6735,#6736,#6737));
#1450=EDGE_LOOP('',(#6738,#6739,#6740,#6741));
#1451=EDGE_LOOP('',(#6742,#6743,#6744,#6745));
#1452=EDGE_LOOP('',(#6746,#6747,#6748,#6749));
#1453=EDGE_LOOP('',(#6750,#6751,#6752,#6753));
#1454=EDGE_LOOP('',(#6754,#6755,#6756,#6757));
#1455=EDGE_LOOP('',(#6758,#6759,#6760,#6761));
#1456=EDGE_LOOP('',(#6762,#6763,#6764,#6765));
#1457=EDGE_LOOP('',(#6766,#6767,#6768,#6769));
#1458=EDGE_LOOP('',(#6770,#6771,#6772,#6773));
#1459=EDGE_LOOP('',(#6774,#6775,#6776,#6777));
#1460=EDGE_LOOP('',(#6778,#6779,#6780,#6781));
#1461=EDGE_LOOP('',(#6782,#6783,#6784,#6785));
#1462=EDGE_LOOP('',(#6786,#6787,#6788,#6789));
#1463=EDGE_LOOP('',(#6790,#6791,#6792,#6793));
#1464=EDGE_LOOP('',(#6794,#6795,#6796,#6797));
#1465=EDGE_LOOP('',(#6798,#6799,#6800,#6801));
#1466=EDGE_LOOP('',(#6802,#6803,#6804,#6805));
#1467=EDGE_LOOP('',(#6806,#6807,#6808,#6809));
#1468=EDGE_LOOP('',(#6810,#6811,#6812,#6813));
#1469=EDGE_LOOP('',(#6814,#6815,#6816,#6817));
#1470=EDGE_LOOP('',(#6818,#6819,#6820,#6821));
#1471=EDGE_LOOP('',(#6822,#6823,#6824,#6825));
#1472=EDGE_LOOP('',(#6826,#6827,#6828,#6829));
#1473=EDGE_LOOP('',(#6830,#6831,#6832,#6833));
#1474=EDGE_LOOP('',(#6834,#6835,#6836,#6837));
#1475=EDGE_LOOP('',(#6838,#6839,#6840,#6841));
#1476=EDGE_LOOP('',(#6842,#6843,#6844,#6845));
#1477=EDGE_LOOP('',(#6846,#6847,#6848,#6849));
#1478=EDGE_LOOP('',(#6850,#6851,#6852,#6853));
#1479=EDGE_LOOP('',(#6854,#6855,#6856,#6857));
#1480=EDGE_LOOP('',(#6858,#6859,#6860,#6861));
#1481=EDGE_LOOP('',(#6862,#6863,#6864,#6865));
#1482=EDGE_LOOP('',(#6866,#6867,#6868,#6869));
#1483=EDGE_LOOP('',(#6870,#6871,#6872,#6873));
#1484=EDGE_LOOP('',(#6874,#6875,#6876,#6877));
#1485=EDGE_LOOP('',(#6878,#6879,#6880,#6881));
#1486=EDGE_LOOP('',(#6882,#6883,#6884,#6885));
#1487=EDGE_LOOP('',(#6886,#6887,#6888,#6889));
#1488=EDGE_LOOP('',(#6890,#6891,#6892,#6893));
#1489=EDGE_LOOP('',(#6894,#6895,#6896,#6897));
#1490=EDGE_LOOP('',(#6898,#6899,#6900,#6901));
#1491=EDGE_LOOP('',(#6902,#6903,#6904,#6905));
#1492=EDGE_LOOP('',(#6906,#6907,#6908,#6909));
#1493=EDGE_LOOP('',(#6910,#6911,#6912,#6913));
#1494=EDGE_LOOP('',(#6914,#6915,#6916,#6917));
#1495=EDGE_LOOP('',(#6918,#6919,#6920,#6921));
#1496=EDGE_LOOP('',(#6922,#6923,#6924,#6925));
#1497=EDGE_LOOP('',(#6926,#6927,#6928,#6929));
#1498=EDGE_LOOP('',(#6930,#6931,#6932,#6933));
#1499=EDGE_LOOP('',(#6934,#6935,#6936,#6937));
#1500=EDGE_LOOP('',(#6938,#6939,#6940,#6941));
#1501=EDGE_LOOP('',(#6942,#6943,#6944,#6945));
#1502=EDGE_LOOP('',(#6946,#6947,#6948,#6949));
#1503=EDGE_LOOP('',(#6950,#6951,#6952,#6953));
#1504=EDGE_LOOP('',(#6954,#6955,#6956,#6957));
#1505=EDGE_LOOP('',(#6958,#6959,#6960,#6961));
#1506=EDGE_LOOP('',(#6962,#6963,#6964,#6965));
#1507=EDGE_LOOP('',(#6966,#6967,#6968,#6969));
#1508=EDGE_LOOP('',(#6970,#6971,#6972,#6973));
#1509=EDGE_LOOP('',(#6974,#6975,#6976,#6977));
#1510=EDGE_LOOP('',(#6978,#6979,#6980,#6981));
#1511=EDGE_LOOP('',(#6982,#6983,#6984,#6985));
#1512=EDGE_LOOP('',(#6986,#6987,#6988,#6989));
#1513=EDGE_LOOP('',(#6990,#6991,#6992,#6993));
#1514=EDGE_LOOP('',(#6994,#6995,#6996,#6997));
#1515=EDGE_LOOP('',(#6998,#6999,#7000,#7001));
#1516=EDGE_LOOP('',(#7002,#7003,#7004,#7005));
#1517=EDGE_LOOP('',(#7006,#7007,#7008,#7009));
#1518=EDGE_LOOP('',(#7010,#7011,#7012,#7013));
#1519=EDGE_LOOP('',(#7014,#7015,#7016,#7017,#7018,#7019,#7020,#7021,#7022));
#1520=EDGE_LOOP('',(#7023,#7024,#7025,#7026,#7027,#7028,#7029,#7030));
#1521=EDGE_LOOP('',(#7031,#7032,#7033,#7034,#7035));
#1522=EDGE_LOOP('',(#7036,#7037,#7038,#7039));
#1523=EDGE_LOOP('',(#7040,#7041,#7042,#7043));
#1524=EDGE_LOOP('',(#7044,#7045,#7046,#7047));
#1525=EDGE_LOOP('',(#7048,#7049,#7050,#7051));
#1526=EDGE_LOOP('',(#7052,#7053,#7054,#7055,#7056,#7057));
#1527=EDGE_LOOP('',(#7058,#7059,#7060,#7061,#7062,#7063));
#1528=EDGE_LOOP('',(#7064,#7065,#7066));
#1529=EDGE_LOOP('',(#7067,#7068,#7069,#7070,#7071));
#1530=LINE('',#9817,#2326);
#1531=LINE('',#9819,#2327);
#1532=LINE('',#9821,#2328);
#1533=LINE('',#9822,#2329);
#1534=LINE('',#9873,#2330);
#1535=LINE('',#9876,#2331);
#1536=LINE('',#9883,#2332);
#1537=LINE('',#9886,#2333);
#1538=LINE('',#9939,#2334);
#1539=LINE('',#9942,#2335);
#1540=LINE('',#9945,#2336);
#1541=LINE('',#9946,#2337);
#1542=LINE('',#9949,#2338);
#1543=LINE('',#9952,#2339);
#1544=LINE('',#9955,#2340);
#1545=LINE('',#9956,#2341);
#1546=LINE('',#9959,#2342);
#1547=LINE('',#9961,#2343);
#1548=LINE('',#9962,#2344);
#1549=LINE('',#9965,#2345);
#1550=LINE('',#9966,#2346);
#1551=LINE('',#9969,#2347);
#1552=LINE('',#9970,#2348);
#1553=LINE('',#9972,#2349);
#1554=LINE('',#10021,#2350);
#1555=LINE('',#10026,#2351);
#1556=LINE('',#10079,#2352);
#1557=LINE('',#10081,#2353);
#1558=LINE('',#10083,#2354);
#1559=LINE('',#10085,#2355);
#1560=LINE('',#10087,#2356);
#1561=LINE('',#10089,#2357);
#1562=LINE('',#10091,#2358);
#1563=LINE('',#10093,#2359);
#1564=LINE('',#10095,#2360);
#1565=LINE('',#10097,#2361);
#1566=LINE('',#10099,#2362);
#1567=LINE('',#10101,#2363);
#1568=LINE('',#10103,#2364);
#1569=LINE('',#10105,#2365);
#1570=LINE('',#10107,#2366);
#1571=LINE('',#10109,#2367);
#1572=LINE('',#10111,#2368);
#1573=LINE('',#10113,#2369);
#1574=LINE('',#10115,#2370);
#1575=LINE('',#10117,#2371);
#1576=LINE('',#10119,#2372);
#1577=LINE('',#10121,#2373);
#1578=LINE('',#10123,#2374);
#1579=LINE('',#10125,#2375);
#1580=LINE('',#10128,#2376);
#1581=LINE('',#10130,#2377);
#1582=LINE('',#10133,#2378);
#1583=LINE('',#10135,#2379);
#1584=LINE('',#10137,#2380);
#1585=LINE('',#10139,#2381);
#1586=LINE('',#10141,#2382);
#1587=LINE('',#10143,#2383);
#1588=LINE('',#10145,#2384);
#1589=LINE('',#10147,#2385);
#1590=LINE('',#10149,#2386);
#1591=LINE('',#10151,#2387);
#1592=LINE('',#10153,#2388);
#1593=LINE('',#10155,#2389);
#1594=LINE('',#10157,#2390);
#1595=LINE('',#10159,#2391);
#1596=LINE('',#10161,#2392);
#1597=LINE('',#10163,#2393);
#1598=LINE('',#10165,#2394);
#1599=LINE('',#10167,#2395);
#1600=LINE('',#10169,#2396);
#1601=LINE('',#10171,#2397);
#1602=LINE('',#10173,#2398);
#1603=LINE('',#10175,#2399);
#1604=LINE('',#10177,#2400);
#1605=LINE('',#10179,#2401);
#1606=LINE('',#10181,#2402);
#1607=LINE('',#10185,#2403);
#1608=LINE('',#10187,#2404);
#1609=LINE('',#10189,#2405);
#1610=LINE('',#10190,#2406);
#1611=LINE('',#10194,#2407);
#1612=LINE('',#10196,#2408);
#1613=LINE('',#10198,#2409);
#1614=LINE('',#10199,#2410);
#1615=LINE('',#10202,#2411);
#1616=LINE('',#10204,#2412);
#1617=LINE('',#10205,#2413);
#1618=LINE('',#10208,#2414);
#1619=LINE('',#10210,#2415);
#1620=LINE('',#10211,#2416);
#1621=LINE('',#10215,#2417);
#1622=LINE('',#10217,#2418);
#1623=LINE('',#10218,#2419);
#1624=LINE('',#10220,#2420);
#1625=LINE('',#10221,#2421);
#1626=LINE('',#10224,#2422);
#1627=LINE('',#10226,#2423);
#1628=LINE('',#10227,#2424);
#1629=LINE('',#10231,#2425);
#1630=LINE('',#10233,#2426);
#1631=LINE('',#10234,#2427);
#1632=LINE('',#10236,#2428);
#1633=LINE('',#10237,#2429);
#1634=LINE('',#10240,#2430);
#1635=LINE('',#10242,#2431);
#1636=LINE('',#10243,#2432);
#1637=LINE('',#10246,#2433);
#1638=LINE('',#10248,#2434);
#1639=LINE('',#10249,#2435);
#1640=LINE('',#10252,#2436);
#1641=LINE('',#10254,#2437);
#1642=LINE('',#10255,#2438);
#1643=LINE('',#10257,#2439);
#1644=LINE('',#10258,#2440);
#1645=LINE('',#10260,#2441);
#1646=LINE('',#10261,#2442);
#1647=LINE('',#10263,#2443);
#1648=LINE('',#10264,#2444);
#1649=LINE('',#10267,#2445);
#1650=LINE('',#10269,#2446);
#1651=LINE('',#10270,#2447);
#1652=LINE('',#10273,#2448);
#1653=LINE('',#10275,#2449);
#1654=LINE('',#10276,#2450);
#1655=LINE('',#10279,#2451);
#1656=LINE('',#10280,#2452);
#1657=LINE('',#10283,#2453);
#1658=LINE('',#10284,#2454);
#1659=LINE('',#10287,#2455);
#1660=LINE('',#10289,#2456);
#1661=LINE('',#10291,#2457);
#1662=LINE('',#10292,#2458);
#1663=LINE('',#10295,#2459);
#1664=LINE('',#10297,#2460);
#1665=LINE('',#10299,#2461);
#1666=LINE('',#10300,#2462);
#1667=LINE('',#10303,#2463);
#1668=LINE('',#10305,#2464);
#1669=LINE('',#10307,#2465);
#1670=LINE('',#10308,#2466);
#1671=LINE('',#10311,#2467);
#1672=LINE('',#10313,#2468);
#1673=LINE('',#10314,#2469);
#1674=LINE('',#10318,#2470);
#1675=LINE('',#10320,#2471);
#1676=LINE('',#10322,#2472);
#1677=LINE('',#10323,#2473);
#1678=LINE('',#10326,#2474);
#1679=LINE('',#10328,#2475);
#1680=LINE('',#10330,#2476);
#1681=LINE('',#10331,#2477);
#1682=LINE('',#10334,#2478);
#1683=LINE('',#10336,#2479);
#1684=LINE('',#10337,#2480);
#1685=LINE('',#10340,#2481);
#1686=LINE('',#10342,#2482);
#1687=LINE('',#10344,#2483);
#1688=LINE('',#10345,#2484);
#1689=LINE('',#10348,#2485);
#1690=LINE('',#10349,#2486);
#1691=LINE('',#10352,#2487);
#1692=LINE('',#10353,#2488);
#1693=LINE('',#10355,#2489);
#1694=LINE('',#10358,#2490);
#1695=LINE('',#10360,#2491);
#1696=LINE('',#10361,#2492);
#1697=LINE('',#10364,#2493);
#1698=LINE('',#10366,#2494);
#1699=LINE('',#10367,#2495);
#1700=LINE('',#10371,#2496);
#1701=LINE('',#10373,#2497);
#1702=LINE('',#10375,#2498);
#1703=LINE('',#10376,#2499);
#1704=LINE('',#10379,#2500);
#1705=LINE('',#10381,#2501);
#1706=LINE('',#10383,#2502);
#1707=LINE('',#10384,#2503);
#1708=LINE('',#10387,#2504);
#1709=LINE('',#10389,#2505);
#1710=LINE('',#10390,#2506);
#1711=LINE('',#10393,#2507);
#1712=LINE('',#10394,#2508);
#1713=LINE('',#10398,#2509);
#1714=LINE('',#10400,#2510);
#1715=LINE('',#10402,#2511);
#1716=LINE('',#10403,#2512);
#1717=LINE('',#10406,#2513);
#1718=LINE('',#10408,#2514);
#1719=LINE('',#10409,#2515);
#1720=LINE('',#10412,#2516);
#1721=LINE('',#10413,#2517);
#1722=LINE('',#10457,#2518);
#1723=LINE('',#10459,#2519);
#1724=LINE('',#10461,#2520);
#1725=LINE('',#10495,#2521);
#1726=LINE('',#10512,#2522);
#1727=LINE('',#10515,#2523);
#1728=LINE('',#10517,#2524);
#1729=LINE('',#10518,#2525);
#1730=LINE('',#10521,#2526);
#1731=LINE('',#10523,#2527);
#1732=LINE('',#10524,#2528);
#1733=LINE('',#10527,#2529);
#1734=LINE('',#10528,#2530);
#1735=LINE('',#10540,#2531);
#1736=LINE('',#10547,#2532);
#1737=LINE('',#10550,#2533);
#1738=LINE('',#10551,#2534);
#1739=LINE('',#10554,#2535);
#1740=LINE('',#10555,#2536);
#1741=LINE('',#10558,#2537);
#1742=LINE('',#10559,#2538);
#1743=LINE('',#10571,#2539);
#1744=LINE('',#10588,#2540);
#1745=LINE('',#10605,#2541);
#1746=LINE('',#10622,#2542);
#1747=LINE('',#10663,#2543);
#1748=LINE('',#10665,#2544);
#1749=LINE('',#10667,#2545);
#1750=LINE('',#10701,#2546);
#1751=LINE('',#10703,#2547);
#1752=LINE('',#10705,#2548);
#1753=LINE('',#10707,#2549);
#1754=LINE('',#10709,#2550);
#1755=LINE('',#10711,#2551);
#1756=LINE('',#10745,#2552);
#1757=LINE('',#10747,#2553);
#1758=LINE('',#10748,#2554);
#1759=LINE('',#10751,#2555);
#1760=LINE('',#10753,#2556);
#1761=LINE('',#10754,#2557);
#1762=LINE('',#10757,#2558);
#1763=LINE('',#10758,#2559);
#1764=LINE('',#10770,#2560);
#1765=LINE('',#10787,#2561);
#1766=LINE('',#10804,#2562);
#1767=LINE('',#10821,#2563);
#1768=LINE('',#10829,#2564);
#1769=LINE('',#10830,#2565);
#1770=LINE('',#10833,#2566);
#1771=LINE('',#10834,#2567);
#1772=LINE('',#10837,#2568);
#1773=LINE('',#10838,#2569);
#1774=LINE('',#10850,#2570);
#1775=LINE('',#10867,#2571);
#1776=LINE('',#10884,#2572);
#1777=LINE('',#10925,#2573);
#1778=LINE('',#10943,#2574);
#1779=LINE('',#10977,#2575);
#1780=LINE('',#10979,#2576);
#1781=LINE('',#10981,#2577);
#1782=LINE('',#10983,#2578);
#1783=LINE('',#11017,#2579);
#1784=LINE('',#11019,#2580);
#1785=LINE('',#11020,#2581);
#1786=LINE('',#11023,#2582);
#1787=LINE('',#11025,#2583);
#1788=LINE('',#11026,#2584);
#1789=LINE('',#11038,#2585);
#1790=LINE('',#11055,#2586);
#1791=LINE('',#11072,#2587);
#1792=LINE('',#11089,#2588);
#1793=LINE('',#11097,#2589);
#1794=LINE('',#11098,#2590);
#1795=LINE('',#11110,#2591);
#1796=LINE('',#11127,#2592);
#1797=LINE('',#11135,#2593);
#1798=LINE('',#11136,#2594);
#1799=LINE('',#11148,#2595);
#1800=LINE('',#11165,#2596);
#1801=LINE('',#11182,#2597);
#1802=LINE('',#11191,#2598);
#1803=LINE('',#11225,#2599);
#1804=LINE('',#11227,#2600);
#1805=LINE('',#11261,#2601);
#1806=LINE('',#11263,#2602);
#1807=LINE('',#11297,#2603);
#1808=LINE('',#11299,#2604);
#1809=LINE('',#11332,#2605);
#1810=LINE('',#11335,#2606);
#1811=LINE('',#11337,#2607);
#1812=LINE('',#11338,#2608);
#1813=LINE('',#11341,#2609);
#1814=LINE('',#11342,#2610);
#1815=LINE('',#11354,#2611);
#1816=LINE('',#11371,#2612);
#1817=LINE('',#11388,#2613);
#1818=LINE('',#11405,#2614);
#1819=LINE('',#11413,#2615);
#1820=LINE('',#11414,#2616);
#1821=LINE('',#11417,#2617);
#1822=LINE('',#11418,#2618);
#1823=LINE('',#11430,#2619);
#1824=LINE('',#11447,#2620);
#1825=LINE('',#11464,#2621);
#1826=LINE('',#11481,#2622);
#1827=LINE('',#11506,#2623);
#1828=LINE('',#11524,#2624);
#1829=LINE('',#11542,#2625);
#1830=LINE('',#11559,#2626);
#1831=LINE('',#11571,#2627);
#1832=LINE('',#11578,#2628);
#1833=LINE('',#11581,#2629);
#1834=LINE('',#11582,#2630);
#1835=LINE('',#11594,#2631);
#1836=LINE('',#11611,#2632);
#1837=LINE('',#11619,#2633);
#1838=LINE('',#11620,#2634);
#1839=LINE('',#11632,#2635);
#1840=LINE('',#11673,#2636);
#1841=LINE('',#11675,#2637);
#1842=LINE('',#11693,#2638);
#1843=LINE('',#11711,#2639);
#1844=LINE('',#11712,#2640);
#1845=LINE('',#11715,#2641);
#1846=LINE('',#11717,#2642);
#1847=LINE('',#11735,#2643);
#1848=LINE('',#11752,#2644);
#1849=LINE('',#11755,#2645);
#1850=LINE('',#11757,#2646);
#1851=LINE('',#11758,#2647);
#1852=LINE('',#11770,#2648);
#1853=LINE('',#11787,#2649);
#1854=LINE('',#11795,#2650);
#1855=LINE('',#11796,#2651);
#1856=LINE('',#11808,#2652);
#1857=LINE('',#11815,#2653);
#1858=LINE('',#11827,#2654);
#1859=LINE('',#11835,#2655);
#1860=LINE('',#11836,#2656);
#1861=LINE('',#11839,#2657);
#1862=LINE('',#11840,#2658);
#1863=LINE('',#11852,#2659);
#1864=LINE('',#11869,#2660);
#1865=LINE('',#11886,#2661);
#1866=LINE('',#11927,#2662);
#1867=LINE('',#11929,#2663);
#1868=LINE('',#11931,#2664);
#1869=LINE('',#11965,#2665);
#1870=LINE('',#11983,#2666);
#1871=LINE('',#12001,#2667);
#1872=LINE('',#12018,#2668);
#1873=LINE('',#12021,#2669);
#1874=LINE('',#12031,#2670);
#1875=LINE('',#12049,#2671);
#1876=LINE('',#12059,#2672);
#1877=LINE('',#12060,#2673);
#1878=LINE('',#12063,#2674);
#1879=LINE('',#12065,#2675);
#1880=LINE('',#12066,#2676);
#1881=LINE('',#12078,#2677);
#1882=LINE('',#12095,#2678);
#1883=LINE('',#12103,#2679);
#1884=LINE('',#12104,#2680);
#1885=LINE('',#12116,#2681);
#1886=LINE('',#12124,#2682);
#1887=LINE('',#12126,#2683);
#1888=LINE('',#12127,#2684);
#1889=LINE('',#12139,#2685);
#1890=LINE('',#12156,#2686);
#1891=LINE('',#12173,#2687);
#1892=LINE('',#12190,#2688);
#1893=LINE('',#12198,#2689);
#1894=LINE('',#12199,#2690);
#1895=LINE('',#12202,#2691);
#1896=LINE('',#12203,#2692);
#1897=LINE('',#12206,#2693);
#1898=LINE('',#12207,#2694);
#1899=LINE('',#12219,#2695);
#1900=LINE('',#12236,#2696);
#1901=LINE('',#12253,#2697);
#1902=LINE('',#12262,#2698);
#1903=LINE('',#12264,#2699);
#1904=LINE('',#12266,#2700);
#1905=LINE('',#12267,#2701);
#1906=LINE('',#12270,#2702);
#1907=LINE('',#12272,#2703);
#1908=LINE('',#12273,#2704);
#1909=LINE('',#12276,#2705);
#1910=LINE('',#12278,#2706);
#1911=LINE('',#12279,#2707);
#1912=LINE('',#12281,#2708);
#1913=LINE('',#12282,#2709);
#1914=LINE('',#12288,#2710);
#1915=LINE('',#12294,#2711);
#1916=LINE('',#12296,#2712);
#1917=LINE('',#12298,#2713);
#1918=LINE('',#12299,#2714);
#1919=LINE('',#12302,#2715);
#1920=LINE('',#12304,#2716);
#1921=LINE('',#12305,#2717);
#1922=LINE('',#12308,#2718);
#1923=LINE('',#12310,#2719);
#1924=LINE('',#12311,#2720);
#1925=LINE('',#12313,#2721);
#1926=LINE('',#12314,#2722);
#1927=LINE('',#12319,#2723);
#1928=LINE('',#12321,#2724);
#1929=LINE('',#12323,#2725);
#1930=LINE('',#12324,#2726);
#1931=LINE('',#12327,#2727);
#1932=LINE('',#12329,#2728);
#1933=LINE('',#12330,#2729);
#1934=LINE('',#12333,#2730);
#1935=LINE('',#12335,#2731);
#1936=LINE('',#12336,#2732);
#1937=LINE('',#12338,#2733);
#1938=LINE('',#12339,#2734);
#1939=LINE('',#12344,#2735);
#1940=LINE('',#12346,#2736);
#1941=LINE('',#12348,#2737);
#1942=LINE('',#12349,#2738);
#1943=LINE('',#12352,#2739);
#1944=LINE('',#12354,#2740);
#1945=LINE('',#12355,#2741);
#1946=LINE('',#12358,#2742);
#1947=LINE('',#12360,#2743);
#1948=LINE('',#12361,#2744);
#1949=LINE('',#12363,#2745);
#1950=LINE('',#12364,#2746);
#1951=LINE('',#12369,#2747);
#1952=LINE('',#12371,#2748);
#1953=LINE('',#12373,#2749);
#1954=LINE('',#12374,#2750);
#1955=LINE('',#12377,#2751);
#1956=LINE('',#12379,#2752);
#1957=LINE('',#12380,#2753);
#1958=LINE('',#12382,#2754);
#1959=LINE('',#12383,#2755);
#1960=LINE('',#12386,#2756);
#1961=LINE('',#12388,#2757);
#1962=LINE('',#12389,#2758);
#1963=LINE('',#12392,#2759);
#1964=LINE('',#12394,#2760);
#1965=LINE('',#12396,#2761);
#1966=LINE('',#12398,#2762);
#1967=LINE('',#12400,#2763);
#1968=LINE('',#12402,#2764);
#1969=LINE('',#12404,#2765);
#1970=LINE('',#12405,#2766);
#1971=LINE('',#12409,#2767);
#1972=LINE('',#12411,#2768);
#1973=LINE('',#12413,#2769);
#1974=LINE('',#12414,#2770);
#1975=LINE('',#12417,#2771);
#1976=LINE('',#12419,#2772);
#1977=LINE('',#12420,#2773);
#1978=LINE('',#12423,#2774);
#1979=LINE('',#12425,#2775);
#1980=LINE('',#12426,#2776);
#1981=LINE('',#12429,#2777);
#1982=LINE('',#12431,#2778);
#1983=LINE('',#12432,#2779);
#1984=LINE('',#12435,#2780);
#1985=LINE('',#12437,#2781);
#1986=LINE('',#12438,#2782);
#1987=LINE('',#12441,#2783);
#1988=LINE('',#12442,#2784);
#1989=LINE('',#12445,#2785);
#1990=LINE('',#12447,#2786);
#1991=LINE('',#12448,#2787);
#1992=LINE('',#12451,#2788);
#1993=LINE('',#12452,#2789);
#1994=LINE('',#12454,#2790);
#1995=LINE('',#12457,#2791);
#1996=LINE('',#12459,#2792);
#1997=LINE('',#12460,#2793);
#1998=LINE('',#12463,#2794);
#1999=LINE('',#12464,#2795);
#2000=LINE('',#12467,#2796);
#2001=LINE('',#12469,#2797);
#2002=LINE('',#12470,#2798);
#2003=LINE('',#12473,#2799);
#2004=LINE('',#12474,#2800);
#2005=LINE('',#12478,#2801);
#2006=LINE('',#12480,#2802);
#2007=LINE('',#12482,#2803);
#2008=LINE('',#12483,#2804);
#2009=LINE('',#12486,#2805);
#2010=LINE('',#12488,#2806);
#2011=LINE('',#12490,#2807);
#2012=LINE('',#12492,#2808);
#2013=LINE('',#12494,#2809);
#2014=LINE('',#12496,#2810);
#2015=LINE('',#12498,#2811);
#2016=LINE('',#12499,#2812);
#2017=LINE('',#12500,#2813);
#2018=LINE('',#12502,#2814);
#2019=LINE('',#12504,#2815);
#2020=LINE('',#12506,#2816);
#2021=LINE('',#12508,#2817);
#2022=LINE('',#12510,#2818);
#2023=LINE('',#12511,#2819);
#2024=LINE('',#12513,#2820);
#2025=LINE('',#12514,#2821);
#2026=LINE('',#12517,#2822);
#2027=LINE('',#12519,#2823);
#2028=LINE('',#12520,#2824);
#2029=LINE('',#12523,#2825);
#2030=LINE('',#12524,#2826);
#2031=LINE('',#12528,#2827);
#2032=LINE('',#12529,#2828);
#2033=LINE('',#12530,#2829);
#2034=LINE('',#12533,#2830);
#2035=LINE('',#12534,#2831);
#2036=LINE('',#12537,#2832);
#2037=LINE('',#12538,#2833);
#2038=LINE('',#12540,#2834);
#2039=LINE('',#12543,#2835);
#2040=LINE('',#12545,#2836);
#2041=LINE('',#12546,#2837);
#2042=LINE('',#12549,#2838);
#2043=LINE('',#12551,#2839);
#2044=LINE('',#12553,#2840);
#2045=LINE('',#12555,#2841);
#2046=LINE('',#12557,#2842);
#2047=LINE('',#12559,#2843);
#2048=LINE('',#12561,#2844);
#2049=LINE('',#12562,#2845);
#2050=LINE('',#12564,#2846);
#2051=LINE('',#12566,#2847);
#2052=LINE('',#12567,#2848);
#2053=LINE('',#12568,#2849);
#2054=LINE('',#12570,#2850);
#2055=LINE('',#12571,#2851);
#2056=LINE('',#12573,#2852);
#2057=LINE('',#12574,#2853);
#2058=LINE('',#12576,#2854);
#2059=LINE('',#12579,#2855);
#2060=LINE('',#12580,#2856);
#2061=LINE('',#12582,#2857);
#2062=LINE('',#12587,#2858);
#2063=LINE('',#12588,#2859);
#2064=LINE('',#12589,#2860);
#2065=LINE('',#12591,#2861);
#2066=LINE('',#12594,#2862);
#2067=LINE('',#12596,#2863);
#2068=LINE('',#12598,#2864);
#2069=LINE('',#12599,#2865);
#2070=LINE('',#12600,#2866);
#2071=LINE('',#12602,#2867);
#2072=LINE('',#12603,#2868);
#2073=LINE('',#12605,#2869);
#2074=LINE('',#12607,#2870);
#2075=LINE('',#12609,#2871);
#2076=LINE('',#12611,#2872);
#2077=LINE('',#12613,#2873);
#2078=LINE('',#12615,#2874);
#2079=LINE('',#12617,#2875);
#2080=LINE('',#12619,#2876);
#2081=LINE('',#12621,#2877);
#2082=LINE('',#12623,#2878);
#2083=LINE('',#12625,#2879);
#2084=LINE('',#12626,#2880);
#2085=LINE('',#12629,#2881);
#2086=LINE('',#12630,#2882);
#2087=LINE('',#12633,#2883);
#2088=LINE('',#12634,#2884);
#2089=LINE('',#12636,#2885);
#2090=LINE('',#12639,#2886);
#2091=LINE('',#12640,#2887);
#2092=LINE('',#12643,#2888);
#2093=LINE('',#12644,#2889);
#2094=LINE('',#12646,#2890);
#2095=LINE('',#12649,#2891);
#2096=LINE('',#12651,#2892);
#2097=LINE('',#12653,#2893);
#2098=LINE('',#12654,#2894);
#2099=LINE('',#12656,#2895);
#2100=LINE('',#12658,#2896);
#2101=LINE('',#12660,#2897);
#2102=LINE('',#12662,#2898);
#2103=LINE('',#12664,#2899);
#2104=LINE('',#12666,#2900);
#2105=LINE('',#12668,#2901);
#2106=LINE('',#12669,#2902);
#2107=LINE('',#12671,#2903);
#2108=LINE('',#12672,#2904);
#2109=LINE('',#12673,#2905);
#2110=LINE('',#12677,#2906);
#2111=LINE('',#12679,#2907);
#2112=LINE('',#12681,#2908);
#2113=LINE('',#12682,#2909);
#2114=LINE('',#12685,#2910);
#2115=LINE('',#12687,#2911);
#2116=LINE('',#12688,#2912);
#2117=LINE('',#12690,#2913);
#2118=LINE('',#12691,#2914);
#2119=LINE('',#12694,#2915);
#2120=LINE('',#12696,#2916);
#2121=LINE('',#12697,#2917);
#2122=LINE('',#12699,#2918);
#2123=LINE('',#12700,#2919);
#2124=LINE('',#12703,#2920);
#2125=LINE('',#12704,#2921);
#2126=LINE('',#12706,#2922);
#2127=LINE('',#12709,#2923);
#2128=LINE('',#12710,#2924);
#2129=LINE('',#12712,#2925);
#2130=LINE('',#12716,#2926);
#2131=LINE('',#12718,#2927);
#2132=LINE('',#12719,#2928);
#2133=LINE('',#12722,#2929);
#2134=LINE('',#12723,#2930);
#2135=LINE('',#12725,#2931);
#2136=LINE('',#12728,#2932);
#2137=LINE('',#12730,#2933);
#2138=LINE('',#12731,#2934);
#2139=LINE('',#12734,#2935);
#2140=LINE('',#12735,#2936);
#2141=LINE('',#12738,#2937);
#2142=LINE('',#12739,#2938);
#2143=LINE('',#12741,#2939);
#2144=LINE('',#12743,#2940);
#2145=LINE('',#12746,#2941);
#2146=LINE('',#12748,#2942);
#2147=LINE('',#12752,#2943);
#2148=LINE('',#12754,#2944);
#2149=LINE('',#12755,#2945);
#2150=LINE('',#12756,#2946);
#2151=LINE('',#12757,#2947);
#2152=LINE('',#12759,#2948);
#2153=LINE('',#12760,#2949);
#2154=LINE('',#12762,#2950);
#2155=LINE('',#12767,#2951);
#2156=LINE('',#12768,#2952);
#2157=LINE('',#12769,#2953);
#2158=LINE('',#12772,#2954);
#2159=LINE('',#12773,#2955);
#2160=LINE('',#12775,#2956);
#2161=LINE('',#12776,#2957);
#2162=LINE('',#12779,#2958);
#2163=LINE('',#12781,#2959);
#2164=LINE('',#12782,#2960);
#2165=LINE('',#12783,#2961);
#2166=LINE('',#12785,#2962);
#2167=LINE('',#12787,#2963);
#2168=LINE('',#12788,#2964);
#2169=LINE('',#12790,#2965);
#2170=LINE('',#12792,#2966);
#2171=LINE('',#12794,#2967);
#2172=LINE('',#12796,#2968);
#2173=LINE('',#12797,#2969);
#2174=LINE('',#12799,#2970);
#2175=LINE('',#12800,#2971);
#2176=LINE('',#12803,#2972);
#2177=LINE('',#12805,#2973);
#2178=LINE('',#12807,#2974);
#2179=LINE('',#12810,#2975);
#2180=LINE('',#12813,#2976);
#2181=LINE('',#12814,#2977);
#2182=LINE('',#12816,#2978);
#2183=LINE('',#12819,#2979);
#2184=LINE('',#12820,#2980);
#2185=LINE('',#12822,#2981);
#2186=LINE('',#12825,#2982);
#2187=LINE('',#12826,#2983);
#2188=LINE('',#12829,#2984);
#2189=LINE('',#12830,#2985);
#2190=LINE('',#12832,#2986);
#2191=LINE('',#12833,#2987);
#2192=LINE('',#12835,#2988);
#2193=LINE('',#12836,#2989);
#2194=LINE('',#12839,#2990);
#2195=LINE('',#12842,#2991);
#2196=LINE('',#12843,#2992);
#2197=LINE('',#12845,#2993);
#2198=LINE('',#12846,#2994);
#2199=LINE('',#12849,#2995);
#2200=LINE('',#12851,#2996);
#2201=LINE('',#12853,#2997);
#2202=LINE('',#12856,#2998);
#2203=LINE('',#12857,#2999);
#2204=LINE('',#12859,#3000);
#2205=LINE('',#12860,#3001);
#2206=LINE('',#12865,#3002);
#2207=LINE('',#12866,#3003);
#2208=LINE('',#12867,#3004);
#2209=LINE('',#12869,#3005);
#2210=LINE('',#12870,#3006);
#2211=LINE('',#12871,#3007);
#2212=LINE('',#12874,#3008);
#2213=LINE('',#12875,#3009);
#2214=LINE('',#12876,#3010);
#2215=LINE('',#12878,#3011);
#2216=LINE('',#12879,#3012);
#2217=LINE('',#12880,#3013);
#2218=LINE('',#12885,#3014);
#2219=LINE('',#12887,#3015);
#2220=LINE('',#12891,#3016);
#2221=LINE('',#12900,#3017);
#2222=LINE('',#12902,#3018);
#2223=LINE('',#12904,#3019);
#2224=LINE('',#12930,#3020);
#2225=LINE('',#12932,#3021);
#2226=LINE('',#12933,#3022);
#2227=LINE('',#12941,#3023);
#2228=LINE('',#12943,#3024);
#2229=LINE('',#12945,#3025);
#2230=LINE('',#12971,#3026);
#2231=LINE('',#12973,#3027);
#2232=LINE('',#12975,#3028);
#2233=LINE('',#12976,#3029);
#2234=LINE('',#12978,#3030);
#2235=LINE('',#12979,#3031);
#2236=LINE('',#12987,#3032);
#2237=LINE('',#13001,#3033);
#2238=LINE('',#13026,#3034);
#2239=LINE('',#13028,#3035);
#2240=LINE('',#13041,#3036);
#2241=LINE('',#13049,#3037);
#2242=LINE('',#13063,#3038);
#2243=LINE('',#13077,#3039);
#2244=LINE('',#13096,#3040);
#2245=LINE('',#13110,#3041);
#2246=LINE('',#13117,#3042);
#2247=LINE('',#13119,#3043);
#2248=LINE('',#13145,#3044);
#2249=LINE('',#13147,#3045);
#2250=LINE('',#13172,#3046);
#2251=LINE('',#13174,#3047);
#2252=LINE('',#13176,#3048);
#2253=LINE('',#13187,#3049);
#2254=LINE('',#13198,#3050);
#2255=LINE('',#13209,#3051);
#2256=LINE('',#13220,#3052);
#2257=LINE('',#13222,#3053);
#2258=LINE('',#13224,#3054);
#2259=LINE('',#13226,#3055);
#2260=LINE('',#13238,#3056);
#2261=LINE('',#13240,#3057);
#2262=LINE('',#13242,#3058);
#2263=LINE('',#13244,#3059);
#2264=LINE('',#13255,#3060);
#2265=LINE('',#13266,#3061);
#2266=LINE('',#13277,#3062);
#2267=LINE('',#13288,#3063);
#2268=LINE('',#13290,#3064);
#2269=LINE('',#13292,#3065);
#2270=LINE('',#13294,#3066);
#2271=LINE('',#13306,#3067);
#2272=LINE('',#13309,#3068);
#2273=LINE('',#13320,#3069);
#2274=LINE('',#13331,#3070);
#2275=LINE('',#13342,#3071);
#2276=LINE('',#13344,#3072);
#2277=LINE('',#13355,#3073);
#2278=LINE('',#13366,#3074);
#2279=LINE('',#13368,#3075);
#2280=LINE('',#13395,#3076);
#2281=LINE('',#13412,#3077);
#2282=LINE('',#13415,#3078);
#2283=LINE('',#13416,#3079);
#2284=LINE('',#13418,#3080);
#2285=LINE('',#13420,#3081);
#2286=LINE('',#13431,#3082);
#2287=LINE('',#13442,#3083);
#2288=LINE('',#13444,#3084);
#2289=LINE('',#13446,#3085);
#2290=LINE('',#13473,#3086);
#2291=LINE('',#13476,#3087);
#2292=LINE('',#13477,#3088);
#2293=LINE('',#13480,#3089);
#2294=LINE('',#13481,#3090);
#2295=LINE('',#13483,#3091);
#2296=LINE('',#13494,#3092);
#2297=LINE('',#13505,#3093);
#2298=LINE('',#13507,#3094);
#2299=LINE('',#13518,#3095);
#2300=LINE('',#13529,#3096);
#2301=LINE('',#13531,#3097);
#2302=LINE('',#13542,#3098);
#2303=LINE('',#13553,#3099);
#2304=LINE('',#13555,#3100);
#2305=LINE('',#13576,#3101);
#2306=LINE('',#13578,#3102);
#2307=LINE('',#13589,#3103);
#2308=LINE('',#13600,#3104);
#2309=LINE('',#13602,#3105);
#2310=LINE('',#13623,#3106);
#2311=LINE('',#13634,#3107);
#2312=LINE('',#13645,#3108);
#2313=LINE('',#13656,#3109);
#2314=LINE('',#13658,#3110);
#2315=LINE('',#13660,#3111);
#2316=LINE('',#13671,#3112);
#2317=LINE('',#13682,#3113);
#2318=LINE('',#13693,#3114);
#2319=LINE('',#13704,#3115);
#2320=LINE('',#13706,#3116);
#2321=LINE('',#13711,#3117);
#2322=LINE('',#13712,#3118);
#2323=LINE('',#13714,#3119);
#2324=LINE('',#13716,#3120);
#2325=LINE('',#13719,#3121);
#2326=VECTOR('',#8176,10.);
#2327=VECTOR('',#8177,10.);
#2328=VECTOR('',#8178,10.);
#2329=VECTOR('',#8179,10.);
#2330=VECTOR('',#8228,10.);
#2331=VECTOR('',#8231,10.);
#2332=VECTOR('',#8236,10.);
#2333=VECTOR('',#8239,10.);
#2334=VECTOR('',#8292,1.);
#2335=VECTOR('',#8295,1.);
#2336=VECTOR('',#8298,1.);
#2337=VECTOR('',#8299,1.);
#2338=VECTOR('',#8302,1.);
#2339=VECTOR('',#8305,1.);
#2340=VECTOR('',#8308,1.);
#2341=VECTOR('',#8309,1.);
#2342=VECTOR('',#8312,1.);
#2343=VECTOR('',#8313,1.);
#2344=VECTOR('',#8314,1.);
#2345=VECTOR('',#8317,1.);
#2346=VECTOR('',#8318,1.);
#2347=VECTOR('',#8321,1.);
#2348=VECTOR('',#8322,1.);
#2349=VECTOR('',#8325,1.);
#2350=VECTOR('',#8374,1.);
#2351=VECTOR('',#8379,1.);
#2352=VECTOR('',#8434,0.85);
#2353=VECTOR('',#8437,2.);
#2354=VECTOR('',#8440,0.75);
#2355=VECTOR('',#8443,0.85);
#2356=VECTOR('',#8446,0.75);
#2357=VECTOR('',#8449,0.85);
#2358=VECTOR('',#8452,0.75);
#2359=VECTOR('',#8455,2.);
#2360=VECTOR('',#8458,0.85);
#2361=VECTOR('',#8461,0.75);
#2362=VECTOR('',#8464,0.85);
#2363=VECTOR('',#8467,2.);
#2364=VECTOR('',#8470,0.75);
#2365=VECTOR('',#8473,0.85);
#2366=VECTOR('',#8476,0.75);
#2367=VECTOR('',#8479,0.85);
#2368=VECTOR('',#8482,0.75);
#2369=VECTOR('',#8485,2.);
#2370=VECTOR('',#8488,0.85);
#2371=VECTOR('',#8491,0.75);
#2372=VECTOR('',#8494,0.5);
#2373=VECTOR('',#8497,0.5);
#2374=VECTOR('',#8500,0.5);
#2375=VECTOR('',#8503,1.);
#2376=VECTOR('',#8508,0.5);
#2377=VECTOR('',#8511,1.);
#2378=VECTOR('',#8516,0.5);
#2379=VECTOR('',#8519,0.85);
#2380=VECTOR('',#8522,2.);
#2381=VECTOR('',#8525,0.85);
#2382=VECTOR('',#8528,0.85);
#2383=VECTOR('',#8531,2.);
#2384=VECTOR('',#8534,0.85);
#2385=VECTOR('',#8537,0.75);
#2386=VECTOR('',#8540,0.75);
#2387=VECTOR('',#8543,0.75);
#2388=VECTOR('',#8546,0.75);
#2389=VECTOR('',#8549,0.4445);
#2390=VECTOR('',#8552,0.4445);
#2391=VECTOR('',#8555,0.4445);
#2392=VECTOR('',#8558,0.4445);
#2393=VECTOR('',#8561,0.4445);
#2394=VECTOR('',#8564,0.4445);
#2395=VECTOR('',#8567,0.4445);
#2396=VECTOR('',#8570,0.4445);
#2397=VECTOR('',#8573,0.4445);
#2398=VECTOR('',#8576,0.4445);
#2399=VECTOR('',#8579,0.4445);
#2400=VECTOR('',#8582,0.4445);
#2401=VECTOR('',#8585,0.4445);
#2402=VECTOR('',#8588,0.4445);
#2403=VECTOR('',#8591,10.);
#2404=VECTOR('',#8592,10.);
#2405=VECTOR('',#8593,10.);
#2406=VECTOR('',#8594,10.);
#2407=VECTOR('',#8597,10.);
#2408=VECTOR('',#8598,10.);
#2409=VECTOR('',#8599,10.);
#2410=VECTOR('',#8600,10.);
#2411=VECTOR('',#8603,10.);
#2412=VECTOR('',#8604,10.);
#2413=VECTOR('',#8605,10.);
#2414=VECTOR('',#8608,10.);
#2415=VECTOR('',#8609,10.);
#2416=VECTOR('',#8610,10.);
#2417=VECTOR('',#8613,10.);
#2418=VECTOR('',#8614,10.);
#2419=VECTOR('',#8615,10.);
#2420=VECTOR('',#8618,10.);
#2421=VECTOR('',#8619,10.);
#2422=VECTOR('',#8622,10.);
#2423=VECTOR('',#8623,10.);
#2424=VECTOR('',#8624,10.);
#2425=VECTOR('',#8627,10.);
#2426=VECTOR('',#8628,10.);
#2427=VECTOR('',#8629,10.);
#2428=VECTOR('',#8632,10.);
#2429=VECTOR('',#8633,10.);
#2430=VECTOR('',#8636,10.);
#2431=VECTOR('',#8637,10.);
#2432=VECTOR('',#8638,10.);
#2433=VECTOR('',#8641,10.);
#2434=VECTOR('',#8642,10.);
#2435=VECTOR('',#8643,10.);
#2436=VECTOR('',#8646,10.);
#2437=VECTOR('',#8647,10.);
#2438=VECTOR('',#8648,10.);
#2439=VECTOR('',#8651,10.);
#2440=VECTOR('',#8652,10.);
#2441=VECTOR('',#8655,10.);
#2442=VECTOR('',#8656,10.);
#2443=VECTOR('',#8659,10.);
#2444=VECTOR('',#8660,10.);
#2445=VECTOR('',#8663,10.);
#2446=VECTOR('',#8664,10.);
#2447=VECTOR('',#8665,10.);
#2448=VECTOR('',#8668,10.);
#2449=VECTOR('',#8669,10.);
#2450=VECTOR('',#8670,10.);
#2451=VECTOR('',#8673,10.);
#2452=VECTOR('',#8674,10.);
#2453=VECTOR('',#8677,10.);
#2454=VECTOR('',#8678,10.);
#2455=VECTOR('',#8681,10.);
#2456=VECTOR('',#8682,10.);
#2457=VECTOR('',#8683,10.);
#2458=VECTOR('',#8684,10.);
#2459=VECTOR('',#8685,10.);
#2460=VECTOR('',#8686,10.);
#2461=VECTOR('',#8687,10.);
#2462=VECTOR('',#8688,10.);
#2463=VECTOR('',#8689,10.);
#2464=VECTOR('',#8690,10.);
#2465=VECTOR('',#8691,10.);
#2466=VECTOR('',#8692,10.);
#2467=VECTOR('',#8693,10.);
#2468=VECTOR('',#8694,10.);
#2469=VECTOR('',#8695,10.);
#2470=VECTOR('',#8700,10.);
#2471=VECTOR('',#8701,10.);
#2472=VECTOR('',#8702,10.);
#2473=VECTOR('',#8703,10.);
#2474=VECTOR('',#8704,10.);
#2475=VECTOR('',#8705,10.);
#2476=VECTOR('',#8706,10.);
#2477=VECTOR('',#8707,10.);
#2478=VECTOR('',#8708,10.);
#2479=VECTOR('',#8709,10.);
#2480=VECTOR('',#8710,10.);
#2481=VECTOR('',#8711,10.);
#2482=VECTOR('',#8712,10.);
#2483=VECTOR('',#8713,10.);
#2484=VECTOR('',#8714,10.);
#2485=VECTOR('',#8717,10.);
#2486=VECTOR('',#8718,10.);
#2487=VECTOR('',#8721,10.);
#2488=VECTOR('',#8722,10.);
#2489=VECTOR('',#8725,10.);
#2490=VECTOR('',#8728,10.);
#2491=VECTOR('',#8729,10.);
#2492=VECTOR('',#8730,10.);
#2493=VECTOR('',#8733,10.);
#2494=VECTOR('',#8734,10.);
#2495=VECTOR('',#8735,10.);
#2496=VECTOR('',#8738,10.);
#2497=VECTOR('',#8739,10.);
#2498=VECTOR('',#8740,10.);
#2499=VECTOR('',#8741,10.);
#2500=VECTOR('',#8742,10.);
#2501=VECTOR('',#8743,10.);
#2502=VECTOR('',#8744,10.);
#2503=VECTOR('',#8745,10.);
#2504=VECTOR('',#8748,10.);
#2505=VECTOR('',#8749,10.);
#2506=VECTOR('',#8750,10.);
#2507=VECTOR('',#8753,10.);
#2508=VECTOR('',#8754,10.);
#2509=VECTOR('',#8757,10.);
#2510=VECTOR('',#8758,10.);
#2511=VECTOR('',#8759,10.);
#2512=VECTOR('',#8760,10.);
#2513=VECTOR('',#8763,10.);
#2514=VECTOR('',#8764,10.);
#2515=VECTOR('',#8765,10.);
#2516=VECTOR('',#8768,10.);
#2517=VECTOR('',#8769,10.);
#2518=VECTOR('',#8772,10.);
#2519=VECTOR('',#8773,10.);
#2520=VECTOR('',#8774,10.);
#2521=VECTOR('',#8775,10.);
#2522=VECTOR('',#8776,10.);
#2523=VECTOR('',#8777,10.);
#2524=VECTOR('',#8778,10.);
#2525=VECTOR('',#8779,10.);
#2526=VECTOR('',#8782,10.);
#2527=VECTOR('',#8783,10.);
#2528=VECTOR('',#8784,10.);
#2529=VECTOR('',#8787,10.);
#2530=VECTOR('',#8788,10.);
#2531=VECTOR('',#8789,10.);
#2532=VECTOR('',#8790,10.);
#2533=VECTOR('',#8793,10.);
#2534=VECTOR('',#8794,10.);
#2535=VECTOR('',#8797,10.);
#2536=VECTOR('',#8798,10.);
#2537=VECTOR('',#8801,10.);
#2538=VECTOR('',#8802,10.);
#2539=VECTOR('',#8803,10.);
#2540=VECTOR('',#8804,10.);
#2541=VECTOR('',#8805,10.);
#2542=VECTOR('',#8806,10.);
#2543=VECTOR('',#8809,10.);
#2544=VECTOR('',#8810,10.);
#2545=VECTOR('',#8811,10.);
#2546=VECTOR('',#8812,10.);
#2547=VECTOR('',#8813,10.);
#2548=VECTOR('',#8814,10.);
#2549=VECTOR('',#8815,10.);
#2550=VECTOR('',#8816,10.);
#2551=VECTOR('',#8817,10.);
#2552=VECTOR('',#8818,10.);
#2553=VECTOR('',#8819,10.);
#2554=VECTOR('',#8820,10.);
#2555=VECTOR('',#8823,10.);
#2556=VECTOR('',#8824,10.);
#2557=VECTOR('',#8825,10.);
#2558=VECTOR('',#8828,10.);
#2559=VECTOR('',#8829,10.);
#2560=VECTOR('',#8830,10.);
#2561=VECTOR('',#8831,10.);
#2562=VECTOR('',#8832,10.);
#2563=VECTOR('',#8833,10.);
#2564=VECTOR('',#8836,10.);
#2565=VECTOR('',#8837,10.);
#2566=VECTOR('',#8840,10.);
#2567=VECTOR('',#8841,10.);
#2568=VECTOR('',#8844,10.);
#2569=VECTOR('',#8845,10.);
#2570=VECTOR('',#8846,10.);
#2571=VECTOR('',#8847,10.);
#2572=VECTOR('',#8848,10.);
#2573=VECTOR('',#8851,10.);
#2574=VECTOR('',#8852,10.);
#2575=VECTOR('',#8853,10.);
#2576=VECTOR('',#8854,10.);
#2577=VECTOR('',#8855,10.);
#2578=VECTOR('',#8856,10.);
#2579=VECTOR('',#8857,10.);
#2580=VECTOR('',#8858,10.);
#2581=VECTOR('',#8859,10.);
#2582=VECTOR('',#8862,10.);
#2583=VECTOR('',#8863,10.);
#2584=VECTOR('',#8864,10.);
#2585=VECTOR('',#8865,10.);
#2586=VECTOR('',#8866,10.);
#2587=VECTOR('',#8867,10.);
#2588=VECTOR('',#8868,10.);
#2589=VECTOR('',#8871,10.);
#2590=VECTOR('',#8872,10.);
#2591=VECTOR('',#8873,10.);
#2592=VECTOR('',#8874,10.);
#2593=VECTOR('',#8877,10.);
#2594=VECTOR('',#8878,10.);
#2595=VECTOR('',#8879,10.);
#2596=VECTOR('',#8880,10.);
#2597=VECTOR('',#8881,10.);
#2598=VECTOR('',#8884,10.);
#2599=VECTOR('',#8885,10.);
#2600=VECTOR('',#8886,10.);
#2601=VECTOR('',#8887,10.);
#2602=VECTOR('',#8888,10.);
#2603=VECTOR('',#8889,10.);
#2604=VECTOR('',#8890,10.);
#2605=VECTOR('',#8891,10.);
#2606=VECTOR('',#8894,10.);
#2607=VECTOR('',#8895,10.);
#2608=VECTOR('',#8896,10.);
#2609=VECTOR('',#8899,10.);
#2610=VECTOR('',#8900,10.);
#2611=VECTOR('',#8901,10.);
#2612=VECTOR('',#8902,10.);
#2613=VECTOR('',#8903,10.);
#2614=VECTOR('',#8904,10.);
#2615=VECTOR('',#8907,10.);
#2616=VECTOR('',#8908,10.);
#2617=VECTOR('',#8911,10.);
#2618=VECTOR('',#8912,10.);
#2619=VECTOR('',#8913,10.);
#2620=VECTOR('',#8914,10.);
#2621=VECTOR('',#8915,10.);
#2622=VECTOR('',#8916,10.);
#2623=VECTOR('',#8919,10.);
#2624=VECTOR('',#8920,10.);
#2625=VECTOR('',#8921,10.);
#2626=VECTOR('',#8922,10.);
#2627=VECTOR('',#8923,10.);
#2628=VECTOR('',#8924,10.);
#2629=VECTOR('',#8927,10.);
#2630=VECTOR('',#8928,10.);
#2631=VECTOR('',#8929,10.);
#2632=VECTOR('',#8930,10.);
#2633=VECTOR('',#8933,10.);
#2634=VECTOR('',#8934,10.);
#2635=VECTOR('',#8935,10.);
#2636=VECTOR('',#8938,10.);
#2637=VECTOR('',#8939,10.);
#2638=VECTOR('',#8940,10.);
#2639=VECTOR('',#8941,10.);
#2640=VECTOR('',#8942,10.);
#2641=VECTOR('',#8943,10.);
#2642=VECTOR('',#8944,10.);
#2643=VECTOR('',#8945,10.);
#2644=VECTOR('',#8946,10.);
#2645=VECTOR('',#8949,10.);
#2646=VECTOR('',#8950,10.);
#2647=VECTOR('',#8951,10.);
#2648=VECTOR('',#8952,10.);
#2649=VECTOR('',#8953,10.);
#2650=VECTOR('',#8956,10.);
#2651=VECTOR('',#8957,10.);
#2652=VECTOR('',#8958,10.);
#2653=VECTOR('',#8959,10.);
#2654=VECTOR('',#8960,10.);
#2655=VECTOR('',#8963,10.);
#2656=VECTOR('',#8964,10.);
#2657=VECTOR('',#8967,10.);
#2658=VECTOR('',#8968,10.);
#2659=VECTOR('',#8969,10.);
#2660=VECTOR('',#8970,10.);
#2661=VECTOR('',#8971,10.);
#2662=VECTOR('',#8974,10.);
#2663=VECTOR('',#8975,10.);
#2664=VECTOR('',#8976,10.);
#2665=VECTOR('',#8977,10.);
#2666=VECTOR('',#8978,10.);
#2667=VECTOR('',#8979,10.);
#2668=VECTOR('',#8980,10.);
#2669=VECTOR('',#8981,10.);
#2670=VECTOR('',#8982,10.);
#2671=VECTOR('',#8983,10.);
#2672=VECTOR('',#8984,10.);
#2673=VECTOR('',#8985,10.);
#2674=VECTOR('',#8988,10.);
#2675=VECTOR('',#8989,10.);
#2676=VECTOR('',#8990,10.);
#2677=VECTOR('',#8991,10.);
#2678=VECTOR('',#8992,10.);
#2679=VECTOR('',#8995,10.);
#2680=VECTOR('',#8996,10.);
#2681=VECTOR('',#8997,10.);
#2682=VECTOR('',#9000,10.);
#2683=VECTOR('',#9001,10.);
#2684=VECTOR('',#9002,10.);
#2685=VECTOR('',#9003,10.);
#2686=VECTOR('',#9004,10.);
#2687=VECTOR('',#9005,10.);
#2688=VECTOR('',#9006,10.);
#2689=VECTOR('',#9009,10.);
#2690=VECTOR('',#9010,10.);
#2691=VECTOR('',#9013,10.);
#2692=VECTOR('',#9014,10.);
#2693=VECTOR('',#9017,10.);
#2694=VECTOR('',#9018,10.);
#2695=VECTOR('',#9019,10.);
#2696=VECTOR('',#9020,10.);
#2697=VECTOR('',#9021,10.);
#2698=VECTOR('',#9024,10.);
#2699=VECTOR('',#9025,10.);
#2700=VECTOR('',#9026,10.);
#2701=VECTOR('',#9027,10.);
#2702=VECTOR('',#9030,10.);
#2703=VECTOR('',#9031,10.);
#2704=VECTOR('',#9032,10.);
#2705=VECTOR('',#9035,10.);
#2706=VECTOR('',#9036,10.);
#2707=VECTOR('',#9037,10.);
#2708=VECTOR('',#9040,10.);
#2709=VECTOR('',#9041,10.);
#2710=VECTOR('',#9048,1.25);
#2711=VECTOR('',#9055,10.);
#2712=VECTOR('',#9056,10.);
#2713=VECTOR('',#9057,10.);
#2714=VECTOR('',#9058,10.);
#2715=VECTOR('',#9061,10.);
#2716=VECTOR('',#9062,10.);
#2717=VECTOR('',#9063,10.);
#2718=VECTOR('',#9066,10.);
#2719=VECTOR('',#9067,10.);
#2720=VECTOR('',#9068,10.);
#2721=VECTOR('',#9071,10.);
#2722=VECTOR('',#9072,10.);
#2723=VECTOR('',#9077,10.);
#2724=VECTOR('',#9078,10.);
#2725=VECTOR('',#9079,10.);
#2726=VECTOR('',#9080,10.);
#2727=VECTOR('',#9083,10.);
#2728=VECTOR('',#9084,10.);
#2729=VECTOR('',#9085,10.);
#2730=VECTOR('',#9088,10.);
#2731=VECTOR('',#9089,10.);
#2732=VECTOR('',#9090,10.);
#2733=VECTOR('',#9093,10.);
#2734=VECTOR('',#9094,10.);
#2735=VECTOR('',#9099,10.);
#2736=VECTOR('',#9100,10.);
#2737=VECTOR('',#9101,10.);
#2738=VECTOR('',#9102,10.);
#2739=VECTOR('',#9105,10.);
#2740=VECTOR('',#9106,10.);
#2741=VECTOR('',#9107,10.);
#2742=VECTOR('',#9110,10.);
#2743=VECTOR('',#9111,10.);
#2744=VECTOR('',#9112,10.);
#2745=VECTOR('',#9115,10.);
#2746=VECTOR('',#9116,10.);
#2747=VECTOR('',#9121,10.);
#2748=VECTOR('',#9122,10.);
#2749=VECTOR('',#9123,10.);
#2750=VECTOR('',#9124,10.);
#2751=VECTOR('',#9127,10.);
#2752=VECTOR('',#9128,10.);
#2753=VECTOR('',#9129,10.);
#2754=VECTOR('',#9132,10.);
#2755=VECTOR('',#9133,10.);
#2756=VECTOR('',#9136,10.);
#2757=VECTOR('',#9137,10.);
#2758=VECTOR('',#9138,10.);
#2759=VECTOR('',#9141,10.);
#2760=VECTOR('',#9142,10.);
#2761=VECTOR('',#9143,10.);
#2762=VECTOR('',#9144,10.);
#2763=VECTOR('',#9145,10.);
#2764=VECTOR('',#9146,10.);
#2765=VECTOR('',#9147,10.);
#2766=VECTOR('',#9148,10.);
#2767=VECTOR('',#9151,10.);
#2768=VECTOR('',#9152,10.);
#2769=VECTOR('',#9153,10.);
#2770=VECTOR('',#9154,10.);
#2771=VECTOR('',#9155,10.);
#2772=VECTOR('',#9156,10.);
#2773=VECTOR('',#9157,10.);
#2774=VECTOR('',#9158,10.);
#2775=VECTOR('',#9159,10.);
#2776=VECTOR('',#9160,10.);
#2777=VECTOR('',#9161,10.);
#2778=VECTOR('',#9162,10.);
#2779=VECTOR('',#9163,10.);
#2780=VECTOR('',#9166,10.);
#2781=VECTOR('',#9167,10.);
#2782=VECTOR('',#9168,10.);
#2783=VECTOR('',#9171,10.);
#2784=VECTOR('',#9172,10.);
#2785=VECTOR('',#9175,10.);
#2786=VECTOR('',#9176,10.);
#2787=VECTOR('',#9177,10.);
#2788=VECTOR('',#9180,10.);
#2789=VECTOR('',#9181,10.);
#2790=VECTOR('',#9184,10.);
#2791=VECTOR('',#9187,10.);
#2792=VECTOR('',#9188,10.);
#2793=VECTOR('',#9189,10.);
#2794=VECTOR('',#9192,10.);
#2795=VECTOR('',#9193,10.);
#2796=VECTOR('',#9196,10.);
#2797=VECTOR('',#9197,10.);
#2798=VECTOR('',#9198,10.);
#2799=VECTOR('',#9201,10.);
#2800=VECTOR('',#9202,10.);
#2801=VECTOR('',#9205,10.);
#2802=VECTOR('',#9206,10.);
#2803=VECTOR('',#9207,10.);
#2804=VECTOR('',#9208,10.);
#2805=VECTOR('',#9211,10.);
#2806=VECTOR('',#9212,10.);
#2807=VECTOR('',#9213,10.);
#2808=VECTOR('',#9214,10.);
#2809=VECTOR('',#9215,10.);
#2810=VECTOR('',#9216,10.);
#2811=VECTOR('',#9217,10.);
#2812=VECTOR('',#9218,10.);
#2813=VECTOR('',#9219,10.);
#2814=VECTOR('',#9220,10.);
#2815=VECTOR('',#9221,10.);
#2816=VECTOR('',#9222,10.);
#2817=VECTOR('',#9223,10.);
#2818=VECTOR('',#9224,10.);
#2819=VECTOR('',#9225,10.);
#2820=VECTOR('',#9228,10.);
#2821=VECTOR('',#9229,10.);
#2822=VECTOR('',#9232,10.);
#2823=VECTOR('',#9233,10.);
#2824=VECTOR('',#9234,10.);
#2825=VECTOR('',#9237,10.);
#2826=VECTOR('',#9238,10.);
#2827=VECTOR('',#9241,10.);
#2828=VECTOR('',#9242,10.);
#2829=VECTOR('',#9243,10.);
#2830=VECTOR('',#9246,10.);
#2831=VECTOR('',#9247,10.);
#2832=VECTOR('',#9250,10.);
#2833=VECTOR('',#9251,10.);
#2834=VECTOR('',#9254,10.);
#2835=VECTOR('',#9257,10.);
#2836=VECTOR('',#9258,10.);
#2837=VECTOR('',#9259,10.);
#2838=VECTOR('',#9262,10.);
#2839=VECTOR('',#9263,10.);
#2840=VECTOR('',#9264,10.);
#2841=VECTOR('',#9265,10.);
#2842=VECTOR('',#9266,10.);
#2843=VECTOR('',#9267,10.);
#2844=VECTOR('',#9268,10.);
#2845=VECTOR('',#9269,10.);
#2846=VECTOR('',#9270,10.);
#2847=VECTOR('',#9271,10.);
#2848=VECTOR('',#9272,10.);
#2849=VECTOR('',#9273,10.);
#2850=VECTOR('',#9274,10.);
#2851=VECTOR('',#9275,10.);
#2852=VECTOR('',#9278,10.);
#2853=VECTOR('',#9279,10.);
#2854=VECTOR('',#9282,10.);
#2855=VECTOR('',#9285,10.);
#2856=VECTOR('',#9286,10.);
#2857=VECTOR('',#9289,10.);
#2858=VECTOR('',#9294,10.);
#2859=VECTOR('',#9295,10.);
#2860=VECTOR('',#9296,10.);
#2861=VECTOR('',#9299,10.);
#2862=VECTOR('',#9302,10.);
#2863=VECTOR('',#9303,10.);
#2864=VECTOR('',#9304,10.);
#2865=VECTOR('',#9305,10.);
#2866=VECTOR('',#9306,10.);
#2867=VECTOR('',#9307,10.);
#2868=VECTOR('',#9308,10.);
#2869=VECTOR('',#9309,10.);
#2870=VECTOR('',#9310,10.);
#2871=VECTOR('',#9311,10.);
#2872=VECTOR('',#9312,10.);
#2873=VECTOR('',#9313,10.);
#2874=VECTOR('',#9314,10.);
#2875=VECTOR('',#9315,10.);
#2876=VECTOR('',#9316,10.);
#2877=VECTOR('',#9317,10.);
#2878=VECTOR('',#9318,10.);
#2879=VECTOR('',#9319,10.);
#2880=VECTOR('',#9320,10.);
#2881=VECTOR('',#9325,10.);
#2882=VECTOR('',#9326,10.);
#2883=VECTOR('',#9329,10.);
#2884=VECTOR('',#9330,10.);
#2885=VECTOR('',#9333,10.);
#2886=VECTOR('',#9336,10.);
#2887=VECTOR('',#9337,10.);
#2888=VECTOR('',#9340,10.);
#2889=VECTOR('',#9341,10.);
#2890=VECTOR('',#9344,10.);
#2891=VECTOR('',#9347,10.);
#2892=VECTOR('',#9348,10.);
#2893=VECTOR('',#9349,10.);
#2894=VECTOR('',#9350,10.);
#2895=VECTOR('',#9351,10.);
#2896=VECTOR('',#9352,10.);
#2897=VECTOR('',#9353,10.);
#2898=VECTOR('',#9354,10.);
#2899=VECTOR('',#9355,10.);
#2900=VECTOR('',#9356,10.);
#2901=VECTOR('',#9357,10.);
#2902=VECTOR('',#9358,10.);
#2903=VECTOR('',#9359,10.);
#2904=VECTOR('',#9360,10.);
#2905=VECTOR('',#9361,10.);
#2906=VECTOR('',#9364,10.);
#2907=VECTOR('',#9365,10.);
#2908=VECTOR('',#9366,10.);
#2909=VECTOR('',#9367,10.);
#2910=VECTOR('',#9370,10.);
#2911=VECTOR('',#9371,10.);
#2912=VECTOR('',#9372,10.);
#2913=VECTOR('',#9373,10.);
#2914=VECTOR('',#9374,10.);
#2915=VECTOR('',#9375,10.);
#2916=VECTOR('',#9376,10.);
#2917=VECTOR('',#9377,10.);
#2918=VECTOR('',#9378,10.);
#2919=VECTOR('',#9379,10.);
#2920=VECTOR('',#9382,10.);
#2921=VECTOR('',#9383,10.);
#2922=VECTOR('',#9386,10.);
#2923=VECTOR('',#9389,10.);
#2924=VECTOR('',#9390,10.);
#2925=VECTOR('',#9393,10.);
#2926=VECTOR('',#9398,10.);
#2927=VECTOR('',#9399,10.);
#2928=VECTOR('',#9400,10.);
#2929=VECTOR('',#9403,10.);
#2930=VECTOR('',#9404,10.);
#2931=VECTOR('',#9407,10.);
#2932=VECTOR('',#9410,10.);
#2933=VECTOR('',#9411,10.);
#2934=VECTOR('',#9412,10.);
#2935=VECTOR('',#9415,10.);
#2936=VECTOR('',#9416,10.);
#2937=VECTOR('',#9419,10.);
#2938=VECTOR('',#9420,10.);
#2939=VECTOR('',#9423,10.);
#2940=VECTOR('',#9426,10.);
#2941=VECTOR('',#9431,10.);
#2942=VECTOR('',#9434,10.);
#2943=VECTOR('',#9439,10.);
#2944=VECTOR('',#9440,10.);
#2945=VECTOR('',#9441,10.);
#2946=VECTOR('',#9442,10.);
#2947=VECTOR('',#9443,10.);
#2948=VECTOR('',#9446,10.);
#2949=VECTOR('',#9447,10.);
#2950=VECTOR('',#9450,10.);
#2951=VECTOR('',#9455,10.);
#2952=VECTOR('',#9456,10.);
#2953=VECTOR('',#9457,10.);
#2954=VECTOR('',#9460,10.);
#2955=VECTOR('',#9461,10.);
#2956=VECTOR('',#9464,10.);
#2957=VECTOR('',#9465,10.);
#2958=VECTOR('',#9468,10.);
#2959=VECTOR('',#9469,10.);
#2960=VECTOR('',#9470,10.);
#2961=VECTOR('',#9471,10.);
#2962=VECTOR('',#9472,10.);
#2963=VECTOR('',#9473,10.);
#2964=VECTOR('',#9474,10.);
#2965=VECTOR('',#9475,10.);
#2966=VECTOR('',#9476,10.);
#2967=VECTOR('',#9477,10.);
#2968=VECTOR('',#9478,10.);
#2969=VECTOR('',#9479,10.);
#2970=VECTOR('',#9482,10.);
#2971=VECTOR('',#9483,10.);
#2972=VECTOR('',#9488,10.);
#2973=VECTOR('',#9491,10.);
#2974=VECTOR('',#9494,10.);
#2975=VECTOR('',#9499,10.);
#2976=VECTOR('',#9502,10.);
#2977=VECTOR('',#9503,10.);
#2978=VECTOR('',#9506,10.);
#2979=VECTOR('',#9509,10.);
#2980=VECTOR('',#9510,10.);
#2981=VECTOR('',#9513,10.);
#2982=VECTOR('',#9518,10.);
#2983=VECTOR('',#9519,10.);
#2984=VECTOR('',#9522,10.);
#2985=VECTOR('',#9523,10.);
#2986=VECTOR('',#9526,10.);
#2987=VECTOR('',#9527,10.);
#2988=VECTOR('',#9530,10.);
#2989=VECTOR('',#9531,10.);
#2990=VECTOR('',#9536,10.);
#2991=VECTOR('',#9541,10.);
#2992=VECTOR('',#9542,10.);
#2993=VECTOR('',#9545,10.);
#2994=VECTOR('',#9546,10.);
#2995=VECTOR('',#9551,10.);
#2996=VECTOR('',#9554,10.);
#2997=VECTOR('',#9557,10.);
#2998=VECTOR('',#9562,10.);
#2999=VECTOR('',#9563,10.);
#3000=VECTOR('',#9566,10.);
#3001=VECTOR('',#9567,10.);
#3002=VECTOR('',#9574,10.);
#3003=VECTOR('',#9575,10.);
#3004=VECTOR('',#9576,10.);
#3005=VECTOR('',#9579,10.);
#3006=VECTOR('',#9580,10.);
#3007=VECTOR('',#9581,10.);
#3008=VECTOR('',#9584,10.);
#3009=VECTOR('',#9585,10.);
#3010=VECTOR('',#9586,10.);
#3011=VECTOR('',#9589,10.);
#3012=VECTOR('',#9590,10.);
#3013=VECTOR('',#9591,10.);
#3014=VECTOR('',#9600,10.);
#3015=VECTOR('',#9603,10.);
#3016=VECTOR('',#9610,10.);
#3017=VECTOR('',#9613,10.);
#3018=VECTOR('',#9614,10.);
#3019=VECTOR('',#9615,10.);
#3020=VECTOR('',#9616,10.);
#3021=VECTOR('',#9617,10.);
#3022=VECTOR('',#9618,10.);
#3023=VECTOR('',#9619,10.);
#3024=VECTOR('',#9620,10.);
#3025=VECTOR('',#9621,10.);
#3026=VECTOR('',#9622,10.);
#3027=VECTOR('',#9623,10.);
#3028=VECTOR('',#9624,10.);
#3029=VECTOR('',#9625,10.);
#3030=VECTOR('',#9626,10.);
#3031=VECTOR('',#9627,10.);
#3032=VECTOR('',#9628,10.);
#3033=VECTOR('',#9629,10.);
#3034=VECTOR('',#9630,10.);
#3035=VECTOR('',#9631,10.);
#3036=VECTOR('',#9632,10.);
#3037=VECTOR('',#9633,10.);
#3038=VECTOR('',#9634,10.);
#3039=VECTOR('',#9635,10.);
#3040=VECTOR('',#9636,10.);
#3041=VECTOR('',#9637,10.);
#3042=VECTOR('',#9638,10.);
#3043=VECTOR('',#9639,10.);
#3044=VECTOR('',#9640,10.);
#3045=VECTOR('',#9641,10.);
#3046=VECTOR('',#9644,10.);
#3047=VECTOR('',#9647,10.);
#3048=VECTOR('',#9650,10.);
#3049=VECTOR('',#9651,10.);
#3050=VECTOR('',#9652,10.);
#3051=VECTOR('',#9653,10.);
#3052=VECTOR('',#9654,10.);
#3053=VECTOR('',#9657,10.);
#3054=VECTOR('',#9660,10.);
#3055=VECTOR('',#9663,10.);
#3056=VECTOR('',#9666,10.);
#3057=VECTOR('',#9669,10.);
#3058=VECTOR('',#9672,10.);
#3059=VECTOR('',#9675,10.);
#3060=VECTOR('',#9676,10.);
#3061=VECTOR('',#9677,10.);
#3062=VECTOR('',#9678,10.);
#3063=VECTOR('',#9679,10.);
#3064=VECTOR('',#9682,10.);
#3065=VECTOR('',#9685,10.);
#3066=VECTOR('',#9688,10.);
#3067=VECTOR('',#9691,10.);
#3068=VECTOR('',#9696,10.);
#3069=VECTOR('',#9697,10.);
#3070=VECTOR('',#9698,10.);
#3071=VECTOR('',#9699,10.);
#3072=VECTOR('',#9702,10.);
#3073=VECTOR('',#9703,10.);
#3074=VECTOR('',#9704,10.);
#3075=VECTOR('',#9707,10.);
#3076=VECTOR('',#9708,10.);
#3077=VECTOR('',#9709,10.);
#3078=VECTOR('',#9712,10.);
#3079=VECTOR('',#9713,10.);
#3080=VECTOR('',#9716,10.);
#3081=VECTOR('',#9719,10.);
#3082=VECTOR('',#9720,10.);
#3083=VECTOR('',#9721,10.);
#3084=VECTOR('',#9724,10.);
#3085=VECTOR('',#9727,10.);
#3086=VECTOR('',#9728,10.);
#3087=VECTOR('',#9731,10.);
#3088=VECTOR('',#9732,10.);
#3089=VECTOR('',#9735,10.);
#3090=VECTOR('',#9736,10.);
#3091=VECTOR('',#9739,10.);
#3092=VECTOR('',#9740,10.);
#3093=VECTOR('',#9741,10.);
#3094=VECTOR('',#9744,10.);
#3095=VECTOR('',#9745,10.);
#3096=VECTOR('',#9746,10.);
#3097=VECTOR('',#9749,10.);
#3098=VECTOR('',#9750,10.);
#3099=VECTOR('',#9751,10.);
#3100=VECTOR('',#9754,10.);
#3101=VECTOR('',#9755,10.);
#3102=VECTOR('',#9758,10.);
#3103=VECTOR('',#9759,10.);
#3104=VECTOR('',#9760,10.);
#3105=VECTOR('',#9763,10.);
#3106=VECTOR('',#9764,10.);
#3107=VECTOR('',#9765,10.);
#3108=VECTOR('',#9766,10.);
#3109=VECTOR('',#9767,10.);
#3110=VECTOR('',#9770,10.);
#3111=VECTOR('',#9773,10.);
#3112=VECTOR('',#9774,10.);
#3113=VECTOR('',#9775,10.);
#3114=VECTOR('',#9776,10.);
#3115=VECTOR('',#9777,10.);
#3116=VECTOR('',#9780,10.);
#3117=VECTOR('',#9789,10.);
#3118=VECTOR('',#9790,10.);
#3119=VECTOR('',#9793,10.);
#3120=VECTOR('',#9796,10.);
#3121=VECTOR('',#9801,10.);
#3122=VERTEX_POINT('',#9815);
#3123=VERTEX_POINT('',#9816);
#3124=VERTEX_POINT('',#9818);
#3125=VERTEX_POINT('',#9820);
#3126=VERTEX_POINT('',#9823);
#3127=VERTEX_POINT('',#9825);
#3128=VERTEX_POINT('',#9827);
#3129=VERTEX_POINT('',#9829);
#3130=VERTEX_POINT('',#9831);
#3131=VERTEX_POINT('',#9833);
#3132=VERTEX_POINT('',#9835);
#3133=VERTEX_POINT('',#9837);
#3134=VERTEX_POINT('',#9839);
#3135=VERTEX_POINT('',#9841);
#3136=VERTEX_POINT('',#9843);
#3137=VERTEX_POINT('',#9845);
#3138=VERTEX_POINT('',#9847);
#3139=VERTEX_POINT('',#9849);
#3140=VERTEX_POINT('',#9851);
#3141=VERTEX_POINT('',#9853);
#3142=VERTEX_POINT('',#9855);
#3143=VERTEX_POINT('',#9857);
#3144=VERTEX_POINT('',#9859);
#3145=VERTEX_POINT('',#9861);
#3146=VERTEX_POINT('',#9863);
#3147=VERTEX_POINT('',#9865);
#3148=VERTEX_POINT('',#9867);
#3149=VERTEX_POINT('',#9869);
#3150=VERTEX_POINT('',#9870);
#3151=VERTEX_POINT('',#9872);
#3152=VERTEX_POINT('',#9874);
#3153=VERTEX_POINT('',#9877);
#3154=VERTEX_POINT('',#9879);
#3155=VERTEX_POINT('',#9880);
#3156=VERTEX_POINT('',#9882);
#3157=VERTEX_POINT('',#9884);
#3158=VERTEX_POINT('',#9887);
#3159=VERTEX_POINT('',#9889);
#3160=VERTEX_POINT('',#9891);
#3161=VERTEX_POINT('',#9893);
#3162=VERTEX_POINT('',#9895);
#3163=VERTEX_POINT('',#9897);
#3164=VERTEX_POINT('',#9899);
#3165=VERTEX_POINT('',#9901);
#3166=VERTEX_POINT('',#9903);
#3167=VERTEX_POINT('',#9905);
#3168=VERTEX_POINT('',#9907);
#3169=VERTEX_POINT('',#9909);
#3170=VERTEX_POINT('',#9911);
#3171=VERTEX_POINT('',#9913);
#3172=VERTEX_POINT('',#9915);
#3173=VERTEX_POINT('',#9917);
#3174=VERTEX_POINT('',#9919);
#3175=VERTEX_POINT('',#9921);
#3176=VERTEX_POINT('',#9923);
#3177=VERTEX_POINT('',#9925);
#3178=VERTEX_POINT('',#9927);
#3179=VERTEX_POINT('',#9929);
#3180=VERTEX_POINT('',#9931);
#3181=VERTEX_POINT('',#9933);
#3182=VERTEX_POINT('',#9935);
#3183=VERTEX_POINT('',#9938);
#3184=VERTEX_POINT('',#9940);
#3185=VERTEX_POINT('',#9944);
#3186=VERTEX_POINT('',#9948);
#3187=VERTEX_POINT('',#9950);
#3188=VERTEX_POINT('',#9954);
#3189=VERTEX_POINT('',#9958);
#3190=VERTEX_POINT('',#9960);
#3191=VERTEX_POINT('',#9964);
#3192=VERTEX_POINT('',#9968);
#3193=VERTEX_POINT('',#9973);
#3194=VERTEX_POINT('',#9975);
#3195=VERTEX_POINT('',#9977);
#3196=VERTEX_POINT('',#9979);
#3197=VERTEX_POINT('',#9981);
#3198=VERTEX_POINT('',#9983);
#3199=VERTEX_POINT('',#9985);
#3200=VERTEX_POINT('',#9987);
#3201=VERTEX_POINT('',#9989);
#3202=VERTEX_POINT('',#9991);
#3203=VERTEX_POINT('',#9993);
#3204=VERTEX_POINT('',#9995);
#3205=VERTEX_POINT('',#9997);
#3206=VERTEX_POINT('',#9999);
#3207=VERTEX_POINT('',#10001);
#3208=VERTEX_POINT('',#10003);
#3209=VERTEX_POINT('',#10005);
#3210=VERTEX_POINT('',#10007);
#3211=VERTEX_POINT('',#10009);
#3212=VERTEX_POINT('',#10011);
#3213=VERTEX_POINT('',#10013);
#3214=VERTEX_POINT('',#10015);
#3215=VERTEX_POINT('',#10017);
#3216=VERTEX_POINT('',#10019);
#3217=VERTEX_POINT('',#10022);
#3218=VERTEX_POINT('',#10024);
#3219=VERTEX_POINT('',#10027);
#3220=VERTEX_POINT('',#10029);
#3221=VERTEX_POINT('',#10031);
#3222=VERTEX_POINT('',#10033);
#3223=VERTEX_POINT('',#10035);
#3224=VERTEX_POINT('',#10037);
#3225=VERTEX_POINT('',#10039);
#3226=VERTEX_POINT('',#10041);
#3227=VERTEX_POINT('',#10043);
#3228=VERTEX_POINT('',#10045);
#3229=VERTEX_POINT('',#10047);
#3230=VERTEX_POINT('',#10049);
#3231=VERTEX_POINT('',#10051);
#3232=VERTEX_POINT('',#10053);
#3233=VERTEX_POINT('',#10055);
#3234=VERTEX_POINT('',#10057);
#3235=VERTEX_POINT('',#10059);
#3236=VERTEX_POINT('',#10061);
#3237=VERTEX_POINT('',#10063);
#3238=VERTEX_POINT('',#10065);
#3239=VERTEX_POINT('',#10067);
#3240=VERTEX_POINT('',#10069);
#3241=VERTEX_POINT('',#10071);
#3242=VERTEX_POINT('',#10073);
#3243=VERTEX_POINT('',#10075);
#3244=VERTEX_POINT('',#10183);
#3245=VERTEX_POINT('',#10184);
#3246=VERTEX_POINT('',#10186);
#3247=VERTEX_POINT('',#10188);
#3248=VERTEX_POINT('',#10192);
#3249=VERTEX_POINT('',#10193);
#3250=VERTEX_POINT('',#10195);
#3251=VERTEX_POINT('',#10197);
#3252=VERTEX_POINT('',#10201);
#3253=VERTEX_POINT('',#10203);
#3254=VERTEX_POINT('',#10207);
#3255=VERTEX_POINT('',#10209);
#3256=VERTEX_POINT('',#10213);
#3257=VERTEX_POINT('',#10214);
#3258=VERTEX_POINT('',#10216);
#3259=VERTEX_POINT('',#10223);
#3260=VERTEX_POINT('',#10225);
#3261=VERTEX_POINT('',#10229);
#3262=VERTEX_POINT('',#10230);
#3263=VERTEX_POINT('',#10232);
#3264=VERTEX_POINT('',#10239);
#3265=VERTEX_POINT('',#10241);
#3266=VERTEX_POINT('',#10245);
#3267=VERTEX_POINT('',#10247);
#3268=VERTEX_POINT('',#10251);
#3269=VERTEX_POINT('',#10253);
#3270=VERTEX_POINT('',#10266);
#3271=VERTEX_POINT('',#10268);
#3272=VERTEX_POINT('',#10272);
#3273=VERTEX_POINT('',#10274);
#3274=VERTEX_POINT('',#10278);
#3275=VERTEX_POINT('',#10282);
#3276=VERTEX_POINT('',#10286);
#3277=VERTEX_POINT('',#10288);
#3278=VERTEX_POINT('',#10290);
#3279=VERTEX_POINT('',#10293);
#3280=VERTEX_POINT('',#10294);
#3281=VERTEX_POINT('',#10296);
#3282=VERTEX_POINT('',#10298);
#3283=VERTEX_POINT('',#10301);
#3284=VERTEX_POINT('',#10302);
#3285=VERTEX_POINT('',#10304);
#3286=VERTEX_POINT('',#10306);
#3287=VERTEX_POINT('',#10309);
#3288=VERTEX_POINT('',#10310);
#3289=VERTEX_POINT('',#10312);
#3290=VERTEX_POINT('',#10317);
#3291=VERTEX_POINT('',#10319);
#3292=VERTEX_POINT('',#10321);
#3293=VERTEX_POINT('',#10324);
#3294=VERTEX_POINT('',#10325);
#3295=VERTEX_POINT('',#10327);
#3296=VERTEX_POINT('',#10329);
#3297=VERTEX_POINT('',#10332);
#3298=VERTEX_POINT('',#10333);
#3299=VERTEX_POINT('',#10335);
#3300=VERTEX_POINT('',#10338);
#3301=VERTEX_POINT('',#10339);
#3302=VERTEX_POINT('',#10341);
#3303=VERTEX_POINT('',#10343);
#3304=VERTEX_POINT('',#10347);
#3305=VERTEX_POINT('',#10351);
#3306=VERTEX_POINT('',#10357);
#3307=VERTEX_POINT('',#10359);
#3308=VERTEX_POINT('',#10363);
#3309=VERTEX_POINT('',#10365);
#3310=VERTEX_POINT('',#10369);
#3311=VERTEX_POINT('',#10370);
#3312=VERTEX_POINT('',#10372);
#3313=VERTEX_POINT('',#10374);
#3314=VERTEX_POINT('',#10377);
#3315=VERTEX_POINT('',#10378);
#3316=VERTEX_POINT('',#10380);
#3317=VERTEX_POINT('',#10382);
#3318=VERTEX_POINT('',#10386);
#3319=VERTEX_POINT('',#10388);
#3320=VERTEX_POINT('',#10392);
#3321=VERTEX_POINT('',#10396);
#3322=VERTEX_POINT('',#10397);
#3323=VERTEX_POINT('',#10399);
#3324=VERTEX_POINT('',#10401);
#3325=VERTEX_POINT('',#10405);
#3326=VERTEX_POINT('',#10407);
#3327=VERTEX_POINT('',#10411);
#3328=VERTEX_POINT('',#10415);
#3329=VERTEX_POINT('',#10416);
#3330=VERTEX_POINT('',#10424);
#3331=VERTEX_POINT('',#10432);
#3332=VERTEX_POINT('',#10440);
#3333=VERTEX_POINT('',#10448);
#3334=VERTEX_POINT('',#10456);
#3335=VERTEX_POINT('',#10458);
#3336=VERTEX_POINT('',#10460);
#3337=VERTEX_POINT('',#10462);
#3338=VERTEX_POINT('',#10470);
#3339=VERTEX_POINT('',#10478);
#3340=VERTEX_POINT('',#10486);
#3341=VERTEX_POINT('',#10494);
#3342=VERTEX_POINT('',#10496);
#3343=VERTEX_POINT('',#10504);
#3344=VERTEX_POINT('',#10513);
#3345=VERTEX_POINT('',#10514);
#3346=VERTEX_POINT('',#10516);
#3347=VERTEX_POINT('',#10520);
#3348=VERTEX_POINT('',#10522);
#3349=VERTEX_POINT('',#10526);
#3350=VERTEX_POINT('',#10539);
#3351=VERTEX_POINT('',#10541);
#3352=VERTEX_POINT('',#10549);
#3353=VERTEX_POINT('',#10553);
#3354=VERTEX_POINT('',#10557);
#3355=VERTEX_POINT('',#10570);
#3356=VERTEX_POINT('',#10587);
#3357=VERTEX_POINT('',#10604);
#3358=VERTEX_POINT('',#10621);
#3359=VERTEX_POINT('',#10629);
#3360=VERTEX_POINT('',#10630);
#3361=VERTEX_POINT('',#10638);
#3362=VERTEX_POINT('',#10646);
#3363=VERTEX_POINT('',#10654);
#3364=VERTEX_POINT('',#10662);
#3365=VERTEX_POINT('',#10664);
#3366=VERTEX_POINT('',#10666);
#3367=VERTEX_POINT('',#10668);
#3368=VERTEX_POINT('',#10676);
#3369=VERTEX_POINT('',#10684);
#3370=VERTEX_POINT('',#10692);
#3371=VERTEX_POINT('',#10700);
#3372=VERTEX_POINT('',#10702);
#3373=VERTEX_POINT('',#10704);
#3374=VERTEX_POINT('',#10706);
#3375=VERTEX_POINT('',#10708);
#3376=VERTEX_POINT('',#10710);
#3377=VERTEX_POINT('',#10712);
#3378=VERTEX_POINT('',#10720);
#3379=VERTEX_POINT('',#10728);
#3380=VERTEX_POINT('',#10736);
#3381=VERTEX_POINT('',#10744);
#3382=VERTEX_POINT('',#10746);
#3383=VERTEX_POINT('',#10750);
#3384=VERTEX_POINT('',#10752);
#3385=VERTEX_POINT('',#10756);
#3386=VERTEX_POINT('',#10769);
#3387=VERTEX_POINT('',#10786);
#3388=VERTEX_POINT('',#10803);
#3389=VERTEX_POINT('',#10820);
#3390=VERTEX_POINT('',#10828);
#3391=VERTEX_POINT('',#10832);
#3392=VERTEX_POINT('',#10836);
#3393=VERTEX_POINT('',#10849);
#3394=VERTEX_POINT('',#10866);
#3395=VERTEX_POINT('',#10883);
#3396=VERTEX_POINT('',#10891);
#3397=VERTEX_POINT('',#10892);
#3398=VERTEX_POINT('',#10900);
#3399=VERTEX_POINT('',#10908);
#3400=VERTEX_POINT('',#10916);
#3401=VERTEX_POINT('',#10924);
#3402=VERTEX_POINT('',#10926);
#3403=VERTEX_POINT('',#10934);
#3404=VERTEX_POINT('',#10942);
#3405=VERTEX_POINT('',#10944);
#3406=VERTEX_POINT('',#10952);
#3407=VERTEX_POINT('',#10960);
#3408=VERTEX_POINT('',#10968);
#3409=VERTEX_POINT('',#10976);
#3410=VERTEX_POINT('',#10978);
#3411=VERTEX_POINT('',#10980);
#3412=VERTEX_POINT('',#10982);
#3413=VERTEX_POINT('',#10984);
#3414=VERTEX_POINT('',#10992);
#3415=VERTEX_POINT('',#11000);
#3416=VERTEX_POINT('',#11008);
#3417=VERTEX_POINT('',#11016);
#3418=VERTEX_POINT('',#11018);
#3419=VERTEX_POINT('',#11022);
#3420=VERTEX_POINT('',#11024);
#3421=VERTEX_POINT('',#11037);
#3422=VERTEX_POINT('',#11054);
#3423=VERTEX_POINT('',#11071);
#3424=VERTEX_POINT('',#11088);
#3425=VERTEX_POINT('',#11096);
#3426=VERTEX_POINT('',#11109);
#3427=VERTEX_POINT('',#11126);
#3428=VERTEX_POINT('',#11134);
#3429=VERTEX_POINT('',#11147);
#3430=VERTEX_POINT('',#11164);
#3431=VERTEX_POINT('',#11181);
#3432=VERTEX_POINT('',#11189);
#3433=VERTEX_POINT('',#11190);
#3434=VERTEX_POINT('',#11192);
#3435=VERTEX_POINT('',#11200);
#3436=VERTEX_POINT('',#11208);
#3437=VERTEX_POINT('',#11216);
#3438=VERTEX_POINT('',#11224);
#3439=VERTEX_POINT('',#11226);
#3440=VERTEX_POINT('',#11228);
#3441=VERTEX_POINT('',#11236);
#3442=VERTEX_POINT('',#11244);
#3443=VERTEX_POINT('',#11252);
#3444=VERTEX_POINT('',#11260);
#3445=VERTEX_POINT('',#11262);
#3446=VERTEX_POINT('',#11264);
#3447=VERTEX_POINT('',#11272);
#3448=VERTEX_POINT('',#11280);
#3449=VERTEX_POINT('',#11288);
#3450=VERTEX_POINT('',#11296);
#3451=VERTEX_POINT('',#11298);
#3452=VERTEX_POINT('',#11300);
#3453=VERTEX_POINT('',#11308);
#3454=VERTEX_POINT('',#11316);
#3455=VERTEX_POINT('',#11324);
#3456=VERTEX_POINT('',#11334);
#3457=VERTEX_POINT('',#11336);
#3458=VERTEX_POINT('',#11340);
#3459=VERTEX_POINT('',#11353);
#3460=VERTEX_POINT('',#11370);
#3461=VERTEX_POINT('',#11387);
#3462=VERTEX_POINT('',#11404);
#3463=VERTEX_POINT('',#11412);
#3464=VERTEX_POINT('',#11416);
#3465=VERTEX_POINT('',#11429);
#3466=VERTEX_POINT('',#11446);
#3467=VERTEX_POINT('',#11463);
#3468=VERTEX_POINT('',#11480);
#3469=VERTEX_POINT('',#11488);
#3470=VERTEX_POINT('',#11489);
#3471=VERTEX_POINT('',#11497);
#3472=VERTEX_POINT('',#11505);
#3473=VERTEX_POINT('',#11507);
#3474=VERTEX_POINT('',#11515);
#3475=VERTEX_POINT('',#11523);
#3476=VERTEX_POINT('',#11525);
#3477=VERTEX_POINT('',#11533);
#3478=VERTEX_POINT('',#11541);
#3479=VERTEX_POINT('',#11543);
#3480=VERTEX_POINT('',#11551);
#3481=VERTEX_POINT('',#11570);
#3482=VERTEX_POINT('',#11572);
#3483=VERTEX_POINT('',#11580);
#3484=VERTEX_POINT('',#11593);
#3485=VERTEX_POINT('',#11610);
#3486=VERTEX_POINT('',#11618);
#3487=VERTEX_POINT('',#11631);
#3488=VERTEX_POINT('',#11639);
#3489=VERTEX_POINT('',#11640);
#3490=VERTEX_POINT('',#11648);
#3491=VERTEX_POINT('',#11656);
#3492=VERTEX_POINT('',#11664);
#3493=VERTEX_POINT('',#11672);
#3494=VERTEX_POINT('',#11674);
#3495=VERTEX_POINT('',#11676);
#3496=VERTEX_POINT('',#11684);
#3497=VERTEX_POINT('',#11692);
#3498=VERTEX_POINT('',#11694);
#3499=VERTEX_POINT('',#11702);
#3500=VERTEX_POINT('',#11710);
#3501=VERTEX_POINT('',#11713);
#3502=VERTEX_POINT('',#11714);
#3503=VERTEX_POINT('',#11716);
#3504=VERTEX_POINT('',#11718);
#3505=VERTEX_POINT('',#11726);
#3506=VERTEX_POINT('',#11734);
#3507=VERTEX_POINT('',#11736);
#3508=VERTEX_POINT('',#11744);
#3509=VERTEX_POINT('',#11754);
#3510=VERTEX_POINT('',#11756);
#3511=VERTEX_POINT('',#11769);
#3512=VERTEX_POINT('',#11786);
#3513=VERTEX_POINT('',#11794);
#3514=VERTEX_POINT('',#11807);
#3515=VERTEX_POINT('',#11809);
#3516=VERTEX_POINT('',#11826);
#3517=VERTEX_POINT('',#11834);
#3518=VERTEX_POINT('',#11838);
#3519=VERTEX_POINT('',#11851);
#3520=VERTEX_POINT('',#11868);
#3521=VERTEX_POINT('',#11885);
#3522=VERTEX_POINT('',#11893);
#3523=VERTEX_POINT('',#11894);
#3524=VERTEX_POINT('',#11902);
#3525=VERTEX_POINT('',#11910);
#3526=VERTEX_POINT('',#11918);
#3527=VERTEX_POINT('',#11926);
#3528=VERTEX_POINT('',#11928);
#3529=VERTEX_POINT('',#11930);
#3530=VERTEX_POINT('',#11932);
#3531=VERTEX_POINT('',#11940);
#3532=VERTEX_POINT('',#11948);
#3533=VERTEX_POINT('',#11956);
#3534=VERTEX_POINT('',#11964);
#3535=VERTEX_POINT('',#11966);
#3536=VERTEX_POINT('',#11974);
#3537=VERTEX_POINT('',#11982);
#3538=VERTEX_POINT('',#11984);
#3539=VERTEX_POINT('',#11992);
#3540=VERTEX_POINT('',#12000);
#3541=VERTEX_POINT('',#12002);
#3542=VERTEX_POINT('',#12010);
#3543=VERTEX_POINT('',#12019);
#3544=VERTEX_POINT('',#12020);
#3545=VERTEX_POINT('',#12022);
#3546=VERTEX_POINT('',#12030);
#3547=VERTEX_POINT('',#12032);
#3548=VERTEX_POINT('',#12040);
#3549=VERTEX_POINT('',#12048);
#3550=VERTEX_POINT('',#12050);
#3551=VERTEX_POINT('',#12058);
#3552=VERTEX_POINT('',#12062);
#3553=VERTEX_POINT('',#12064);
#3554=VERTEX_POINT('',#12077);
#3555=VERTEX_POINT('',#12094);
#3556=VERTEX_POINT('',#12102);
#3557=VERTEX_POINT('',#12115);
#3558=VERTEX_POINT('',#12123);
#3559=VERTEX_POINT('',#12125);
#3560=VERTEX_POINT('',#12138);
#3561=VERTEX_POINT('',#12155);
#3562=VERTEX_POINT('',#12172);
#3563=VERTEX_POINT('',#12189);
#3564=VERTEX_POINT('',#12197);
#3565=VERTEX_POINT('',#12201);
#3566=VERTEX_POINT('',#12205);
#3567=VERTEX_POINT('',#12218);
#3568=VERTEX_POINT('',#12235);
#3569=VERTEX_POINT('',#12252);
#3570=VERTEX_POINT('',#12260);
#3571=VERTEX_POINT('',#12261);
#3572=VERTEX_POINT('',#12263);
#3573=VERTEX_POINT('',#12265);
#3574=VERTEX_POINT('',#12269);
#3575=VERTEX_POINT('',#12271);
#3576=VERTEX_POINT('',#12275);
#3577=VERTEX_POINT('',#12277);
#3578=VERTEX_POINT('',#12285);
#3579=VERTEX_POINT('',#12287);
#3580=VERTEX_POINT('',#12292);
#3581=VERTEX_POINT('',#12293);
#3582=VERTEX_POINT('',#12295);
#3583=VERTEX_POINT('',#12297);
#3584=VERTEX_POINT('',#12301);
#3585=VERTEX_POINT('',#12303);
#3586=VERTEX_POINT('',#12307);
#3587=VERTEX_POINT('',#12309);
#3588=VERTEX_POINT('',#12317);
#3589=VERTEX_POINT('',#12318);
#3590=VERTEX_POINT('',#12320);
#3591=VERTEX_POINT('',#12322);
#3592=VERTEX_POINT('',#12326);
#3593=VERTEX_POINT('',#12328);
#3594=VERTEX_POINT('',#12332);
#3595=VERTEX_POINT('',#12334);
#3596=VERTEX_POINT('',#12342);
#3597=VERTEX_POINT('',#12343);
#3598=VERTEX_POINT('',#12345);
#3599=VERTEX_POINT('',#12347);
#3600=VERTEX_POINT('',#12351);
#3601=VERTEX_POINT('',#12353);
#3602=VERTEX_POINT('',#12357);
#3603=VERTEX_POINT('',#12359);
#3604=VERTEX_POINT('',#12367);
#3605=VERTEX_POINT('',#12368);
#3606=VERTEX_POINT('',#12370);
#3607=VERTEX_POINT('',#12372);
#3608=VERTEX_POINT('',#12376);
#3609=VERTEX_POINT('',#12378);
#3610=VERTEX_POINT('',#12385);
#3611=VERTEX_POINT('',#12387);
#3612=VERTEX_POINT('',#12391);
#3613=VERTEX_POINT('',#12393);
#3614=VERTEX_POINT('',#12395);
#3615=VERTEX_POINT('',#12397);
#3616=VERTEX_POINT('',#12399);
#3617=VERTEX_POINT('',#12401);
#3618=VERTEX_POINT('',#12403);
#3619=VERTEX_POINT('',#12407);
#3620=VERTEX_POINT('',#12408);
#3621=VERTEX_POINT('',#12410);
#3622=VERTEX_POINT('',#12412);
#3623=VERTEX_POINT('',#12415);
#3624=VERTEX_POINT('',#12416);
#3625=VERTEX_POINT('',#12418);
#3626=VERTEX_POINT('',#12421);
#3627=VERTEX_POINT('',#12422);
#3628=VERTEX_POINT('',#12424);
#3629=VERTEX_POINT('',#12427);
#3630=VERTEX_POINT('',#12428);
#3631=VERTEX_POINT('',#12430);
#3632=VERTEX_POINT('',#12434);
#3633=VERTEX_POINT('',#12436);
#3634=VERTEX_POINT('',#12440);
#3635=VERTEX_POINT('',#12444);
#3636=VERTEX_POINT('',#12446);
#3637=VERTEX_POINT('',#12450);
#3638=VERTEX_POINT('',#12456);
#3639=VERTEX_POINT('',#12458);
#3640=VERTEX_POINT('',#12462);
#3641=VERTEX_POINT('',#12466);
#3642=VERTEX_POINT('',#12468);
#3643=VERTEX_POINT('',#12472);
#3644=VERTEX_POINT('',#12476);
#3645=VERTEX_POINT('',#12477);
#3646=VERTEX_POINT('',#12479);
#3647=VERTEX_POINT('',#12481);
#3648=VERTEX_POINT('',#12485);
#3649=VERTEX_POINT('',#12487);
#3650=VERTEX_POINT('',#12489);
#3651=VERTEX_POINT('',#12491);
#3652=VERTEX_POINT('',#12493);
#3653=VERTEX_POINT('',#12495);
#3654=VERTEX_POINT('',#12497);
#3655=VERTEX_POINT('',#12501);
#3656=VERTEX_POINT('',#12503);
#3657=VERTEX_POINT('',#12505);
#3658=VERTEX_POINT('',#12507);
#3659=VERTEX_POINT('',#12509);
#3660=VERTEX_POINT('',#12516);
#3661=VERTEX_POINT('',#12518);
#3662=VERTEX_POINT('',#12522);
#3663=VERTEX_POINT('',#12526);
#3664=VERTEX_POINT('',#12527);
#3665=VERTEX_POINT('',#12532);
#3666=VERTEX_POINT('',#12536);
#3667=VERTEX_POINT('',#12542);
#3668=VERTEX_POINT('',#12544);
#3669=VERTEX_POINT('',#12548);
#3670=VERTEX_POINT('',#12550);
#3671=VERTEX_POINT('',#12552);
#3672=VERTEX_POINT('',#12554);
#3673=VERTEX_POINT('',#12556);
#3674=VERTEX_POINT('',#12558);
#3675=VERTEX_POINT('',#12560);
#3676=VERTEX_POINT('',#12563);
#3677=VERTEX_POINT('',#12565);
#3678=VERTEX_POINT('',#12569);
#3679=VERTEX_POINT('',#12578);
#3680=VERTEX_POINT('',#12585);
#3681=VERTEX_POINT('',#12586);
#3682=VERTEX_POINT('',#12593);
#3683=VERTEX_POINT('',#12595);
#3684=VERTEX_POINT('',#12597);
#3685=VERTEX_POINT('',#12601);
#3686=VERTEX_POINT('',#12604);
#3687=VERTEX_POINT('',#12606);
#3688=VERTEX_POINT('',#12608);
#3689=VERTEX_POINT('',#12610);
#3690=VERTEX_POINT('',#12612);
#3691=VERTEX_POINT('',#12614);
#3692=VERTEX_POINT('',#12616);
#3693=VERTEX_POINT('',#12618);
#3694=VERTEX_POINT('',#12620);
#3695=VERTEX_POINT('',#12622);
#3696=VERTEX_POINT('',#12624);
#3697=VERTEX_POINT('',#12632);
#3698=VERTEX_POINT('',#12638);
#3699=VERTEX_POINT('',#12642);
#3700=VERTEX_POINT('',#12648);
#3701=VERTEX_POINT('',#12650);
#3702=VERTEX_POINT('',#12652);
#3703=VERTEX_POINT('',#12655);
#3704=VERTEX_POINT('',#12657);
#3705=VERTEX_POINT('',#12659);
#3706=VERTEX_POINT('',#12661);
#3707=VERTEX_POINT('',#12663);
#3708=VERTEX_POINT('',#12665);
#3709=VERTEX_POINT('',#12667);
#3710=VERTEX_POINT('',#12670);
#3711=VERTEX_POINT('',#12675);
#3712=VERTEX_POINT('',#12676);
#3713=VERTEX_POINT('',#12678);
#3714=VERTEX_POINT('',#12680);
#3715=VERTEX_POINT('',#12684);
#3716=VERTEX_POINT('',#12686);
#3717=VERTEX_POINT('',#12689);
#3718=VERTEX_POINT('',#12692);
#3719=VERTEX_POINT('',#12693);
#3720=VERTEX_POINT('',#12695);
#3721=VERTEX_POINT('',#12698);
#3722=VERTEX_POINT('',#12702);
#3723=VERTEX_POINT('',#12708);
#3724=VERTEX_POINT('',#12715);
#3725=VERTEX_POINT('',#12717);
#3726=VERTEX_POINT('',#12721);
#3727=VERTEX_POINT('',#12727);
#3728=VERTEX_POINT('',#12729);
#3729=VERTEX_POINT('',#12733);
#3730=VERTEX_POINT('',#12737);
#3731=VERTEX_POINT('',#12751);
#3732=VERTEX_POINT('',#12753);
#3733=VERTEX_POINT('',#12765);
#3734=VERTEX_POINT('',#12766);
#3735=VERTEX_POINT('',#12771);
#3736=VERTEX_POINT('',#12778);
#3737=VERTEX_POINT('',#12780);
#3738=VERTEX_POINT('',#12784);
#3739=VERTEX_POINT('',#12786);
#3740=VERTEX_POINT('',#12789);
#3741=VERTEX_POINT('',#12791);
#3742=VERTEX_POINT('',#12793);
#3743=VERTEX_POINT('',#12795);
#3744=VERTEX_POINT('',#12812);
#3745=VERTEX_POINT('',#12818);
#3746=VERTEX_POINT('',#12828);
#3747=VERTEX_POINT('',#12864);
#3748=VERTEX_POINT('',#12873);
#3749=VERTEX_POINT('',#12893);
#3750=VERTEX_POINT('',#12899);
#3751=VERTEX_POINT('',#12901);
#3752=VERTEX_POINT('',#12903);
#3753=VERTEX_POINT('',#12905);
#3754=VERTEX_POINT('',#12911);
#3755=VERTEX_POINT('',#12917);
#3756=VERTEX_POINT('',#12923);
#3757=VERTEX_POINT('',#12929);
#3758=VERTEX_POINT('',#12931);
#3759=VERTEX_POINT('',#12934);
#3760=VERTEX_POINT('',#12940);
#3761=VERTEX_POINT('',#12942);
#3762=VERTEX_POINT('',#12944);
#3763=VERTEX_POINT('',#12946);
#3764=VERTEX_POINT('',#12952);
#3765=VERTEX_POINT('',#12958);
#3766=VERTEX_POINT('',#12964);
#3767=VERTEX_POINT('',#12970);
#3768=VERTEX_POINT('',#12972);
#3769=VERTEX_POINT('',#12974);
#3770=VERTEX_POINT('',#12977);
#3771=VERTEX_POINT('',#12980);
#3772=VERTEX_POINT('',#12986);
#3773=VERTEX_POINT('',#12988);
#3774=VERTEX_POINT('',#12994);
#3775=VERTEX_POINT('',#13000);
#3776=VERTEX_POINT('',#13002);
#3777=VERTEX_POINT('',#13008);
#3778=VERTEX_POINT('',#13019);
#3779=VERTEX_POINT('',#13025);
#3780=VERTEX_POINT('',#13027);
#3781=VERTEX_POINT('',#13029);
#3782=VERTEX_POINT('',#13035);
#3783=VERTEX_POINT('',#13042);
#3784=VERTEX_POINT('',#13048);
#3785=VERTEX_POINT('',#13050);
#3786=VERTEX_POINT('',#13056);
#3787=VERTEX_POINT('',#13062);
#3788=VERTEX_POINT('',#13064);
#3789=VERTEX_POINT('',#13070);
#3790=VERTEX_POINT('',#13076);
#3791=VERTEX_POINT('',#13078);
#3792=VERTEX_POINT('',#13089);
#3793=VERTEX_POINT('',#13095);
#3794=VERTEX_POINT('',#13097);
#3795=VERTEX_POINT('',#13103);
#3796=VERTEX_POINT('',#13109);
#3797=VERTEX_POINT('',#13116);
#3798=VERTEX_POINT('',#13118);
#3799=VERTEX_POINT('',#13120);
#3800=VERTEX_POINT('',#13126);
#3801=VERTEX_POINT('',#13132);
#3802=VERTEX_POINT('',#13138);
#3803=VERTEX_POINT('',#13144);
#3804=VERTEX_POINT('',#13146);
#3805=VERTEX_POINT('',#13148);
#3806=VERTEX_POINT('',#13154);
#3807=VERTEX_POINT('',#13160);
#3808=VERTEX_POINT('',#13389);
#3809=VERTEX_POINT('',#13406);
#3810=VERTEX_POINT('',#13414);
#3811=VERTEX_POINT('',#13467);
#3812=VERTEX_POINT('',#13475);
#3813=VERTEX_POINT('',#13479);
#3814=EDGE_CURVE('',#3122,#3123,#1530,.T.);
#3815=EDGE_CURVE('',#3124,#3122,#1531,.T.);
#3816=EDGE_CURVE('',#3125,#3124,#1532,.T.);
#3817=EDGE_CURVE('',#3123,#3125,#1533,.T.);
#3818=EDGE_CURVE('',#3126,#3126,#483,.T.);
#3819=EDGE_CURVE('',#3127,#3127,#484,.T.);
#3820=EDGE_CURVE('',#3128,#3128,#485,.T.);
#3821=EDGE_CURVE('',#3129,#3129,#486,.T.);
#3822=EDGE_CURVE('',#3130,#3130,#487,.T.);
#3823=EDGE_CURVE('',#3131,#3131,#488,.T.);
#3824=EDGE_CURVE('',#3132,#3132,#489,.T.);
#3825=EDGE_CURVE('',#3133,#3133,#490,.T.);
#3826=EDGE_CURVE('',#3134,#3134,#491,.T.);
#3827=EDGE_CURVE('',#3135,#3135,#492,.T.);
#3828=EDGE_CURVE('',#3136,#3136,#493,.T.);
#3829=EDGE_CURVE('',#3137,#3137,#494,.T.);
#3830=EDGE_CURVE('',#3138,#3138,#495,.T.);
#3831=EDGE_CURVE('',#3139,#3139,#496,.T.);
#3832=EDGE_CURVE('',#3140,#3140,#497,.T.);
#3833=EDGE_CURVE('',#3141,#3141,#498,.T.);
#3834=EDGE_CURVE('',#3142,#3142,#499,.T.);
#3835=EDGE_CURVE('',#3143,#3143,#500,.T.);
#3836=EDGE_CURVE('',#3144,#3144,#501,.T.);
#3837=EDGE_CURVE('',#3145,#3145,#502,.T.);
#3838=EDGE_CURVE('',#3146,#3146,#503,.T.);
#3839=EDGE_CURVE('',#3147,#3147,#504,.T.);
#3840=EDGE_CURVE('',#3148,#3148,#505,.T.);
#3841=EDGE_CURVE('',#3149,#3150,#506,.T.);
#3842=EDGE_CURVE('',#3151,#3149,#1534,.T.);
#3843=EDGE_CURVE('',#3152,#3151,#507,.T.);
#3844=EDGE_CURVE('',#3150,#3152,#1535,.T.);
#3845=EDGE_CURVE('',#3153,#3153,#508,.T.);
#3846=EDGE_CURVE('',#3154,#3155,#509,.T.);
#3847=EDGE_CURVE('',#3156,#3154,#1536,.T.);
#3848=EDGE_CURVE('',#3157,#3156,#510,.T.);
#3849=EDGE_CURVE('',#3155,#3157,#1537,.T.);
#3850=EDGE_CURVE('',#3158,#3158,#511,.T.);
#3851=EDGE_CURVE('',#3159,#3159,#512,.T.);
#3852=EDGE_CURVE('',#3160,#3160,#513,.T.);
#3853=EDGE_CURVE('',#3161,#3161,#514,.T.);
#3854=EDGE_CURVE('',#3162,#3162,#515,.T.);
#3855=EDGE_CURVE('',#3163,#3163,#516,.T.);
#3856=EDGE_CURVE('',#3164,#3164,#517,.T.);
#3857=EDGE_CURVE('',#3165,#3165,#518,.T.);
#3858=EDGE_CURVE('',#3166,#3166,#519,.T.);
#3859=EDGE_CURVE('',#3167,#3167,#520,.T.);
#3860=EDGE_CURVE('',#3168,#3168,#521,.T.);
#3861=EDGE_CURVE('',#3169,#3169,#522,.T.);
#3862=EDGE_CURVE('',#3170,#3170,#523,.T.);
#3863=EDGE_CURVE('',#3171,#3171,#524,.T.);
#3864=EDGE_CURVE('',#3172,#3172,#525,.T.);
#3865=EDGE_CURVE('',#3173,#3173,#526,.T.);
#3866=EDGE_CURVE('',#3174,#3174,#527,.T.);
#3867=EDGE_CURVE('',#3175,#3175,#528,.T.);
#3868=EDGE_CURVE('',#3176,#3176,#529,.T.);
#3869=EDGE_CURVE('',#3177,#3177,#530,.T.);
#3870=EDGE_CURVE('',#3178,#3178,#531,.T.);
#3871=EDGE_CURVE('',#3179,#3179,#532,.T.);
#3872=EDGE_CURVE('',#3180,#3180,#533,.T.);
#3873=EDGE_CURVE('',#3181,#3181,#534,.T.);
#3874=EDGE_CURVE('',#3182,#3182,#535,.T.);
#3875=EDGE_CURVE('',#3183,#3156,#1538,.T.);
#3876=EDGE_CURVE('',#3183,#3184,#536,.T.);
#3877=EDGE_CURVE('',#3184,#3157,#1539,.T.);
#3878=EDGE_CURVE('',#3185,#3154,#1540,.T.);
#3879=EDGE_CURVE('',#3185,#3183,#1541,.T.);
#3880=EDGE_CURVE('',#3186,#3151,#1542,.T.);
#3881=EDGE_CURVE('',#3186,#3187,#537,.T.);
#3882=EDGE_CURVE('',#3187,#3152,#1543,.T.);
#3883=EDGE_CURVE('',#3188,#3149,#1544,.T.);
#3884=EDGE_CURVE('',#3188,#3186,#1545,.T.);
#3885=EDGE_CURVE('',#3189,#3122,#1546,.T.);
#3886=EDGE_CURVE('',#3190,#3189,#1547,.T.);
#3887=EDGE_CURVE('',#3190,#3124,#1548,.T.);
#3888=EDGE_CURVE('',#3191,#3123,#1549,.T.);
#3889=EDGE_CURVE('',#3189,#3191,#1550,.T.);
#3890=EDGE_CURVE('',#3192,#3125,#1551,.T.);
#3891=EDGE_CURVE('',#3191,#3192,#1552,.T.);
#3892=EDGE_CURVE('',#3192,#3190,#1553,.T.);
#3893=EDGE_CURVE('',#3193,#3193,#538,.T.);
#3894=EDGE_CURVE('',#3194,#3194,#539,.T.);
#3895=EDGE_CURVE('',#3195,#3195,#540,.T.);
#3896=EDGE_CURVE('',#3196,#3196,#541,.T.);
#3897=EDGE_CURVE('',#3197,#3197,#542,.T.);
#3898=EDGE_CURVE('',#3198,#3198,#543,.T.);
#3899=EDGE_CURVE('',#3199,#3199,#544,.T.);
#3900=EDGE_CURVE('',#3200,#3200,#545,.T.);
#3901=EDGE_CURVE('',#3201,#3201,#546,.T.);
#3902=EDGE_CURVE('',#3202,#3202,#547,.T.);
#3903=EDGE_CURVE('',#3203,#3203,#548,.T.);
#3904=EDGE_CURVE('',#3204,#3204,#549,.T.);
#3905=EDGE_CURVE('',#3205,#3205,#550,.T.);
#3906=EDGE_CURVE('',#3206,#3206,#551,.T.);
#3907=EDGE_CURVE('',#3207,#3207,#552,.T.);
#3908=EDGE_CURVE('',#3208,#3208,#553,.T.);
#3909=EDGE_CURVE('',#3209,#3209,#554,.T.);
#3910=EDGE_CURVE('',#3210,#3210,#555,.T.);
#3911=EDGE_CURVE('',#3211,#3211,#556,.T.);
#3912=EDGE_CURVE('',#3212,#3212,#557,.T.);
#3913=EDGE_CURVE('',#3213,#3213,#558,.T.);
#3914=EDGE_CURVE('',#3214,#3214,#559,.T.);
#3915=EDGE_CURVE('',#3215,#3215,#560,.T.);
#3916=EDGE_CURVE('',#3216,#3188,#561,.T.);
#3917=EDGE_CURVE('',#3187,#3216,#1554,.T.);
#3918=EDGE_CURVE('',#3217,#3217,#562,.T.);
#3919=EDGE_CURVE('',#3218,#3185,#563,.T.);
#3920=EDGE_CURVE('',#3184,#3218,#1555,.T.);
#3921=EDGE_CURVE('',#3219,#3219,#564,.T.);
#3922=EDGE_CURVE('',#3220,#3220,#565,.T.);
#3923=EDGE_CURVE('',#3221,#3221,#566,.T.);
#3924=EDGE_CURVE('',#3222,#3222,#567,.T.);
#3925=EDGE_CURVE('',#3223,#3223,#568,.T.);
#3926=EDGE_CURVE('',#3224,#3224,#569,.T.);
#3927=EDGE_CURVE('',#3225,#3225,#570,.T.);
#3928=EDGE_CURVE('',#3226,#3226,#571,.T.);
#3929=EDGE_CURVE('',#3227,#3227,#572,.T.);
#3930=EDGE_CURVE('',#3228,#3228,#573,.T.);
#3931=EDGE_CURVE('',#3229,#3229,#574,.T.);
#3932=EDGE_CURVE('',#3230,#3230,#575,.T.);
#3933=EDGE_CURVE('',#3231,#3231,#576,.T.);
#3934=EDGE_CURVE('',#3232,#3232,#577,.T.);
#3935=EDGE_CURVE('',#3233,#3233,#578,.T.);
#3936=EDGE_CURVE('',#3234,#3234,#579,.T.);
#3937=EDGE_CURVE('',#3235,#3235,#580,.T.);
#3938=EDGE_CURVE('',#3236,#3236,#581,.T.);
#3939=EDGE_CURVE('',#3237,#3237,#582,.T.);
#3940=EDGE_CURVE('',#3238,#3238,#583,.T.);
#3941=EDGE_CURVE('',#3239,#3239,#584,.T.);
#3942=EDGE_CURVE('',#3240,#3240,#585,.T.);
#3943=EDGE_CURVE('',#3241,#3241,#586,.T.);
#3944=EDGE_CURVE('',#3242,#3242,#587,.T.);
#3945=EDGE_CURVE('',#3243,#3243,#588,.T.);
#3946=EDGE_CURVE('',#3126,#3193,#1556,.T.);
#3947=EDGE_CURVE('',#3127,#3194,#1557,.T.);
#3948=EDGE_CURVE('',#3128,#3195,#1558,.T.);
#3949=EDGE_CURVE('',#3129,#3196,#1559,.T.);
#3950=EDGE_CURVE('',#3130,#3197,#1560,.T.);
#3951=EDGE_CURVE('',#3131,#3198,#1561,.T.);
#3952=EDGE_CURVE('',#3132,#3199,#1562,.T.);
#3953=EDGE_CURVE('',#3133,#3200,#1563,.T.);
#3954=EDGE_CURVE('',#3134,#3201,#1564,.T.);
#3955=EDGE_CURVE('',#3135,#3202,#1565,.T.);
#3956=EDGE_CURVE('',#3136,#3203,#1566,.T.);
#3957=EDGE_CURVE('',#3137,#3204,#1567,.T.);
#3958=EDGE_CURVE('',#3138,#3205,#1568,.T.);
#3959=EDGE_CURVE('',#3139,#3206,#1569,.T.);
#3960=EDGE_CURVE('',#3140,#3207,#1570,.T.);
#3961=EDGE_CURVE('',#3141,#3208,#1571,.T.);
#3962=EDGE_CURVE('',#3142,#3209,#1572,.T.);
#3963=EDGE_CURVE('',#3143,#3210,#1573,.T.);
#3964=EDGE_CURVE('',#3144,#3211,#1574,.T.);
#3965=EDGE_CURVE('',#3145,#3212,#1575,.T.);
#3966=EDGE_CURVE('',#3146,#3213,#1576,.T.);
#3967=EDGE_CURVE('',#3147,#3214,#1577,.T.);
#3968=EDGE_CURVE('',#3148,#3215,#1578,.T.);
#3969=EDGE_CURVE('',#3216,#3150,#1579,.T.);
#3970=EDGE_CURVE('',#3153,#3217,#1580,.T.);
#3971=EDGE_CURVE('',#3218,#3155,#1581,.T.);
#3972=EDGE_CURVE('',#3158,#3219,#1582,.T.);
#3973=EDGE_CURVE('',#3159,#3220,#1583,.T.);
#3974=EDGE_CURVE('',#3160,#3221,#1584,.T.);
#3975=EDGE_CURVE('',#3161,#3222,#1585,.T.);
#3976=EDGE_CURVE('',#3162,#3223,#1586,.T.);
#3977=EDGE_CURVE('',#3163,#3224,#1587,.T.);
#3978=EDGE_CURVE('',#3164,#3225,#1588,.T.);
#3979=EDGE_CURVE('',#3165,#3226,#1589,.T.);
#3980=EDGE_CURVE('',#3166,#3227,#1590,.T.);
#3981=EDGE_CURVE('',#3167,#3228,#1591,.T.);
#3982=EDGE_CURVE('',#3168,#3229,#1592,.T.);
#3983=EDGE_CURVE('',#3169,#3230,#1593,.T.);
#3984=EDGE_CURVE('',#3170,#3231,#1594,.T.);
#3985=EDGE_CURVE('',#3171,#3232,#1595,.T.);
#3986=EDGE_CURVE('',#3172,#3233,#1596,.T.);
#3987=EDGE_CURVE('',#3173,#3234,#1597,.T.);
#3988=EDGE_CURVE('',#3174,#3235,#1598,.T.);
#3989=EDGE_CURVE('',#3175,#3236,#1599,.T.);
#3990=EDGE_CURVE('',#3176,#3237,#1600,.T.);
#3991=EDGE_CURVE('',#3177,#3238,#1601,.T.);
#3992=EDGE_CURVE('',#3178,#3239,#1602,.T.);
#3993=EDGE_CURVE('',#3179,#3240,#1603,.T.);
#3994=EDGE_CURVE('',#3180,#3241,#1604,.T.);
#3995=EDGE_CURVE('',#3181,#3242,#1605,.T.);
#3996=EDGE_CURVE('',#3182,#3243,#1606,.T.);
#3997=EDGE_CURVE('',#3244,#3245,#1607,.T.);
#3998=EDGE_CURVE('',#3245,#3246,#1608,.T.);
#3999=EDGE_CURVE('',#3246,#3247,#1609,.T.);
#4000=EDGE_CURVE('',#3244,#3247,#1610,.T.);
#4001=EDGE_CURVE('',#3248,#3249,#1611,.T.);
#4002=EDGE_CURVE('',#3249,#3250,#1612,.T.);
#4003=EDGE_CURVE('',#3250,#3251,#1613,.T.);
#4004=EDGE_CURVE('',#3251,#3248,#1614,.T.);
#4005=EDGE_CURVE('',#3245,#3252,#1615,.T.);
#4006=EDGE_CURVE('',#3252,#3253,#1616,.T.);
#4007=EDGE_CURVE('',#3253,#3246,#1617,.T.);
#4008=EDGE_CURVE('',#3249,#3254,#1618,.T.);
#4009=EDGE_CURVE('',#3254,#3255,#1619,.T.);
#4010=EDGE_CURVE('',#3255,#3250,#1620,.T.);
#4011=EDGE_CURVE('',#3256,#3257,#1621,.T.);
#4012=EDGE_CURVE('',#3258,#3256,#1622,.T.);
#4013=EDGE_CURVE('',#3257,#3258,#1623,.T.);
#4014=EDGE_CURVE('',#3252,#3258,#1624,.T.);
#4015=EDGE_CURVE('',#3256,#3253,#1625,.T.);
#4016=EDGE_CURVE('',#3254,#3259,#1626,.T.);
#4017=EDGE_CURVE('',#3259,#3260,#1627,.T.);
#4018=EDGE_CURVE('',#3260,#3255,#1628,.T.);
#4019=EDGE_CURVE('',#3261,#3262,#1629,.T.);
#4020=EDGE_CURVE('',#3263,#3261,#1630,.T.);
#4021=EDGE_CURVE('',#3262,#3263,#1631,.T.);
#4022=EDGE_CURVE('',#3258,#3263,#1632,.T.);
#4023=EDGE_CURVE('',#3261,#3257,#1633,.T.);
#4024=EDGE_CURVE('',#3264,#3262,#1634,.T.);
#4025=EDGE_CURVE('',#3263,#3265,#1635,.T.);
#4026=EDGE_CURVE('',#3265,#3264,#1636,.T.);
#4027=EDGE_CURVE('',#3259,#3266,#1637,.T.);
#4028=EDGE_CURVE('',#3266,#3267,#1638,.T.);
#4029=EDGE_CURVE('',#3267,#3260,#1639,.T.);
#4030=EDGE_CURVE('',#3266,#3268,#1640,.T.);
#4031=EDGE_CURVE('',#3268,#3269,#1641,.T.);
#4032=EDGE_CURVE('',#3269,#3267,#1642,.T.);
#4033=EDGE_CURVE('',#3268,#3261,#1643,.T.);
#4034=EDGE_CURVE('',#3262,#3269,#1644,.T.);
#4035=EDGE_CURVE('',#3251,#3256,#1645,.T.);
#4036=EDGE_CURVE('',#3257,#3248,#1646,.T.);
#4037=EDGE_CURVE('',#3247,#3264,#1647,.T.);
#4038=EDGE_CURVE('',#3265,#3244,#1648,.T.);
#4039=EDGE_CURVE('',#3270,#3268,#1649,.T.);
#4040=EDGE_CURVE('',#3271,#3270,#1650,.T.);
#4041=EDGE_CURVE('',#3248,#3271,#1651,.T.);
#4042=EDGE_CURVE('',#3255,#3272,#1652,.T.);
#4043=EDGE_CURVE('',#3272,#3273,#1653,.T.);
#4044=EDGE_CURVE('',#3273,#3250,#1654,.T.);
#4045=EDGE_CURVE('',#3274,#3260,#1655,.T.);
#4046=EDGE_CURVE('',#3272,#3274,#1656,.T.);
#4047=EDGE_CURVE('',#3267,#3275,#1657,.T.);
#4048=EDGE_CURVE('',#3275,#3274,#1658,.T.);
#4049=EDGE_CURVE('',#3276,#3264,#1659,.T.);
#4050=EDGE_CURVE('',#3277,#3276,#1660,.T.);
#4051=EDGE_CURVE('',#3278,#3277,#1661,.T.);
#4052=EDGE_CURVE('',#3275,#3278,#1662,.T.);
#4053=EDGE_CURVE('',#3279,#3280,#1663,.T.);
#4054=EDGE_CURVE('',#3281,#3279,#1664,.T.);
#4055=EDGE_CURVE('',#3282,#3281,#1665,.T.);
#4056=EDGE_CURVE('',#3280,#3282,#1666,.T.);
#4057=EDGE_CURVE('',#3283,#3284,#1667,.T.);
#4058=EDGE_CURVE('',#3285,#3283,#1668,.T.);
#4059=EDGE_CURVE('',#3286,#3285,#1669,.T.);
#4060=EDGE_CURVE('',#3284,#3286,#1670,.T.);
#4061=EDGE_CURVE('',#3287,#3288,#1671,.T.);
#4062=EDGE_CURVE('',#3289,#3287,#1672,.T.);
#4063=EDGE_CURVE('',#3288,#3289,#1673,.T.);
#4064=EDGE_CURVE('',#3290,#3273,#1674,.T.);
#4065=EDGE_CURVE('',#3291,#3290,#1675,.T.);
#4066=EDGE_CURVE('',#3292,#3291,#1676,.T.);
#4067=EDGE_CURVE('',#3292,#3253,#1677,.T.);
#4068=EDGE_CURVE('',#3293,#3294,#1678,.T.);
#4069=EDGE_CURVE('',#3295,#3293,#1679,.T.);
#4070=EDGE_CURVE('',#3296,#3295,#1680,.T.);
#4071=EDGE_CURVE('',#3294,#3296,#1681,.T.);
#4072=EDGE_CURVE('',#3297,#3298,#1682,.T.);
#4073=EDGE_CURVE('',#3299,#3298,#1683,.T.);
#4074=EDGE_CURVE('',#3297,#3299,#1684,.T.);
#4075=EDGE_CURVE('',#3300,#3301,#1685,.T.);
#4076=EDGE_CURVE('',#3302,#3300,#1686,.T.);
#4077=EDGE_CURVE('',#3303,#3302,#1687,.T.);
#4078=EDGE_CURVE('',#3301,#3303,#1688,.T.);
#4079=EDGE_CURVE('',#3304,#3247,#1689,.T.);
#4080=EDGE_CURVE('',#3276,#3304,#1690,.T.);
#4081=EDGE_CURVE('',#3305,#3246,#1691,.T.);
#4082=EDGE_CURVE('',#3305,#3304,#1692,.T.);
#4083=EDGE_CURVE('',#3305,#3292,#1693,.T.);
#4084=EDGE_CURVE('',#3270,#3306,#1694,.F.);
#4085=EDGE_CURVE('',#3306,#3307,#1695,.F.);
#4086=EDGE_CURVE('',#3307,#3271,#1696,.F.);
#4087=EDGE_CURVE('',#3271,#3308,#1697,.F.);
#4088=EDGE_CURVE('',#3308,#3309,#1698,.F.);
#4089=EDGE_CURVE('',#3309,#3270,#1699,.F.);
#4090=EDGE_CURVE('',#3310,#3311,#1700,.T.);
#4091=EDGE_CURVE('',#3312,#3310,#1701,.T.);
#4092=EDGE_CURVE('',#3313,#3312,#1702,.T.);
#4093=EDGE_CURVE('',#3311,#3313,#1703,.T.);
#4094=EDGE_CURVE('',#3314,#3315,#1704,.T.);
#4095=EDGE_CURVE('',#3316,#3314,#1705,.T.);
#4096=EDGE_CURVE('',#3317,#3316,#1706,.T.);
#4097=EDGE_CURVE('',#3315,#3317,#1707,.T.);
#4098=EDGE_CURVE('',#3318,#3317,#1708,.T.);
#4099=EDGE_CURVE('',#3319,#3318,#1709,.T.);
#4100=EDGE_CURVE('',#3315,#3319,#1710,.T.);
#4101=EDGE_CURVE('',#3320,#3316,#1711,.T.);
#4102=EDGE_CURVE('',#3318,#3320,#1712,.T.);
#4103=EDGE_CURVE('',#3321,#3322,#1713,.T.);
#4104=EDGE_CURVE('',#3323,#3321,#1714,.T.);
#4105=EDGE_CURVE('',#3324,#3323,#1715,.T.);
#4106=EDGE_CURVE('',#3322,#3324,#1716,.T.);
#4107=EDGE_CURVE('',#3325,#3323,#1717,.T.);
#4108=EDGE_CURVE('',#3326,#3325,#1718,.T.);
#4109=EDGE_CURVE('',#3326,#3324,#1719,.T.);
#4110=EDGE_CURVE('',#3327,#3321,#1720,.T.);
#4111=EDGE_CURVE('',#3325,#3327,#1721,.T.);
#4112=EDGE_CURVE('',#3328,#3329,#106,.T.);
#4113=EDGE_CURVE('',#3330,#3328,#107,.T.);
#4114=EDGE_CURVE('',#3331,#3330,#108,.T.);
#4115=EDGE_CURVE('',#3332,#3331,#109,.T.);
#4116=EDGE_CURVE('',#3333,#3332,#110,.T.);
#4117=EDGE_CURVE('',#3334,#3333,#1722,.T.);
#4118=EDGE_CURVE('',#3335,#3334,#1723,.T.);
#4119=EDGE_CURVE('',#3336,#3335,#1724,.T.);
#4120=EDGE_CURVE('',#3337,#3336,#111,.T.);
#4121=EDGE_CURVE('',#3338,#3337,#112,.T.);
#4122=EDGE_CURVE('',#3339,#3338,#113,.T.);
#4123=EDGE_CURVE('',#3340,#3339,#114,.T.);
#4124=EDGE_CURVE('',#3341,#3340,#1725,.T.);
#4125=EDGE_CURVE('',#3342,#3341,#115,.T.);
#4126=EDGE_CURVE('',#3343,#3342,#116,.T.);
#4127=EDGE_CURVE('',#3329,#3343,#1726,.T.);
#4128=EDGE_CURVE('',#3344,#3345,#1727,.T.);
#4129=EDGE_CURVE('',#3346,#3344,#1728,.T.);
#4130=EDGE_CURVE('',#3345,#3346,#1729,.T.);
#4131=EDGE_CURVE('',#3347,#3346,#1730,.T.);
#4132=EDGE_CURVE('',#3348,#3347,#1731,.T.);
#4133=EDGE_CURVE('',#3348,#3345,#1732,.T.);
#4134=EDGE_CURVE('',#3349,#3344,#1733,.T.);
#4135=EDGE_CURVE('',#3347,#3349,#1734,.T.);
#4136=EDGE_CURVE('',#3350,#3336,#1735,.T.);
#4137=EDGE_CURVE('',#3351,#3350,#117,.T.);
#4138=EDGE_CURVE('',#3351,#3337,#1736,.T.);
#4139=EDGE_CURVE('',#3352,#3335,#1737,.T.);
#4140=EDGE_CURVE('',#3350,#3352,#1738,.T.);
#4141=EDGE_CURVE('',#3353,#3334,#1739,.T.);
#4142=EDGE_CURVE('',#3352,#3353,#1740,.T.);
#4143=EDGE_CURVE('',#3354,#3333,#1741,.T.);
#4144=EDGE_CURVE('',#3353,#3354,#1742,.T.);
#4145=EDGE_CURVE('',#3355,#3332,#1743,.T.);
#4146=EDGE_CURVE('',#3354,#3355,#118,.T.);
#4147=EDGE_CURVE('',#3356,#3331,#1744,.T.);
#4148=EDGE_CURVE('',#3355,#3356,#119,.T.);
#4149=EDGE_CURVE('',#3357,#3330,#1745,.T.);
#4150=EDGE_CURVE('',#3356,#3357,#120,.T.);
#4151=EDGE_CURVE('',#3358,#3328,#1746,.T.);
#4152=EDGE_CURVE('',#3357,#3358,#121,.T.);
#4153=EDGE_CURVE('',#3359,#3360,#122,.T.);
#4154=EDGE_CURVE('',#3361,#3359,#123,.T.);
#4155=EDGE_CURVE('',#3362,#3361,#124,.T.);
#4156=EDGE_CURVE('',#3363,#3362,#125,.T.);
#4157=EDGE_CURVE('',#3364,#3363,#1747,.T.);
#4158=EDGE_CURVE('',#3365,#3364,#1748,.T.);
#4159=EDGE_CURVE('',#3366,#3365,#1749,.T.);
#4160=EDGE_CURVE('',#3367,#3366,#126,.T.);
#4161=EDGE_CURVE('',#3368,#3367,#127,.T.);
#4162=EDGE_CURVE('',#3369,#3368,#128,.T.);
#4163=EDGE_CURVE('',#3370,#3369,#129,.T.);
#4164=EDGE_CURVE('',#3371,#3370,#1750,.T.);
#4165=EDGE_CURVE('',#3372,#3371,#1751,.T.);
#4166=EDGE_CURVE('',#3373,#3372,#1752,.T.);
#4167=EDGE_CURVE('',#3374,#3373,#1753,.T.);
#4168=EDGE_CURVE('',#3375,#3374,#1754,.T.);
#4169=EDGE_CURVE('',#3376,#3375,#1755,.T.);
#4170=EDGE_CURVE('',#3377,#3376,#130,.T.);
#4171=EDGE_CURVE('',#3378,#3377,#131,.T.);
#4172=EDGE_CURVE('',#3379,#3378,#132,.T.);
#4173=EDGE_CURVE('',#3380,#3379,#133,.T.);
#4174=EDGE_CURVE('',#3381,#3380,#1756,.T.);
#4175=EDGE_CURVE('',#3382,#3381,#1757,.T.);
#4176=EDGE_CURVE('',#3360,#3382,#1758,.T.);
#4177=EDGE_CURVE('',#3383,#3371,#1759,.T.);
#4178=EDGE_CURVE('',#3384,#3383,#1760,.T.);
#4179=EDGE_CURVE('',#3384,#3372,#1761,.T.);
#4180=EDGE_CURVE('',#3385,#3370,#1762,.T.);
#4181=EDGE_CURVE('',#3383,#3385,#1763,.T.);
#4182=EDGE_CURVE('',#3386,#3369,#1764,.T.);
#4183=EDGE_CURVE('',#3385,#3386,#134,.T.);
#4184=EDGE_CURVE('',#3387,#3368,#1765,.T.);
#4185=EDGE_CURVE('',#3386,#3387,#135,.T.);
#4186=EDGE_CURVE('',#3388,#3367,#1766,.T.);
#4187=EDGE_CURVE('',#3387,#3388,#136,.T.);
#4188=EDGE_CURVE('',#3389,#3366,#1767,.T.);
#4189=EDGE_CURVE('',#3388,#3389,#137,.T.);
#4190=EDGE_CURVE('',#3390,#3365,#1768,.T.);
#4191=EDGE_CURVE('',#3389,#3390,#1769,.T.);
#4192=EDGE_CURVE('',#3391,#3364,#1770,.T.);
#4193=EDGE_CURVE('',#3390,#3391,#1771,.T.);
#4194=EDGE_CURVE('',#3392,#3363,#1772,.T.);
#4195=EDGE_CURVE('',#3391,#3392,#1773,.T.);
#4196=EDGE_CURVE('',#3393,#3362,#1774,.T.);
#4197=EDGE_CURVE('',#3392,#3393,#138,.T.);
#4198=EDGE_CURVE('',#3394,#3361,#1775,.T.);
#4199=EDGE_CURVE('',#3393,#3394,#139,.T.);
#4200=EDGE_CURVE('',#3395,#3359,#1776,.T.);
#4201=EDGE_CURVE('',#3394,#3395,#140,.T.);
#4202=EDGE_CURVE('',#3396,#3397,#141,.T.);
#4203=EDGE_CURVE('',#3398,#3396,#142,.T.);
#4204=EDGE_CURVE('',#3399,#3398,#143,.T.);
#4205=EDGE_CURVE('',#3400,#3399,#144,.T.);
#4206=EDGE_CURVE('',#3401,#3400,#1777,.T.);
#4207=EDGE_CURVE('',#3402,#3401,#145,.T.);
#4208=EDGE_CURVE('',#3403,#3402,#146,.T.);
#4209=EDGE_CURVE('',#3404,#3403,#1778,.T.);
#4210=EDGE_CURVE('',#3405,#3404,#147,.T.);
#4211=EDGE_CURVE('',#3406,#3405,#148,.T.);
#4212=EDGE_CURVE('',#3407,#3406,#149,.T.);
#4213=EDGE_CURVE('',#3408,#3407,#150,.T.);
#4214=EDGE_CURVE('',#3409,#3408,#1779,.T.);
#4215=EDGE_CURVE('',#3410,#3409,#1780,.T.);
#4216=EDGE_CURVE('',#3411,#3410,#1781,.T.);
#4217=EDGE_CURVE('',#3412,#3411,#1782,.T.);
#4218=EDGE_CURVE('',#3413,#3412,#151,.T.);
#4219=EDGE_CURVE('',#3414,#3413,#152,.T.);
#4220=EDGE_CURVE('',#3415,#3414,#153,.T.);
#4221=EDGE_CURVE('',#3416,#3415,#154,.T.);
#4222=EDGE_CURVE('',#3417,#3416,#1783,.T.);
#4223=EDGE_CURVE('',#3418,#3417,#1784,.T.);
#4224=EDGE_CURVE('',#3397,#3418,#1785,.T.);
#4225=EDGE_CURVE('',#3419,#3408,#1786,.T.);
#4226=EDGE_CURVE('',#3420,#3419,#1787,.T.);
#4227=EDGE_CURVE('',#3420,#3409,#1788,.T.);
#4228=EDGE_CURVE('',#3421,#3407,#1789,.T.);
#4229=EDGE_CURVE('',#3419,#3421,#155,.T.);
#4230=EDGE_CURVE('',#3422,#3406,#1790,.T.);
#4231=EDGE_CURVE('',#3421,#3422,#156,.T.);
#4232=EDGE_CURVE('',#3423,#3405,#1791,.T.);
#4233=EDGE_CURVE('',#3422,#3423,#157,.T.);
#4234=EDGE_CURVE('',#3424,#3404,#1792,.T.);
#4235=EDGE_CURVE('',#3423,#3424,#158,.T.);
#4236=EDGE_CURVE('',#3425,#3403,#1793,.T.);
#4237=EDGE_CURVE('',#3424,#3425,#1794,.T.);
#4238=EDGE_CURVE('',#3426,#3402,#1795,.T.);
#4239=EDGE_CURVE('',#3425,#3426,#159,.T.);
#4240=EDGE_CURVE('',#3427,#3401,#1796,.T.);
#4241=EDGE_CURVE('',#3426,#3427,#160,.T.);
#4242=EDGE_CURVE('',#3428,#3400,#1797,.T.);
#4243=EDGE_CURVE('',#3427,#3428,#1798,.T.);
#4244=EDGE_CURVE('',#3429,#3399,#1799,.T.);
#4245=EDGE_CURVE('',#3428,#3429,#161,.T.);
#4246=EDGE_CURVE('',#3430,#3398,#1800,.T.);
#4247=EDGE_CURVE('',#3429,#3430,#162,.T.);
#4248=EDGE_CURVE('',#3431,#3396,#1801,.T.);
#4249=EDGE_CURVE('',#3430,#3431,#163,.T.);
#4250=EDGE_CURVE('',#3432,#3433,#1802,.T.);
#4251=EDGE_CURVE('',#3434,#3432,#164,.T.);
#4252=EDGE_CURVE('',#3435,#3434,#165,.T.);
#4253=EDGE_CURVE('',#3436,#3435,#166,.T.);
#4254=EDGE_CURVE('',#3437,#3436,#167,.T.);
#4255=EDGE_CURVE('',#3438,#3437,#1803,.T.);
#4256=EDGE_CURVE('',#3439,#3438,#1804,.T.);
#4257=EDGE_CURVE('',#3440,#3439,#168,.T.);
#4258=EDGE_CURVE('',#3441,#3440,#169,.T.);
#4259=EDGE_CURVE('',#3442,#3441,#170,.T.);
#4260=EDGE_CURVE('',#3443,#3442,#171,.T.);
#4261=EDGE_CURVE('',#3444,#3443,#1805,.T.);
#4262=EDGE_CURVE('',#3445,#3444,#1806,.T.);
#4263=EDGE_CURVE('',#3446,#3445,#172,.T.);
#4264=EDGE_CURVE('',#3447,#3446,#173,.T.);
#4265=EDGE_CURVE('',#3448,#3447,#174,.T.);
#4266=EDGE_CURVE('',#3449,#3448,#175,.T.);
#4267=EDGE_CURVE('',#3450,#3449,#1807,.T.);
#4268=EDGE_CURVE('',#3451,#3450,#1808,.T.);
#4269=EDGE_CURVE('',#3452,#3451,#176,.T.);
#4270=EDGE_CURVE('',#3453,#3452,#177,.T.);
#4271=EDGE_CURVE('',#3454,#3453,#178,.T.);
#4272=EDGE_CURVE('',#3455,#3454,#179,.T.);
#4273=EDGE_CURVE('',#3433,#3455,#1809,.T.);
#4274=EDGE_CURVE('',#3456,#3444,#1810,.T.);
#4275=EDGE_CURVE('',#3457,#3456,#1811,.T.);
#4276=EDGE_CURVE('',#3457,#3445,#1812,.T.);
#4277=EDGE_CURVE('',#3458,#3443,#1813,.T.);
#4278=EDGE_CURVE('',#3456,#3458,#1814,.T.);
#4279=EDGE_CURVE('',#3459,#3442,#1815,.T.);
#4280=EDGE_CURVE('',#3458,#3459,#180,.T.);
#4281=EDGE_CURVE('',#3460,#3441,#1816,.T.);
#4282=EDGE_CURVE('',#3459,#3460,#181,.T.);
#4283=EDGE_CURVE('',#3461,#3440,#1817,.T.);
#4284=EDGE_CURVE('',#3460,#3461,#182,.T.);
#4285=EDGE_CURVE('',#3462,#3439,#1818,.T.);
#4286=EDGE_CURVE('',#3461,#3462,#183,.T.);
#4287=EDGE_CURVE('',#3463,#3438,#1819,.T.);
#4288=EDGE_CURVE('',#3462,#3463,#1820,.T.);
#4289=EDGE_CURVE('',#3464,#3437,#1821,.T.);
#4290=EDGE_CURVE('',#3463,#3464,#1822,.T.);
#4291=EDGE_CURVE('',#3465,#3436,#1823,.T.);
#4292=EDGE_CURVE('',#3464,#3465,#184,.T.);
#4293=EDGE_CURVE('',#3466,#3435,#1824,.T.);
#4294=EDGE_CURVE('',#3465,#3466,#185,.T.);
#4295=EDGE_CURVE('',#3467,#3434,#1825,.T.);
#4296=EDGE_CURVE('',#3466,#3467,#186,.T.);
#4297=EDGE_CURVE('',#3468,#3432,#1826,.T.);
#4298=EDGE_CURVE('',#3467,#3468,#187,.T.);
#4299=EDGE_CURVE('',#3469,#3470,#188,.T.);
#4300=EDGE_CURVE('',#3471,#3469,#189,.T.);
#4301=EDGE_CURVE('',#3472,#3471,#1827,.T.);
#4302=EDGE_CURVE('',#3473,#3472,#190,.T.);
#4303=EDGE_CURVE('',#3474,#3473,#191,.T.);
#4304=EDGE_CURVE('',#3475,#3474,#1828,.T.);
#4305=EDGE_CURVE('',#3476,#3475,#192,.T.);
#4306=EDGE_CURVE('',#3477,#3476,#193,.T.);
#4307=EDGE_CURVE('',#3478,#3477,#1829,.T.);
#4308=EDGE_CURVE('',#3479,#3478,#194,.T.);
#4309=EDGE_CURVE('',#3480,#3479,#195,.T.);
#4310=EDGE_CURVE('',#3470,#3480,#1830,.T.);
#4311=EDGE_CURVE('',#3481,#3475,#1831,.T.);
#4312=EDGE_CURVE('',#3482,#3481,#196,.T.);
#4313=EDGE_CURVE('',#3482,#3476,#1832,.T.);
#4314=EDGE_CURVE('',#3483,#3474,#1833,.T.);
#4315=EDGE_CURVE('',#3481,#3483,#1834,.T.);
#4316=EDGE_CURVE('',#3484,#3473,#1835,.T.);
#4317=EDGE_CURVE('',#3483,#3484,#197,.T.);
#4318=EDGE_CURVE('',#3485,#3472,#1836,.T.);
#4319=EDGE_CURVE('',#3484,#3485,#198,.T.);
#4320=EDGE_CURVE('',#3486,#3471,#1837,.T.);
#4321=EDGE_CURVE('',#3485,#3486,#1838,.T.);
#4322=EDGE_CURVE('',#3487,#3469,#1839,.T.);
#4323=EDGE_CURVE('',#3486,#3487,#199,.T.);
#4324=EDGE_CURVE('',#3488,#3489,#200,.T.);
#4325=EDGE_CURVE('',#3490,#3488,#201,.T.);
#4326=EDGE_CURVE('',#3491,#3490,#202,.T.);
#4327=EDGE_CURVE('',#3492,#3491,#203,.T.);
#4328=EDGE_CURVE('',#3493,#3492,#1840,.T.);
#4329=EDGE_CURVE('',#3494,#3493,#1841,.T.);
#4330=EDGE_CURVE('',#3495,#3494,#204,.T.);
#4331=EDGE_CURVE('',#3496,#3495,#205,.T.);
#4332=EDGE_CURVE('',#3497,#3496,#1842,.T.);
#4333=EDGE_CURVE('',#3498,#3497,#206,.T.);
#4334=EDGE_CURVE('',#3499,#3498,#207,.T.);
#4335=EDGE_CURVE('',#3500,#3499,#1843,.T.);
#4336=EDGE_CURVE('',#3489,#3500,#1844,.T.);
#4337=EDGE_CURVE('',#3501,#3502,#1845,.T.);
#4338=EDGE_CURVE('',#3503,#3501,#1846,.T.);
#4339=EDGE_CURVE('',#3504,#3503,#208,.T.);
#4340=EDGE_CURVE('',#3505,#3504,#209,.T.);
#4341=EDGE_CURVE('',#3506,#3505,#1847,.T.);
#4342=EDGE_CURVE('',#3507,#3506,#210,.T.);
#4343=EDGE_CURVE('',#3508,#3507,#211,.T.);
#4344=EDGE_CURVE('',#3502,#3508,#1848,.T.);
#4345=EDGE_CURVE('',#3509,#3505,#1849,.T.);
#4346=EDGE_CURVE('',#3510,#3509,#1850,.T.);
#4347=EDGE_CURVE('',#3510,#3506,#1851,.T.);
#4348=EDGE_CURVE('',#3511,#3504,#1852,.T.);
#4349=EDGE_CURVE('',#3509,#3511,#212,.T.);
#4350=EDGE_CURVE('',#3512,#3503,#1853,.T.);
#4351=EDGE_CURVE('',#3511,#3512,#213,.T.);
#4352=EDGE_CURVE('',#3513,#3501,#1854,.T.);
#4353=EDGE_CURVE('',#3512,#3513,#1855,.T.);
#4354=EDGE_CURVE('',#3514,#3495,#1856,.T.);
#4355=EDGE_CURVE('',#3515,#3514,#214,.T.);
#4356=EDGE_CURVE('',#3515,#3496,#1857,.T.);
#4357=EDGE_CURVE('',#3516,#3494,#1858,.T.);
#4358=EDGE_CURVE('',#3514,#3516,#215,.T.);
#4359=EDGE_CURVE('',#3517,#3493,#1859,.T.);
#4360=EDGE_CURVE('',#3516,#3517,#1860,.T.);
#4361=EDGE_CURVE('',#3518,#3492,#1861,.T.);
#4362=EDGE_CURVE('',#3517,#3518,#1862,.T.);
#4363=EDGE_CURVE('',#3519,#3491,#1863,.T.);
#4364=EDGE_CURVE('',#3518,#3519,#216,.T.);
#4365=EDGE_CURVE('',#3520,#3490,#1864,.T.);
#4366=EDGE_CURVE('',#3519,#3520,#217,.T.);
#4367=EDGE_CURVE('',#3521,#3488,#1865,.T.);
#4368=EDGE_CURVE('',#3520,#3521,#218,.T.);
#4369=EDGE_CURVE('',#3522,#3523,#219,.T.);
#4370=EDGE_CURVE('',#3524,#3522,#220,.T.);
#4371=EDGE_CURVE('',#3525,#3524,#221,.T.);
#4372=EDGE_CURVE('',#3526,#3525,#222,.T.);
#4373=EDGE_CURVE('',#3527,#3526,#1866,.T.);
#4374=EDGE_CURVE('',#3528,#3527,#1867,.T.);
#4375=EDGE_CURVE('',#3529,#3528,#1868,.T.);
#4376=EDGE_CURVE('',#3530,#3529,#223,.T.);
#4377=EDGE_CURVE('',#3531,#3530,#224,.T.);
#4378=EDGE_CURVE('',#3532,#3531,#225,.T.);
#4379=EDGE_CURVE('',#3533,#3532,#226,.T.);
#4380=EDGE_CURVE('',#3534,#3533,#1869,.T.);
#4381=EDGE_CURVE('',#3535,#3534,#227,.T.);
#4382=EDGE_CURVE('',#3536,#3535,#228,.T.);
#4383=EDGE_CURVE('',#3537,#3536,#1870,.T.);
#4384=EDGE_CURVE('',#3538,#3537,#229,.T.);
#4385=EDGE_CURVE('',#3539,#3538,#230,.T.);
#4386=EDGE_CURVE('',#3540,#3539,#1871,.T.);
#4387=EDGE_CURVE('',#3541,#3540,#231,.T.);
#4388=EDGE_CURVE('',#3542,#3541,#232,.T.);
#4389=EDGE_CURVE('',#3523,#3542,#1872,.T.);
#4390=EDGE_CURVE('',#3543,#3544,#1873,.T.);
#4391=EDGE_CURVE('',#3545,#3543,#233,.T.);
#4392=EDGE_CURVE('',#3546,#3545,#1874,.T.);
#4393=EDGE_CURVE('',#3547,#3546,#234,.T.);
#4394=EDGE_CURVE('',#3548,#3547,#235,.T.);
#4395=EDGE_CURVE('',#3549,#3548,#1875,.T.);
#4396=EDGE_CURVE('',#3550,#3549,#236,.T.);
#4397=EDGE_CURVE('',#3551,#3550,#1876,.T.);
#4398=EDGE_CURVE('',#3544,#3551,#1877,.T.);
#4399=EDGE_CURVE('',#3552,#3548,#1878,.T.);
#4400=EDGE_CURVE('',#3553,#3552,#1879,.T.);
#4401=EDGE_CURVE('',#3553,#3549,#1880,.T.);
#4402=EDGE_CURVE('',#3554,#3547,#1881,.T.);
#4403=EDGE_CURVE('',#3552,#3554,#237,.T.);
#4404=EDGE_CURVE('',#3555,#3546,#1882,.T.);
#4405=EDGE_CURVE('',#3554,#3555,#238,.T.);
#4406=EDGE_CURVE('',#3556,#3545,#1883,.T.);
#4407=EDGE_CURVE('',#3555,#3556,#1884,.T.);
#4408=EDGE_CURVE('',#3557,#3543,#1885,.T.);
#4409=EDGE_CURVE('',#3556,#3557,#239,.T.);
#4410=EDGE_CURVE('',#3558,#3533,#1886,.T.);
#4411=EDGE_CURVE('',#3559,#3558,#1887,.T.);
#4412=EDGE_CURVE('',#3559,#3534,#1888,.T.);
#4413=EDGE_CURVE('',#3560,#3532,#1889,.T.);
#4414=EDGE_CURVE('',#3558,#3560,#240,.T.);
#4415=EDGE_CURVE('',#3561,#3531,#1890,.T.);
#4416=EDGE_CURVE('',#3560,#3561,#241,.T.);
#4417=EDGE_CURVE('',#3562,#3530,#1891,.T.);
#4418=EDGE_CURVE('',#3561,#3562,#242,.T.);
#4419=EDGE_CURVE('',#3563,#3529,#1892,.T.);
#4420=EDGE_CURVE('',#3562,#3563,#243,.T.);
#4421=EDGE_CURVE('',#3564,#3528,#1893,.T.);
#4422=EDGE_CURVE('',#3563,#3564,#1894,.T.);
#4423=EDGE_CURVE('',#3565,#3527,#1895,.T.);
#4424=EDGE_CURVE('',#3564,#3565,#1896,.T.);
#4425=EDGE_CURVE('',#3566,#3526,#1897,.T.);
#4426=EDGE_CURVE('',#3565,#3566,#1898,.T.);
#4427=EDGE_CURVE('',#3567,#3525,#1899,.T.);
#4428=EDGE_CURVE('',#3566,#3567,#244,.T.);
#4429=EDGE_CURVE('',#3568,#3524,#1900,.T.);
#4430=EDGE_CURVE('',#3567,#3568,#245,.T.);
#4431=EDGE_CURVE('',#3569,#3522,#1901,.T.);
#4432=EDGE_CURVE('',#3568,#3569,#246,.T.);
#4433=EDGE_CURVE('',#3570,#3571,#1902,.T.);
#4434=EDGE_CURVE('',#3570,#3572,#1903,.T.);
#4435=EDGE_CURVE('',#3572,#3573,#1904,.T.);
#4436=EDGE_CURVE('',#3571,#3573,#1905,.T.);
#4437=EDGE_CURVE('',#3574,#3570,#1906,.T.);
#4438=EDGE_CURVE('',#3574,#3575,#1907,.T.);
#4439=EDGE_CURVE('',#3575,#3572,#1908,.T.);
#4440=EDGE_CURVE('',#3576,#3574,#1909,.T.);
#4441=EDGE_CURVE('',#3576,#3577,#1910,.T.);
#4442=EDGE_CURVE('',#3577,#3575,#1911,.T.);
#4443=EDGE_CURVE('',#3571,#3576,#1912,.T.);
#4444=EDGE_CURVE('',#3573,#3577,#1913,.T.);
#4445=EDGE_CURVE('',#3578,#3578,#589,.T.);
#4446=EDGE_CURVE('',#3578,#3579,#1914,.T.);
#4447=EDGE_CURVE('',#3579,#3579,#590,.T.);
#4448=EDGE_CURVE('',#3580,#3581,#1915,.T.);
#4449=EDGE_CURVE('',#3580,#3582,#1916,.T.);
#4450=EDGE_CURVE('',#3582,#3583,#1917,.T.);
#4451=EDGE_CURVE('',#3581,#3583,#1918,.T.);
#4452=EDGE_CURVE('',#3584,#3580,#1919,.T.);
#4453=EDGE_CURVE('',#3584,#3585,#1920,.T.);
#4454=EDGE_CURVE('',#3585,#3582,#1921,.T.);
#4455=EDGE_CURVE('',#3586,#3584,#1922,.T.);
#4456=EDGE_CURVE('',#3586,#3587,#1923,.T.);
#4457=EDGE_CURVE('',#3587,#3585,#1924,.T.);
#4458=EDGE_CURVE('',#3581,#3586,#1925,.T.);
#4459=EDGE_CURVE('',#3583,#3587,#1926,.T.);
#4460=EDGE_CURVE('',#3588,#3589,#1927,.T.);
#4461=EDGE_CURVE('',#3588,#3590,#1928,.T.);
#4462=EDGE_CURVE('',#3590,#3591,#1929,.T.);
#4463=EDGE_CURVE('',#3589,#3591,#1930,.T.);
#4464=EDGE_CURVE('',#3592,#3588,#1931,.T.);
#4465=EDGE_CURVE('',#3592,#3593,#1932,.T.);
#4466=EDGE_CURVE('',#3593,#3590,#1933,.T.);
#4467=EDGE_CURVE('',#3594,#3592,#1934,.T.);
#4468=EDGE_CURVE('',#3594,#3595,#1935,.T.);
#4469=EDGE_CURVE('',#3595,#3593,#1936,.T.);
#4470=EDGE_CURVE('',#3589,#3594,#1937,.T.);
#4471=EDGE_CURVE('',#3591,#3595,#1938,.T.);
#4472=EDGE_CURVE('',#3596,#3597,#1939,.T.);
#4473=EDGE_CURVE('',#3596,#3598,#1940,.T.);
#4474=EDGE_CURVE('',#3598,#3599,#1941,.T.);
#4475=EDGE_CURVE('',#3597,#3599,#1942,.T.);
#4476=EDGE_CURVE('',#3600,#3596,#1943,.T.);
#4477=EDGE_CURVE('',#3600,#3601,#1944,.T.);
#4478=EDGE_CURVE('',#3601,#3598,#1945,.T.);
#4479=EDGE_CURVE('',#3602,#3600,#1946,.T.);
#4480=EDGE_CURVE('',#3602,#3603,#1947,.T.);
#4481=EDGE_CURVE('',#3603,#3601,#1948,.T.);
#4482=EDGE_CURVE('',#3597,#3602,#1949,.T.);
#4483=EDGE_CURVE('',#3599,#3603,#1950,.T.);
#4484=EDGE_CURVE('',#3604,#3605,#1951,.T.);
#4485=EDGE_CURVE('',#3605,#3606,#1952,.T.);
#4486=EDGE_CURVE('',#3606,#3607,#1953,.T.);
#4487=EDGE_CURVE('',#3604,#3607,#1954,.T.);
#4488=EDGE_CURVE('',#3605,#3608,#1955,.T.);
#4489=EDGE_CURVE('',#3608,#3609,#1956,.T.);
#4490=EDGE_CURVE('',#3609,#3606,#1957,.T.);
#4491=EDGE_CURVE('',#3607,#3609,#1958,.T.);
#4492=EDGE_CURVE('',#3608,#3604,#1959,.T.);
#4493=EDGE_CURVE('',#3610,#3607,#1960,.T.);
#4494=EDGE_CURVE('',#3611,#3610,#1961,.T.);
#4495=EDGE_CURVE('',#3609,#3611,#1962,.T.);
#4496=EDGE_CURVE('',#3606,#3612,#1963,.T.);
#4497=EDGE_CURVE('',#3613,#3612,#1964,.F.);
#4498=EDGE_CURVE('',#3614,#3613,#1965,.T.);
#4499=EDGE_CURVE('',#3615,#3614,#1966,.T.);
#4500=EDGE_CURVE('',#3615,#3616,#1967,.T.);
#4501=EDGE_CURVE('',#3617,#3616,#1968,.T.);
#4502=EDGE_CURVE('',#3618,#3617,#1969,.T.);
#4503=EDGE_CURVE('',#3610,#3618,#1970,.F.);
#4504=EDGE_CURVE('',#3619,#3620,#1971,.T.);
#4505=EDGE_CURVE('',#3621,#3619,#1972,.T.);
#4506=EDGE_CURVE('',#3622,#3621,#1973,.T.);
#4507=EDGE_CURVE('',#3620,#3622,#1974,.T.);
#4508=EDGE_CURVE('',#3623,#3624,#1975,.T.);
#4509=EDGE_CURVE('',#3625,#3623,#1976,.T.);
#4510=EDGE_CURVE('',#3624,#3625,#1977,.T.);
#4511=EDGE_CURVE('',#3626,#3627,#1978,.T.);
#4512=EDGE_CURVE('',#3628,#3626,#1979,.T.);
#4513=EDGE_CURVE('',#3627,#3628,#1980,.T.);
#4514=EDGE_CURVE('',#3629,#3630,#1981,.T.);
#4515=EDGE_CURVE('',#3631,#3629,#1982,.T.);
#4516=EDGE_CURVE('',#3630,#3631,#1983,.T.);
#4517=EDGE_CURVE('',#3626,#3632,#1984,.F.);
#4518=EDGE_CURVE('',#3632,#3633,#1985,.T.);
#4519=EDGE_CURVE('',#3633,#3628,#1986,.T.);
#4520=EDGE_CURVE('',#3633,#3634,#1987,.T.);
#4521=EDGE_CURVE('',#3634,#3627,#1988,.F.);
#4522=EDGE_CURVE('',#3630,#3635,#1989,.T.);
#4523=EDGE_CURVE('',#3635,#3636,#1990,.T.);
#4524=EDGE_CURVE('',#3629,#3636,#1991,.T.);
#4525=EDGE_CURVE('',#3636,#3637,#1992,.T.);
#4526=EDGE_CURVE('',#3637,#3631,#1993,.T.);
#4527=EDGE_CURVE('',#3637,#3635,#1994,.T.);
#4528=EDGE_CURVE('',#3638,#3636,#1995,.T.);
#4529=EDGE_CURVE('',#3639,#3638,#1996,.T.);
#4530=EDGE_CURVE('',#3637,#3639,#1997,.T.);
#4531=EDGE_CURVE('',#3635,#3640,#1998,.T.);
#4532=EDGE_CURVE('',#3638,#3640,#1999,.T.);
#4533=EDGE_CURVE('',#3623,#3641,#2000,.F.);
#4534=EDGE_CURVE('',#3641,#3642,#2001,.T.);
#4535=EDGE_CURVE('',#3642,#3625,#2002,.T.);
#4536=EDGE_CURVE('',#3642,#3643,#2003,.T.);
#4537=EDGE_CURVE('',#3643,#3624,#2004,.F.);
#4538=EDGE_CURVE('',#3644,#3645,#2005,.F.);
#4539=EDGE_CURVE('',#3645,#3646,#2006,.T.);
#4540=EDGE_CURVE('',#3646,#3647,#2007,.F.);
#4541=EDGE_CURVE('',#3647,#3644,#2008,.T.);
#4542=EDGE_CURVE('',#3645,#3648,#2009,.T.);
#4543=EDGE_CURVE('',#3649,#3648,#2010,.T.);
#4544=EDGE_CURVE('',#3650,#3649,#2011,.T.);
#4545=EDGE_CURVE('',#3651,#3650,#2012,.T.);
#4546=EDGE_CURVE('',#3651,#3652,#2013,.T.);
#4547=EDGE_CURVE('',#3653,#3652,#2014,.T.);
#4548=EDGE_CURVE('',#3654,#3653,#2015,.T.);
#4549=EDGE_CURVE('',#3654,#3641,#2016,.T.);
#4550=EDGE_CURVE('',#3643,#3641,#2017,.T.);
#4551=EDGE_CURVE('',#3643,#3655,#2018,.T.);
#4552=EDGE_CURVE('',#3656,#3655,#2019,.T.);
#4553=EDGE_CURVE('',#3657,#3656,#2020,.T.);
#4554=EDGE_CURVE('',#3658,#3657,#2021,.T.);
#4555=EDGE_CURVE('',#3659,#3658,#2022,.F.);
#4556=EDGE_CURVE('',#3659,#3646,#2023,.T.);
#4557=EDGE_CURVE('',#3282,#3617,#2024,.F.);
#4558=EDGE_CURVE('',#3616,#3280,#2025,.F.);
#4559=EDGE_CURVE('',#3298,#3660,#2026,.F.);
#4560=EDGE_CURVE('',#3660,#3661,#2027,.T.);
#4561=EDGE_CURVE('',#3661,#3299,#2028,.T.);
#4562=EDGE_CURVE('',#3661,#3662,#2029,.T.);
#4563=EDGE_CURVE('',#3662,#3297,#2030,.F.);
#4564=EDGE_CURVE('',#3663,#3664,#2031,.T.);
#4565=EDGE_CURVE('',#3664,#3300,#2032,.T.);
#4566=EDGE_CURVE('',#3301,#3663,#2033,.T.);
#4567=EDGE_CURVE('',#3664,#3665,#2034,.T.);
#4568=EDGE_CURVE('',#3665,#3302,#2035,.T.);
#4569=EDGE_CURVE('',#3665,#3666,#2036,.T.);
#4570=EDGE_CURVE('',#3666,#3303,#2037,.T.);
#4571=EDGE_CURVE('',#3666,#3663,#2038,.T.);
#4572=EDGE_CURVE('',#3667,#3664,#2039,.T.);
#4573=EDGE_CURVE('',#3668,#3667,#2040,.T.);
#4574=EDGE_CURVE('',#3665,#3668,#2041,.T.);
#4575=EDGE_CURVE('',#3663,#3669,#2042,.T.);
#4576=EDGE_CURVE('',#3670,#3669,#2043,.T.);
#4577=EDGE_CURVE('',#3670,#3671,#2044,.T.);
#4578=EDGE_CURVE('',#3672,#3671,#2045,.F.);
#4579=EDGE_CURVE('',#3673,#3672,#2046,.T.);
#4580=EDGE_CURVE('',#3674,#3673,#2047,.F.);
#4581=EDGE_CURVE('',#3674,#3675,#2048,.T.);
#4582=EDGE_CURVE('',#3616,#3675,#2049,.T.);
#4583=EDGE_CURVE('',#3676,#3615,#2050,.T.);
#4584=EDGE_CURVE('',#3676,#3677,#2051,.T.);
#4585=EDGE_CURVE('',#3652,#3677,#2052,.F.);
#4586=EDGE_CURVE('',#3667,#3651,#2053,.F.);
#4587=EDGE_CURVE('',#3678,#3319,#2054,.T.);
#4588=EDGE_CURVE('',#3320,#3678,#2055,.T.);
#4589=EDGE_CURVE('',#3615,#3293,#2056,.T.);
#4590=EDGE_CURVE('',#3294,#3676,#2057,.T.);
#4591=EDGE_CURVE('',#3614,#3295,#2058,.T.);
#4592=EDGE_CURVE('',#3614,#3679,#2059,.T.);
#4593=EDGE_CURVE('',#3679,#3296,#2060,.T.);
#4594=EDGE_CURVE('',#3679,#3676,#2061,.T.);
#4595=EDGE_CURVE('',#3680,#3681,#2062,.T.);
#4596=EDGE_CURVE('',#3681,#3654,#2063,.F.);
#4597=EDGE_CURVE('',#3653,#3680,#2064,.T.);
#4598=EDGE_CURVE('',#3677,#3680,#2065,.T.);
#4599=EDGE_CURVE('',#3660,#3682,#2066,.T.);
#4600=EDGE_CURVE('',#3683,#3682,#2067,.T.);
#4601=EDGE_CURVE('',#3684,#3683,#2068,.T.);
#4602=EDGE_CURVE('',#3681,#3684,#2069,.T.);
#4603=EDGE_CURVE('',#3679,#3680,#2070,.T.);
#4604=EDGE_CURVE('',#3685,#3613,#2071,.T.);
#4605=EDGE_CURVE('',#3618,#3685,#2072,.T.);
#4606=EDGE_CURVE('',#3686,#3617,#2073,.T.);
#4607=EDGE_CURVE('',#3687,#3686,#2074,.T.);
#4608=EDGE_CURVE('',#3688,#3687,#2075,.T.);
#4609=EDGE_CURVE('',#3689,#3688,#2076,.T.);
#4610=EDGE_CURVE('',#3690,#3689,#2077,.T.);
#4611=EDGE_CURVE('',#3691,#3690,#2078,.T.);
#4612=EDGE_CURVE('',#3691,#3692,#2079,.T.);
#4613=EDGE_CURVE('',#3693,#3692,#2080,.T.);
#4614=EDGE_CURVE('',#3694,#3693,#2081,.T.);
#4615=EDGE_CURVE('',#3695,#3694,#2082,.T.);
#4616=EDGE_CURVE('',#3696,#3695,#2083,.T.);
#4617=EDGE_CURVE('',#3661,#3696,#2084,.T.);
#4618=EDGE_CURVE('',#3655,#3683,#2085,.F.);
#4619=EDGE_CURVE('',#3682,#3656,#2086,.T.);
#4620=EDGE_CURVE('',#3682,#3697,#2087,.T.);
#4621=EDGE_CURVE('',#3697,#3657,#2088,.F.);
#4622=EDGE_CURVE('',#3650,#3668,#2089,.T.);
#4623=EDGE_CURVE('',#3698,#3668,#2090,.T.);
#4624=EDGE_CURVE('',#3649,#3698,#2091,.T.);
#4625=EDGE_CURVE('',#3648,#3699,#2092,.F.);
#4626=EDGE_CURVE('',#3699,#3698,#2093,.T.);
#4627=EDGE_CURVE('',#3666,#3698,#2094,.T.);
#4628=EDGE_CURVE('',#3700,#3696,#2095,.F.);
#4629=EDGE_CURVE('',#3701,#3700,#2096,.T.);
#4630=EDGE_CURVE('',#3702,#3701,#2097,.T.);
#4631=EDGE_CURVE('',#3694,#3702,#2098,.F.);
#4632=EDGE_CURVE('',#3703,#3693,#2099,.T.);
#4633=EDGE_CURVE('',#3704,#3703,#2100,.T.);
#4634=EDGE_CURVE('',#3705,#3704,#2101,.T.);
#4635=EDGE_CURVE('',#3706,#3705,#2102,.T.);
#4636=EDGE_CURVE('',#3706,#3707,#2103,.T.);
#4637=EDGE_CURVE('',#3708,#3707,#2104,.T.);
#4638=EDGE_CURVE('',#3708,#3709,#2105,.T.);
#4639=EDGE_CURVE('',#3669,#3709,#2106,.T.);
#4640=EDGE_CURVE('',#3699,#3710,#2107,.T.);
#4641=EDGE_CURVE('',#3658,#3710,#2108,.T.);
#4642=EDGE_CURVE('',#3662,#3697,#2109,.T.);
#4643=EDGE_CURVE('',#3711,#3712,#2110,.F.);
#4644=EDGE_CURVE('',#3712,#3713,#2111,.T.);
#4645=EDGE_CURVE('',#3713,#3714,#2112,.F.);
#4646=EDGE_CURVE('',#3714,#3711,#2113,.T.);
#4647=EDGE_CURVE('',#3272,#3715,#2114,.T.);
#4648=EDGE_CURVE('',#3716,#3274,#2115,.T.);
#4649=EDGE_CURVE('',#3715,#3716,#2116,.T.);
#4650=EDGE_CURVE('',#3717,#3647,#2117,.T.);
#4651=EDGE_CURVE('',#3644,#3717,#2118,.T.);
#4652=EDGE_CURVE('',#3718,#3719,#2119,.T.);
#4653=EDGE_CURVE('',#3720,#3718,#2120,.T.);
#4654=EDGE_CURVE('',#3719,#3720,#2121,.T.);
#4655=EDGE_CURVE('',#3713,#3721,#2122,.T.);
#4656=EDGE_CURVE('',#3721,#3712,#2123,.T.);
#4657=EDGE_CURVE('',#3722,#3645,#2124,.T.);
#4658=EDGE_CURVE('',#3717,#3722,#2125,.T.);
#4659=EDGE_CURVE('',#3646,#3722,#2126,.T.);
#4660=EDGE_CURVE('',#3722,#3723,#2127,.T.);
#4661=EDGE_CURVE('',#3710,#3723,#2128,.F.);
#4662=EDGE_CURVE('',#3723,#3659,#2129,.T.);
#4663=EDGE_CURVE('',#3719,#3724,#2130,.T.);
#4664=EDGE_CURVE('',#3724,#3725,#2131,.T.);
#4665=EDGE_CURVE('',#3725,#3718,#2132,.T.);
#4666=EDGE_CURVE('',#3726,#3724,#2133,.T.);
#4667=EDGE_CURVE('',#3720,#3726,#2134,.T.);
#4668=EDGE_CURVE('',#3725,#3726,#2135,.T.);
#4669=EDGE_CURVE('',#3725,#3727,#2136,.T.);
#4670=EDGE_CURVE('',#3728,#3727,#2137,.T.);
#4671=EDGE_CURVE('',#3726,#3728,#2138,.T.);
#4672=EDGE_CURVE('',#3729,#3724,#2139,.T.);
#4673=EDGE_CURVE('',#3727,#3729,#2140,.T.);
#4674=EDGE_CURVE('',#3730,#3654,#2141,.T.);
#4675=EDGE_CURVE('',#3684,#3730,#2142,.T.);
#4676=EDGE_CURVE('',#3655,#3730,#2143,.T.);
#4677=EDGE_CURVE('',#3642,#3730,#2144,.T.);
#4678=EDGE_CURVE('',#3685,#3611,#2145,.T.);
#4679=EDGE_CURVE('',#3612,#3611,#2146,.T.);
#4680=EDGE_CURVE('',#3638,#3731,#2147,.T.);
#4681=EDGE_CURVE('',#3732,#3640,#2148,.T.);
#4682=EDGE_CURVE('',#3732,#3729,#2149,.T.);
#4683=EDGE_CURVE('',#3729,#3728,#2150,.T.);
#4684=EDGE_CURVE('',#3731,#3728,#2151,.T.);
#4685=EDGE_CURVE('',#3702,#3732,#2152,.T.);
#4686=EDGE_CURVE('',#3701,#3727,#2153,.T.);
#4687=EDGE_CURVE('',#3731,#3700,#2154,.T.);
#4688=EDGE_CURVE('',#3733,#3734,#2155,.T.);
#4689=EDGE_CURVE('',#3734,#3706,#2156,.F.);
#4690=EDGE_CURVE('',#3705,#3733,#2157,.T.);
#4691=EDGE_CURVE('',#3704,#3735,#2158,.F.);
#4692=EDGE_CURVE('',#3735,#3733,#2159,.T.);
#4693=EDGE_CURVE('',#3734,#3714,#2160,.T.);
#4694=EDGE_CURVE('',#3711,#3733,#2161,.T.);
#4695=EDGE_CURVE('',#3736,#3735,#2162,.T.);
#4696=EDGE_CURVE('',#3737,#3736,#2163,.T.);
#4697=EDGE_CURVE('',#3737,#3632,#2164,.T.);
#4698=EDGE_CURVE('',#3634,#3632,#2165,.T.);
#4699=EDGE_CURVE('',#3634,#3738,#2166,.T.);
#4700=EDGE_CURVE('',#3739,#3738,#2167,.T.);
#4701=EDGE_CURVE('',#3673,#3739,#2168,.T.);
#4702=EDGE_CURVE('',#3740,#3672,#2169,.T.);
#4703=EDGE_CURVE('',#3741,#3740,#2170,.T.);
#4704=EDGE_CURVE('',#3742,#3741,#2171,.T.);
#4705=EDGE_CURVE('',#3743,#3742,#2172,.T.);
#4706=EDGE_CURVE('',#3711,#3743,#2173,.T.);
#4707=EDGE_CURVE('',#3743,#3714,#2174,.T.);
#4708=EDGE_CURVE('',#3721,#3743,#2175,.T.);
#4709=EDGE_CURVE('',#3707,#3742,#2176,.F.);
#4710=EDGE_CURVE('',#3695,#3639,#2177,.T.);
#4711=EDGE_CURVE('',#3640,#3639,#2178,.T.);
#4712=EDGE_CURVE('',#3741,#3708,#2179,.T.);
#4713=EDGE_CURVE('',#3740,#3744,#2180,.T.);
#4714=EDGE_CURVE('',#3744,#3708,#2181,.T.);
#4715=EDGE_CURVE('',#3671,#3744,#2182,.T.);
#4716=EDGE_CURVE('',#3744,#3745,#2183,.T.);
#4717=EDGE_CURVE('',#3709,#3745,#2184,.T.);
#4718=EDGE_CURVE('',#3745,#3670,#2185,.T.);
#4719=EDGE_CURVE('',#3736,#3691,#2186,.F.);
#4720=EDGE_CURVE('',#3690,#3737,#2187,.T.);
#4721=EDGE_CURVE('',#3689,#3746,#2188,.T.);
#4722=EDGE_CURVE('',#3746,#3737,#2189,.T.);
#4723=EDGE_CURVE('',#3688,#3738,#2190,.T.);
#4724=EDGE_CURVE('',#3738,#3746,#2191,.T.);
#4725=EDGE_CURVE('',#3687,#3674,#2192,.T.);
#4726=EDGE_CURVE('',#3739,#3687,#2193,.T.);
#4727=EDGE_CURVE('',#3633,#3746,#2194,.T.);
#4728=EDGE_CURVE('',#3288,#3703,#2195,.T.);
#4729=EDGE_CURVE('',#3287,#3693,#2196,.T.);
#4730=EDGE_CURVE('',#3289,#3692,#2197,.T.);
#4731=EDGE_CURVE('',#3692,#3703,#2198,.T.);
#4732=EDGE_CURVE('',#3281,#3686,#2199,.T.);
#4733=EDGE_CURVE('',#3675,#3279,#2200,.T.);
#4734=EDGE_CURVE('',#3675,#3686,#2201,.T.);
#4735=EDGE_CURVE('',#3285,#3709,#2202,.T.);
#4736=EDGE_CURVE('',#3286,#3745,#2203,.T.);
#4737=EDGE_CURVE('',#3669,#3283,#2204,.T.);
#4738=EDGE_CURVE('',#3284,#3670,#2205,.T.);
#4739=EDGE_CURVE('',#3747,#3277,#2206,.T.);
#4740=EDGE_CURVE('',#3621,#3747,#2207,.T.);
#4741=EDGE_CURVE('',#3277,#3621,#2208,.T.);
#4742=EDGE_CURVE('',#3619,#3278,#2209,.T.);
#4743=EDGE_CURVE('',#3716,#3619,#2210,.T.);
#4744=EDGE_CURVE('',#3278,#3716,#2211,.T.);
#4745=EDGE_CURVE('',#3291,#3748,#2212,.T.);
#4746=EDGE_CURVE('',#3622,#3291,#2213,.T.);
#4747=EDGE_CURVE('',#3748,#3622,#2214,.T.);
#4748=EDGE_CURVE('',#3290,#3620,#2215,.T.);
#4749=EDGE_CURVE('',#3715,#3290,#2216,.T.);
#4750=EDGE_CURVE('',#3620,#3715,#2217,.T.);
#4751=EDGE_CURVE('',#3747,#3748,#2218,.T.);
#4752=EDGE_CURVE('',#3748,#3305,#2219,.T.);
#4753=EDGE_CURVE('',#3304,#3747,#2220,.T.);
#4754=EDGE_CURVE('',#3431,#3749,#247,.T.);
#4755=EDGE_CURVE('',#3749,#3750,#2221,.T.);
#4756=EDGE_CURVE('',#3750,#3751,#2222,.T.);
#4757=EDGE_CURVE('',#3751,#3752,#2223,.T.);
#4758=EDGE_CURVE('',#3752,#3753,#248,.T.);
#4759=EDGE_CURVE('',#3753,#3754,#249,.T.);
#4760=EDGE_CURVE('',#3754,#3755,#250,.T.);
#4761=EDGE_CURVE('',#3755,#3756,#251,.T.);
#4762=EDGE_CURVE('',#3756,#3757,#2224,.T.);
#4763=EDGE_CURVE('',#3757,#3758,#2225,.T.);
#4764=EDGE_CURVE('',#3758,#3420,#2226,.T.);
#4765=EDGE_CURVE('',#3395,#3759,#252,.T.);
#4766=EDGE_CURVE('',#3759,#3760,#2227,.T.);
#4767=EDGE_CURVE('',#3760,#3761,#2228,.T.);
#4768=EDGE_CURVE('',#3761,#3762,#2229,.T.);
#4769=EDGE_CURVE('',#3762,#3763,#253,.T.);
#4770=EDGE_CURVE('',#3763,#3764,#254,.T.);
#4771=EDGE_CURVE('',#3764,#3765,#255,.T.);
#4772=EDGE_CURVE('',#3765,#3766,#256,.T.);
#4773=EDGE_CURVE('',#3766,#3767,#2230,.T.);
#4774=EDGE_CURVE('',#3767,#3768,#2231,.T.);
#4775=EDGE_CURVE('',#3768,#3769,#2232,.T.);
#4776=EDGE_CURVE('',#3769,#3384,#2233,.T.);
#4777=EDGE_CURVE('',#3327,#3770,#2234,.T.);
#4778=EDGE_CURVE('',#3770,#3326,#2235,.T.);
#4779=EDGE_CURVE('',#3358,#3771,#257,.T.);
#4780=EDGE_CURVE('',#3771,#3772,#2236,.T.);
#4781=EDGE_CURVE('',#3772,#3773,#258,.T.);
#4782=EDGE_CURVE('',#3773,#3774,#259,.T.);
#4783=EDGE_CURVE('',#3774,#3775,#2237,.T.);
#4784=EDGE_CURVE('',#3775,#3776,#260,.T.);
#4785=EDGE_CURVE('',#3776,#3777,#261,.T.);
#4786=EDGE_CURVE('',#3777,#3351,#262,.T.);
#4787=EDGE_CURVE('',#3521,#3778,#263,.T.);
#4788=EDGE_CURVE('',#3778,#3779,#2238,.T.);
#4789=EDGE_CURVE('',#3779,#3780,#2239,.T.);
#4790=EDGE_CURVE('',#3780,#3781,#264,.T.);
#4791=EDGE_CURVE('',#3781,#3782,#265,.T.);
#4792=EDGE_CURVE('',#3782,#3515,#2240,.T.);
#4793=EDGE_CURVE('',#3569,#3783,#266,.T.);
#4794=EDGE_CURVE('',#3783,#3784,#2241,.T.);
#4795=EDGE_CURVE('',#3784,#3785,#267,.T.);
#4796=EDGE_CURVE('',#3785,#3786,#268,.T.);
#4797=EDGE_CURVE('',#3786,#3787,#2242,.T.);
#4798=EDGE_CURVE('',#3787,#3788,#269,.T.);
#4799=EDGE_CURVE('',#3788,#3789,#270,.T.);
#4800=EDGE_CURVE('',#3789,#3790,#2243,.T.);
#4801=EDGE_CURVE('',#3790,#3791,#271,.T.);
#4802=EDGE_CURVE('',#3791,#3559,#272,.T.);
#4803=EDGE_CURVE('',#3487,#3792,#273,.T.);
#4804=EDGE_CURVE('',#3792,#3793,#2244,.T.);
#4805=EDGE_CURVE('',#3793,#3794,#274,.T.);
#4806=EDGE_CURVE('',#3794,#3795,#275,.T.);
#4807=EDGE_CURVE('',#3795,#3796,#2245,.T.);
#4808=EDGE_CURVE('',#3796,#3482,#276,.T.);
#4809=EDGE_CURVE('',#3468,#3797,#2246,.T.);
#4810=EDGE_CURVE('',#3797,#3798,#2247,.T.);
#4811=EDGE_CURVE('',#3798,#3799,#277,.T.);
#4812=EDGE_CURVE('',#3799,#3800,#278,.T.);
#4813=EDGE_CURVE('',#3800,#3801,#279,.T.);
#4814=EDGE_CURVE('',#3801,#3802,#280,.T.);
#4815=EDGE_CURVE('',#3802,#3803,#2248,.T.);
#4816=EDGE_CURVE('',#3803,#3804,#2249,.T.);
#4817=EDGE_CURVE('',#3804,#3805,#281,.T.);
#4818=EDGE_CURVE('',#3805,#3806,#282,.T.);
#4819=EDGE_CURVE('',#3806,#3807,#283,.T.);
#4820=EDGE_CURVE('',#3807,#3457,#284,.T.);
#4821=EDGE_CURVE('',#3758,#3410,#2250,.T.);
#4822=EDGE_CURVE('',#3757,#3411,#2251,.T.);
#4823=EDGE_CURVE('',#3756,#3412,#2252,.T.);
#4824=EDGE_CURVE('',#3755,#3413,#2253,.T.);
#4825=EDGE_CURVE('',#3754,#3414,#2254,.T.);
#4826=EDGE_CURVE('',#3753,#3415,#2255,.T.);
#4827=EDGE_CURVE('',#3752,#3416,#2256,.T.);
#4828=EDGE_CURVE('',#3751,#3417,#2257,.T.);
#4829=EDGE_CURVE('',#3750,#3418,#2258,.T.);
#4830=EDGE_CURVE('',#3749,#3397,#2259,.T.);
#4831=EDGE_CURVE('',#3769,#3373,#2260,.T.);
#4832=EDGE_CURVE('',#3768,#3374,#2261,.T.);
#4833=EDGE_CURVE('',#3767,#3375,#2262,.T.);
#4834=EDGE_CURVE('',#3766,#3376,#2263,.T.);
#4835=EDGE_CURVE('',#3765,#3377,#2264,.T.);
#4836=EDGE_CURVE('',#3764,#3378,#2265,.T.);
#4837=EDGE_CURVE('',#3763,#3379,#2266,.T.);
#4838=EDGE_CURVE('',#3762,#3380,#2267,.T.);
#4839=EDGE_CURVE('',#3761,#3381,#2268,.T.);
#4840=EDGE_CURVE('',#3760,#3382,#2269,.T.);
#4841=EDGE_CURVE('',#3759,#3360,#2270,.T.);
#4842=EDGE_CURVE('',#3770,#3322,#2271,.T.);
#4843=EDGE_CURVE('',#3349,#3348,#2272,.T.);
#4844=EDGE_CURVE('',#3777,#3338,#2273,.T.);
#4845=EDGE_CURVE('',#3776,#3339,#2274,.T.);
#4846=EDGE_CURVE('',#3775,#3340,#2275,.T.);
#4847=EDGE_CURVE('',#3774,#3341,#2276,.T.);
#4848=EDGE_CURVE('',#3773,#3342,#2277,.T.);
#4849=EDGE_CURVE('',#3772,#3343,#2278,.T.);
#4850=EDGE_CURVE('',#3771,#3329,#2279,.T.);
#4851=EDGE_CURVE('',#3808,#3510,#285,.T.);
#4852=EDGE_CURVE('',#3808,#3507,#2280,.T.);
#4853=EDGE_CURVE('',#3809,#3808,#286,.T.);
#4854=EDGE_CURVE('',#3809,#3508,#2281,.T.);
#4855=EDGE_CURVE('',#3810,#3809,#2282,.T.);
#4856=EDGE_CURVE('',#3810,#3502,#2283,.T.);
#4857=EDGE_CURVE('',#3513,#3810,#2284,.T.);
#4858=EDGE_CURVE('',#3782,#3497,#2285,.T.);
#4859=EDGE_CURVE('',#3781,#3498,#2286,.T.);
#4860=EDGE_CURVE('',#3780,#3499,#2287,.T.);
#4861=EDGE_CURVE('',#3779,#3500,#2288,.T.);
#4862=EDGE_CURVE('',#3778,#3489,#2289,.T.);
#4863=EDGE_CURVE('',#3811,#3553,#287,.T.);
#4864=EDGE_CURVE('',#3811,#3550,#2290,.T.);
#4865=EDGE_CURVE('',#3812,#3811,#2291,.T.);
#4866=EDGE_CURVE('',#3812,#3551,#2292,.T.);
#4867=EDGE_CURVE('',#3813,#3812,#2293,.T.);
#4868=EDGE_CURVE('',#3813,#3544,#2294,.T.);
#4869=EDGE_CURVE('',#3557,#3813,#2295,.T.);
#4870=EDGE_CURVE('',#3791,#3535,#2296,.T.);
#4871=EDGE_CURVE('',#3790,#3536,#2297,.T.);
#4872=EDGE_CURVE('',#3789,#3537,#2298,.T.);
#4873=EDGE_CURVE('',#3788,#3538,#2299,.T.);
#4874=EDGE_CURVE('',#3787,#3539,#2300,.T.);
#4875=EDGE_CURVE('',#3786,#3540,#2301,.T.);
#4876=EDGE_CURVE('',#3785,#3541,#2302,.T.);
#4877=EDGE_CURVE('',#3784,#3542,#2303,.T.);
#4878=EDGE_CURVE('',#3783,#3523,#2304,.T.);
#4879=EDGE_CURVE('',#3796,#3477,#2305,.T.);
#4880=EDGE_CURVE('',#3795,#3478,#2306,.T.);
#4881=EDGE_CURVE('',#3794,#3479,#2307,.T.);
#4882=EDGE_CURVE('',#3793,#3480,#2308,.T.);
#4883=EDGE_CURVE('',#3792,#3470,#2309,.T.);
#4884=EDGE_CURVE('',#3807,#3446,#2310,.T.);
#4885=EDGE_CURVE('',#3806,#3447,#2311,.T.);
#4886=EDGE_CURVE('',#3805,#3448,#2312,.T.);
#4887=EDGE_CURVE('',#3804,#3449,#2313,.T.);
#4888=EDGE_CURVE('',#3803,#3450,#2314,.T.);
#4889=EDGE_CURVE('',#3802,#3451,#2315,.T.);
#4890=EDGE_CURVE('',#3801,#3452,#2316,.T.);
#4891=EDGE_CURVE('',#3800,#3453,#2317,.T.);
#4892=EDGE_CURVE('',#3799,#3454,#2318,.T.);
#4893=EDGE_CURVE('',#3798,#3455,#2319,.T.);
#4894=EDGE_CURVE('',#3797,#3433,#2320,.T.);
#4895=EDGE_CURVE('',#3310,#3306,#2321,.F.);
#4896=EDGE_CURVE('',#3312,#3309,#2322,.F.);
#4897=EDGE_CURVE('',#3311,#3307,#2323,.T.);
#4898=EDGE_CURVE('',#3678,#3314,#2324,.T.);
#4899=EDGE_CURVE('',#3313,#3308,#2325,.T.);
#4900=ORIENTED_EDGE('',*,*,#3814,.F.);
#4901=ORIENTED_EDGE('',*,*,#3815,.F.);
#4902=ORIENTED_EDGE('',*,*,#3816,.F.);
#4903=ORIENTED_EDGE('',*,*,#3817,.F.);
#4904=ORIENTED_EDGE('',*,*,#3818,.F.);
#4905=ORIENTED_EDGE('',*,*,#3819,.F.);
#4906=ORIENTED_EDGE('',*,*,#3820,.F.);
#4907=ORIENTED_EDGE('',*,*,#3821,.F.);
#4908=ORIENTED_EDGE('',*,*,#3822,.F.);
#4909=ORIENTED_EDGE('',*,*,#3823,.F.);
#4910=ORIENTED_EDGE('',*,*,#3824,.F.);
#4911=ORIENTED_EDGE('',*,*,#3825,.F.);
#4912=ORIENTED_EDGE('',*,*,#3826,.F.);
#4913=ORIENTED_EDGE('',*,*,#3827,.F.);
#4914=ORIENTED_EDGE('',*,*,#3828,.F.);
#4915=ORIENTED_EDGE('',*,*,#3829,.F.);
#4916=ORIENTED_EDGE('',*,*,#3830,.F.);
#4917=ORIENTED_EDGE('',*,*,#3831,.F.);
#4918=ORIENTED_EDGE('',*,*,#3832,.F.);
#4919=ORIENTED_EDGE('',*,*,#3833,.F.);
#4920=ORIENTED_EDGE('',*,*,#3834,.F.);
#4921=ORIENTED_EDGE('',*,*,#3835,.F.);
#4922=ORIENTED_EDGE('',*,*,#3836,.F.);
#4923=ORIENTED_EDGE('',*,*,#3837,.F.);
#4924=ORIENTED_EDGE('',*,*,#3838,.F.);
#4925=ORIENTED_EDGE('',*,*,#3839,.F.);
#4926=ORIENTED_EDGE('',*,*,#3840,.F.);
#4927=ORIENTED_EDGE('',*,*,#3841,.F.);
#4928=ORIENTED_EDGE('',*,*,#3842,.F.);
#4929=ORIENTED_EDGE('',*,*,#3843,.F.);
#4930=ORIENTED_EDGE('',*,*,#3844,.F.);
#4931=ORIENTED_EDGE('',*,*,#3845,.F.);
#4932=ORIENTED_EDGE('',*,*,#3846,.F.);
#4933=ORIENTED_EDGE('',*,*,#3847,.F.);
#4934=ORIENTED_EDGE('',*,*,#3848,.F.);
#4935=ORIENTED_EDGE('',*,*,#3849,.F.);
#4936=ORIENTED_EDGE('',*,*,#3850,.F.);
#4937=ORIENTED_EDGE('',*,*,#3851,.F.);
#4938=ORIENTED_EDGE('',*,*,#3852,.F.);
#4939=ORIENTED_EDGE('',*,*,#3853,.F.);
#4940=ORIENTED_EDGE('',*,*,#3854,.F.);
#4941=ORIENTED_EDGE('',*,*,#3855,.F.);
#4942=ORIENTED_EDGE('',*,*,#3856,.F.);
#4943=ORIENTED_EDGE('',*,*,#3857,.F.);
#4944=ORIENTED_EDGE('',*,*,#3858,.F.);
#4945=ORIENTED_EDGE('',*,*,#3859,.F.);
#4946=ORIENTED_EDGE('',*,*,#3860,.F.);
#4947=ORIENTED_EDGE('',*,*,#3861,.F.);
#4948=ORIENTED_EDGE('',*,*,#3862,.F.);
#4949=ORIENTED_EDGE('',*,*,#3863,.F.);
#4950=ORIENTED_EDGE('',*,*,#3864,.F.);
#4951=ORIENTED_EDGE('',*,*,#3865,.F.);
#4952=ORIENTED_EDGE('',*,*,#3866,.F.);
#4953=ORIENTED_EDGE('',*,*,#3867,.F.);
#4954=ORIENTED_EDGE('',*,*,#3868,.F.);
#4955=ORIENTED_EDGE('',*,*,#3869,.F.);
#4956=ORIENTED_EDGE('',*,*,#3870,.F.);
#4957=ORIENTED_EDGE('',*,*,#3871,.F.);
#4958=ORIENTED_EDGE('',*,*,#3872,.F.);
#4959=ORIENTED_EDGE('',*,*,#3873,.F.);
#4960=ORIENTED_EDGE('',*,*,#3874,.F.);
#4961=ORIENTED_EDGE('',*,*,#3848,.T.);
#4962=ORIENTED_EDGE('',*,*,#3875,.F.);
#4963=ORIENTED_EDGE('',*,*,#3876,.T.);
#4964=ORIENTED_EDGE('',*,*,#3877,.T.);
#4965=ORIENTED_EDGE('',*,*,#3847,.T.);
#4966=ORIENTED_EDGE('',*,*,#3878,.F.);
#4967=ORIENTED_EDGE('',*,*,#3879,.T.);
#4968=ORIENTED_EDGE('',*,*,#3875,.T.);
#4969=ORIENTED_EDGE('',*,*,#3843,.T.);
#4970=ORIENTED_EDGE('',*,*,#3880,.F.);
#4971=ORIENTED_EDGE('',*,*,#3881,.T.);
#4972=ORIENTED_EDGE('',*,*,#3882,.T.);
#4973=ORIENTED_EDGE('',*,*,#3842,.T.);
#4974=ORIENTED_EDGE('',*,*,#3883,.F.);
#4975=ORIENTED_EDGE('',*,*,#3884,.T.);
#4976=ORIENTED_EDGE('',*,*,#3880,.T.);
#4977=ORIENTED_EDGE('',*,*,#3815,.T.);
#4978=ORIENTED_EDGE('',*,*,#3885,.F.);
#4979=ORIENTED_EDGE('',*,*,#3886,.F.);
#4980=ORIENTED_EDGE('',*,*,#3887,.T.);
#4981=ORIENTED_EDGE('',*,*,#3814,.T.);
#4982=ORIENTED_EDGE('',*,*,#3888,.F.);
#4983=ORIENTED_EDGE('',*,*,#3889,.F.);
#4984=ORIENTED_EDGE('',*,*,#3885,.T.);
#4985=ORIENTED_EDGE('',*,*,#3817,.T.);
#4986=ORIENTED_EDGE('',*,*,#3890,.F.);
#4987=ORIENTED_EDGE('',*,*,#3891,.F.);
#4988=ORIENTED_EDGE('',*,*,#3888,.T.);
#4989=ORIENTED_EDGE('',*,*,#3889,.T.);
#4990=ORIENTED_EDGE('',*,*,#3891,.T.);
#4991=ORIENTED_EDGE('',*,*,#3892,.T.);
#4992=ORIENTED_EDGE('',*,*,#3886,.T.);
#4993=ORIENTED_EDGE('',*,*,#3893,.F.);
#4994=ORIENTED_EDGE('',*,*,#3894,.F.);
#4995=ORIENTED_EDGE('',*,*,#3895,.F.);
#4996=ORIENTED_EDGE('',*,*,#3896,.F.);
#4997=ORIENTED_EDGE('',*,*,#3897,.F.);
#4998=ORIENTED_EDGE('',*,*,#3898,.F.);
#4999=ORIENTED_EDGE('',*,*,#3899,.F.);
#5000=ORIENTED_EDGE('',*,*,#3900,.F.);
#5001=ORIENTED_EDGE('',*,*,#3901,.F.);
#5002=ORIENTED_EDGE('',*,*,#3902,.F.);
#5003=ORIENTED_EDGE('',*,*,#3903,.F.);
#5004=ORIENTED_EDGE('',*,*,#3904,.F.);
#5005=ORIENTED_EDGE('',*,*,#3905,.F.);
#5006=ORIENTED_EDGE('',*,*,#3906,.F.);
#5007=ORIENTED_EDGE('',*,*,#3907,.F.);
#5008=ORIENTED_EDGE('',*,*,#3908,.F.);
#5009=ORIENTED_EDGE('',*,*,#3909,.F.);
#5010=ORIENTED_EDGE('',*,*,#3910,.F.);
#5011=ORIENTED_EDGE('',*,*,#3911,.F.);
#5012=ORIENTED_EDGE('',*,*,#3912,.F.);
#5013=ORIENTED_EDGE('',*,*,#3913,.F.);
#5014=ORIENTED_EDGE('',*,*,#3914,.F.);
#5015=ORIENTED_EDGE('',*,*,#3915,.F.);
#5016=ORIENTED_EDGE('',*,*,#3916,.F.);
#5017=ORIENTED_EDGE('',*,*,#3917,.F.);
#5018=ORIENTED_EDGE('',*,*,#3881,.F.);
#5019=ORIENTED_EDGE('',*,*,#3884,.F.);
#5020=ORIENTED_EDGE('',*,*,#3918,.F.);
#5021=ORIENTED_EDGE('',*,*,#3919,.F.);
#5022=ORIENTED_EDGE('',*,*,#3920,.F.);
#5023=ORIENTED_EDGE('',*,*,#3876,.F.);
#5024=ORIENTED_EDGE('',*,*,#3879,.F.);
#5025=ORIENTED_EDGE('',*,*,#3921,.F.);
#5026=ORIENTED_EDGE('',*,*,#3922,.F.);
#5027=ORIENTED_EDGE('',*,*,#3923,.F.);
#5028=ORIENTED_EDGE('',*,*,#3924,.F.);
#5029=ORIENTED_EDGE('',*,*,#3925,.F.);
#5030=ORIENTED_EDGE('',*,*,#3926,.F.);
#5031=ORIENTED_EDGE('',*,*,#3927,.F.);
#5032=ORIENTED_EDGE('',*,*,#3928,.F.);
#5033=ORIENTED_EDGE('',*,*,#3929,.F.);
#5034=ORIENTED_EDGE('',*,*,#3930,.F.);
#5035=ORIENTED_EDGE('',*,*,#3931,.F.);
#5036=ORIENTED_EDGE('',*,*,#3932,.F.);
#5037=ORIENTED_EDGE('',*,*,#3933,.F.);
#5038=ORIENTED_EDGE('',*,*,#3934,.F.);
#5039=ORIENTED_EDGE('',*,*,#3935,.F.);
#5040=ORIENTED_EDGE('',*,*,#3936,.F.);
#5041=ORIENTED_EDGE('',*,*,#3937,.F.);
#5042=ORIENTED_EDGE('',*,*,#3938,.F.);
#5043=ORIENTED_EDGE('',*,*,#3939,.F.);
#5044=ORIENTED_EDGE('',*,*,#3940,.F.);
#5045=ORIENTED_EDGE('',*,*,#3941,.F.);
#5046=ORIENTED_EDGE('',*,*,#3942,.F.);
#5047=ORIENTED_EDGE('',*,*,#3943,.F.);
#5048=ORIENTED_EDGE('',*,*,#3944,.F.);
#5049=ORIENTED_EDGE('',*,*,#3945,.F.);
#5050=ORIENTED_EDGE('',*,*,#3816,.T.);
#5051=ORIENTED_EDGE('',*,*,#3887,.F.);
#5052=ORIENTED_EDGE('',*,*,#3892,.F.);
#5053=ORIENTED_EDGE('',*,*,#3890,.T.);
#5054=ORIENTED_EDGE('',*,*,#3818,.T.);
#5055=ORIENTED_EDGE('',*,*,#3946,.T.);
#5056=ORIENTED_EDGE('',*,*,#3893,.T.);
#5057=ORIENTED_EDGE('',*,*,#3946,.F.);
#5058=ORIENTED_EDGE('',*,*,#3819,.T.);
#5059=ORIENTED_EDGE('',*,*,#3947,.T.);
#5060=ORIENTED_EDGE('',*,*,#3894,.T.);
#5061=ORIENTED_EDGE('',*,*,#3947,.F.);
#5062=ORIENTED_EDGE('',*,*,#3820,.T.);
#5063=ORIENTED_EDGE('',*,*,#3948,.T.);
#5064=ORIENTED_EDGE('',*,*,#3895,.T.);
#5065=ORIENTED_EDGE('',*,*,#3948,.F.);
#5066=ORIENTED_EDGE('',*,*,#3821,.T.);
#5067=ORIENTED_EDGE('',*,*,#3949,.T.);
#5068=ORIENTED_EDGE('',*,*,#3896,.T.);
#5069=ORIENTED_EDGE('',*,*,#3949,.F.);
#5070=ORIENTED_EDGE('',*,*,#3822,.T.);
#5071=ORIENTED_EDGE('',*,*,#3950,.T.);
#5072=ORIENTED_EDGE('',*,*,#3897,.T.);
#5073=ORIENTED_EDGE('',*,*,#3950,.F.);
#5074=ORIENTED_EDGE('',*,*,#3823,.T.);
#5075=ORIENTED_EDGE('',*,*,#3951,.T.);
#5076=ORIENTED_EDGE('',*,*,#3898,.T.);
#5077=ORIENTED_EDGE('',*,*,#3951,.F.);
#5078=ORIENTED_EDGE('',*,*,#3824,.T.);
#5079=ORIENTED_EDGE('',*,*,#3952,.T.);
#5080=ORIENTED_EDGE('',*,*,#3899,.T.);
#5081=ORIENTED_EDGE('',*,*,#3952,.F.);
#5082=ORIENTED_EDGE('',*,*,#3825,.T.);
#5083=ORIENTED_EDGE('',*,*,#3953,.T.);
#5084=ORIENTED_EDGE('',*,*,#3900,.T.);
#5085=ORIENTED_EDGE('',*,*,#3953,.F.);
#5086=ORIENTED_EDGE('',*,*,#3826,.T.);
#5087=ORIENTED_EDGE('',*,*,#3954,.T.);
#5088=ORIENTED_EDGE('',*,*,#3901,.T.);
#5089=ORIENTED_EDGE('',*,*,#3954,.F.);
#5090=ORIENTED_EDGE('',*,*,#3827,.T.);
#5091=ORIENTED_EDGE('',*,*,#3955,.T.);
#5092=ORIENTED_EDGE('',*,*,#3902,.T.);
#5093=ORIENTED_EDGE('',*,*,#3955,.F.);
#5094=ORIENTED_EDGE('',*,*,#3828,.T.);
#5095=ORIENTED_EDGE('',*,*,#3956,.T.);
#5096=ORIENTED_EDGE('',*,*,#3903,.T.);
#5097=ORIENTED_EDGE('',*,*,#3956,.F.);
#5098=ORIENTED_EDGE('',*,*,#3829,.T.);
#5099=ORIENTED_EDGE('',*,*,#3957,.T.);
#5100=ORIENTED_EDGE('',*,*,#3904,.T.);
#5101=ORIENTED_EDGE('',*,*,#3957,.F.);
#5102=ORIENTED_EDGE('',*,*,#3830,.T.);
#5103=ORIENTED_EDGE('',*,*,#3958,.T.);
#5104=ORIENTED_EDGE('',*,*,#3905,.T.);
#5105=ORIENTED_EDGE('',*,*,#3958,.F.);
#5106=ORIENTED_EDGE('',*,*,#3831,.T.);
#5107=ORIENTED_EDGE('',*,*,#3959,.T.);
#5108=ORIENTED_EDGE('',*,*,#3906,.T.);
#5109=ORIENTED_EDGE('',*,*,#3959,.F.);
#5110=ORIENTED_EDGE('',*,*,#3832,.T.);
#5111=ORIENTED_EDGE('',*,*,#3960,.T.);
#5112=ORIENTED_EDGE('',*,*,#3907,.T.);
#5113=ORIENTED_EDGE('',*,*,#3960,.F.);
#5114=ORIENTED_EDGE('',*,*,#3833,.T.);
#5115=ORIENTED_EDGE('',*,*,#3961,.T.);
#5116=ORIENTED_EDGE('',*,*,#3908,.T.);
#5117=ORIENTED_EDGE('',*,*,#3961,.F.);
#5118=ORIENTED_EDGE('',*,*,#3834,.T.);
#5119=ORIENTED_EDGE('',*,*,#3962,.T.);
#5120=ORIENTED_EDGE('',*,*,#3909,.T.);
#5121=ORIENTED_EDGE('',*,*,#3962,.F.);
#5122=ORIENTED_EDGE('',*,*,#3835,.T.);
#5123=ORIENTED_EDGE('',*,*,#3963,.T.);
#5124=ORIENTED_EDGE('',*,*,#3910,.T.);
#5125=ORIENTED_EDGE('',*,*,#3963,.F.);
#5126=ORIENTED_EDGE('',*,*,#3836,.T.);
#5127=ORIENTED_EDGE('',*,*,#3964,.T.);
#5128=ORIENTED_EDGE('',*,*,#3911,.T.);
#5129=ORIENTED_EDGE('',*,*,#3964,.F.);
#5130=ORIENTED_EDGE('',*,*,#3837,.T.);
#5131=ORIENTED_EDGE('',*,*,#3965,.T.);
#5132=ORIENTED_EDGE('',*,*,#3912,.T.);
#5133=ORIENTED_EDGE('',*,*,#3965,.F.);
#5134=ORIENTED_EDGE('',*,*,#3838,.T.);
#5135=ORIENTED_EDGE('',*,*,#3966,.T.);
#5136=ORIENTED_EDGE('',*,*,#3913,.T.);
#5137=ORIENTED_EDGE('',*,*,#3966,.F.);
#5138=ORIENTED_EDGE('',*,*,#3839,.T.);
#5139=ORIENTED_EDGE('',*,*,#3967,.T.);
#5140=ORIENTED_EDGE('',*,*,#3914,.T.);
#5141=ORIENTED_EDGE('',*,*,#3967,.F.);
#5142=ORIENTED_EDGE('',*,*,#3840,.T.);
#5143=ORIENTED_EDGE('',*,*,#3968,.T.);
#5144=ORIENTED_EDGE('',*,*,#3915,.T.);
#5145=ORIENTED_EDGE('',*,*,#3968,.F.);
#5146=ORIENTED_EDGE('',*,*,#3841,.T.);
#5147=ORIENTED_EDGE('',*,*,#3969,.F.);
#5148=ORIENTED_EDGE('',*,*,#3916,.T.);
#5149=ORIENTED_EDGE('',*,*,#3883,.T.);
#5150=ORIENTED_EDGE('',*,*,#3844,.T.);
#5151=ORIENTED_EDGE('',*,*,#3882,.F.);
#5152=ORIENTED_EDGE('',*,*,#3917,.T.);
#5153=ORIENTED_EDGE('',*,*,#3969,.T.);
#5154=ORIENTED_EDGE('',*,*,#3845,.T.);
#5155=ORIENTED_EDGE('',*,*,#3970,.T.);
#5156=ORIENTED_EDGE('',*,*,#3918,.T.);
#5157=ORIENTED_EDGE('',*,*,#3970,.F.);
#5158=ORIENTED_EDGE('',*,*,#3846,.T.);
#5159=ORIENTED_EDGE('',*,*,#3971,.F.);
#5160=ORIENTED_EDGE('',*,*,#3919,.T.);
#5161=ORIENTED_EDGE('',*,*,#3878,.T.);
#5162=ORIENTED_EDGE('',*,*,#3849,.T.);
#5163=ORIENTED_EDGE('',*,*,#3877,.F.);
#5164=ORIENTED_EDGE('',*,*,#3920,.T.);
#5165=ORIENTED_EDGE('',*,*,#3971,.T.);
#5166=ORIENTED_EDGE('',*,*,#3850,.T.);
#5167=ORIENTED_EDGE('',*,*,#3972,.T.);
#5168=ORIENTED_EDGE('',*,*,#3921,.T.);
#5169=ORIENTED_EDGE('',*,*,#3972,.F.);
#5170=ORIENTED_EDGE('',*,*,#3851,.T.);
#5171=ORIENTED_EDGE('',*,*,#3973,.T.);
#5172=ORIENTED_EDGE('',*,*,#3922,.T.);
#5173=ORIENTED_EDGE('',*,*,#3973,.F.);
#5174=ORIENTED_EDGE('',*,*,#3852,.T.);
#5175=ORIENTED_EDGE('',*,*,#3974,.T.);
#5176=ORIENTED_EDGE('',*,*,#3923,.T.);
#5177=ORIENTED_EDGE('',*,*,#3974,.F.);
#5178=ORIENTED_EDGE('',*,*,#3853,.T.);
#5179=ORIENTED_EDGE('',*,*,#3975,.T.);
#5180=ORIENTED_EDGE('',*,*,#3924,.T.);
#5181=ORIENTED_EDGE('',*,*,#3975,.F.);
#5182=ORIENTED_EDGE('',*,*,#3854,.T.);
#5183=ORIENTED_EDGE('',*,*,#3976,.T.);
#5184=ORIENTED_EDGE('',*,*,#3925,.T.);
#5185=ORIENTED_EDGE('',*,*,#3976,.F.);
#5186=ORIENTED_EDGE('',*,*,#3855,.T.);
#5187=ORIENTED_EDGE('',*,*,#3977,.T.);
#5188=ORIENTED_EDGE('',*,*,#3926,.T.);
#5189=ORIENTED_EDGE('',*,*,#3977,.F.);
#5190=ORIENTED_EDGE('',*,*,#3856,.T.);
#5191=ORIENTED_EDGE('',*,*,#3978,.T.);
#5192=ORIENTED_EDGE('',*,*,#3927,.T.);
#5193=ORIENTED_EDGE('',*,*,#3978,.F.);
#5194=ORIENTED_EDGE('',*,*,#3857,.T.);
#5195=ORIENTED_EDGE('',*,*,#3979,.T.);
#5196=ORIENTED_EDGE('',*,*,#3928,.T.);
#5197=ORIENTED_EDGE('',*,*,#3979,.F.);
#5198=ORIENTED_EDGE('',*,*,#3858,.T.);
#5199=ORIENTED_EDGE('',*,*,#3980,.T.);
#5200=ORIENTED_EDGE('',*,*,#3929,.T.);
#5201=ORIENTED_EDGE('',*,*,#3980,.F.);
#5202=ORIENTED_EDGE('',*,*,#3859,.T.);
#5203=ORIENTED_EDGE('',*,*,#3981,.T.);
#5204=ORIENTED_EDGE('',*,*,#3930,.T.);
#5205=ORIENTED_EDGE('',*,*,#3981,.F.);
#5206=ORIENTED_EDGE('',*,*,#3860,.T.);
#5207=ORIENTED_EDGE('',*,*,#3982,.T.);
#5208=ORIENTED_EDGE('',*,*,#3931,.T.);
#5209=ORIENTED_EDGE('',*,*,#3982,.F.);
#5210=ORIENTED_EDGE('',*,*,#3861,.T.);
#5211=ORIENTED_EDGE('',*,*,#3983,.T.);
#5212=ORIENTED_EDGE('',*,*,#3932,.T.);
#5213=ORIENTED_EDGE('',*,*,#3983,.F.);
#5214=ORIENTED_EDGE('',*,*,#3862,.T.);
#5215=ORIENTED_EDGE('',*,*,#3984,.T.);
#5216=ORIENTED_EDGE('',*,*,#3933,.T.);
#5217=ORIENTED_EDGE('',*,*,#3984,.F.);
#5218=ORIENTED_EDGE('',*,*,#3863,.T.);
#5219=ORIENTED_EDGE('',*,*,#3985,.T.);
#5220=ORIENTED_EDGE('',*,*,#3934,.T.);
#5221=ORIENTED_EDGE('',*,*,#3985,.F.);
#5222=ORIENTED_EDGE('',*,*,#3864,.T.);
#5223=ORIENTED_EDGE('',*,*,#3986,.T.);
#5224=ORIENTED_EDGE('',*,*,#3935,.T.);
#5225=ORIENTED_EDGE('',*,*,#3986,.F.);
#5226=ORIENTED_EDGE('',*,*,#3865,.T.);
#5227=ORIENTED_EDGE('',*,*,#3987,.T.);
#5228=ORIENTED_EDGE('',*,*,#3936,.T.);
#5229=ORIENTED_EDGE('',*,*,#3987,.F.);
#5230=ORIENTED_EDGE('',*,*,#3866,.T.);
#5231=ORIENTED_EDGE('',*,*,#3988,.T.);
#5232=ORIENTED_EDGE('',*,*,#3937,.T.);
#5233=ORIENTED_EDGE('',*,*,#3988,.F.);
#5234=ORIENTED_EDGE('',*,*,#3867,.T.);
#5235=ORIENTED_EDGE('',*,*,#3989,.T.);
#5236=ORIENTED_EDGE('',*,*,#3938,.T.);
#5237=ORIENTED_EDGE('',*,*,#3989,.F.);
#5238=ORIENTED_EDGE('',*,*,#3868,.T.);
#5239=ORIENTED_EDGE('',*,*,#3990,.T.);
#5240=ORIENTED_EDGE('',*,*,#3939,.T.);
#5241=ORIENTED_EDGE('',*,*,#3990,.F.);
#5242=ORIENTED_EDGE('',*,*,#3869,.T.);
#5243=ORIENTED_EDGE('',*,*,#3991,.T.);
#5244=ORIENTED_EDGE('',*,*,#3940,.T.);
#5245=ORIENTED_EDGE('',*,*,#3991,.F.);
#5246=ORIENTED_EDGE('',*,*,#3870,.T.);
#5247=ORIENTED_EDGE('',*,*,#3992,.T.);
#5248=ORIENTED_EDGE('',*,*,#3941,.T.);
#5249=ORIENTED_EDGE('',*,*,#3992,.F.);
#5250=ORIENTED_EDGE('',*,*,#3871,.T.);
#5251=ORIENTED_EDGE('',*,*,#3993,.T.);
#5252=ORIENTED_EDGE('',*,*,#3942,.T.);
#5253=ORIENTED_EDGE('',*,*,#3993,.F.);
#5254=ORIENTED_EDGE('',*,*,#3872,.T.);
#5255=ORIENTED_EDGE('',*,*,#3994,.T.);
#5256=ORIENTED_EDGE('',*,*,#3943,.T.);
#5257=ORIENTED_EDGE('',*,*,#3994,.F.);
#5258=ORIENTED_EDGE('',*,*,#3873,.T.);
#5259=ORIENTED_EDGE('',*,*,#3995,.T.);
#5260=ORIENTED_EDGE('',*,*,#3944,.T.);
#5261=ORIENTED_EDGE('',*,*,#3995,.F.);
#5262=ORIENTED_EDGE('',*,*,#3874,.T.);
#5263=ORIENTED_EDGE('',*,*,#3996,.T.);
#5264=ORIENTED_EDGE('',*,*,#3945,.T.);
#5265=ORIENTED_EDGE('',*,*,#3996,.F.);
#5266=ORIENTED_EDGE('',*,*,#3997,.T.);
#5267=ORIENTED_EDGE('',*,*,#3998,.T.);
#5268=ORIENTED_EDGE('',*,*,#3999,.T.);
#5269=ORIENTED_EDGE('',*,*,#4000,.F.);
#5270=ORIENTED_EDGE('',*,*,#4001,.T.);
#5271=ORIENTED_EDGE('',*,*,#4002,.T.);
#5272=ORIENTED_EDGE('',*,*,#4003,.T.);
#5273=ORIENTED_EDGE('',*,*,#4004,.T.);
#5274=ORIENTED_EDGE('',*,*,#4005,.T.);
#5275=ORIENTED_EDGE('',*,*,#4006,.T.);
#5276=ORIENTED_EDGE('',*,*,#4007,.T.);
#5277=ORIENTED_EDGE('',*,*,#3998,.F.);
#5278=ORIENTED_EDGE('',*,*,#4008,.T.);
#5279=ORIENTED_EDGE('',*,*,#4009,.T.);
#5280=ORIENTED_EDGE('',*,*,#4010,.T.);
#5281=ORIENTED_EDGE('',*,*,#4002,.F.);
#5282=ORIENTED_EDGE('',*,*,#4011,.F.);
#5283=ORIENTED_EDGE('',*,*,#4012,.F.);
#5284=ORIENTED_EDGE('',*,*,#4013,.F.);
#5285=ORIENTED_EDGE('',*,*,#4014,.T.);
#5286=ORIENTED_EDGE('',*,*,#4012,.T.);
#5287=ORIENTED_EDGE('',*,*,#4015,.T.);
#5288=ORIENTED_EDGE('',*,*,#4006,.F.);
#5289=ORIENTED_EDGE('',*,*,#4016,.T.);
#5290=ORIENTED_EDGE('',*,*,#4017,.T.);
#5291=ORIENTED_EDGE('',*,*,#4018,.T.);
#5292=ORIENTED_EDGE('',*,*,#4009,.F.);
#5293=ORIENTED_EDGE('',*,*,#4019,.F.);
#5294=ORIENTED_EDGE('',*,*,#4020,.F.);
#5295=ORIENTED_EDGE('',*,*,#4021,.F.);
#5296=ORIENTED_EDGE('',*,*,#4013,.T.);
#5297=ORIENTED_EDGE('',*,*,#4022,.T.);
#5298=ORIENTED_EDGE('',*,*,#4020,.T.);
#5299=ORIENTED_EDGE('',*,*,#4023,.T.);
#5300=ORIENTED_EDGE('',*,*,#4024,.T.);
#5301=ORIENTED_EDGE('',*,*,#4021,.T.);
#5302=ORIENTED_EDGE('',*,*,#4025,.T.);
#5303=ORIENTED_EDGE('',*,*,#4026,.T.);
#5304=ORIENTED_EDGE('',*,*,#4027,.T.);
#5305=ORIENTED_EDGE('',*,*,#4028,.T.);
#5306=ORIENTED_EDGE('',*,*,#4029,.T.);
#5307=ORIENTED_EDGE('',*,*,#4017,.F.);
#5308=ORIENTED_EDGE('',*,*,#4030,.T.);
#5309=ORIENTED_EDGE('',*,*,#4031,.T.);
#5310=ORIENTED_EDGE('',*,*,#4032,.T.);
#5311=ORIENTED_EDGE('',*,*,#4028,.F.);
#5312=ORIENTED_EDGE('',*,*,#4033,.T.);
#5313=ORIENTED_EDGE('',*,*,#4019,.T.);
#5314=ORIENTED_EDGE('',*,*,#4034,.T.);
#5315=ORIENTED_EDGE('',*,*,#4031,.F.);
#5316=ORIENTED_EDGE('',*,*,#4035,.T.);
#5317=ORIENTED_EDGE('',*,*,#4011,.T.);
#5318=ORIENTED_EDGE('',*,*,#4036,.T.);
#5319=ORIENTED_EDGE('',*,*,#4004,.F.);
#5320=ORIENTED_EDGE('',*,*,#4037,.T.);
#5321=ORIENTED_EDGE('',*,*,#4026,.F.);
#5322=ORIENTED_EDGE('',*,*,#4038,.T.);
#5323=ORIENTED_EDGE('',*,*,#4000,.T.);
#5324=ORIENTED_EDGE('',*,*,#4036,.F.);
#5325=ORIENTED_EDGE('',*,*,#4023,.F.);
#5326=ORIENTED_EDGE('',*,*,#4033,.F.);
#5327=ORIENTED_EDGE('',*,*,#4039,.F.);
#5328=ORIENTED_EDGE('',*,*,#4040,.F.);
#5329=ORIENTED_EDGE('',*,*,#4041,.F.);
#5330=ORIENTED_EDGE('',*,*,#4010,.F.);
#5331=ORIENTED_EDGE('',*,*,#4042,.T.);
#5332=ORIENTED_EDGE('',*,*,#4043,.T.);
#5333=ORIENTED_EDGE('',*,*,#4044,.T.);
#5334=ORIENTED_EDGE('',*,*,#4018,.F.);
#5335=ORIENTED_EDGE('',*,*,#4045,.F.);
#5336=ORIENTED_EDGE('',*,*,#4046,.F.);
#5337=ORIENTED_EDGE('',*,*,#4042,.F.);
#5338=ORIENTED_EDGE('',*,*,#4029,.F.);
#5339=ORIENTED_EDGE('',*,*,#4047,.T.);
#5340=ORIENTED_EDGE('',*,*,#4048,.T.);
#5341=ORIENTED_EDGE('',*,*,#4045,.T.);
#5342=ORIENTED_EDGE('',*,*,#4032,.F.);
#5343=ORIENTED_EDGE('',*,*,#4034,.F.);
#5344=ORIENTED_EDGE('',*,*,#4024,.F.);
#5345=ORIENTED_EDGE('',*,*,#4049,.F.);
#5346=ORIENTED_EDGE('',*,*,#4050,.F.);
#5347=ORIENTED_EDGE('',*,*,#4051,.F.);
#5348=ORIENTED_EDGE('',*,*,#4052,.F.);
#5349=ORIENTED_EDGE('',*,*,#4047,.F.);
#5350=ORIENTED_EDGE('',*,*,#4053,.F.);
#5351=ORIENTED_EDGE('',*,*,#4054,.F.);
#5352=ORIENTED_EDGE('',*,*,#4055,.F.);
#5353=ORIENTED_EDGE('',*,*,#4056,.F.);
#5354=ORIENTED_EDGE('',*,*,#4057,.F.);
#5355=ORIENTED_EDGE('',*,*,#4058,.F.);
#5356=ORIENTED_EDGE('',*,*,#4059,.F.);
#5357=ORIENTED_EDGE('',*,*,#4060,.F.);
#5358=ORIENTED_EDGE('',*,*,#4061,.F.);
#5359=ORIENTED_EDGE('',*,*,#4062,.F.);
#5360=ORIENTED_EDGE('',*,*,#4063,.F.);
#5361=ORIENTED_EDGE('',*,*,#3997,.F.);
#5362=ORIENTED_EDGE('',*,*,#4038,.F.);
#5363=ORIENTED_EDGE('',*,*,#4025,.F.);
#5364=ORIENTED_EDGE('',*,*,#4022,.F.);
#5365=ORIENTED_EDGE('',*,*,#4014,.F.);
#5366=ORIENTED_EDGE('',*,*,#4005,.F.);
#5367=ORIENTED_EDGE('',*,*,#4003,.F.);
#5368=ORIENTED_EDGE('',*,*,#4044,.F.);
#5369=ORIENTED_EDGE('',*,*,#4064,.F.);
#5370=ORIENTED_EDGE('',*,*,#4065,.F.);
#5371=ORIENTED_EDGE('',*,*,#4066,.F.);
#5372=ORIENTED_EDGE('',*,*,#4067,.T.);
#5373=ORIENTED_EDGE('',*,*,#4015,.F.);
#5374=ORIENTED_EDGE('',*,*,#4035,.F.);
#5375=ORIENTED_EDGE('',*,*,#4068,.F.);
#5376=ORIENTED_EDGE('',*,*,#4069,.F.);
#5377=ORIENTED_EDGE('',*,*,#4070,.F.);
#5378=ORIENTED_EDGE('',*,*,#4071,.F.);
#5379=ORIENTED_EDGE('',*,*,#4072,.T.);
#5380=ORIENTED_EDGE('',*,*,#4073,.F.);
#5381=ORIENTED_EDGE('',*,*,#4074,.F.);
#5382=ORIENTED_EDGE('',*,*,#4075,.F.);
#5383=ORIENTED_EDGE('',*,*,#4076,.F.);
#5384=ORIENTED_EDGE('',*,*,#4077,.F.);
#5385=ORIENTED_EDGE('',*,*,#4078,.F.);
#5386=ORIENTED_EDGE('',*,*,#4037,.F.);
#5387=ORIENTED_EDGE('',*,*,#4079,.F.);
#5388=ORIENTED_EDGE('',*,*,#4080,.F.);
#5389=ORIENTED_EDGE('',*,*,#4049,.T.);
#5390=ORIENTED_EDGE('',*,*,#3999,.F.);
#5391=ORIENTED_EDGE('',*,*,#4081,.F.);
#5392=ORIENTED_EDGE('',*,*,#4082,.T.);
#5393=ORIENTED_EDGE('',*,*,#4079,.T.);
#5394=ORIENTED_EDGE('',*,*,#4007,.F.);
#5395=ORIENTED_EDGE('',*,*,#4067,.F.);
#5396=ORIENTED_EDGE('',*,*,#4083,.F.);
#5397=ORIENTED_EDGE('',*,*,#4081,.T.);
#5398=ORIENTED_EDGE('',*,*,#4040,.T.);
#5399=ORIENTED_EDGE('',*,*,#4084,.T.);
#5400=ORIENTED_EDGE('',*,*,#4085,.T.);
#5401=ORIENTED_EDGE('',*,*,#4086,.T.);
#5402=ORIENTED_EDGE('',*,*,#4001,.F.);
#5403=ORIENTED_EDGE('',*,*,#4041,.T.);
#5404=ORIENTED_EDGE('',*,*,#4087,.T.);
#5405=ORIENTED_EDGE('',*,*,#4088,.T.);
#5406=ORIENTED_EDGE('',*,*,#4089,.T.);
#5407=ORIENTED_EDGE('',*,*,#4039,.T.);
#5408=ORIENTED_EDGE('',*,*,#4030,.F.);
#5409=ORIENTED_EDGE('',*,*,#4027,.F.);
#5410=ORIENTED_EDGE('',*,*,#4016,.F.);
#5411=ORIENTED_EDGE('',*,*,#4008,.F.);
#5412=ORIENTED_EDGE('',*,*,#4090,.F.);
#5413=ORIENTED_EDGE('',*,*,#4091,.F.);
#5414=ORIENTED_EDGE('',*,*,#4092,.F.);
#5415=ORIENTED_EDGE('',*,*,#4093,.F.);
#5416=ORIENTED_EDGE('',*,*,#4094,.F.);
#5417=ORIENTED_EDGE('',*,*,#4095,.F.);
#5418=ORIENTED_EDGE('',*,*,#4096,.F.);
#5419=ORIENTED_EDGE('',*,*,#4097,.F.);
#5420=ORIENTED_EDGE('',*,*,#4097,.T.);
#5421=ORIENTED_EDGE('',*,*,#4098,.F.);
#5422=ORIENTED_EDGE('',*,*,#4099,.F.);
#5423=ORIENTED_EDGE('',*,*,#4100,.F.);
#5424=ORIENTED_EDGE('',*,*,#4096,.T.);
#5425=ORIENTED_EDGE('',*,*,#4101,.F.);
#5426=ORIENTED_EDGE('',*,*,#4102,.F.);
#5427=ORIENTED_EDGE('',*,*,#4098,.T.);
#5428=ORIENTED_EDGE('',*,*,#4103,.F.);
#5429=ORIENTED_EDGE('',*,*,#4104,.F.);
#5430=ORIENTED_EDGE('',*,*,#4105,.F.);
#5431=ORIENTED_EDGE('',*,*,#4106,.F.);
#5432=ORIENTED_EDGE('',*,*,#4105,.T.);
#5433=ORIENTED_EDGE('',*,*,#4107,.F.);
#5434=ORIENTED_EDGE('',*,*,#4108,.F.);
#5435=ORIENTED_EDGE('',*,*,#4109,.T.);
#5436=ORIENTED_EDGE('',*,*,#4104,.T.);
#5437=ORIENTED_EDGE('',*,*,#4110,.F.);
#5438=ORIENTED_EDGE('',*,*,#4111,.F.);
#5439=ORIENTED_EDGE('',*,*,#4107,.T.);
#5440=ORIENTED_EDGE('',*,*,#4112,.F.);
#5441=ORIENTED_EDGE('',*,*,#4113,.F.);
#5442=ORIENTED_EDGE('',*,*,#4114,.F.);
#5443=ORIENTED_EDGE('',*,*,#4115,.F.);
#5444=ORIENTED_EDGE('',*,*,#4116,.F.);
#5445=ORIENTED_EDGE('',*,*,#4117,.F.);
#5446=ORIENTED_EDGE('',*,*,#4118,.F.);
#5447=ORIENTED_EDGE('',*,*,#4119,.F.);
#5448=ORIENTED_EDGE('',*,*,#4120,.F.);
#5449=ORIENTED_EDGE('',*,*,#4121,.F.);
#5450=ORIENTED_EDGE('',*,*,#4122,.F.);
#5451=ORIENTED_EDGE('',*,*,#4123,.F.);
#5452=ORIENTED_EDGE('',*,*,#4124,.F.);
#5453=ORIENTED_EDGE('',*,*,#4125,.F.);
#5454=ORIENTED_EDGE('',*,*,#4126,.F.);
#5455=ORIENTED_EDGE('',*,*,#4127,.F.);
#5456=ORIENTED_EDGE('',*,*,#4128,.F.);
#5457=ORIENTED_EDGE('',*,*,#4129,.F.);
#5458=ORIENTED_EDGE('',*,*,#4130,.F.);
#5459=ORIENTED_EDGE('',*,*,#4130,.T.);
#5460=ORIENTED_EDGE('',*,*,#4131,.F.);
#5461=ORIENTED_EDGE('',*,*,#4132,.F.);
#5462=ORIENTED_EDGE('',*,*,#4133,.T.);
#5463=ORIENTED_EDGE('',*,*,#4129,.T.);
#5464=ORIENTED_EDGE('',*,*,#4134,.F.);
#5465=ORIENTED_EDGE('',*,*,#4135,.F.);
#5466=ORIENTED_EDGE('',*,*,#4131,.T.);
#5467=ORIENTED_EDGE('',*,*,#4120,.T.);
#5468=ORIENTED_EDGE('',*,*,#4136,.F.);
#5469=ORIENTED_EDGE('',*,*,#4137,.F.);
#5470=ORIENTED_EDGE('',*,*,#4138,.T.);
#5471=ORIENTED_EDGE('',*,*,#4119,.T.);
#5472=ORIENTED_EDGE('',*,*,#4139,.F.);
#5473=ORIENTED_EDGE('',*,*,#4140,.F.);
#5474=ORIENTED_EDGE('',*,*,#4136,.T.);
#5475=ORIENTED_EDGE('',*,*,#4118,.T.);
#5476=ORIENTED_EDGE('',*,*,#4141,.F.);
#5477=ORIENTED_EDGE('',*,*,#4142,.F.);
#5478=ORIENTED_EDGE('',*,*,#4139,.T.);
#5479=ORIENTED_EDGE('',*,*,#4117,.T.);
#5480=ORIENTED_EDGE('',*,*,#4143,.F.);
#5481=ORIENTED_EDGE('',*,*,#4144,.F.);
#5482=ORIENTED_EDGE('',*,*,#4141,.T.);
#5483=ORIENTED_EDGE('',*,*,#4116,.T.);
#5484=ORIENTED_EDGE('',*,*,#4145,.F.);
#5485=ORIENTED_EDGE('',*,*,#4146,.F.);
#5486=ORIENTED_EDGE('',*,*,#4143,.T.);
#5487=ORIENTED_EDGE('',*,*,#4115,.T.);
#5488=ORIENTED_EDGE('',*,*,#4147,.F.);
#5489=ORIENTED_EDGE('',*,*,#4148,.F.);
#5490=ORIENTED_EDGE('',*,*,#4145,.T.);
#5491=ORIENTED_EDGE('',*,*,#4114,.T.);
#5492=ORIENTED_EDGE('',*,*,#4149,.F.);
#5493=ORIENTED_EDGE('',*,*,#4150,.F.);
#5494=ORIENTED_EDGE('',*,*,#4147,.T.);
#5495=ORIENTED_EDGE('',*,*,#4113,.T.);
#5496=ORIENTED_EDGE('',*,*,#4151,.F.);
#5497=ORIENTED_EDGE('',*,*,#4152,.F.);
#5498=ORIENTED_EDGE('',*,*,#4149,.T.);
#5499=ORIENTED_EDGE('',*,*,#4153,.F.);
#5500=ORIENTED_EDGE('',*,*,#4154,.F.);
#5501=ORIENTED_EDGE('',*,*,#4155,.F.);
#5502=ORIENTED_EDGE('',*,*,#4156,.F.);
#5503=ORIENTED_EDGE('',*,*,#4157,.F.);
#5504=ORIENTED_EDGE('',*,*,#4158,.F.);
#5505=ORIENTED_EDGE('',*,*,#4159,.F.);
#5506=ORIENTED_EDGE('',*,*,#4160,.F.);
#5507=ORIENTED_EDGE('',*,*,#4161,.F.);
#5508=ORIENTED_EDGE('',*,*,#4162,.F.);
#5509=ORIENTED_EDGE('',*,*,#4163,.F.);
#5510=ORIENTED_EDGE('',*,*,#4164,.F.);
#5511=ORIENTED_EDGE('',*,*,#4165,.F.);
#5512=ORIENTED_EDGE('',*,*,#4166,.F.);
#5513=ORIENTED_EDGE('',*,*,#4167,.F.);
#5514=ORIENTED_EDGE('',*,*,#4168,.F.);
#5515=ORIENTED_EDGE('',*,*,#4169,.F.);
#5516=ORIENTED_EDGE('',*,*,#4170,.F.);
#5517=ORIENTED_EDGE('',*,*,#4171,.F.);
#5518=ORIENTED_EDGE('',*,*,#4172,.F.);
#5519=ORIENTED_EDGE('',*,*,#4173,.F.);
#5520=ORIENTED_EDGE('',*,*,#4174,.F.);
#5521=ORIENTED_EDGE('',*,*,#4175,.F.);
#5522=ORIENTED_EDGE('',*,*,#4176,.F.);
#5523=ORIENTED_EDGE('',*,*,#4165,.T.);
#5524=ORIENTED_EDGE('',*,*,#4177,.F.);
#5525=ORIENTED_EDGE('',*,*,#4178,.F.);
#5526=ORIENTED_EDGE('',*,*,#4179,.T.);
#5527=ORIENTED_EDGE('',*,*,#4164,.T.);
#5528=ORIENTED_EDGE('',*,*,#4180,.F.);
#5529=ORIENTED_EDGE('',*,*,#4181,.F.);
#5530=ORIENTED_EDGE('',*,*,#4177,.T.);
#5531=ORIENTED_EDGE('',*,*,#4163,.T.);
#5532=ORIENTED_EDGE('',*,*,#4182,.F.);
#5533=ORIENTED_EDGE('',*,*,#4183,.F.);
#5534=ORIENTED_EDGE('',*,*,#4180,.T.);
#5535=ORIENTED_EDGE('',*,*,#4162,.T.);
#5536=ORIENTED_EDGE('',*,*,#4184,.F.);
#5537=ORIENTED_EDGE('',*,*,#4185,.F.);
#5538=ORIENTED_EDGE('',*,*,#4182,.T.);
#5539=ORIENTED_EDGE('',*,*,#4161,.T.);
#5540=ORIENTED_EDGE('',*,*,#4186,.F.);
#5541=ORIENTED_EDGE('',*,*,#4187,.F.);
#5542=ORIENTED_EDGE('',*,*,#4184,.T.);
#5543=ORIENTED_EDGE('',*,*,#4160,.T.);
#5544=ORIENTED_EDGE('',*,*,#4188,.F.);
#5545=ORIENTED_EDGE('',*,*,#4189,.F.);
#5546=ORIENTED_EDGE('',*,*,#4186,.T.);
#5547=ORIENTED_EDGE('',*,*,#4159,.T.);
#5548=ORIENTED_EDGE('',*,*,#4190,.F.);
#5549=ORIENTED_EDGE('',*,*,#4191,.F.);
#5550=ORIENTED_EDGE('',*,*,#4188,.T.);
#5551=ORIENTED_EDGE('',*,*,#4158,.T.);
#5552=ORIENTED_EDGE('',*,*,#4192,.F.);
#5553=ORIENTED_EDGE('',*,*,#4193,.F.);
#5554=ORIENTED_EDGE('',*,*,#4190,.T.);
#5555=ORIENTED_EDGE('',*,*,#4157,.T.);
#5556=ORIENTED_EDGE('',*,*,#4194,.F.);
#5557=ORIENTED_EDGE('',*,*,#4195,.F.);
#5558=ORIENTED_EDGE('',*,*,#4192,.T.);
#5559=ORIENTED_EDGE('',*,*,#4156,.T.);
#5560=ORIENTED_EDGE('',*,*,#4196,.F.);
#5561=ORIENTED_EDGE('',*,*,#4197,.F.);
#5562=ORIENTED_EDGE('',*,*,#4194,.T.);
#5563=ORIENTED_EDGE('',*,*,#4155,.T.);
#5564=ORIENTED_EDGE('',*,*,#4198,.F.);
#5565=ORIENTED_EDGE('',*,*,#4199,.F.);
#5566=ORIENTED_EDGE('',*,*,#4196,.T.);
#5567=ORIENTED_EDGE('',*,*,#4154,.T.);
#5568=ORIENTED_EDGE('',*,*,#4200,.F.);
#5569=ORIENTED_EDGE('',*,*,#4201,.F.);
#5570=ORIENTED_EDGE('',*,*,#4198,.T.);
#5571=ORIENTED_EDGE('',*,*,#4202,.F.);
#5572=ORIENTED_EDGE('',*,*,#4203,.F.);
#5573=ORIENTED_EDGE('',*,*,#4204,.F.);
#5574=ORIENTED_EDGE('',*,*,#4205,.F.);
#5575=ORIENTED_EDGE('',*,*,#4206,.F.);
#5576=ORIENTED_EDGE('',*,*,#4207,.F.);
#5577=ORIENTED_EDGE('',*,*,#4208,.F.);
#5578=ORIENTED_EDGE('',*,*,#4209,.F.);
#5579=ORIENTED_EDGE('',*,*,#4210,.F.);
#5580=ORIENTED_EDGE('',*,*,#4211,.F.);
#5581=ORIENTED_EDGE('',*,*,#4212,.F.);
#5582=ORIENTED_EDGE('',*,*,#4213,.F.);
#5583=ORIENTED_EDGE('',*,*,#4214,.F.);
#5584=ORIENTED_EDGE('',*,*,#4215,.F.);
#5585=ORIENTED_EDGE('',*,*,#4216,.F.);
#5586=ORIENTED_EDGE('',*,*,#4217,.F.);
#5587=ORIENTED_EDGE('',*,*,#4218,.F.);
#5588=ORIENTED_EDGE('',*,*,#4219,.F.);
#5589=ORIENTED_EDGE('',*,*,#4220,.F.);
#5590=ORIENTED_EDGE('',*,*,#4221,.F.);
#5591=ORIENTED_EDGE('',*,*,#4222,.F.);
#5592=ORIENTED_EDGE('',*,*,#4223,.F.);
#5593=ORIENTED_EDGE('',*,*,#4224,.F.);
#5594=ORIENTED_EDGE('',*,*,#4214,.T.);
#5595=ORIENTED_EDGE('',*,*,#4225,.F.);
#5596=ORIENTED_EDGE('',*,*,#4226,.F.);
#5597=ORIENTED_EDGE('',*,*,#4227,.T.);
#5598=ORIENTED_EDGE('',*,*,#4213,.T.);
#5599=ORIENTED_EDGE('',*,*,#4228,.F.);
#5600=ORIENTED_EDGE('',*,*,#4229,.F.);
#5601=ORIENTED_EDGE('',*,*,#4225,.T.);
#5602=ORIENTED_EDGE('',*,*,#4212,.T.);
#5603=ORIENTED_EDGE('',*,*,#4230,.F.);
#5604=ORIENTED_EDGE('',*,*,#4231,.F.);
#5605=ORIENTED_EDGE('',*,*,#4228,.T.);
#5606=ORIENTED_EDGE('',*,*,#4211,.T.);
#5607=ORIENTED_EDGE('',*,*,#4232,.F.);
#5608=ORIENTED_EDGE('',*,*,#4233,.F.);
#5609=ORIENTED_EDGE('',*,*,#4230,.T.);
#5610=ORIENTED_EDGE('',*,*,#4210,.T.);
#5611=ORIENTED_EDGE('',*,*,#4234,.F.);
#5612=ORIENTED_EDGE('',*,*,#4235,.F.);
#5613=ORIENTED_EDGE('',*,*,#4232,.T.);
#5614=ORIENTED_EDGE('',*,*,#4209,.T.);
#5615=ORIENTED_EDGE('',*,*,#4236,.F.);
#5616=ORIENTED_EDGE('',*,*,#4237,.F.);
#5617=ORIENTED_EDGE('',*,*,#4234,.T.);
#5618=ORIENTED_EDGE('',*,*,#4208,.T.);
#5619=ORIENTED_EDGE('',*,*,#4238,.F.);
#5620=ORIENTED_EDGE('',*,*,#4239,.F.);
#5621=ORIENTED_EDGE('',*,*,#4236,.T.);
#5622=ORIENTED_EDGE('',*,*,#4207,.T.);
#5623=ORIENTED_EDGE('',*,*,#4240,.F.);
#5624=ORIENTED_EDGE('',*,*,#4241,.F.);
#5625=ORIENTED_EDGE('',*,*,#4238,.T.);
#5626=ORIENTED_EDGE('',*,*,#4206,.T.);
#5627=ORIENTED_EDGE('',*,*,#4242,.F.);
#5628=ORIENTED_EDGE('',*,*,#4243,.F.);
#5629=ORIENTED_EDGE('',*,*,#4240,.T.);
#5630=ORIENTED_EDGE('',*,*,#4205,.T.);
#5631=ORIENTED_EDGE('',*,*,#4244,.F.);
#5632=ORIENTED_EDGE('',*,*,#4245,.F.);
#5633=ORIENTED_EDGE('',*,*,#4242,.T.);
#5634=ORIENTED_EDGE('',*,*,#4204,.T.);
#5635=ORIENTED_EDGE('',*,*,#4246,.F.);
#5636=ORIENTED_EDGE('',*,*,#4247,.F.);
#5637=ORIENTED_EDGE('',*,*,#4244,.T.);
#5638=ORIENTED_EDGE('',*,*,#4203,.T.);
#5639=ORIENTED_EDGE('',*,*,#4248,.F.);
#5640=ORIENTED_EDGE('',*,*,#4249,.F.);
#5641=ORIENTED_EDGE('',*,*,#4246,.T.);
#5642=ORIENTED_EDGE('',*,*,#4250,.F.);
#5643=ORIENTED_EDGE('',*,*,#4251,.F.);
#5644=ORIENTED_EDGE('',*,*,#4252,.F.);
#5645=ORIENTED_EDGE('',*,*,#4253,.F.);
#5646=ORIENTED_EDGE('',*,*,#4254,.F.);
#5647=ORIENTED_EDGE('',*,*,#4255,.F.);
#5648=ORIENTED_EDGE('',*,*,#4256,.F.);
#5649=ORIENTED_EDGE('',*,*,#4257,.F.);
#5650=ORIENTED_EDGE('',*,*,#4258,.F.);
#5651=ORIENTED_EDGE('',*,*,#4259,.F.);
#5652=ORIENTED_EDGE('',*,*,#4260,.F.);
#5653=ORIENTED_EDGE('',*,*,#4261,.F.);
#5654=ORIENTED_EDGE('',*,*,#4262,.F.);
#5655=ORIENTED_EDGE('',*,*,#4263,.F.);
#5656=ORIENTED_EDGE('',*,*,#4264,.F.);
#5657=ORIENTED_EDGE('',*,*,#4265,.F.);
#5658=ORIENTED_EDGE('',*,*,#4266,.F.);
#5659=ORIENTED_EDGE('',*,*,#4267,.F.);
#5660=ORIENTED_EDGE('',*,*,#4268,.F.);
#5661=ORIENTED_EDGE('',*,*,#4269,.F.);
#5662=ORIENTED_EDGE('',*,*,#4270,.F.);
#5663=ORIENTED_EDGE('',*,*,#4271,.F.);
#5664=ORIENTED_EDGE('',*,*,#4272,.F.);
#5665=ORIENTED_EDGE('',*,*,#4273,.F.);
#5666=ORIENTED_EDGE('',*,*,#4262,.T.);
#5667=ORIENTED_EDGE('',*,*,#4274,.F.);
#5668=ORIENTED_EDGE('',*,*,#4275,.F.);
#5669=ORIENTED_EDGE('',*,*,#4276,.T.);
#5670=ORIENTED_EDGE('',*,*,#4261,.T.);
#5671=ORIENTED_EDGE('',*,*,#4277,.F.);
#5672=ORIENTED_EDGE('',*,*,#4278,.F.);
#5673=ORIENTED_EDGE('',*,*,#4274,.T.);
#5674=ORIENTED_EDGE('',*,*,#4260,.T.);
#5675=ORIENTED_EDGE('',*,*,#4279,.F.);
#5676=ORIENTED_EDGE('',*,*,#4280,.F.);
#5677=ORIENTED_EDGE('',*,*,#4277,.T.);
#5678=ORIENTED_EDGE('',*,*,#4259,.T.);
#5679=ORIENTED_EDGE('',*,*,#4281,.F.);
#5680=ORIENTED_EDGE('',*,*,#4282,.F.);
#5681=ORIENTED_EDGE('',*,*,#4279,.T.);
#5682=ORIENTED_EDGE('',*,*,#4258,.T.);
#5683=ORIENTED_EDGE('',*,*,#4283,.F.);
#5684=ORIENTED_EDGE('',*,*,#4284,.F.);
#5685=ORIENTED_EDGE('',*,*,#4281,.T.);
#5686=ORIENTED_EDGE('',*,*,#4257,.T.);
#5687=ORIENTED_EDGE('',*,*,#4285,.F.);
#5688=ORIENTED_EDGE('',*,*,#4286,.F.);
#5689=ORIENTED_EDGE('',*,*,#4283,.T.);
#5690=ORIENTED_EDGE('',*,*,#4256,.T.);
#5691=ORIENTED_EDGE('',*,*,#4287,.F.);
#5692=ORIENTED_EDGE('',*,*,#4288,.F.);
#5693=ORIENTED_EDGE('',*,*,#4285,.T.);
#5694=ORIENTED_EDGE('',*,*,#4255,.T.);
#5695=ORIENTED_EDGE('',*,*,#4289,.F.);
#5696=ORIENTED_EDGE('',*,*,#4290,.F.);
#5697=ORIENTED_EDGE('',*,*,#4287,.T.);
#5698=ORIENTED_EDGE('',*,*,#4254,.T.);
#5699=ORIENTED_EDGE('',*,*,#4291,.F.);
#5700=ORIENTED_EDGE('',*,*,#4292,.F.);
#5701=ORIENTED_EDGE('',*,*,#4289,.T.);
#5702=ORIENTED_EDGE('',*,*,#4253,.T.);
#5703=ORIENTED_EDGE('',*,*,#4293,.F.);
#5704=ORIENTED_EDGE('',*,*,#4294,.F.);
#5705=ORIENTED_EDGE('',*,*,#4291,.T.);
#5706=ORIENTED_EDGE('',*,*,#4252,.T.);
#5707=ORIENTED_EDGE('',*,*,#4295,.F.);
#5708=ORIENTED_EDGE('',*,*,#4296,.F.);
#5709=ORIENTED_EDGE('',*,*,#4293,.T.);
#5710=ORIENTED_EDGE('',*,*,#4251,.T.);
#5711=ORIENTED_EDGE('',*,*,#4297,.F.);
#5712=ORIENTED_EDGE('',*,*,#4298,.F.);
#5713=ORIENTED_EDGE('',*,*,#4295,.T.);
#5714=ORIENTED_EDGE('',*,*,#4299,.F.);
#5715=ORIENTED_EDGE('',*,*,#4300,.F.);
#5716=ORIENTED_EDGE('',*,*,#4301,.F.);
#5717=ORIENTED_EDGE('',*,*,#4302,.F.);
#5718=ORIENTED_EDGE('',*,*,#4303,.F.);
#5719=ORIENTED_EDGE('',*,*,#4304,.F.);
#5720=ORIENTED_EDGE('',*,*,#4305,.F.);
#5721=ORIENTED_EDGE('',*,*,#4306,.F.);
#5722=ORIENTED_EDGE('',*,*,#4307,.F.);
#5723=ORIENTED_EDGE('',*,*,#4308,.F.);
#5724=ORIENTED_EDGE('',*,*,#4309,.F.);
#5725=ORIENTED_EDGE('',*,*,#4310,.F.);
#5726=ORIENTED_EDGE('',*,*,#4305,.T.);
#5727=ORIENTED_EDGE('',*,*,#4311,.F.);
#5728=ORIENTED_EDGE('',*,*,#4312,.F.);
#5729=ORIENTED_EDGE('',*,*,#4313,.T.);
#5730=ORIENTED_EDGE('',*,*,#4304,.T.);
#5731=ORIENTED_EDGE('',*,*,#4314,.F.);
#5732=ORIENTED_EDGE('',*,*,#4315,.F.);
#5733=ORIENTED_EDGE('',*,*,#4311,.T.);
#5734=ORIENTED_EDGE('',*,*,#4303,.T.);
#5735=ORIENTED_EDGE('',*,*,#4316,.F.);
#5736=ORIENTED_EDGE('',*,*,#4317,.F.);
#5737=ORIENTED_EDGE('',*,*,#4314,.T.);
#5738=ORIENTED_EDGE('',*,*,#4302,.T.);
#5739=ORIENTED_EDGE('',*,*,#4318,.F.);
#5740=ORIENTED_EDGE('',*,*,#4319,.F.);
#5741=ORIENTED_EDGE('',*,*,#4316,.T.);
#5742=ORIENTED_EDGE('',*,*,#4301,.T.);
#5743=ORIENTED_EDGE('',*,*,#4320,.F.);
#5744=ORIENTED_EDGE('',*,*,#4321,.F.);
#5745=ORIENTED_EDGE('',*,*,#4318,.T.);
#5746=ORIENTED_EDGE('',*,*,#4300,.T.);
#5747=ORIENTED_EDGE('',*,*,#4322,.F.);
#5748=ORIENTED_EDGE('',*,*,#4323,.F.);
#5749=ORIENTED_EDGE('',*,*,#4320,.T.);
#5750=ORIENTED_EDGE('',*,*,#4324,.F.);
#5751=ORIENTED_EDGE('',*,*,#4325,.F.);
#5752=ORIENTED_EDGE('',*,*,#4326,.F.);
#5753=ORIENTED_EDGE('',*,*,#4327,.F.);
#5754=ORIENTED_EDGE('',*,*,#4328,.F.);
#5755=ORIENTED_EDGE('',*,*,#4329,.F.);
#5756=ORIENTED_EDGE('',*,*,#4330,.F.);
#5757=ORIENTED_EDGE('',*,*,#4331,.F.);
#5758=ORIENTED_EDGE('',*,*,#4332,.F.);
#5759=ORIENTED_EDGE('',*,*,#4333,.F.);
#5760=ORIENTED_EDGE('',*,*,#4334,.F.);
#5761=ORIENTED_EDGE('',*,*,#4335,.F.);
#5762=ORIENTED_EDGE('',*,*,#4336,.F.);
#5763=ORIENTED_EDGE('',*,*,#4337,.F.);
#5764=ORIENTED_EDGE('',*,*,#4338,.F.);
#5765=ORIENTED_EDGE('',*,*,#4339,.F.);
#5766=ORIENTED_EDGE('',*,*,#4340,.F.);
#5767=ORIENTED_EDGE('',*,*,#4341,.F.);
#5768=ORIENTED_EDGE('',*,*,#4342,.F.);
#5769=ORIENTED_EDGE('',*,*,#4343,.F.);
#5770=ORIENTED_EDGE('',*,*,#4344,.F.);
#5771=ORIENTED_EDGE('',*,*,#4341,.T.);
#5772=ORIENTED_EDGE('',*,*,#4345,.F.);
#5773=ORIENTED_EDGE('',*,*,#4346,.F.);
#5774=ORIENTED_EDGE('',*,*,#4347,.T.);
#5775=ORIENTED_EDGE('',*,*,#4340,.T.);
#5776=ORIENTED_EDGE('',*,*,#4348,.F.);
#5777=ORIENTED_EDGE('',*,*,#4349,.F.);
#5778=ORIENTED_EDGE('',*,*,#4345,.T.);
#5779=ORIENTED_EDGE('',*,*,#4339,.T.);
#5780=ORIENTED_EDGE('',*,*,#4350,.F.);
#5781=ORIENTED_EDGE('',*,*,#4351,.F.);
#5782=ORIENTED_EDGE('',*,*,#4348,.T.);
#5783=ORIENTED_EDGE('',*,*,#4338,.T.);
#5784=ORIENTED_EDGE('',*,*,#4352,.F.);
#5785=ORIENTED_EDGE('',*,*,#4353,.F.);
#5786=ORIENTED_EDGE('',*,*,#4350,.T.);
#5787=ORIENTED_EDGE('',*,*,#4331,.T.);
#5788=ORIENTED_EDGE('',*,*,#4354,.F.);
#5789=ORIENTED_EDGE('',*,*,#4355,.F.);
#5790=ORIENTED_EDGE('',*,*,#4356,.T.);
#5791=ORIENTED_EDGE('',*,*,#4330,.T.);
#5792=ORIENTED_EDGE('',*,*,#4357,.F.);
#5793=ORIENTED_EDGE('',*,*,#4358,.F.);
#5794=ORIENTED_EDGE('',*,*,#4354,.T.);
#5795=ORIENTED_EDGE('',*,*,#4329,.T.);
#5796=ORIENTED_EDGE('',*,*,#4359,.F.);
#5797=ORIENTED_EDGE('',*,*,#4360,.F.);
#5798=ORIENTED_EDGE('',*,*,#4357,.T.);
#5799=ORIENTED_EDGE('',*,*,#4328,.T.);
#5800=ORIENTED_EDGE('',*,*,#4361,.F.);
#5801=ORIENTED_EDGE('',*,*,#4362,.F.);
#5802=ORIENTED_EDGE('',*,*,#4359,.T.);
#5803=ORIENTED_EDGE('',*,*,#4327,.T.);
#5804=ORIENTED_EDGE('',*,*,#4363,.F.);
#5805=ORIENTED_EDGE('',*,*,#4364,.F.);
#5806=ORIENTED_EDGE('',*,*,#4361,.T.);
#5807=ORIENTED_EDGE('',*,*,#4326,.T.);
#5808=ORIENTED_EDGE('',*,*,#4365,.F.);
#5809=ORIENTED_EDGE('',*,*,#4366,.F.);
#5810=ORIENTED_EDGE('',*,*,#4363,.T.);
#5811=ORIENTED_EDGE('',*,*,#4325,.T.);
#5812=ORIENTED_EDGE('',*,*,#4367,.F.);
#5813=ORIENTED_EDGE('',*,*,#4368,.F.);
#5814=ORIENTED_EDGE('',*,*,#4365,.T.);
#5815=ORIENTED_EDGE('',*,*,#4369,.F.);
#5816=ORIENTED_EDGE('',*,*,#4370,.F.);
#5817=ORIENTED_EDGE('',*,*,#4371,.F.);
#5818=ORIENTED_EDGE('',*,*,#4372,.F.);
#5819=ORIENTED_EDGE('',*,*,#4373,.F.);
#5820=ORIENTED_EDGE('',*,*,#4374,.F.);
#5821=ORIENTED_EDGE('',*,*,#4375,.F.);
#5822=ORIENTED_EDGE('',*,*,#4376,.F.);
#5823=ORIENTED_EDGE('',*,*,#4377,.F.);
#5824=ORIENTED_EDGE('',*,*,#4378,.F.);
#5825=ORIENTED_EDGE('',*,*,#4379,.F.);
#5826=ORIENTED_EDGE('',*,*,#4380,.F.);
#5827=ORIENTED_EDGE('',*,*,#4381,.F.);
#5828=ORIENTED_EDGE('',*,*,#4382,.F.);
#5829=ORIENTED_EDGE('',*,*,#4383,.F.);
#5830=ORIENTED_EDGE('',*,*,#4384,.F.);
#5831=ORIENTED_EDGE('',*,*,#4385,.F.);
#5832=ORIENTED_EDGE('',*,*,#4386,.F.);
#5833=ORIENTED_EDGE('',*,*,#4387,.F.);
#5834=ORIENTED_EDGE('',*,*,#4388,.F.);
#5835=ORIENTED_EDGE('',*,*,#4389,.F.);
#5836=ORIENTED_EDGE('',*,*,#4390,.F.);
#5837=ORIENTED_EDGE('',*,*,#4391,.F.);
#5838=ORIENTED_EDGE('',*,*,#4392,.F.);
#5839=ORIENTED_EDGE('',*,*,#4393,.F.);
#5840=ORIENTED_EDGE('',*,*,#4394,.F.);
#5841=ORIENTED_EDGE('',*,*,#4395,.F.);
#5842=ORIENTED_EDGE('',*,*,#4396,.F.);
#5843=ORIENTED_EDGE('',*,*,#4397,.F.);
#5844=ORIENTED_EDGE('',*,*,#4398,.F.);
#5845=ORIENTED_EDGE('',*,*,#4395,.T.);
#5846=ORIENTED_EDGE('',*,*,#4399,.F.);
#5847=ORIENTED_EDGE('',*,*,#4400,.F.);
#5848=ORIENTED_EDGE('',*,*,#4401,.T.);
#5849=ORIENTED_EDGE('',*,*,#4394,.T.);
#5850=ORIENTED_EDGE('',*,*,#4402,.F.);
#5851=ORIENTED_EDGE('',*,*,#4403,.F.);
#5852=ORIENTED_EDGE('',*,*,#4399,.T.);
#5853=ORIENTED_EDGE('',*,*,#4393,.T.);
#5854=ORIENTED_EDGE('',*,*,#4404,.F.);
#5855=ORIENTED_EDGE('',*,*,#4405,.F.);
#5856=ORIENTED_EDGE('',*,*,#4402,.T.);
#5857=ORIENTED_EDGE('',*,*,#4392,.T.);
#5858=ORIENTED_EDGE('',*,*,#4406,.F.);
#5859=ORIENTED_EDGE('',*,*,#4407,.F.);
#5860=ORIENTED_EDGE('',*,*,#4404,.T.);
#5861=ORIENTED_EDGE('',*,*,#4391,.T.);
#5862=ORIENTED_EDGE('',*,*,#4408,.F.);
#5863=ORIENTED_EDGE('',*,*,#4409,.F.);
#5864=ORIENTED_EDGE('',*,*,#4406,.T.);
#5865=ORIENTED_EDGE('',*,*,#4380,.T.);
#5866=ORIENTED_EDGE('',*,*,#4410,.F.);
#5867=ORIENTED_EDGE('',*,*,#4411,.F.);
#5868=ORIENTED_EDGE('',*,*,#4412,.T.);
#5869=ORIENTED_EDGE('',*,*,#4379,.T.);
#5870=ORIENTED_EDGE('',*,*,#4413,.F.);
#5871=ORIENTED_EDGE('',*,*,#4414,.F.);
#5872=ORIENTED_EDGE('',*,*,#4410,.T.);
#5873=ORIENTED_EDGE('',*,*,#4378,.T.);
#5874=ORIENTED_EDGE('',*,*,#4415,.F.);
#5875=ORIENTED_EDGE('',*,*,#4416,.F.);
#5876=ORIENTED_EDGE('',*,*,#4413,.T.);
#5877=ORIENTED_EDGE('',*,*,#4377,.T.);
#5878=ORIENTED_EDGE('',*,*,#4417,.F.);
#5879=ORIENTED_EDGE('',*,*,#4418,.F.);
#5880=ORIENTED_EDGE('',*,*,#4415,.T.);
#5881=ORIENTED_EDGE('',*,*,#4376,.T.);
#5882=ORIENTED_EDGE('',*,*,#4419,.F.);
#5883=ORIENTED_EDGE('',*,*,#4420,.F.);
#5884=ORIENTED_EDGE('',*,*,#4417,.T.);
#5885=ORIENTED_EDGE('',*,*,#4375,.T.);
#5886=ORIENTED_EDGE('',*,*,#4421,.F.);
#5887=ORIENTED_EDGE('',*,*,#4422,.F.);
#5888=ORIENTED_EDGE('',*,*,#4419,.T.);
#5889=ORIENTED_EDGE('',*,*,#4374,.T.);
#5890=ORIENTED_EDGE('',*,*,#4423,.F.);
#5891=ORIENTED_EDGE('',*,*,#4424,.F.);
#5892=ORIENTED_EDGE('',*,*,#4421,.T.);
#5893=ORIENTED_EDGE('',*,*,#4373,.T.);
#5894=ORIENTED_EDGE('',*,*,#4425,.F.);
#5895=ORIENTED_EDGE('',*,*,#4426,.F.);
#5896=ORIENTED_EDGE('',*,*,#4423,.T.);
#5897=ORIENTED_EDGE('',*,*,#4372,.T.);
#5898=ORIENTED_EDGE('',*,*,#4427,.F.);
#5899=ORIENTED_EDGE('',*,*,#4428,.F.);
#5900=ORIENTED_EDGE('',*,*,#4425,.T.);
#5901=ORIENTED_EDGE('',*,*,#4371,.T.);
#5902=ORIENTED_EDGE('',*,*,#4429,.F.);
#5903=ORIENTED_EDGE('',*,*,#4430,.F.);
#5904=ORIENTED_EDGE('',*,*,#4427,.T.);
#5905=ORIENTED_EDGE('',*,*,#4370,.T.);
#5906=ORIENTED_EDGE('',*,*,#4431,.F.);
#5907=ORIENTED_EDGE('',*,*,#4432,.F.);
#5908=ORIENTED_EDGE('',*,*,#4429,.T.);
#5909=ORIENTED_EDGE('',*,*,#4433,.F.);
#5910=ORIENTED_EDGE('',*,*,#4434,.T.);
#5911=ORIENTED_EDGE('',*,*,#4435,.T.);
#5912=ORIENTED_EDGE('',*,*,#4436,.F.);
#5913=ORIENTED_EDGE('',*,*,#4437,.F.);
#5914=ORIENTED_EDGE('',*,*,#4438,.T.);
#5915=ORIENTED_EDGE('',*,*,#4439,.T.);
#5916=ORIENTED_EDGE('',*,*,#4434,.F.);
#5917=ORIENTED_EDGE('',*,*,#4440,.F.);
#5918=ORIENTED_EDGE('',*,*,#4441,.T.);
#5919=ORIENTED_EDGE('',*,*,#4442,.T.);
#5920=ORIENTED_EDGE('',*,*,#4438,.F.);
#5921=ORIENTED_EDGE('',*,*,#4443,.F.);
#5922=ORIENTED_EDGE('',*,*,#4436,.T.);
#5923=ORIENTED_EDGE('',*,*,#4444,.T.);
#5924=ORIENTED_EDGE('',*,*,#4441,.F.);
#5925=ORIENTED_EDGE('',*,*,#4444,.F.);
#5926=ORIENTED_EDGE('',*,*,#4435,.F.);
#5927=ORIENTED_EDGE('',*,*,#4439,.F.);
#5928=ORIENTED_EDGE('',*,*,#4442,.F.);
#5929=ORIENTED_EDGE('',*,*,#4445,.F.);
#5930=ORIENTED_EDGE('',*,*,#4446,.T.);
#5931=ORIENTED_EDGE('',*,*,#4447,.T.);
#5932=ORIENTED_EDGE('',*,*,#4446,.F.);
#5933=ORIENTED_EDGE('',*,*,#4447,.F.);
#5934=ORIENTED_EDGE('',*,*,#4448,.F.);
#5935=ORIENTED_EDGE('',*,*,#4449,.T.);
#5936=ORIENTED_EDGE('',*,*,#4450,.T.);
#5937=ORIENTED_EDGE('',*,*,#4451,.F.);
#5938=ORIENTED_EDGE('',*,*,#4452,.F.);
#5939=ORIENTED_EDGE('',*,*,#4453,.T.);
#5940=ORIENTED_EDGE('',*,*,#4454,.T.);
#5941=ORIENTED_EDGE('',*,*,#4449,.F.);
#5942=ORIENTED_EDGE('',*,*,#4455,.F.);
#5943=ORIENTED_EDGE('',*,*,#4456,.T.);
#5944=ORIENTED_EDGE('',*,*,#4457,.T.);
#5945=ORIENTED_EDGE('',*,*,#4453,.F.);
#5946=ORIENTED_EDGE('',*,*,#4458,.F.);
#5947=ORIENTED_EDGE('',*,*,#4451,.T.);
#5948=ORIENTED_EDGE('',*,*,#4459,.T.);
#5949=ORIENTED_EDGE('',*,*,#4456,.F.);
#5950=ORIENTED_EDGE('',*,*,#4459,.F.);
#5951=ORIENTED_EDGE('',*,*,#4450,.F.);
#5952=ORIENTED_EDGE('',*,*,#4454,.F.);
#5953=ORIENTED_EDGE('',*,*,#4457,.F.);
#5954=ORIENTED_EDGE('',*,*,#4460,.F.);
#5955=ORIENTED_EDGE('',*,*,#4461,.T.);
#5956=ORIENTED_EDGE('',*,*,#4462,.T.);
#5957=ORIENTED_EDGE('',*,*,#4463,.F.);
#5958=ORIENTED_EDGE('',*,*,#4464,.F.);
#5959=ORIENTED_EDGE('',*,*,#4465,.T.);
#5960=ORIENTED_EDGE('',*,*,#4466,.T.);
#5961=ORIENTED_EDGE('',*,*,#4461,.F.);
#5962=ORIENTED_EDGE('',*,*,#4467,.F.);
#5963=ORIENTED_EDGE('',*,*,#4468,.T.);
#5964=ORIENTED_EDGE('',*,*,#4469,.T.);
#5965=ORIENTED_EDGE('',*,*,#4465,.F.);
#5966=ORIENTED_EDGE('',*,*,#4470,.F.);
#5967=ORIENTED_EDGE('',*,*,#4463,.T.);
#5968=ORIENTED_EDGE('',*,*,#4471,.T.);
#5969=ORIENTED_EDGE('',*,*,#4468,.F.);
#5970=ORIENTED_EDGE('',*,*,#4471,.F.);
#5971=ORIENTED_EDGE('',*,*,#4462,.F.);
#5972=ORIENTED_EDGE('',*,*,#4466,.F.);
#5973=ORIENTED_EDGE('',*,*,#4469,.F.);
#5974=ORIENTED_EDGE('',*,*,#4472,.F.);
#5975=ORIENTED_EDGE('',*,*,#4473,.T.);
#5976=ORIENTED_EDGE('',*,*,#4474,.T.);
#5977=ORIENTED_EDGE('',*,*,#4475,.F.);
#5978=ORIENTED_EDGE('',*,*,#4476,.F.);
#5979=ORIENTED_EDGE('',*,*,#4477,.T.);
#5980=ORIENTED_EDGE('',*,*,#4478,.T.);
#5981=ORIENTED_EDGE('',*,*,#4473,.F.);
#5982=ORIENTED_EDGE('',*,*,#4479,.F.);
#5983=ORIENTED_EDGE('',*,*,#4480,.T.);
#5984=ORIENTED_EDGE('',*,*,#4481,.T.);
#5985=ORIENTED_EDGE('',*,*,#4477,.F.);
#5986=ORIENTED_EDGE('',*,*,#4482,.F.);
#5987=ORIENTED_EDGE('',*,*,#4475,.T.);
#5988=ORIENTED_EDGE('',*,*,#4483,.T.);
#5989=ORIENTED_EDGE('',*,*,#4480,.F.);
#5990=ORIENTED_EDGE('',*,*,#4483,.F.);
#5991=ORIENTED_EDGE('',*,*,#4474,.F.);
#5992=ORIENTED_EDGE('',*,*,#4478,.F.);
#5993=ORIENTED_EDGE('',*,*,#4481,.F.);
#5994=ORIENTED_EDGE('',*,*,#4484,.T.);
#5995=ORIENTED_EDGE('',*,*,#4485,.T.);
#5996=ORIENTED_EDGE('',*,*,#4486,.T.);
#5997=ORIENTED_EDGE('',*,*,#4487,.F.);
#5998=ORIENTED_EDGE('',*,*,#4488,.T.);
#5999=ORIENTED_EDGE('',*,*,#4489,.T.);
#6000=ORIENTED_EDGE('',*,*,#4490,.T.);
#6001=ORIENTED_EDGE('',*,*,#4485,.F.);
#6002=ORIENTED_EDGE('',*,*,#4491,.T.);
#6003=ORIENTED_EDGE('',*,*,#4489,.F.);
#6004=ORIENTED_EDGE('',*,*,#4492,.T.);
#6005=ORIENTED_EDGE('',*,*,#4487,.T.);
#6006=ORIENTED_EDGE('',*,*,#4491,.F.);
#6007=ORIENTED_EDGE('',*,*,#4493,.F.);
#6008=ORIENTED_EDGE('',*,*,#4494,.F.);
#6009=ORIENTED_EDGE('',*,*,#4495,.F.);
#6010=ORIENTED_EDGE('',*,*,#4486,.F.);
#6011=ORIENTED_EDGE('',*,*,#4496,.T.);
#6012=ORIENTED_EDGE('',*,*,#4497,.F.);
#6013=ORIENTED_EDGE('',*,*,#4498,.F.);
#6014=ORIENTED_EDGE('',*,*,#4499,.F.);
#6015=ORIENTED_EDGE('',*,*,#4500,.T.);
#6016=ORIENTED_EDGE('',*,*,#4501,.F.);
#6017=ORIENTED_EDGE('',*,*,#4502,.F.);
#6018=ORIENTED_EDGE('',*,*,#4503,.F.);
#6019=ORIENTED_EDGE('',*,*,#4493,.T.);
#6020=ORIENTED_EDGE('',*,*,#4504,.F.);
#6021=ORIENTED_EDGE('',*,*,#4505,.F.);
#6022=ORIENTED_EDGE('',*,*,#4506,.F.);
#6023=ORIENTED_EDGE('',*,*,#4507,.F.);
#6024=ORIENTED_EDGE('',*,*,#4508,.F.);
#6025=ORIENTED_EDGE('',*,*,#4509,.F.);
#6026=ORIENTED_EDGE('',*,*,#4510,.F.);
#6027=ORIENTED_EDGE('',*,*,#4511,.F.);
#6028=ORIENTED_EDGE('',*,*,#4512,.F.);
#6029=ORIENTED_EDGE('',*,*,#4513,.F.);
#6030=ORIENTED_EDGE('',*,*,#4514,.F.);
#6031=ORIENTED_EDGE('',*,*,#4515,.F.);
#6032=ORIENTED_EDGE('',*,*,#4516,.F.);
#6033=ORIENTED_EDGE('',*,*,#4484,.F.);
#6034=ORIENTED_EDGE('',*,*,#4492,.F.);
#6035=ORIENTED_EDGE('',*,*,#4488,.F.);
#6036=ORIENTED_EDGE('',*,*,#4512,.T.);
#6037=ORIENTED_EDGE('',*,*,#4517,.T.);
#6038=ORIENTED_EDGE('',*,*,#4518,.T.);
#6039=ORIENTED_EDGE('',*,*,#4519,.T.);
#6040=ORIENTED_EDGE('',*,*,#4520,.T.);
#6041=ORIENTED_EDGE('',*,*,#4521,.T.);
#6042=ORIENTED_EDGE('',*,*,#4513,.T.);
#6043=ORIENTED_EDGE('',*,*,#4519,.F.);
#6044=ORIENTED_EDGE('',*,*,#4514,.T.);
#6045=ORIENTED_EDGE('',*,*,#4522,.T.);
#6046=ORIENTED_EDGE('',*,*,#4523,.T.);
#6047=ORIENTED_EDGE('',*,*,#4524,.F.);
#6048=ORIENTED_EDGE('',*,*,#4525,.T.);
#6049=ORIENTED_EDGE('',*,*,#4526,.T.);
#6050=ORIENTED_EDGE('',*,*,#4515,.T.);
#6051=ORIENTED_EDGE('',*,*,#4524,.T.);
#6052=ORIENTED_EDGE('',*,*,#4516,.T.);
#6053=ORIENTED_EDGE('',*,*,#4526,.F.);
#6054=ORIENTED_EDGE('',*,*,#4527,.T.);
#6055=ORIENTED_EDGE('',*,*,#4522,.F.);
#6056=ORIENTED_EDGE('',*,*,#4525,.F.);
#6057=ORIENTED_EDGE('',*,*,#4528,.F.);
#6058=ORIENTED_EDGE('',*,*,#4529,.F.);
#6059=ORIENTED_EDGE('',*,*,#4530,.F.);
#6060=ORIENTED_EDGE('',*,*,#4523,.F.);
#6061=ORIENTED_EDGE('',*,*,#4531,.T.);
#6062=ORIENTED_EDGE('',*,*,#4532,.F.);
#6063=ORIENTED_EDGE('',*,*,#4528,.T.);
#6064=ORIENTED_EDGE('',*,*,#4509,.T.);
#6065=ORIENTED_EDGE('',*,*,#4533,.T.);
#6066=ORIENTED_EDGE('',*,*,#4534,.T.);
#6067=ORIENTED_EDGE('',*,*,#4535,.T.);
#6068=ORIENTED_EDGE('',*,*,#4536,.T.);
#6069=ORIENTED_EDGE('',*,*,#4537,.T.);
#6070=ORIENTED_EDGE('',*,*,#4510,.T.);
#6071=ORIENTED_EDGE('',*,*,#4535,.F.);
#6072=ORIENTED_EDGE('',*,*,#4538,.T.);
#6073=ORIENTED_EDGE('',*,*,#4539,.T.);
#6074=ORIENTED_EDGE('',*,*,#4540,.T.);
#6075=ORIENTED_EDGE('',*,*,#4541,.T.);
#6076=ORIENTED_EDGE('',*,*,#4539,.F.);
#6077=ORIENTED_EDGE('',*,*,#4542,.T.);
#6078=ORIENTED_EDGE('',*,*,#4543,.F.);
#6079=ORIENTED_EDGE('',*,*,#4544,.F.);
#6080=ORIENTED_EDGE('',*,*,#4545,.F.);
#6081=ORIENTED_EDGE('',*,*,#4546,.T.);
#6082=ORIENTED_EDGE('',*,*,#4547,.F.);
#6083=ORIENTED_EDGE('',*,*,#4548,.F.);
#6084=ORIENTED_EDGE('',*,*,#4549,.T.);
#6085=ORIENTED_EDGE('',*,*,#4550,.F.);
#6086=ORIENTED_EDGE('',*,*,#4551,.T.);
#6087=ORIENTED_EDGE('',*,*,#4552,.F.);
#6088=ORIENTED_EDGE('',*,*,#4553,.F.);
#6089=ORIENTED_EDGE('',*,*,#4554,.F.);
#6090=ORIENTED_EDGE('',*,*,#4555,.F.);
#6091=ORIENTED_EDGE('',*,*,#4556,.T.);
#6092=ORIENTED_EDGE('',*,*,#4557,.T.);
#6093=ORIENTED_EDGE('',*,*,#4501,.T.);
#6094=ORIENTED_EDGE('',*,*,#4558,.T.);
#6095=ORIENTED_EDGE('',*,*,#4056,.T.);
#6096=ORIENTED_EDGE('',*,*,#4073,.T.);
#6097=ORIENTED_EDGE('',*,*,#4559,.T.);
#6098=ORIENTED_EDGE('',*,*,#4560,.T.);
#6099=ORIENTED_EDGE('',*,*,#4561,.T.);
#6100=ORIENTED_EDGE('',*,*,#4562,.T.);
#6101=ORIENTED_EDGE('',*,*,#4563,.T.);
#6102=ORIENTED_EDGE('',*,*,#4074,.T.);
#6103=ORIENTED_EDGE('',*,*,#4561,.F.);
#6104=ORIENTED_EDGE('',*,*,#4564,.T.);
#6105=ORIENTED_EDGE('',*,*,#4565,.T.);
#6106=ORIENTED_EDGE('',*,*,#4075,.T.);
#6107=ORIENTED_EDGE('',*,*,#4566,.T.);
#6108=ORIENTED_EDGE('',*,*,#4567,.T.);
#6109=ORIENTED_EDGE('',*,*,#4568,.T.);
#6110=ORIENTED_EDGE('',*,*,#4076,.T.);
#6111=ORIENTED_EDGE('',*,*,#4565,.F.);
#6112=ORIENTED_EDGE('',*,*,#4077,.T.);
#6113=ORIENTED_EDGE('',*,*,#4568,.F.);
#6114=ORIENTED_EDGE('',*,*,#4569,.T.);
#6115=ORIENTED_EDGE('',*,*,#4570,.T.);
#6116=ORIENTED_EDGE('',*,*,#4571,.T.);
#6117=ORIENTED_EDGE('',*,*,#4566,.F.);
#6118=ORIENTED_EDGE('',*,*,#4078,.T.);
#6119=ORIENTED_EDGE('',*,*,#4570,.F.);
#6120=ORIENTED_EDGE('',*,*,#4567,.F.);
#6121=ORIENTED_EDGE('',*,*,#4572,.F.);
#6122=ORIENTED_EDGE('',*,*,#4573,.F.);
#6123=ORIENTED_EDGE('',*,*,#4574,.F.);
#6124=ORIENTED_EDGE('',*,*,#4564,.F.);
#6125=ORIENTED_EDGE('',*,*,#4575,.T.);
#6126=ORIENTED_EDGE('',*,*,#4576,.F.);
#6127=ORIENTED_EDGE('',*,*,#4577,.T.);
#6128=ORIENTED_EDGE('',*,*,#4578,.F.);
#6129=ORIENTED_EDGE('',*,*,#4579,.F.);
#6130=ORIENTED_EDGE('',*,*,#4580,.F.);
#6131=ORIENTED_EDGE('',*,*,#4581,.T.);
#6132=ORIENTED_EDGE('',*,*,#4582,.F.);
#6133=ORIENTED_EDGE('',*,*,#4500,.F.);
#6134=ORIENTED_EDGE('',*,*,#4583,.F.);
#6135=ORIENTED_EDGE('',*,*,#4584,.T.);
#6136=ORIENTED_EDGE('',*,*,#4585,.F.);
#6137=ORIENTED_EDGE('',*,*,#4546,.F.);
#6138=ORIENTED_EDGE('',*,*,#4586,.F.);
#6139=ORIENTED_EDGE('',*,*,#4572,.T.);
#6140=ORIENTED_EDGE('',*,*,#4587,.T.);
#6141=ORIENTED_EDGE('',*,*,#4099,.T.);
#6142=ORIENTED_EDGE('',*,*,#4102,.T.);
#6143=ORIENTED_EDGE('',*,*,#4588,.T.);
#6144=ORIENTED_EDGE('',*,*,#4583,.T.);
#6145=ORIENTED_EDGE('',*,*,#4589,.T.);
#6146=ORIENTED_EDGE('',*,*,#4068,.T.);
#6147=ORIENTED_EDGE('',*,*,#4590,.T.);
#6148=ORIENTED_EDGE('',*,*,#4499,.T.);
#6149=ORIENTED_EDGE('',*,*,#4591,.T.);
#6150=ORIENTED_EDGE('',*,*,#4069,.T.);
#6151=ORIENTED_EDGE('',*,*,#4589,.F.);
#6152=ORIENTED_EDGE('',*,*,#4592,.T.);
#6153=ORIENTED_EDGE('',*,*,#4593,.T.);
#6154=ORIENTED_EDGE('',*,*,#4070,.T.);
#6155=ORIENTED_EDGE('',*,*,#4591,.F.);
#6156=ORIENTED_EDGE('',*,*,#4071,.T.);
#6157=ORIENTED_EDGE('',*,*,#4593,.F.);
#6158=ORIENTED_EDGE('',*,*,#4594,.T.);
#6159=ORIENTED_EDGE('',*,*,#4590,.F.);
#6160=ORIENTED_EDGE('',*,*,#4550,.T.);
#6161=ORIENTED_EDGE('',*,*,#4533,.F.);
#6162=ORIENTED_EDGE('',*,*,#4508,.T.);
#6163=ORIENTED_EDGE('',*,*,#4537,.F.);
#6164=ORIENTED_EDGE('',*,*,#4595,.T.);
#6165=ORIENTED_EDGE('',*,*,#4596,.T.);
#6166=ORIENTED_EDGE('',*,*,#4548,.T.);
#6167=ORIENTED_EDGE('',*,*,#4597,.T.);
#6168=ORIENTED_EDGE('',*,*,#4547,.T.);
#6169=ORIENTED_EDGE('',*,*,#4585,.T.);
#6170=ORIENTED_EDGE('',*,*,#4598,.T.);
#6171=ORIENTED_EDGE('',*,*,#4597,.F.);
#6172=ORIENTED_EDGE('',*,*,#4560,.F.);
#6173=ORIENTED_EDGE('',*,*,#4599,.T.);
#6174=ORIENTED_EDGE('',*,*,#4600,.F.);
#6175=ORIENTED_EDGE('',*,*,#4601,.F.);
#6176=ORIENTED_EDGE('',*,*,#4602,.F.);
#6177=ORIENTED_EDGE('',*,*,#4595,.F.);
#6178=ORIENTED_EDGE('',*,*,#4603,.F.);
#6179=ORIENTED_EDGE('',*,*,#4592,.F.);
#6180=ORIENTED_EDGE('',*,*,#4498,.T.);
#6181=ORIENTED_EDGE('',*,*,#4604,.F.);
#6182=ORIENTED_EDGE('',*,*,#4605,.F.);
#6183=ORIENTED_EDGE('',*,*,#4502,.T.);
#6184=ORIENTED_EDGE('',*,*,#4606,.F.);
#6185=ORIENTED_EDGE('',*,*,#4607,.F.);
#6186=ORIENTED_EDGE('',*,*,#4608,.F.);
#6187=ORIENTED_EDGE('',*,*,#4609,.F.);
#6188=ORIENTED_EDGE('',*,*,#4610,.F.);
#6189=ORIENTED_EDGE('',*,*,#4611,.F.);
#6190=ORIENTED_EDGE('',*,*,#4612,.T.);
#6191=ORIENTED_EDGE('',*,*,#4613,.F.);
#6192=ORIENTED_EDGE('',*,*,#4614,.F.);
#6193=ORIENTED_EDGE('',*,*,#4615,.F.);
#6194=ORIENTED_EDGE('',*,*,#4616,.F.);
#6195=ORIENTED_EDGE('',*,*,#4617,.F.);
#6196=ORIENTED_EDGE('',*,*,#4594,.F.);
#6197=ORIENTED_EDGE('',*,*,#4603,.T.);
#6198=ORIENTED_EDGE('',*,*,#4598,.F.);
#6199=ORIENTED_EDGE('',*,*,#4584,.F.);
#6200=ORIENTED_EDGE('',*,*,#4552,.T.);
#6201=ORIENTED_EDGE('',*,*,#4618,.T.);
#6202=ORIENTED_EDGE('',*,*,#4600,.T.);
#6203=ORIENTED_EDGE('',*,*,#4619,.T.);
#6204=ORIENTED_EDGE('',*,*,#4620,.T.);
#6205=ORIENTED_EDGE('',*,*,#4621,.T.);
#6206=ORIENTED_EDGE('',*,*,#4553,.T.);
#6207=ORIENTED_EDGE('',*,*,#4619,.F.);
#6208=ORIENTED_EDGE('',*,*,#4573,.T.);
#6209=ORIENTED_EDGE('',*,*,#4586,.T.);
#6210=ORIENTED_EDGE('',*,*,#4545,.T.);
#6211=ORIENTED_EDGE('',*,*,#4622,.T.);
#6212=ORIENTED_EDGE('',*,*,#4623,.T.);
#6213=ORIENTED_EDGE('',*,*,#4622,.F.);
#6214=ORIENTED_EDGE('',*,*,#4544,.T.);
#6215=ORIENTED_EDGE('',*,*,#4624,.T.);
#6216=ORIENTED_EDGE('',*,*,#4543,.T.);
#6217=ORIENTED_EDGE('',*,*,#4625,.T.);
#6218=ORIENTED_EDGE('',*,*,#4626,.T.);
#6219=ORIENTED_EDGE('',*,*,#4624,.F.);
#6220=ORIENTED_EDGE('',*,*,#4569,.F.);
#6221=ORIENTED_EDGE('',*,*,#4574,.T.);
#6222=ORIENTED_EDGE('',*,*,#4623,.F.);
#6223=ORIENTED_EDGE('',*,*,#4627,.F.);
#6224=ORIENTED_EDGE('',*,*,#4562,.F.);
#6225=ORIENTED_EDGE('',*,*,#4617,.T.);
#6226=ORIENTED_EDGE('',*,*,#4628,.F.);
#6227=ORIENTED_EDGE('',*,*,#4629,.F.);
#6228=ORIENTED_EDGE('',*,*,#4630,.F.);
#6229=ORIENTED_EDGE('',*,*,#4631,.F.);
#6230=ORIENTED_EDGE('',*,*,#4614,.T.);
#6231=ORIENTED_EDGE('',*,*,#4632,.F.);
#6232=ORIENTED_EDGE('',*,*,#4633,.F.);
#6233=ORIENTED_EDGE('',*,*,#4634,.F.);
#6234=ORIENTED_EDGE('',*,*,#4635,.F.);
#6235=ORIENTED_EDGE('',*,*,#4636,.T.);
#6236=ORIENTED_EDGE('',*,*,#4637,.F.);
#6237=ORIENTED_EDGE('',*,*,#4638,.T.);
#6238=ORIENTED_EDGE('',*,*,#4639,.F.);
#6239=ORIENTED_EDGE('',*,*,#4575,.F.);
#6240=ORIENTED_EDGE('',*,*,#4571,.F.);
#6241=ORIENTED_EDGE('',*,*,#4627,.T.);
#6242=ORIENTED_EDGE('',*,*,#4626,.F.);
#6243=ORIENTED_EDGE('',*,*,#4640,.T.);
#6244=ORIENTED_EDGE('',*,*,#4641,.F.);
#6245=ORIENTED_EDGE('',*,*,#4554,.T.);
#6246=ORIENTED_EDGE('',*,*,#4621,.F.);
#6247=ORIENTED_EDGE('',*,*,#4642,.F.);
#6248=ORIENTED_EDGE('',*,*,#4643,.T.);
#6249=ORIENTED_EDGE('',*,*,#4644,.T.);
#6250=ORIENTED_EDGE('',*,*,#4645,.T.);
#6251=ORIENTED_EDGE('',*,*,#4646,.T.);
#6252=ORIENTED_EDGE('',*,*,#4647,.F.);
#6253=ORIENTED_EDGE('',*,*,#4046,.T.);
#6254=ORIENTED_EDGE('',*,*,#4648,.F.);
#6255=ORIENTED_EDGE('',*,*,#4649,.F.);
#6256=ORIENTED_EDGE('',*,*,#4650,.F.);
#6257=ORIENTED_EDGE('',*,*,#4651,.F.);
#6258=ORIENTED_EDGE('',*,*,#4541,.F.);
#6259=ORIENTED_EDGE('',*,*,#4652,.F.);
#6260=ORIENTED_EDGE('',*,*,#4653,.F.);
#6261=ORIENTED_EDGE('',*,*,#4654,.F.);
#6262=ORIENTED_EDGE('',*,*,#4655,.F.);
#6263=ORIENTED_EDGE('',*,*,#4644,.F.);
#6264=ORIENTED_EDGE('',*,*,#4656,.F.);
#6265=ORIENTED_EDGE('',*,*,#4657,.T.);
#6266=ORIENTED_EDGE('',*,*,#4538,.F.);
#6267=ORIENTED_EDGE('',*,*,#4651,.T.);
#6268=ORIENTED_EDGE('',*,*,#4658,.T.);
#6269=ORIENTED_EDGE('',*,*,#4650,.T.);
#6270=ORIENTED_EDGE('',*,*,#4540,.F.);
#6271=ORIENTED_EDGE('',*,*,#4659,.T.);
#6272=ORIENTED_EDGE('',*,*,#4658,.F.);
#6273=ORIENTED_EDGE('',*,*,#4657,.F.);
#6274=ORIENTED_EDGE('',*,*,#4660,.T.);
#6275=ORIENTED_EDGE('',*,*,#4661,.F.);
#6276=ORIENTED_EDGE('',*,*,#4640,.F.);
#6277=ORIENTED_EDGE('',*,*,#4625,.F.);
#6278=ORIENTED_EDGE('',*,*,#4542,.F.);
#6279=ORIENTED_EDGE('',*,*,#4659,.F.);
#6280=ORIENTED_EDGE('',*,*,#4556,.F.);
#6281=ORIENTED_EDGE('',*,*,#4662,.F.);
#6282=ORIENTED_EDGE('',*,*,#4660,.F.);
#6283=ORIENTED_EDGE('',*,*,#4661,.T.);
#6284=ORIENTED_EDGE('',*,*,#4662,.T.);
#6285=ORIENTED_EDGE('',*,*,#4555,.T.);
#6286=ORIENTED_EDGE('',*,*,#4641,.T.);
#6287=ORIENTED_EDGE('',*,*,#4652,.T.);
#6288=ORIENTED_EDGE('',*,*,#4663,.T.);
#6289=ORIENTED_EDGE('',*,*,#4664,.T.);
#6290=ORIENTED_EDGE('',*,*,#4665,.T.);
#6291=ORIENTED_EDGE('',*,*,#4666,.T.);
#6292=ORIENTED_EDGE('',*,*,#4663,.F.);
#6293=ORIENTED_EDGE('',*,*,#4654,.T.);
#6294=ORIENTED_EDGE('',*,*,#4667,.T.);
#6295=ORIENTED_EDGE('',*,*,#4653,.T.);
#6296=ORIENTED_EDGE('',*,*,#4665,.F.);
#6297=ORIENTED_EDGE('',*,*,#4668,.T.);
#6298=ORIENTED_EDGE('',*,*,#4667,.F.);
#6299=ORIENTED_EDGE('',*,*,#4668,.F.);
#6300=ORIENTED_EDGE('',*,*,#4669,.T.);
#6301=ORIENTED_EDGE('',*,*,#4670,.F.);
#6302=ORIENTED_EDGE('',*,*,#4671,.F.);
#6303=ORIENTED_EDGE('',*,*,#4664,.F.);
#6304=ORIENTED_EDGE('',*,*,#4672,.F.);
#6305=ORIENTED_EDGE('',*,*,#4673,.F.);
#6306=ORIENTED_EDGE('',*,*,#4669,.F.);
#6307=ORIENTED_EDGE('',*,*,#4674,.T.);
#6308=ORIENTED_EDGE('',*,*,#4596,.F.);
#6309=ORIENTED_EDGE('',*,*,#4602,.T.);
#6310=ORIENTED_EDGE('',*,*,#4675,.T.);
#6311=ORIENTED_EDGE('',*,*,#4601,.T.);
#6312=ORIENTED_EDGE('',*,*,#4618,.F.);
#6313=ORIENTED_EDGE('',*,*,#4676,.T.);
#6314=ORIENTED_EDGE('',*,*,#4675,.F.);
#6315=ORIENTED_EDGE('',*,*,#4534,.F.);
#6316=ORIENTED_EDGE('',*,*,#4549,.F.);
#6317=ORIENTED_EDGE('',*,*,#4674,.F.);
#6318=ORIENTED_EDGE('',*,*,#4677,.F.);
#6319=ORIENTED_EDGE('',*,*,#4536,.F.);
#6320=ORIENTED_EDGE('',*,*,#4677,.T.);
#6321=ORIENTED_EDGE('',*,*,#4676,.F.);
#6322=ORIENTED_EDGE('',*,*,#4551,.F.);
#6323=ORIENTED_EDGE('',*,*,#4494,.T.);
#6324=ORIENTED_EDGE('',*,*,#4503,.T.);
#6325=ORIENTED_EDGE('',*,*,#4605,.T.);
#6326=ORIENTED_EDGE('',*,*,#4678,.T.);
#6327=ORIENTED_EDGE('',*,*,#4604,.T.);
#6328=ORIENTED_EDGE('',*,*,#4497,.T.);
#6329=ORIENTED_EDGE('',*,*,#4679,.T.);
#6330=ORIENTED_EDGE('',*,*,#4678,.F.);
#6331=ORIENTED_EDGE('',*,*,#4490,.F.);
#6332=ORIENTED_EDGE('',*,*,#4495,.T.);
#6333=ORIENTED_EDGE('',*,*,#4679,.F.);
#6334=ORIENTED_EDGE('',*,*,#4496,.F.);
#6335=ORIENTED_EDGE('',*,*,#4680,.F.);
#6336=ORIENTED_EDGE('',*,*,#4532,.T.);
#6337=ORIENTED_EDGE('',*,*,#4681,.F.);
#6338=ORIENTED_EDGE('',*,*,#4682,.T.);
#6339=ORIENTED_EDGE('',*,*,#4683,.T.);
#6340=ORIENTED_EDGE('',*,*,#4684,.F.);
#6341=ORIENTED_EDGE('',*,*,#4685,.F.);
#6342=ORIENTED_EDGE('',*,*,#4630,.T.);
#6343=ORIENTED_EDGE('',*,*,#4686,.T.);
#6344=ORIENTED_EDGE('',*,*,#4673,.T.);
#6345=ORIENTED_EDGE('',*,*,#4682,.F.);
#6346=ORIENTED_EDGE('',*,*,#4687,.F.);
#6347=ORIENTED_EDGE('',*,*,#4684,.T.);
#6348=ORIENTED_EDGE('',*,*,#4670,.T.);
#6349=ORIENTED_EDGE('',*,*,#4686,.F.);
#6350=ORIENTED_EDGE('',*,*,#4629,.T.);
#6351=ORIENTED_EDGE('',*,*,#4666,.F.);
#6352=ORIENTED_EDGE('',*,*,#4671,.T.);
#6353=ORIENTED_EDGE('',*,*,#4683,.F.);
#6354=ORIENTED_EDGE('',*,*,#4672,.T.);
#6355=ORIENTED_EDGE('',*,*,#4688,.T.);
#6356=ORIENTED_EDGE('',*,*,#4689,.T.);
#6357=ORIENTED_EDGE('',*,*,#4635,.T.);
#6358=ORIENTED_EDGE('',*,*,#4690,.T.);
#6359=ORIENTED_EDGE('',*,*,#4634,.T.);
#6360=ORIENTED_EDGE('',*,*,#4691,.T.);
#6361=ORIENTED_EDGE('',*,*,#4692,.T.);
#6362=ORIENTED_EDGE('',*,*,#4690,.F.);
#6363=ORIENTED_EDGE('',*,*,#4646,.F.);
#6364=ORIENTED_EDGE('',*,*,#4693,.F.);
#6365=ORIENTED_EDGE('',*,*,#4688,.F.);
#6366=ORIENTED_EDGE('',*,*,#4694,.F.);
#6367=ORIENTED_EDGE('',*,*,#4692,.F.);
#6368=ORIENTED_EDGE('',*,*,#4695,.F.);
#6369=ORIENTED_EDGE('',*,*,#4696,.F.);
#6370=ORIENTED_EDGE('',*,*,#4697,.T.);
#6371=ORIENTED_EDGE('',*,*,#4698,.F.);
#6372=ORIENTED_EDGE('',*,*,#4699,.T.);
#6373=ORIENTED_EDGE('',*,*,#4700,.F.);
#6374=ORIENTED_EDGE('',*,*,#4701,.F.);
#6375=ORIENTED_EDGE('',*,*,#4579,.T.);
#6376=ORIENTED_EDGE('',*,*,#4702,.F.);
#6377=ORIENTED_EDGE('',*,*,#4703,.F.);
#6378=ORIENTED_EDGE('',*,*,#4704,.F.);
#6379=ORIENTED_EDGE('',*,*,#4705,.F.);
#6380=ORIENTED_EDGE('',*,*,#4706,.F.);
#6381=ORIENTED_EDGE('',*,*,#4694,.T.);
#6382=ORIENTED_EDGE('',*,*,#4707,.T.);
#6383=ORIENTED_EDGE('',*,*,#4645,.F.);
#6384=ORIENTED_EDGE('',*,*,#4655,.T.);
#6385=ORIENTED_EDGE('',*,*,#4708,.T.);
#6386=ORIENTED_EDGE('',*,*,#4656,.T.);
#6387=ORIENTED_EDGE('',*,*,#4643,.F.);
#6388=ORIENTED_EDGE('',*,*,#4706,.T.);
#6389=ORIENTED_EDGE('',*,*,#4708,.F.);
#6390=ORIENTED_EDGE('',*,*,#4707,.F.);
#6391=ORIENTED_EDGE('',*,*,#4705,.T.);
#6392=ORIENTED_EDGE('',*,*,#4709,.F.);
#6393=ORIENTED_EDGE('',*,*,#4636,.F.);
#6394=ORIENTED_EDGE('',*,*,#4689,.F.);
#6395=ORIENTED_EDGE('',*,*,#4693,.T.);
#6396=ORIENTED_EDGE('',*,*,#4529,.T.);
#6397=ORIENTED_EDGE('',*,*,#4680,.T.);
#6398=ORIENTED_EDGE('',*,*,#4687,.T.);
#6399=ORIENTED_EDGE('',*,*,#4628,.T.);
#6400=ORIENTED_EDGE('',*,*,#4616,.T.);
#6401=ORIENTED_EDGE('',*,*,#4710,.T.);
#6402=ORIENTED_EDGE('',*,*,#4615,.T.);
#6403=ORIENTED_EDGE('',*,*,#4631,.T.);
#6404=ORIENTED_EDGE('',*,*,#4685,.T.);
#6405=ORIENTED_EDGE('',*,*,#4681,.T.);
#6406=ORIENTED_EDGE('',*,*,#4711,.T.);
#6407=ORIENTED_EDGE('',*,*,#4710,.F.);
#6408=ORIENTED_EDGE('',*,*,#4527,.F.);
#6409=ORIENTED_EDGE('',*,*,#4530,.T.);
#6410=ORIENTED_EDGE('',*,*,#4711,.F.);
#6411=ORIENTED_EDGE('',*,*,#4531,.F.);
#6412=ORIENTED_EDGE('',*,*,#4637,.T.);
#6413=ORIENTED_EDGE('',*,*,#4709,.T.);
#6414=ORIENTED_EDGE('',*,*,#4704,.T.);
#6415=ORIENTED_EDGE('',*,*,#4712,.T.);
#6416=ORIENTED_EDGE('',*,*,#4703,.T.);
#6417=ORIENTED_EDGE('',*,*,#4713,.T.);
#6418=ORIENTED_EDGE('',*,*,#4714,.T.);
#6419=ORIENTED_EDGE('',*,*,#4712,.F.);
#6420=ORIENTED_EDGE('',*,*,#4702,.T.);
#6421=ORIENTED_EDGE('',*,*,#4578,.T.);
#6422=ORIENTED_EDGE('',*,*,#4715,.T.);
#6423=ORIENTED_EDGE('',*,*,#4713,.F.);
#6424=ORIENTED_EDGE('',*,*,#4714,.F.);
#6425=ORIENTED_EDGE('',*,*,#4716,.T.);
#6426=ORIENTED_EDGE('',*,*,#4717,.F.);
#6427=ORIENTED_EDGE('',*,*,#4638,.F.);
#6428=ORIENTED_EDGE('',*,*,#4715,.F.);
#6429=ORIENTED_EDGE('',*,*,#4577,.F.);
#6430=ORIENTED_EDGE('',*,*,#4718,.F.);
#6431=ORIENTED_EDGE('',*,*,#4716,.F.);
#6432=ORIENTED_EDGE('',*,*,#4698,.T.);
#6433=ORIENTED_EDGE('',*,*,#4517,.F.);
#6434=ORIENTED_EDGE('',*,*,#4511,.T.);
#6435=ORIENTED_EDGE('',*,*,#4521,.F.);
#6436=ORIENTED_EDGE('',*,*,#4696,.T.);
#6437=ORIENTED_EDGE('',*,*,#4719,.T.);
#6438=ORIENTED_EDGE('',*,*,#4611,.T.);
#6439=ORIENTED_EDGE('',*,*,#4720,.T.);
#6440=ORIENTED_EDGE('',*,*,#4610,.T.);
#6441=ORIENTED_EDGE('',*,*,#4721,.T.);
#6442=ORIENTED_EDGE('',*,*,#4722,.T.);
#6443=ORIENTED_EDGE('',*,*,#4720,.F.);
#6444=ORIENTED_EDGE('',*,*,#4609,.T.);
#6445=ORIENTED_EDGE('',*,*,#4723,.T.);
#6446=ORIENTED_EDGE('',*,*,#4724,.T.);
#6447=ORIENTED_EDGE('',*,*,#4721,.F.);
#6448=ORIENTED_EDGE('',*,*,#4725,.T.);
#6449=ORIENTED_EDGE('',*,*,#4580,.T.);
#6450=ORIENTED_EDGE('',*,*,#4701,.T.);
#6451=ORIENTED_EDGE('',*,*,#4726,.T.);
#6452=ORIENTED_EDGE('',*,*,#4608,.T.);
#6453=ORIENTED_EDGE('',*,*,#4726,.F.);
#6454=ORIENTED_EDGE('',*,*,#4700,.T.);
#6455=ORIENTED_EDGE('',*,*,#4723,.F.);
#6456=ORIENTED_EDGE('',*,*,#4518,.F.);
#6457=ORIENTED_EDGE('',*,*,#4697,.F.);
#6458=ORIENTED_EDGE('',*,*,#4722,.F.);
#6459=ORIENTED_EDGE('',*,*,#4727,.F.);
#6460=ORIENTED_EDGE('',*,*,#4520,.F.);
#6461=ORIENTED_EDGE('',*,*,#4727,.T.);
#6462=ORIENTED_EDGE('',*,*,#4724,.F.);
#6463=ORIENTED_EDGE('',*,*,#4699,.F.);
#6464=ORIENTED_EDGE('',*,*,#4061,.T.);
#6465=ORIENTED_EDGE('',*,*,#4728,.T.);
#6466=ORIENTED_EDGE('',*,*,#4632,.T.);
#6467=ORIENTED_EDGE('',*,*,#4729,.F.);
#6468=ORIENTED_EDGE('',*,*,#4063,.T.);
#6469=ORIENTED_EDGE('',*,*,#4730,.T.);
#6470=ORIENTED_EDGE('',*,*,#4731,.T.);
#6471=ORIENTED_EDGE('',*,*,#4728,.F.);
#6472=ORIENTED_EDGE('',*,*,#4613,.T.);
#6473=ORIENTED_EDGE('',*,*,#4730,.F.);
#6474=ORIENTED_EDGE('',*,*,#4062,.T.);
#6475=ORIENTED_EDGE('',*,*,#4729,.T.);
#6476=ORIENTED_EDGE('',*,*,#4606,.T.);
#6477=ORIENTED_EDGE('',*,*,#4557,.F.);
#6478=ORIENTED_EDGE('',*,*,#4055,.T.);
#6479=ORIENTED_EDGE('',*,*,#4732,.T.);
#6480=ORIENTED_EDGE('',*,*,#4053,.T.);
#6481=ORIENTED_EDGE('',*,*,#4558,.F.);
#6482=ORIENTED_EDGE('',*,*,#4582,.T.);
#6483=ORIENTED_EDGE('',*,*,#4733,.T.);
#6484=ORIENTED_EDGE('',*,*,#4054,.T.);
#6485=ORIENTED_EDGE('',*,*,#4733,.F.);
#6486=ORIENTED_EDGE('',*,*,#4734,.T.);
#6487=ORIENTED_EDGE('',*,*,#4732,.F.);
#6488=ORIENTED_EDGE('',*,*,#4725,.F.);
#6489=ORIENTED_EDGE('',*,*,#4607,.T.);
#6490=ORIENTED_EDGE('',*,*,#4734,.F.);
#6491=ORIENTED_EDGE('',*,*,#4581,.F.);
#6492=ORIENTED_EDGE('',*,*,#4059,.T.);
#6493=ORIENTED_EDGE('',*,*,#4735,.T.);
#6494=ORIENTED_EDGE('',*,*,#4717,.T.);
#6495=ORIENTED_EDGE('',*,*,#4736,.F.);
#6496=ORIENTED_EDGE('',*,*,#4576,.T.);
#6497=ORIENTED_EDGE('',*,*,#4737,.T.);
#6498=ORIENTED_EDGE('',*,*,#4057,.T.);
#6499=ORIENTED_EDGE('',*,*,#4738,.T.);
#6500=ORIENTED_EDGE('',*,*,#4058,.T.);
#6501=ORIENTED_EDGE('',*,*,#4737,.F.);
#6502=ORIENTED_EDGE('',*,*,#4639,.T.);
#6503=ORIENTED_EDGE('',*,*,#4735,.F.);
#6504=ORIENTED_EDGE('',*,*,#4718,.T.);
#6505=ORIENTED_EDGE('',*,*,#4738,.F.);
#6506=ORIENTED_EDGE('',*,*,#4060,.T.);
#6507=ORIENTED_EDGE('',*,*,#4736,.T.);
#6508=ORIENTED_EDGE('',*,*,#4739,.F.);
#6509=ORIENTED_EDGE('',*,*,#4740,.F.);
#6510=ORIENTED_EDGE('',*,*,#4741,.F.);
#6511=ORIENTED_EDGE('',*,*,#4742,.F.);
#6512=ORIENTED_EDGE('',*,*,#4743,.F.);
#6513=ORIENTED_EDGE('',*,*,#4744,.F.);
#6514=ORIENTED_EDGE('',*,*,#4745,.F.);
#6515=ORIENTED_EDGE('',*,*,#4746,.F.);
#6516=ORIENTED_EDGE('',*,*,#4747,.F.);
#6517=ORIENTED_EDGE('',*,*,#4748,.F.);
#6518=ORIENTED_EDGE('',*,*,#4749,.F.);
#6519=ORIENTED_EDGE('',*,*,#4750,.F.);
#6520=ORIENTED_EDGE('',*,*,#4647,.T.);
#6521=ORIENTED_EDGE('',*,*,#4749,.T.);
#6522=ORIENTED_EDGE('',*,*,#4064,.T.);
#6523=ORIENTED_EDGE('',*,*,#4043,.F.);
#6524=ORIENTED_EDGE('',*,*,#4743,.T.);
#6525=ORIENTED_EDGE('',*,*,#4504,.T.);
#6526=ORIENTED_EDGE('',*,*,#4750,.T.);
#6527=ORIENTED_EDGE('',*,*,#4649,.T.);
#6528=ORIENTED_EDGE('',*,*,#4748,.T.);
#6529=ORIENTED_EDGE('',*,*,#4507,.T.);
#6530=ORIENTED_EDGE('',*,*,#4746,.T.);
#6531=ORIENTED_EDGE('',*,*,#4065,.T.);
#6532=ORIENTED_EDGE('',*,*,#4740,.T.);
#6533=ORIENTED_EDGE('',*,*,#4751,.T.);
#6534=ORIENTED_EDGE('',*,*,#4747,.T.);
#6535=ORIENTED_EDGE('',*,*,#4506,.T.);
#6536=ORIENTED_EDGE('',*,*,#4083,.T.);
#6537=ORIENTED_EDGE('',*,*,#4066,.T.);
#6538=ORIENTED_EDGE('',*,*,#4745,.T.);
#6539=ORIENTED_EDGE('',*,*,#4752,.T.);
#6540=ORIENTED_EDGE('',*,*,#4052,.T.);
#6541=ORIENTED_EDGE('',*,*,#4744,.T.);
#6542=ORIENTED_EDGE('',*,*,#4648,.T.);
#6543=ORIENTED_EDGE('',*,*,#4048,.F.);
#6544=ORIENTED_EDGE('',*,*,#4742,.T.);
#6545=ORIENTED_EDGE('',*,*,#4051,.T.);
#6546=ORIENTED_EDGE('',*,*,#4741,.T.);
#6547=ORIENTED_EDGE('',*,*,#4505,.T.);
#6548=ORIENTED_EDGE('',*,*,#4080,.T.);
#6549=ORIENTED_EDGE('',*,*,#4753,.T.);
#6550=ORIENTED_EDGE('',*,*,#4739,.T.);
#6551=ORIENTED_EDGE('',*,*,#4050,.T.);
#6552=ORIENTED_EDGE('',*,*,#4752,.F.);
#6553=ORIENTED_EDGE('',*,*,#4751,.F.);
#6554=ORIENTED_EDGE('',*,*,#4753,.F.);
#6555=ORIENTED_EDGE('',*,*,#4082,.F.);
#6556=ORIENTED_EDGE('',*,*,#4433,.T.);
#6557=ORIENTED_EDGE('',*,*,#4443,.T.);
#6558=ORIENTED_EDGE('',*,*,#4440,.T.);
#6559=ORIENTED_EDGE('',*,*,#4437,.T.);
#6560=ORIENTED_EDGE('',*,*,#4445,.T.);
#6561=ORIENTED_EDGE('',*,*,#4448,.T.);
#6562=ORIENTED_EDGE('',*,*,#4458,.T.);
#6563=ORIENTED_EDGE('',*,*,#4455,.T.);
#6564=ORIENTED_EDGE('',*,*,#4452,.T.);
#6565=ORIENTED_EDGE('',*,*,#4460,.T.);
#6566=ORIENTED_EDGE('',*,*,#4470,.T.);
#6567=ORIENTED_EDGE('',*,*,#4467,.T.);
#6568=ORIENTED_EDGE('',*,*,#4464,.T.);
#6569=ORIENTED_EDGE('',*,*,#4472,.T.);
#6570=ORIENTED_EDGE('',*,*,#4482,.T.);
#6571=ORIENTED_EDGE('',*,*,#4479,.T.);
#6572=ORIENTED_EDGE('',*,*,#4476,.T.);
#6573=ORIENTED_EDGE('',*,*,#4249,.T.);
#6574=ORIENTED_EDGE('',*,*,#4754,.T.);
#6575=ORIENTED_EDGE('',*,*,#4755,.T.);
#6576=ORIENTED_EDGE('',*,*,#4756,.T.);
#6577=ORIENTED_EDGE('',*,*,#4757,.T.);
#6578=ORIENTED_EDGE('',*,*,#4758,.T.);
#6579=ORIENTED_EDGE('',*,*,#4759,.T.);
#6580=ORIENTED_EDGE('',*,*,#4760,.T.);
#6581=ORIENTED_EDGE('',*,*,#4761,.T.);
#6582=ORIENTED_EDGE('',*,*,#4762,.T.);
#6583=ORIENTED_EDGE('',*,*,#4763,.T.);
#6584=ORIENTED_EDGE('',*,*,#4764,.T.);
#6585=ORIENTED_EDGE('',*,*,#4226,.T.);
#6586=ORIENTED_EDGE('',*,*,#4229,.T.);
#6587=ORIENTED_EDGE('',*,*,#4231,.T.);
#6588=ORIENTED_EDGE('',*,*,#4233,.T.);
#6589=ORIENTED_EDGE('',*,*,#4235,.T.);
#6590=ORIENTED_EDGE('',*,*,#4237,.T.);
#6591=ORIENTED_EDGE('',*,*,#4239,.T.);
#6592=ORIENTED_EDGE('',*,*,#4241,.T.);
#6593=ORIENTED_EDGE('',*,*,#4243,.T.);
#6594=ORIENTED_EDGE('',*,*,#4245,.T.);
#6595=ORIENTED_EDGE('',*,*,#4247,.T.);
#6596=ORIENTED_EDGE('',*,*,#4201,.T.);
#6597=ORIENTED_EDGE('',*,*,#4765,.T.);
#6598=ORIENTED_EDGE('',*,*,#4766,.T.);
#6599=ORIENTED_EDGE('',*,*,#4767,.T.);
#6600=ORIENTED_EDGE('',*,*,#4768,.T.);
#6601=ORIENTED_EDGE('',*,*,#4769,.T.);
#6602=ORIENTED_EDGE('',*,*,#4770,.T.);
#6603=ORIENTED_EDGE('',*,*,#4771,.T.);
#6604=ORIENTED_EDGE('',*,*,#4772,.T.);
#6605=ORIENTED_EDGE('',*,*,#4773,.T.);
#6606=ORIENTED_EDGE('',*,*,#4774,.T.);
#6607=ORIENTED_EDGE('',*,*,#4775,.T.);
#6608=ORIENTED_EDGE('',*,*,#4776,.T.);
#6609=ORIENTED_EDGE('',*,*,#4178,.T.);
#6610=ORIENTED_EDGE('',*,*,#4181,.T.);
#6611=ORIENTED_EDGE('',*,*,#4183,.T.);
#6612=ORIENTED_EDGE('',*,*,#4185,.T.);
#6613=ORIENTED_EDGE('',*,*,#4187,.T.);
#6614=ORIENTED_EDGE('',*,*,#4189,.T.);
#6615=ORIENTED_EDGE('',*,*,#4191,.T.);
#6616=ORIENTED_EDGE('',*,*,#4193,.T.);
#6617=ORIENTED_EDGE('',*,*,#4195,.T.);
#6618=ORIENTED_EDGE('',*,*,#4197,.T.);
#6619=ORIENTED_EDGE('',*,*,#4199,.T.);
#6620=ORIENTED_EDGE('',*,*,#4111,.T.);
#6621=ORIENTED_EDGE('',*,*,#4777,.T.);
#6622=ORIENTED_EDGE('',*,*,#4778,.T.);
#6623=ORIENTED_EDGE('',*,*,#4108,.T.);
#6624=ORIENTED_EDGE('',*,*,#4152,.T.);
#6625=ORIENTED_EDGE('',*,*,#4779,.T.);
#6626=ORIENTED_EDGE('',*,*,#4780,.T.);
#6627=ORIENTED_EDGE('',*,*,#4781,.T.);
#6628=ORIENTED_EDGE('',*,*,#4782,.T.);
#6629=ORIENTED_EDGE('',*,*,#4783,.T.);
#6630=ORIENTED_EDGE('',*,*,#4784,.T.);
#6631=ORIENTED_EDGE('',*,*,#4785,.T.);
#6632=ORIENTED_EDGE('',*,*,#4786,.T.);
#6633=ORIENTED_EDGE('',*,*,#4137,.T.);
#6634=ORIENTED_EDGE('',*,*,#4140,.T.);
#6635=ORIENTED_EDGE('',*,*,#4142,.T.);
#6636=ORIENTED_EDGE('',*,*,#4144,.T.);
#6637=ORIENTED_EDGE('',*,*,#4146,.T.);
#6638=ORIENTED_EDGE('',*,*,#4148,.T.);
#6639=ORIENTED_EDGE('',*,*,#4150,.T.);
#6640=ORIENTED_EDGE('',*,*,#4368,.T.);
#6641=ORIENTED_EDGE('',*,*,#4787,.T.);
#6642=ORIENTED_EDGE('',*,*,#4788,.T.);
#6643=ORIENTED_EDGE('',*,*,#4789,.T.);
#6644=ORIENTED_EDGE('',*,*,#4790,.T.);
#6645=ORIENTED_EDGE('',*,*,#4791,.T.);
#6646=ORIENTED_EDGE('',*,*,#4792,.T.);
#6647=ORIENTED_EDGE('',*,*,#4355,.T.);
#6648=ORIENTED_EDGE('',*,*,#4358,.T.);
#6649=ORIENTED_EDGE('',*,*,#4360,.T.);
#6650=ORIENTED_EDGE('',*,*,#4362,.T.);
#6651=ORIENTED_EDGE('',*,*,#4364,.T.);
#6652=ORIENTED_EDGE('',*,*,#4366,.T.);
#6653=ORIENTED_EDGE('',*,*,#4432,.T.);
#6654=ORIENTED_EDGE('',*,*,#4793,.T.);
#6655=ORIENTED_EDGE('',*,*,#4794,.T.);
#6656=ORIENTED_EDGE('',*,*,#4795,.T.);
#6657=ORIENTED_EDGE('',*,*,#4796,.T.);
#6658=ORIENTED_EDGE('',*,*,#4797,.T.);
#6659=ORIENTED_EDGE('',*,*,#4798,.T.);
#6660=ORIENTED_EDGE('',*,*,#4799,.T.);
#6661=ORIENTED_EDGE('',*,*,#4800,.T.);
#6662=ORIENTED_EDGE('',*,*,#4801,.T.);
#6663=ORIENTED_EDGE('',*,*,#4802,.T.);
#6664=ORIENTED_EDGE('',*,*,#4411,.T.);
#6665=ORIENTED_EDGE('',*,*,#4414,.T.);
#6666=ORIENTED_EDGE('',*,*,#4416,.T.);
#6667=ORIENTED_EDGE('',*,*,#4418,.T.);
#6668=ORIENTED_EDGE('',*,*,#4420,.T.);
#6669=ORIENTED_EDGE('',*,*,#4422,.T.);
#6670=ORIENTED_EDGE('',*,*,#4424,.T.);
#6671=ORIENTED_EDGE('',*,*,#4426,.T.);
#6672=ORIENTED_EDGE('',*,*,#4428,.T.);
#6673=ORIENTED_EDGE('',*,*,#4430,.T.);
#6674=ORIENTED_EDGE('',*,*,#4323,.T.);
#6675=ORIENTED_EDGE('',*,*,#4803,.T.);
#6676=ORIENTED_EDGE('',*,*,#4804,.T.);
#6677=ORIENTED_EDGE('',*,*,#4805,.T.);
#6678=ORIENTED_EDGE('',*,*,#4806,.T.);
#6679=ORIENTED_EDGE('',*,*,#4807,.T.);
#6680=ORIENTED_EDGE('',*,*,#4808,.T.);
#6681=ORIENTED_EDGE('',*,*,#4312,.T.);
#6682=ORIENTED_EDGE('',*,*,#4315,.T.);
#6683=ORIENTED_EDGE('',*,*,#4317,.T.);
#6684=ORIENTED_EDGE('',*,*,#4319,.T.);
#6685=ORIENTED_EDGE('',*,*,#4321,.T.);
#6686=ORIENTED_EDGE('',*,*,#4298,.T.);
#6687=ORIENTED_EDGE('',*,*,#4809,.T.);
#6688=ORIENTED_EDGE('',*,*,#4810,.T.);
#6689=ORIENTED_EDGE('',*,*,#4811,.T.);
#6690=ORIENTED_EDGE('',*,*,#4812,.T.);
#6691=ORIENTED_EDGE('',*,*,#4813,.T.);
#6692=ORIENTED_EDGE('',*,*,#4814,.T.);
#6693=ORIENTED_EDGE('',*,*,#4815,.T.);
#6694=ORIENTED_EDGE('',*,*,#4816,.T.);
#6695=ORIENTED_EDGE('',*,*,#4817,.T.);
#6696=ORIENTED_EDGE('',*,*,#4818,.T.);
#6697=ORIENTED_EDGE('',*,*,#4819,.T.);
#6698=ORIENTED_EDGE('',*,*,#4820,.T.);
#6699=ORIENTED_EDGE('',*,*,#4275,.T.);
#6700=ORIENTED_EDGE('',*,*,#4278,.T.);
#6701=ORIENTED_EDGE('',*,*,#4280,.T.);
#6702=ORIENTED_EDGE('',*,*,#4282,.T.);
#6703=ORIENTED_EDGE('',*,*,#4284,.T.);
#6704=ORIENTED_EDGE('',*,*,#4286,.T.);
#6705=ORIENTED_EDGE('',*,*,#4288,.T.);
#6706=ORIENTED_EDGE('',*,*,#4290,.T.);
#6707=ORIENTED_EDGE('',*,*,#4292,.T.);
#6708=ORIENTED_EDGE('',*,*,#4294,.T.);
#6709=ORIENTED_EDGE('',*,*,#4296,.T.);
#6710=ORIENTED_EDGE('',*,*,#4215,.T.);
#6711=ORIENTED_EDGE('',*,*,#4227,.F.);
#6712=ORIENTED_EDGE('',*,*,#4764,.F.);
#6713=ORIENTED_EDGE('',*,*,#4821,.T.);
#6714=ORIENTED_EDGE('',*,*,#4216,.T.);
#6715=ORIENTED_EDGE('',*,*,#4821,.F.);
#6716=ORIENTED_EDGE('',*,*,#4763,.F.);
#6717=ORIENTED_EDGE('',*,*,#4822,.T.);
#6718=ORIENTED_EDGE('',*,*,#4217,.T.);
#6719=ORIENTED_EDGE('',*,*,#4822,.F.);
#6720=ORIENTED_EDGE('',*,*,#4762,.F.);
#6721=ORIENTED_EDGE('',*,*,#4823,.T.);
#6722=ORIENTED_EDGE('',*,*,#4218,.T.);
#6723=ORIENTED_EDGE('',*,*,#4823,.F.);
#6724=ORIENTED_EDGE('',*,*,#4761,.F.);
#6725=ORIENTED_EDGE('',*,*,#4824,.T.);
#6726=ORIENTED_EDGE('',*,*,#4219,.T.);
#6727=ORIENTED_EDGE('',*,*,#4824,.F.);
#6728=ORIENTED_EDGE('',*,*,#4760,.F.);
#6729=ORIENTED_EDGE('',*,*,#4825,.T.);
#6730=ORIENTED_EDGE('',*,*,#4220,.T.);
#6731=ORIENTED_EDGE('',*,*,#4825,.F.);
#6732=ORIENTED_EDGE('',*,*,#4759,.F.);
#6733=ORIENTED_EDGE('',*,*,#4826,.T.);
#6734=ORIENTED_EDGE('',*,*,#4221,.T.);
#6735=ORIENTED_EDGE('',*,*,#4826,.F.);
#6736=ORIENTED_EDGE('',*,*,#4758,.F.);
#6737=ORIENTED_EDGE('',*,*,#4827,.T.);
#6738=ORIENTED_EDGE('',*,*,#4222,.T.);
#6739=ORIENTED_EDGE('',*,*,#4827,.F.);
#6740=ORIENTED_EDGE('',*,*,#4757,.F.);
#6741=ORIENTED_EDGE('',*,*,#4828,.T.);
#6742=ORIENTED_EDGE('',*,*,#4223,.T.);
#6743=ORIENTED_EDGE('',*,*,#4828,.F.);
#6744=ORIENTED_EDGE('',*,*,#4756,.F.);
#6745=ORIENTED_EDGE('',*,*,#4829,.T.);
#6746=ORIENTED_EDGE('',*,*,#4224,.T.);
#6747=ORIENTED_EDGE('',*,*,#4829,.F.);
#6748=ORIENTED_EDGE('',*,*,#4755,.F.);
#6749=ORIENTED_EDGE('',*,*,#4830,.T.);
#6750=ORIENTED_EDGE('',*,*,#4202,.T.);
#6751=ORIENTED_EDGE('',*,*,#4830,.F.);
#6752=ORIENTED_EDGE('',*,*,#4754,.F.);
#6753=ORIENTED_EDGE('',*,*,#4248,.T.);
#6754=ORIENTED_EDGE('',*,*,#4166,.T.);
#6755=ORIENTED_EDGE('',*,*,#4179,.F.);
#6756=ORIENTED_EDGE('',*,*,#4776,.F.);
#6757=ORIENTED_EDGE('',*,*,#4831,.T.);
#6758=ORIENTED_EDGE('',*,*,#4167,.T.);
#6759=ORIENTED_EDGE('',*,*,#4831,.F.);
#6760=ORIENTED_EDGE('',*,*,#4775,.F.);
#6761=ORIENTED_EDGE('',*,*,#4832,.T.);
#6762=ORIENTED_EDGE('',*,*,#4168,.T.);
#6763=ORIENTED_EDGE('',*,*,#4832,.F.);
#6764=ORIENTED_EDGE('',*,*,#4774,.F.);
#6765=ORIENTED_EDGE('',*,*,#4833,.T.);
#6766=ORIENTED_EDGE('',*,*,#4169,.T.);
#6767=ORIENTED_EDGE('',*,*,#4833,.F.);
#6768=ORIENTED_EDGE('',*,*,#4773,.F.);
#6769=ORIENTED_EDGE('',*,*,#4834,.T.);
#6770=ORIENTED_EDGE('',*,*,#4170,.T.);
#6771=ORIENTED_EDGE('',*,*,#4834,.F.);
#6772=ORIENTED_EDGE('',*,*,#4772,.F.);
#6773=ORIENTED_EDGE('',*,*,#4835,.T.);
#6774=ORIENTED_EDGE('',*,*,#4171,.T.);
#6775=ORIENTED_EDGE('',*,*,#4835,.F.);
#6776=ORIENTED_EDGE('',*,*,#4771,.F.);
#6777=ORIENTED_EDGE('',*,*,#4836,.T.);
#6778=ORIENTED_EDGE('',*,*,#4172,.T.);
#6779=ORIENTED_EDGE('',*,*,#4836,.F.);
#6780=ORIENTED_EDGE('',*,*,#4770,.F.);
#6781=ORIENTED_EDGE('',*,*,#4837,.T.);
#6782=ORIENTED_EDGE('',*,*,#4173,.T.);
#6783=ORIENTED_EDGE('',*,*,#4837,.F.);
#6784=ORIENTED_EDGE('',*,*,#4769,.F.);
#6785=ORIENTED_EDGE('',*,*,#4838,.T.);
#6786=ORIENTED_EDGE('',*,*,#4174,.T.);
#6787=ORIENTED_EDGE('',*,*,#4838,.F.);
#6788=ORIENTED_EDGE('',*,*,#4768,.F.);
#6789=ORIENTED_EDGE('',*,*,#4839,.T.);
#6790=ORIENTED_EDGE('',*,*,#4175,.T.);
#6791=ORIENTED_EDGE('',*,*,#4839,.F.);
#6792=ORIENTED_EDGE('',*,*,#4767,.F.);
#6793=ORIENTED_EDGE('',*,*,#4840,.T.);
#6794=ORIENTED_EDGE('',*,*,#4176,.T.);
#6795=ORIENTED_EDGE('',*,*,#4840,.F.);
#6796=ORIENTED_EDGE('',*,*,#4766,.F.);
#6797=ORIENTED_EDGE('',*,*,#4841,.T.);
#6798=ORIENTED_EDGE('',*,*,#4153,.T.);
#6799=ORIENTED_EDGE('',*,*,#4841,.F.);
#6800=ORIENTED_EDGE('',*,*,#4765,.F.);
#6801=ORIENTED_EDGE('',*,*,#4200,.T.);
#6802=ORIENTED_EDGE('',*,*,#4106,.T.);
#6803=ORIENTED_EDGE('',*,*,#4109,.F.);
#6804=ORIENTED_EDGE('',*,*,#4778,.F.);
#6805=ORIENTED_EDGE('',*,*,#4842,.T.);
#6806=ORIENTED_EDGE('',*,*,#4103,.T.);
#6807=ORIENTED_EDGE('',*,*,#4842,.F.);
#6808=ORIENTED_EDGE('',*,*,#4777,.F.);
#6809=ORIENTED_EDGE('',*,*,#4110,.T.);
#6810=ORIENTED_EDGE('',*,*,#4128,.T.);
#6811=ORIENTED_EDGE('',*,*,#4133,.F.);
#6812=ORIENTED_EDGE('',*,*,#4843,.F.);
#6813=ORIENTED_EDGE('',*,*,#4134,.T.);
#6814=ORIENTED_EDGE('',*,*,#4121,.T.);
#6815=ORIENTED_EDGE('',*,*,#4138,.F.);
#6816=ORIENTED_EDGE('',*,*,#4786,.F.);
#6817=ORIENTED_EDGE('',*,*,#4844,.T.);
#6818=ORIENTED_EDGE('',*,*,#4122,.T.);
#6819=ORIENTED_EDGE('',*,*,#4844,.F.);
#6820=ORIENTED_EDGE('',*,*,#4785,.F.);
#6821=ORIENTED_EDGE('',*,*,#4845,.T.);
#6822=ORIENTED_EDGE('',*,*,#4123,.T.);
#6823=ORIENTED_EDGE('',*,*,#4845,.F.);
#6824=ORIENTED_EDGE('',*,*,#4784,.F.);
#6825=ORIENTED_EDGE('',*,*,#4846,.T.);
#6826=ORIENTED_EDGE('',*,*,#4124,.T.);
#6827=ORIENTED_EDGE('',*,*,#4846,.F.);
#6828=ORIENTED_EDGE('',*,*,#4783,.F.);
#6829=ORIENTED_EDGE('',*,*,#4847,.T.);
#6830=ORIENTED_EDGE('',*,*,#4125,.T.);
#6831=ORIENTED_EDGE('',*,*,#4847,.F.);
#6832=ORIENTED_EDGE('',*,*,#4782,.F.);
#6833=ORIENTED_EDGE('',*,*,#4848,.T.);
#6834=ORIENTED_EDGE('',*,*,#4126,.T.);
#6835=ORIENTED_EDGE('',*,*,#4848,.F.);
#6836=ORIENTED_EDGE('',*,*,#4781,.F.);
#6837=ORIENTED_EDGE('',*,*,#4849,.T.);
#6838=ORIENTED_EDGE('',*,*,#4127,.T.);
#6839=ORIENTED_EDGE('',*,*,#4849,.F.);
#6840=ORIENTED_EDGE('',*,*,#4780,.F.);
#6841=ORIENTED_EDGE('',*,*,#4850,.T.);
#6842=ORIENTED_EDGE('',*,*,#4112,.T.);
#6843=ORIENTED_EDGE('',*,*,#4850,.F.);
#6844=ORIENTED_EDGE('',*,*,#4779,.F.);
#6845=ORIENTED_EDGE('',*,*,#4151,.T.);
#6846=ORIENTED_EDGE('',*,*,#4342,.T.);
#6847=ORIENTED_EDGE('',*,*,#4347,.F.);
#6848=ORIENTED_EDGE('',*,*,#4851,.F.);
#6849=ORIENTED_EDGE('',*,*,#4852,.T.);
#6850=ORIENTED_EDGE('',*,*,#4343,.T.);
#6851=ORIENTED_EDGE('',*,*,#4852,.F.);
#6852=ORIENTED_EDGE('',*,*,#4853,.F.);
#6853=ORIENTED_EDGE('',*,*,#4854,.T.);
#6854=ORIENTED_EDGE('',*,*,#4344,.T.);
#6855=ORIENTED_EDGE('',*,*,#4854,.F.);
#6856=ORIENTED_EDGE('',*,*,#4855,.F.);
#6857=ORIENTED_EDGE('',*,*,#4856,.T.);
#6858=ORIENTED_EDGE('',*,*,#4337,.T.);
#6859=ORIENTED_EDGE('',*,*,#4856,.F.);
#6860=ORIENTED_EDGE('',*,*,#4857,.F.);
#6861=ORIENTED_EDGE('',*,*,#4352,.T.);
#6862=ORIENTED_EDGE('',*,*,#4332,.T.);
#6863=ORIENTED_EDGE('',*,*,#4356,.F.);
#6864=ORIENTED_EDGE('',*,*,#4792,.F.);
#6865=ORIENTED_EDGE('',*,*,#4858,.T.);
#6866=ORIENTED_EDGE('',*,*,#4333,.T.);
#6867=ORIENTED_EDGE('',*,*,#4858,.F.);
#6868=ORIENTED_EDGE('',*,*,#4791,.F.);
#6869=ORIENTED_EDGE('',*,*,#4859,.T.);
#6870=ORIENTED_EDGE('',*,*,#4334,.T.);
#6871=ORIENTED_EDGE('',*,*,#4859,.F.);
#6872=ORIENTED_EDGE('',*,*,#4790,.F.);
#6873=ORIENTED_EDGE('',*,*,#4860,.T.);
#6874=ORIENTED_EDGE('',*,*,#4335,.T.);
#6875=ORIENTED_EDGE('',*,*,#4860,.F.);
#6876=ORIENTED_EDGE('',*,*,#4789,.F.);
#6877=ORIENTED_EDGE('',*,*,#4861,.T.);
#6878=ORIENTED_EDGE('',*,*,#4336,.T.);
#6879=ORIENTED_EDGE('',*,*,#4861,.F.);
#6880=ORIENTED_EDGE('',*,*,#4788,.F.);
#6881=ORIENTED_EDGE('',*,*,#4862,.T.);
#6882=ORIENTED_EDGE('',*,*,#4324,.T.);
#6883=ORIENTED_EDGE('',*,*,#4862,.F.);
#6884=ORIENTED_EDGE('',*,*,#4787,.F.);
#6885=ORIENTED_EDGE('',*,*,#4367,.T.);
#6886=ORIENTED_EDGE('',*,*,#4396,.T.);
#6887=ORIENTED_EDGE('',*,*,#4401,.F.);
#6888=ORIENTED_EDGE('',*,*,#4863,.F.);
#6889=ORIENTED_EDGE('',*,*,#4864,.T.);
#6890=ORIENTED_EDGE('',*,*,#4397,.T.);
#6891=ORIENTED_EDGE('',*,*,#4864,.F.);
#6892=ORIENTED_EDGE('',*,*,#4865,.F.);
#6893=ORIENTED_EDGE('',*,*,#4866,.T.);
#6894=ORIENTED_EDGE('',*,*,#4398,.T.);
#6895=ORIENTED_EDGE('',*,*,#4866,.F.);
#6896=ORIENTED_EDGE('',*,*,#4867,.F.);
#6897=ORIENTED_EDGE('',*,*,#4868,.T.);
#6898=ORIENTED_EDGE('',*,*,#4390,.T.);
#6899=ORIENTED_EDGE('',*,*,#4868,.F.);
#6900=ORIENTED_EDGE('',*,*,#4869,.F.);
#6901=ORIENTED_EDGE('',*,*,#4408,.T.);
#6902=ORIENTED_EDGE('',*,*,#4381,.T.);
#6903=ORIENTED_EDGE('',*,*,#4412,.F.);
#6904=ORIENTED_EDGE('',*,*,#4802,.F.);
#6905=ORIENTED_EDGE('',*,*,#4870,.T.);
#6906=ORIENTED_EDGE('',*,*,#4382,.T.);
#6907=ORIENTED_EDGE('',*,*,#4870,.F.);
#6908=ORIENTED_EDGE('',*,*,#4801,.F.);
#6909=ORIENTED_EDGE('',*,*,#4871,.T.);
#6910=ORIENTED_EDGE('',*,*,#4383,.T.);
#6911=ORIENTED_EDGE('',*,*,#4871,.F.);
#6912=ORIENTED_EDGE('',*,*,#4800,.F.);
#6913=ORIENTED_EDGE('',*,*,#4872,.T.);
#6914=ORIENTED_EDGE('',*,*,#4384,.T.);
#6915=ORIENTED_EDGE('',*,*,#4872,.F.);
#6916=ORIENTED_EDGE('',*,*,#4799,.F.);
#6917=ORIENTED_EDGE('',*,*,#4873,.T.);
#6918=ORIENTED_EDGE('',*,*,#4385,.T.);
#6919=ORIENTED_EDGE('',*,*,#4873,.F.);
#6920=ORIENTED_EDGE('',*,*,#4798,.F.);
#6921=ORIENTED_EDGE('',*,*,#4874,.T.);
#6922=ORIENTED_EDGE('',*,*,#4386,.T.);
#6923=ORIENTED_EDGE('',*,*,#4874,.F.);
#6924=ORIENTED_EDGE('',*,*,#4797,.F.);
#6925=ORIENTED_EDGE('',*,*,#4875,.T.);
#6926=ORIENTED_EDGE('',*,*,#4387,.T.);
#6927=ORIENTED_EDGE('',*,*,#4875,.F.);
#6928=ORIENTED_EDGE('',*,*,#4796,.F.);
#6929=ORIENTED_EDGE('',*,*,#4876,.T.);
#6930=ORIENTED_EDGE('',*,*,#4388,.T.);
#6931=ORIENTED_EDGE('',*,*,#4876,.F.);
#6932=ORIENTED_EDGE('',*,*,#4795,.F.);
#6933=ORIENTED_EDGE('',*,*,#4877,.T.);
#6934=ORIENTED_EDGE('',*,*,#4389,.T.);
#6935=ORIENTED_EDGE('',*,*,#4877,.F.);
#6936=ORIENTED_EDGE('',*,*,#4794,.F.);
#6937=ORIENTED_EDGE('',*,*,#4878,.T.);
#6938=ORIENTED_EDGE('',*,*,#4369,.T.);
#6939=ORIENTED_EDGE('',*,*,#4878,.F.);
#6940=ORIENTED_EDGE('',*,*,#4793,.F.);
#6941=ORIENTED_EDGE('',*,*,#4431,.T.);
#6942=ORIENTED_EDGE('',*,*,#4306,.T.);
#6943=ORIENTED_EDGE('',*,*,#4313,.F.);
#6944=ORIENTED_EDGE('',*,*,#4808,.F.);
#6945=ORIENTED_EDGE('',*,*,#4879,.T.);
#6946=ORIENTED_EDGE('',*,*,#4307,.T.);
#6947=ORIENTED_EDGE('',*,*,#4879,.F.);
#6948=ORIENTED_EDGE('',*,*,#4807,.F.);
#6949=ORIENTED_EDGE('',*,*,#4880,.T.);
#6950=ORIENTED_EDGE('',*,*,#4308,.T.);
#6951=ORIENTED_EDGE('',*,*,#4880,.F.);
#6952=ORIENTED_EDGE('',*,*,#4806,.F.);
#6953=ORIENTED_EDGE('',*,*,#4881,.T.);
#6954=ORIENTED_EDGE('',*,*,#4309,.T.);
#6955=ORIENTED_EDGE('',*,*,#4881,.F.);
#6956=ORIENTED_EDGE('',*,*,#4805,.F.);
#6957=ORIENTED_EDGE('',*,*,#4882,.T.);
#6958=ORIENTED_EDGE('',*,*,#4310,.T.);
#6959=ORIENTED_EDGE('',*,*,#4882,.F.);
#6960=ORIENTED_EDGE('',*,*,#4804,.F.);
#6961=ORIENTED_EDGE('',*,*,#4883,.T.);
#6962=ORIENTED_EDGE('',*,*,#4299,.T.);
#6963=ORIENTED_EDGE('',*,*,#4883,.F.);
#6964=ORIENTED_EDGE('',*,*,#4803,.F.);
#6965=ORIENTED_EDGE('',*,*,#4322,.T.);
#6966=ORIENTED_EDGE('',*,*,#4263,.T.);
#6967=ORIENTED_EDGE('',*,*,#4276,.F.);
#6968=ORIENTED_EDGE('',*,*,#4820,.F.);
#6969=ORIENTED_EDGE('',*,*,#4884,.T.);
#6970=ORIENTED_EDGE('',*,*,#4264,.T.);
#6971=ORIENTED_EDGE('',*,*,#4884,.F.);
#6972=ORIENTED_EDGE('',*,*,#4819,.F.);
#6973=ORIENTED_EDGE('',*,*,#4885,.T.);
#6974=ORIENTED_EDGE('',*,*,#4265,.T.);
#6975=ORIENTED_EDGE('',*,*,#4885,.F.);
#6976=ORIENTED_EDGE('',*,*,#4818,.F.);
#6977=ORIENTED_EDGE('',*,*,#4886,.T.);
#6978=ORIENTED_EDGE('',*,*,#4266,.T.);
#6979=ORIENTED_EDGE('',*,*,#4886,.F.);
#6980=ORIENTED_EDGE('',*,*,#4817,.F.);
#6981=ORIENTED_EDGE('',*,*,#4887,.T.);
#6982=ORIENTED_EDGE('',*,*,#4267,.T.);
#6983=ORIENTED_EDGE('',*,*,#4887,.F.);
#6984=ORIENTED_EDGE('',*,*,#4816,.F.);
#6985=ORIENTED_EDGE('',*,*,#4888,.T.);
#6986=ORIENTED_EDGE('',*,*,#4268,.T.);
#6987=ORIENTED_EDGE('',*,*,#4888,.F.);
#6988=ORIENTED_EDGE('',*,*,#4815,.F.);
#6989=ORIENTED_EDGE('',*,*,#4889,.T.);
#6990=ORIENTED_EDGE('',*,*,#4269,.T.);
#6991=ORIENTED_EDGE('',*,*,#4889,.F.);
#6992=ORIENTED_EDGE('',*,*,#4814,.F.);
#6993=ORIENTED_EDGE('',*,*,#4890,.T.);
#6994=ORIENTED_EDGE('',*,*,#4270,.T.);
#6995=ORIENTED_EDGE('',*,*,#4890,.F.);
#6996=ORIENTED_EDGE('',*,*,#4813,.F.);
#6997=ORIENTED_EDGE('',*,*,#4891,.T.);
#6998=ORIENTED_EDGE('',*,*,#4271,.T.);
#6999=ORIENTED_EDGE('',*,*,#4891,.F.);
#7000=ORIENTED_EDGE('',*,*,#4812,.F.);
#7001=ORIENTED_EDGE('',*,*,#4892,.T.);
#7002=ORIENTED_EDGE('',*,*,#4272,.T.);
#7003=ORIENTED_EDGE('',*,*,#4892,.F.);
#7004=ORIENTED_EDGE('',*,*,#4811,.F.);
#7005=ORIENTED_EDGE('',*,*,#4893,.T.);
#7006=ORIENTED_EDGE('',*,*,#4273,.T.);
#7007=ORIENTED_EDGE('',*,*,#4893,.F.);
#7008=ORIENTED_EDGE('',*,*,#4810,.F.);
#7009=ORIENTED_EDGE('',*,*,#4894,.T.);
#7010=ORIENTED_EDGE('',*,*,#4250,.T.);
#7011=ORIENTED_EDGE('',*,*,#4894,.F.);
#7012=ORIENTED_EDGE('',*,*,#4809,.F.);
#7013=ORIENTED_EDGE('',*,*,#4297,.T.);
#7014=ORIENTED_EDGE('',*,*,#4409,.T.);
#7015=ORIENTED_EDGE('',*,*,#4869,.T.);
#7016=ORIENTED_EDGE('',*,*,#4867,.T.);
#7017=ORIENTED_EDGE('',*,*,#4865,.T.);
#7018=ORIENTED_EDGE('',*,*,#4863,.T.);
#7019=ORIENTED_EDGE('',*,*,#4400,.T.);
#7020=ORIENTED_EDGE('',*,*,#4403,.T.);
#7021=ORIENTED_EDGE('',*,*,#4405,.T.);
#7022=ORIENTED_EDGE('',*,*,#4407,.T.);
#7023=ORIENTED_EDGE('',*,*,#4353,.T.);
#7024=ORIENTED_EDGE('',*,*,#4857,.T.);
#7025=ORIENTED_EDGE('',*,*,#4855,.T.);
#7026=ORIENTED_EDGE('',*,*,#4853,.T.);
#7027=ORIENTED_EDGE('',*,*,#4851,.T.);
#7028=ORIENTED_EDGE('',*,*,#4346,.T.);
#7029=ORIENTED_EDGE('',*,*,#4349,.T.);
#7030=ORIENTED_EDGE('',*,*,#4351,.T.);
#7031=ORIENTED_EDGE('',*,*,#4895,.T.);
#7032=ORIENTED_EDGE('',*,*,#4084,.F.);
#7033=ORIENTED_EDGE('',*,*,#4089,.F.);
#7034=ORIENTED_EDGE('',*,*,#4896,.F.);
#7035=ORIENTED_EDGE('',*,*,#4091,.T.);
#7036=ORIENTED_EDGE('',*,*,#4897,.T.);
#7037=ORIENTED_EDGE('',*,*,#4085,.F.);
#7038=ORIENTED_EDGE('',*,*,#4895,.F.);
#7039=ORIENTED_EDGE('',*,*,#4090,.T.);
#7040=ORIENTED_EDGE('',*,*,#4095,.T.);
#7041=ORIENTED_EDGE('',*,*,#4898,.F.);
#7042=ORIENTED_EDGE('',*,*,#4588,.F.);
#7043=ORIENTED_EDGE('',*,*,#4101,.T.);
#7044=ORIENTED_EDGE('',*,*,#4094,.T.);
#7045=ORIENTED_EDGE('',*,*,#4100,.T.);
#7046=ORIENTED_EDGE('',*,*,#4587,.F.);
#7047=ORIENTED_EDGE('',*,*,#4898,.T.);
#7048=ORIENTED_EDGE('',*,*,#4896,.T.);
#7049=ORIENTED_EDGE('',*,*,#4088,.F.);
#7050=ORIENTED_EDGE('',*,*,#4899,.F.);
#7051=ORIENTED_EDGE('',*,*,#4092,.T.);
#7052=ORIENTED_EDGE('',*,*,#4620,.F.);
#7053=ORIENTED_EDGE('',*,*,#4599,.F.);
#7054=ORIENTED_EDGE('',*,*,#4559,.F.);
#7055=ORIENTED_EDGE('',*,*,#4072,.F.);
#7056=ORIENTED_EDGE('',*,*,#4563,.F.);
#7057=ORIENTED_EDGE('',*,*,#4642,.T.);
#7058=ORIENTED_EDGE('',*,*,#4731,.F.);
#7059=ORIENTED_EDGE('',*,*,#4612,.F.);
#7060=ORIENTED_EDGE('',*,*,#4719,.F.);
#7061=ORIENTED_EDGE('',*,*,#4695,.T.);
#7062=ORIENTED_EDGE('',*,*,#4691,.F.);
#7063=ORIENTED_EDGE('',*,*,#4633,.T.);
#7064=ORIENTED_EDGE('',*,*,#4135,.T.);
#7065=ORIENTED_EDGE('',*,*,#4843,.T.);
#7066=ORIENTED_EDGE('',*,*,#4132,.T.);
#7067=ORIENTED_EDGE('',*,*,#4899,.T.);
#7068=ORIENTED_EDGE('',*,*,#4087,.F.);
#7069=ORIENTED_EDGE('',*,*,#4086,.F.);
#7070=ORIENTED_EDGE('',*,*,#4897,.F.);
#7071=ORIENTED_EDGE('',*,*,#4093,.T.);
#7072=PLANE('',#7749);
#7073=PLANE('',#7805);
#7074=PLANE('',#7808);
#7075=PLANE('',#7809);
#7076=PLANE('',#7810);
#7077=PLANE('',#7811);
#7078=PLANE('',#7812);
#7079=PLANE('',#7864);
#7080=PLANE('',#7889);
#7081=PLANE('',#7892);
#7082=PLANE('',#7918);
#7083=PLANE('',#7919);
#7084=PLANE('',#7920);
#7085=PLANE('',#7921);
#7086=PLANE('',#7922);
#7087=PLANE('',#7923);
#7088=PLANE('',#7924);
#7089=PLANE('',#7925);
#7090=PLANE('',#7926);
#7091=PLANE('',#7927);
#7092=PLANE('',#7928);
#7093=PLANE('',#7929);
#7094=PLANE('',#7930);
#7095=PLANE('',#7931);
#7096=PLANE('',#7932);
#7097=PLANE('',#7933);
#7098=PLANE('',#7934);
#7099=PLANE('',#7935);
#7100=PLANE('',#7936);
#7101=PLANE('',#7937);
#7102=PLANE('',#7938);
#7103=PLANE('',#7939);
#7104=PLANE('',#7940);
#7105=PLANE('',#7941);
#7106=PLANE('',#7942);
#7107=PLANE('',#7943);
#7108=PLANE('',#7944);
#7109=PLANE('',#7945);
#7110=PLANE('',#7946);
#7111=PLANE('',#7947);
#7112=PLANE('',#7948);
#7113=PLANE('',#7949);
#7114=PLANE('',#7950);
#7115=PLANE('',#7951);
#7116=PLANE('',#7952);
#7117=PLANE('',#7953);
#7118=PLANE('',#7954);
#7119=PLANE('',#7955);
#7120=PLANE('',#7956);
#7121=PLANE('',#7957);
#7122=PLANE('',#7958);
#7123=PLANE('',#7959);
#7124=PLANE('',#7960);
#7125=PLANE('',#7961);
#7126=PLANE('',#7962);
#7127=PLANE('',#7963);
#7128=PLANE('',#7964);
#7129=PLANE('',#7965);
#7130=PLANE('',#7966);
#7131=PLANE('',#7967);
#7132=PLANE('',#7968);
#7133=PLANE('',#7969);
#7134=PLANE('',#7970);
#7135=PLANE('',#7971);
#7136=PLANE('',#7972);
#7137=PLANE('',#7973);
#7138=PLANE('',#7974);
#7139=PLANE('',#7975);
#7140=PLANE('',#7976);
#7141=PLANE('',#7977);
#7142=PLANE('',#7978);
#7143=PLANE('',#7979);
#7144=PLANE('',#7980);
#7145=PLANE('',#7981);
#7146=PLANE('',#7982);
#7147=PLANE('',#7983);
#7148=PLANE('',#7984);
#7149=PLANE('',#7985);
#7150=PLANE('',#7986);
#7151=PLANE('',#7987);
#7152=PLANE('',#7988);
#7153=PLANE('',#7989);
#7154=PLANE('',#7990);
#7155=PLANE('',#7991);
#7156=PLANE('',#7995);
#7157=PLANE('',#7996);
#7158=PLANE('',#7997);
#7159=PLANE('',#7998);
#7160=PLANE('',#7999);
#7161=PLANE('',#8000);
#7162=PLANE('',#8001);
#7163=PLANE('',#8002);
#7164=PLANE('',#8003);
#7165=PLANE('',#8004);
#7166=PLANE('',#8005);
#7167=PLANE('',#8006);
#7168=PLANE('',#8007);
#7169=PLANE('',#8008);
#7170=PLANE('',#8009);
#7171=PLANE('',#8010);
#7172=PLANE('',#8011);
#7173=PLANE('',#8012);
#7174=PLANE('',#8013);
#7175=PLANE('',#8014);
#7176=PLANE('',#8015);
#7177=PLANE('',#8016);
#7178=PLANE('',#8017);
#7179=PLANE('',#8018);
#7180=PLANE('',#8019);
#7181=PLANE('',#8020);
#7182=PLANE('',#8021);
#7183=PLANE('',#8022);
#7184=PLANE('',#8023);
#7185=PLANE('',#8024);
#7186=PLANE('',#8025);
#7187=PLANE('',#8026);
#7188=PLANE('',#8027);
#7189=PLANE('',#8028);
#7190=PLANE('',#8029);
#7191=PLANE('',#8030);
#7192=PLANE('',#8031);
#7193=PLANE('',#8032);
#7194=PLANE('',#8033);
#7195=PLANE('',#8034);
#7196=PLANE('',#8035);
#7197=PLANE('',#8036);
#7198=PLANE('',#8037);
#7199=PLANE('',#8038);
#7200=PLANE('',#8039);
#7201=PLANE('',#8040);
#7202=PLANE('',#8041);
#7203=PLANE('',#8042);
#7204=PLANE('',#8043);
#7205=PLANE('',#8044);
#7206=PLANE('',#8045);
#7207=PLANE('',#8046);
#7208=PLANE('',#8047);
#7209=PLANE('',#8048);
#7210=PLANE('',#8049);
#7211=PLANE('',#8050);
#7212=PLANE('',#8051);
#7213=PLANE('',#8052);
#7214=PLANE('',#8053);
#7215=PLANE('',#8054);
#7216=PLANE('',#8055);
#7217=PLANE('',#8056);
#7218=PLANE('',#8057);
#7219=PLANE('',#8058);
#7220=PLANE('',#8059);
#7221=PLANE('',#8060);
#7222=PLANE('',#8061);
#7223=PLANE('',#8062);
#7224=PLANE('',#8063);
#7225=PLANE('',#8064);
#7226=PLANE('',#8065);
#7227=PLANE('',#8066);
#7228=PLANE('',#8067);
#7229=PLANE('',#8068);
#7230=PLANE('',#8069);
#7231=PLANE('',#8070);
#7232=PLANE('',#8071);
#7233=PLANE('',#8072);
#7234=PLANE('',#8073);
#7235=PLANE('',#8074);
#7236=PLANE('',#8075);
#7237=PLANE('',#8076);
#7238=PLANE('',#8077);
#7239=PLANE('',#8078);
#7240=PLANE('',#8079);
#7241=PLANE('',#8080);
#7242=PLANE('',#8081);
#7243=PLANE('',#8082);
#7244=PLANE('',#8083);
#7245=PLANE('',#8084);
#7246=PLANE('',#8085);
#7247=PLANE('',#8086);
#7248=PLANE('',#8087);
#7249=PLANE('',#8088);
#7250=PLANE('',#8089);
#7251=PLANE('',#8090);
#7252=PLANE('',#8091);
#7253=PLANE('',#8092);
#7254=PLANE('',#8093);
#7255=PLANE('',#8094);
#7256=PLANE('',#8095);
#7257=PLANE('',#8096);
#7258=PLANE('',#8097);
#7259=PLANE('',#8098);
#7260=PLANE('',#8099);
#7261=PLANE('',#8100);
#7262=PLANE('',#8101);
#7263=PLANE('',#8102);
#7264=PLANE('',#8103);
#7265=PLANE('',#8104);
#7266=PLANE('',#8105);
#7267=PLANE('',#8106);
#7268=PLANE('',#8107);
#7269=PLANE('',#8108);
#7270=PLANE('',#8109);
#7271=PLANE('',#8110);
#7272=PLANE('',#8111);
#7273=PLANE('',#8112);
#7274=PLANE('',#8113);
#7275=PLANE('',#8114);
#7276=PLANE('',#8115);
#7277=PLANE('',#8116);
#7278=PLANE('',#8117);
#7279=PLANE('',#8118);
#7280=PLANE('',#8119);
#7281=PLANE('',#8120);
#7282=PLANE('',#8121);
#7283=PLANE('',#8122);
#7284=PLANE('',#8123);
#7285=PLANE('',#8124);
#7286=PLANE('',#8125);
#7287=PLANE('',#8126);
#7288=PLANE('',#8127);
#7289=PLANE('',#8128);
#7290=PLANE('',#8129);
#7291=PLANE('',#8130);
#7292=PLANE('',#8131);
#7293=PLANE('',#8132);
#7294=PLANE('',#8133);
#7295=PLANE('',#8134);
#7296=PLANE('',#8135);
#7297=PLANE('',#8136);
#7298=PLANE('',#8137);
#7299=PLANE('',#8138);
#7300=PLANE('',#8139);
#7301=PLANE('',#8140);
#7302=PLANE('',#8141);
#7303=PLANE('',#8142);
#7304=PLANE('',#8143);
#7305=PLANE('',#8144);
#7306=PLANE('',#8145);
#7307=PLANE('',#8146);
#7308=PLANE('',#8147);
#7309=PLANE('',#8148);
#7310=PLANE('',#8149);
#7311=PLANE('',#8150);
#7312=PLANE('',#8151);
#7313=PLANE('',#8152);
#7314=PLANE('',#8153);
#7315=PLANE('',#8154);
#7316=PLANE('',#8155);
#7317=PLANE('',#8156);
#7318=PLANE('',#8157);
#7319=PLANE('',#8158);
#7320=PLANE('',#8159);
#7321=PLANE('',#8160);
#7322=PLANE('',#8161);
#7323=PLANE('',#8162);
#7324=PLANE('',#8163);
#7325=PLANE('',#8164);
#7326=PLANE('',#8165);
#7327=PLANE('',#8166);
#7328=PLANE('',#8167);
#7329=PLANE('',#8168);
#7330=ADVANCED_FACE('',(#591,#350,#351,#352,#353,#354,#355,#356,#357,#358,
#359,#360,#361,#362,#363,#364,#365,#366,#367,#368,#369,#370,#371,#372,#373,
#374,#375,#376,#377,#378,#379,#380,#381,#382,#383,#384,#385,#386,#387,#388,
#389,#390,#391,#392,#393,#394,#395,#396,#397,#398,#399,#400),#7072,.T.);
#7331=ADVANCED_FACE('',(#592),#296,.F.);
#7332=ADVANCED_FACE('',(#593),#7073,.T.);
#7333=ADVANCED_FACE('',(#594),#297,.F.);
#7334=ADVANCED_FACE('',(#595),#7074,.T.);
#7335=ADVANCED_FACE('',(#596),#7075,.T.);
#7336=ADVANCED_FACE('',(#597),#7076,.T.);
#7337=ADVANCED_FACE('',(#598),#7077,.T.);
#7338=ADVANCED_FACE('',(#599,#401,#402,#403,#404,#405,#406,#407,#408,#409,
#410,#411,#412,#413,#414,#415,#416,#417,#418,#419,#420,#421,#422,#423,#424,
#425,#426,#427,#428,#429,#430,#431,#432,#433,#434,#435,#436,#437,#438,#439,
#440,#441,#442,#443,#444,#445,#446,#447,#448,#449,#450,#451),#7078,.F.);
#7339=ADVANCED_FACE('',(#600),#7079,.T.);
#7340=ADVANCED_FACE('',(#601),#298,.F.);
#7341=ADVANCED_FACE('',(#602),#299,.F.);
#7342=ADVANCED_FACE('',(#603),#300,.F.);
#7343=ADVANCED_FACE('',(#604),#301,.F.);
#7344=ADVANCED_FACE('',(#605),#302,.F.);
#7345=ADVANCED_FACE('',(#606),#303,.F.);
#7346=ADVANCED_FACE('',(#607),#304,.F.);
#7347=ADVANCED_FACE('',(#608),#305,.F.);
#7348=ADVANCED_FACE('',(#609),#306,.F.);
#7349=ADVANCED_FACE('',(#610),#307,.F.);
#7350=ADVANCED_FACE('',(#611),#308,.F.);
#7351=ADVANCED_FACE('',(#612),#309,.F.);
#7352=ADVANCED_FACE('',(#613),#310,.F.);
#7353=ADVANCED_FACE('',(#614),#311,.F.);
#7354=ADVANCED_FACE('',(#615),#312,.F.);
#7355=ADVANCED_FACE('',(#616),#313,.F.);
#7356=ADVANCED_FACE('',(#617),#314,.F.);
#7357=ADVANCED_FACE('',(#618),#315,.F.);
#7358=ADVANCED_FACE('',(#619),#316,.F.);
#7359=ADVANCED_FACE('',(#620),#317,.F.);
#7360=ADVANCED_FACE('',(#621),#318,.F.);
#7361=ADVANCED_FACE('',(#622),#319,.F.);
#7362=ADVANCED_FACE('',(#623),#320,.F.);
#7363=ADVANCED_FACE('',(#624),#321,.F.);
#7364=ADVANCED_FACE('',(#625),#7080,.T.);
#7365=ADVANCED_FACE('',(#626),#322,.F.);
#7366=ADVANCED_FACE('',(#627),#323,.F.);
#7367=ADVANCED_FACE('',(#628),#7081,.T.);
#7368=ADVANCED_FACE('',(#629),#324,.F.);
#7369=ADVANCED_FACE('',(#630),#325,.F.);
#7370=ADVANCED_FACE('',(#631),#326,.F.);
#7371=ADVANCED_FACE('',(#632),#327,.F.);
#7372=ADVANCED_FACE('',(#633),#328,.F.);
#7373=ADVANCED_FACE('',(#634),#329,.F.);
#7374=ADVANCED_FACE('',(#635),#330,.F.);
#7375=ADVANCED_FACE('',(#636),#331,.F.);
#7376=ADVANCED_FACE('',(#637),#332,.F.);
#7377=ADVANCED_FACE('',(#638),#333,.F.);
#7378=ADVANCED_FACE('',(#639),#334,.F.);
#7379=ADVANCED_FACE('',(#640),#335,.F.);
#7380=ADVANCED_FACE('',(#641),#336,.F.);
#7381=ADVANCED_FACE('',(#642),#337,.F.);
#7382=ADVANCED_FACE('',(#643),#338,.F.);
#7383=ADVANCED_FACE('',(#644),#339,.F.);
#7384=ADVANCED_FACE('',(#645),#340,.F.);
#7385=ADVANCED_FACE('',(#646),#341,.F.);
#7386=ADVANCED_FACE('',(#647),#342,.F.);
#7387=ADVANCED_FACE('',(#648),#343,.F.);
#7388=ADVANCED_FACE('',(#649),#344,.F.);
#7389=ADVANCED_FACE('',(#650),#345,.F.);
#7390=ADVANCED_FACE('',(#651),#346,.F.);
#7391=ADVANCED_FACE('',(#652),#347,.F.);
#7392=ADVANCED_FACE('',(#653),#348,.F.);
#7393=ADVANCED_FACE('',(#654),#7082,.T.);
#7394=ADVANCED_FACE('',(#655),#7083,.T.);
#7395=ADVANCED_FACE('',(#656),#7084,.T.);
#7396=ADVANCED_FACE('',(#657),#7085,.T.);
#7397=ADVANCED_FACE('',(#658),#7086,.T.);
#7398=ADVANCED_FACE('',(#659),#7087,.T.);
#7399=ADVANCED_FACE('',(#660),#7088,.T.);
#7400=ADVANCED_FACE('',(#661),#7089,.T.);
#7401=ADVANCED_FACE('',(#662),#7090,.T.);
#7402=ADVANCED_FACE('',(#663),#7091,.T.);
#7403=ADVANCED_FACE('',(#664),#7092,.T.);
#7404=ADVANCED_FACE('',(#665),#7093,.T.);
#7405=ADVANCED_FACE('',(#666),#7094,.T.);
#7406=ADVANCED_FACE('',(#667),#7095,.T.);
#7407=ADVANCED_FACE('',(#668),#7096,.T.);
#7408=ADVANCED_FACE('',(#669),#7097,.F.);
#7409=ADVANCED_FACE('',(#670),#7098,.T.);
#7410=ADVANCED_FACE('',(#671),#7099,.T.);
#7411=ADVANCED_FACE('',(#672),#7100,.T.);
#7412=ADVANCED_FACE('',(#673,#452,#453,#454),#7101,.T.);
#7413=ADVANCED_FACE('',(#674),#7102,.T.);
#7414=ADVANCED_FACE('',(#675,#455,#456,#457),#7103,.T.);
#7415=ADVANCED_FACE('',(#676),#7104,.T.);
#7416=ADVANCED_FACE('',(#677),#7105,.T.);
#7417=ADVANCED_FACE('',(#678),#7106,.T.);
#7418=ADVANCED_FACE('',(#679),#7107,.F.);
#7419=ADVANCED_FACE('',(#680),#7108,.T.);
#7420=ADVANCED_FACE('',(#681,#458),#7109,.F.);
#7421=ADVANCED_FACE('',(#682),#7110,.T.);
#7422=ADVANCED_FACE('',(#683),#7111,.T.);
#7423=ADVANCED_FACE('',(#684),#7112,.T.);
#7424=ADVANCED_FACE('',(#685),#7113,.F.);
#7425=ADVANCED_FACE('',(#686),#7114,.F.);
#7426=ADVANCED_FACE('',(#687,#459),#7115,.T.);
#7427=ADVANCED_FACE('',(#688),#7116,.F.);
#7428=ADVANCED_FACE('',(#689),#7117,.F.);
#7429=ADVANCED_FACE('',(#690),#15,.F.);
#7430=ADVANCED_FACE('',(#691),#7118,.F.);
#7431=ADVANCED_FACE('',(#692),#7119,.F.);
#7432=ADVANCED_FACE('',(#693),#7120,.F.);
#7433=ADVANCED_FACE('',(#694),#16,.F.);
#7434=ADVANCED_FACE('',(#695),#17,.F.);
#7435=ADVANCED_FACE('',(#696),#18,.F.);
#7436=ADVANCED_FACE('',(#697),#19,.F.);
#7437=ADVANCED_FACE('',(#698),#7121,.T.);
#7438=ADVANCED_FACE('',(#699),#7122,.F.);
#7439=ADVANCED_FACE('',(#700),#7123,.F.);
#7440=ADVANCED_FACE('',(#701),#20,.F.);
#7441=ADVANCED_FACE('',(#702),#21,.F.);
#7442=ADVANCED_FACE('',(#703),#22,.F.);
#7443=ADVANCED_FACE('',(#704),#23,.F.);
#7444=ADVANCED_FACE('',(#705),#7124,.F.);
#7445=ADVANCED_FACE('',(#706),#7125,.F.);
#7446=ADVANCED_FACE('',(#707),#7126,.F.);
#7447=ADVANCED_FACE('',(#708),#24,.F.);
#7448=ADVANCED_FACE('',(#709),#25,.F.);
#7449=ADVANCED_FACE('',(#710),#26,.F.);
#7450=ADVANCED_FACE('',(#711),#7127,.T.);
#7451=ADVANCED_FACE('',(#712),#7128,.F.);
#7452=ADVANCED_FACE('',(#713),#27,.F.);
#7453=ADVANCED_FACE('',(#714),#28,.F.);
#7454=ADVANCED_FACE('',(#715),#29,.F.);
#7455=ADVANCED_FACE('',(#716),#30,.F.);
#7456=ADVANCED_FACE('',(#717),#7129,.F.);
#7457=ADVANCED_FACE('',(#718),#31,.F.);
#7458=ADVANCED_FACE('',(#719),#32,.F.);
#7459=ADVANCED_FACE('',(#720),#7130,.F.);
#7460=ADVANCED_FACE('',(#721),#33,.F.);
#7461=ADVANCED_FACE('',(#722),#34,.F.);
#7462=ADVANCED_FACE('',(#723),#35,.F.);
#7463=ADVANCED_FACE('',(#724),#7131,.T.);
#7464=ADVANCED_FACE('',(#725),#7132,.F.);
#7465=ADVANCED_FACE('',(#726),#7133,.F.);
#7466=ADVANCED_FACE('',(#727),#36,.F.);
#7467=ADVANCED_FACE('',(#728),#37,.F.);
#7468=ADVANCED_FACE('',(#729),#38,.F.);
#7469=ADVANCED_FACE('',(#730),#39,.F.);
#7470=ADVANCED_FACE('',(#731),#7134,.F.);
#7471=ADVANCED_FACE('',(#732),#7135,.F.);
#7472=ADVANCED_FACE('',(#733),#40,.F.);
#7473=ADVANCED_FACE('',(#734),#41,.F.);
#7474=ADVANCED_FACE('',(#735),#42,.F.);
#7475=ADVANCED_FACE('',(#736),#43,.F.);
#7476=ADVANCED_FACE('',(#737),#7136,.T.);
#7477=ADVANCED_FACE('',(#738),#44,.F.);
#7478=ADVANCED_FACE('',(#739),#7137,.F.);
#7479=ADVANCED_FACE('',(#740),#45,.F.);
#7480=ADVANCED_FACE('',(#741),#46,.F.);
#7481=ADVANCED_FACE('',(#742),#7138,.F.);
#7482=ADVANCED_FACE('',(#743),#47,.F.);
#7483=ADVANCED_FACE('',(#744,#460),#7139,.T.);
#7484=ADVANCED_FACE('',(#745),#7140,.F.);
#7485=ADVANCED_FACE('',(#746),#48,.F.);
#7486=ADVANCED_FACE('',(#747),#49,.F.);
#7487=ADVANCED_FACE('',(#748),#7141,.F.);
#7488=ADVANCED_FACE('',(#749),#50,.F.);
#7489=ADVANCED_FACE('',(#750),#51,.F.);
#7490=ADVANCED_FACE('',(#751),#7142,.F.);
#7491=ADVANCED_FACE('',(#752),#7143,.F.);
#7492=ADVANCED_FACE('',(#753),#52,.F.);
#7493=ADVANCED_FACE('',(#754),#53,.F.);
#7494=ADVANCED_FACE('',(#755),#54,.F.);
#7495=ADVANCED_FACE('',(#756,#461),#7144,.T.);
#7496=ADVANCED_FACE('',(#757),#7145,.F.);
#7497=ADVANCED_FACE('',(#758),#55,.F.);
#7498=ADVANCED_FACE('',(#759),#56,.F.);
#7499=ADVANCED_FACE('',(#760),#7146,.F.);
#7500=ADVANCED_FACE('',(#761),#57,.F.);
#7501=ADVANCED_FACE('',(#762),#7147,.F.);
#7502=ADVANCED_FACE('',(#763),#58,.F.);
#7503=ADVANCED_FACE('',(#764),#59,.F.);
#7504=ADVANCED_FACE('',(#765),#60,.F.);
#7505=ADVANCED_FACE('',(#766),#61,.F.);
#7506=ADVANCED_FACE('',(#767),#7148,.F.);
#7507=ADVANCED_FACE('',(#768),#7149,.F.);
#7508=ADVANCED_FACE('',(#769),#7150,.F.);
#7509=ADVANCED_FACE('',(#770),#62,.F.);
#7510=ADVANCED_FACE('',(#771),#63,.F.);
#7511=ADVANCED_FACE('',(#772),#64,.F.);
#7512=ADVANCED_FACE('',(#773),#7151,.F.);
#7513=ADVANCED_FACE('',(#774),#7152,.F.);
#7514=ADVANCED_FACE('',(#775),#7153,.F.);
#7515=ADVANCED_FACE('',(#776),#7154,.F.);
#7516=ADVANCED_FACE('',(#777),#7155,.F.);
#7517=ADVANCED_FACE('',(#778),#349,.F.);
#7518=ADVANCED_FACE('',(#779),#7156,.T.);
#7519=ADVANCED_FACE('',(#780),#7157,.F.);
#7520=ADVANCED_FACE('',(#781),#7158,.F.);
#7521=ADVANCED_FACE('',(#782),#7159,.F.);
#7522=ADVANCED_FACE('',(#783),#7160,.F.);
#7523=ADVANCED_FACE('',(#784),#7161,.F.);
#7524=ADVANCED_FACE('',(#785),#7162,.F.);
#7525=ADVANCED_FACE('',(#786),#7163,.F.);
#7526=ADVANCED_FACE('',(#787),#7164,.F.);
#7527=ADVANCED_FACE('',(#788),#7165,.F.);
#7528=ADVANCED_FACE('',(#789),#7166,.F.);
#7529=ADVANCED_FACE('',(#790),#7167,.F.);
#7530=ADVANCED_FACE('',(#791),#7168,.F.);
#7531=ADVANCED_FACE('',(#792),#7169,.F.);
#7532=ADVANCED_FACE('',(#793),#7170,.F.);
#7533=ADVANCED_FACE('',(#794),#7171,.F.);
#7534=ADVANCED_FACE('',(#795),#7172,.T.);
#7535=ADVANCED_FACE('',(#796),#7173,.T.);
#7536=ADVANCED_FACE('',(#797),#7174,.T.);
#7537=ADVANCED_FACE('',(#798),#7175,.T.);
#7538=ADVANCED_FACE('',(#799),#7176,.F.);
#7539=ADVANCED_FACE('',(#800,#462,#463,#464,#465),#7177,.T.);
#7540=ADVANCED_FACE('',(#801),#7178,.T.);
#7541=ADVANCED_FACE('',(#802),#7179,.T.);
#7542=ADVANCED_FACE('',(#803),#7180,.T.);
#7543=ADVANCED_FACE('',(#804),#7181,.T.);
#7544=ADVANCED_FACE('',(#805),#7182,.T.);
#7545=ADVANCED_FACE('',(#806),#7183,.T.);
#7546=ADVANCED_FACE('',(#807),#7184,.F.);
#7547=ADVANCED_FACE('',(#808),#7185,.T.);
#7548=ADVANCED_FACE('',(#809),#7186,.T.);
#7549=ADVANCED_FACE('',(#810),#7187,.T.);
#7550=ADVANCED_FACE('',(#811),#7188,.F.);
#7551=ADVANCED_FACE('',(#812),#7189,.T.);
#7552=ADVANCED_FACE('',(#813),#7190,.T.);
#7553=ADVANCED_FACE('',(#814),#7191,.T.);
#7554=ADVANCED_FACE('',(#815),#7192,.T.);
#7555=ADVANCED_FACE('',(#816),#7193,.T.);
#7556=ADVANCED_FACE('',(#817),#7194,.T.);
#7557=ADVANCED_FACE('',(#818),#7195,.T.);
#7558=ADVANCED_FACE('',(#819),#7196,.T.);
#7559=ADVANCED_FACE('',(#820,#466),#7197,.T.);
#7560=ADVANCED_FACE('',(#821),#7198,.T.);
#7561=ADVANCED_FACE('',(#822),#7199,.T.);
#7562=ADVANCED_FACE('',(#823),#7200,.T.);
#7563=ADVANCED_FACE('',(#824),#7201,.T.);
#7564=ADVANCED_FACE('',(#825),#7202,.T.);
#7565=ADVANCED_FACE('',(#826),#7203,.T.);
#7566=ADVANCED_FACE('',(#827),#7204,.T.);
#7567=ADVANCED_FACE('',(#828),#7205,.T.);
#7568=ADVANCED_FACE('',(#829),#7206,.T.);
#7569=ADVANCED_FACE('',(#830),#7207,.T.);
#7570=ADVANCED_FACE('',(#831),#7208,.T.);
#7571=ADVANCED_FACE('',(#832),#7209,.T.);
#7572=ADVANCED_FACE('',(#833),#7210,.T.);
#7573=ADVANCED_FACE('',(#834),#7211,.T.);
#7574=ADVANCED_FACE('',(#835),#7212,.T.);
#7575=ADVANCED_FACE('',(#836),#7213,.F.);
#7576=ADVANCED_FACE('',(#837),#7214,.T.);
#7577=ADVANCED_FACE('',(#838,#467,#468,#469),#7215,.T.);
#7578=ADVANCED_FACE('',(#839),#7216,.T.);
#7579=ADVANCED_FACE('',(#840),#7217,.T.);
#7580=ADVANCED_FACE('',(#841),#7218,.F.);
#7581=ADVANCED_FACE('',(#842),#7219,.T.);
#7582=ADVANCED_FACE('',(#843),#7220,.T.);
#7583=ADVANCED_FACE('',(#844),#7221,.T.);
#7584=ADVANCED_FACE('',(#845),#7222,.T.);
#7585=ADVANCED_FACE('',(#846),#7223,.T.);
#7586=ADVANCED_FACE('',(#847),#7224,.T.);
#7587=ADVANCED_FACE('',(#848),#7225,.T.);
#7588=ADVANCED_FACE('',(#849),#7226,.T.);
#7589=ADVANCED_FACE('',(#850),#7227,.T.);
#7590=ADVANCED_FACE('',(#851),#7228,.T.);
#7591=ADVANCED_FACE('',(#852),#7229,.T.);
#7592=ADVANCED_FACE('',(#853),#7230,.T.);
#7593=ADVANCED_FACE('',(#854),#7231,.T.);
#7594=ADVANCED_FACE('',(#855),#7232,.T.);
#7595=ADVANCED_FACE('',(#856),#7233,.T.);
#7596=ADVANCED_FACE('',(#857),#7234,.T.);
#7597=ADVANCED_FACE('',(#858),#7235,.T.);
#7598=ADVANCED_FACE('',(#859),#7236,.T.);
#7599=ADVANCED_FACE('',(#860),#7237,.T.);
#7600=ADVANCED_FACE('',(#861),#7238,.T.);
#7601=ADVANCED_FACE('',(#862),#7239,.T.);
#7602=ADVANCED_FACE('',(#863),#7240,.F.);
#7603=ADVANCED_FACE('',(#864),#7241,.T.);
#7604=ADVANCED_FACE('',(#865),#7242,.T.);
#7605=ADVANCED_FACE('',(#866),#7243,.F.);
#7606=ADVANCED_FACE('',(#867),#7244,.T.);
#7607=ADVANCED_FACE('',(#868),#7245,.T.);
#7608=ADVANCED_FACE('',(#869),#7246,.T.);
#7609=ADVANCED_FACE('',(#870),#7247,.T.);
#7610=ADVANCED_FACE('',(#871),#7248,.T.);
#7611=ADVANCED_FACE('',(#872),#7249,.T.);
#7612=ADVANCED_FACE('',(#873),#7250,.T.);
#7613=ADVANCED_FACE('',(#874),#7251,.T.);
#7614=ADVANCED_FACE('',(#875),#7252,.T.);
#7615=ADVANCED_FACE('',(#876),#7253,.T.);
#7616=ADVANCED_FACE('',(#877),#7254,.T.);
#7617=ADVANCED_FACE('',(#878),#7255,.T.);
#7618=ADVANCED_FACE('',(#879),#7256,.T.);
#7619=ADVANCED_FACE('',(#880),#7257,.T.);
#7620=ADVANCED_FACE('',(#881),#7258,.T.);
#7621=ADVANCED_FACE('',(#882),#7259,.T.);
#7622=ADVANCED_FACE('',(#883),#7260,.T.);
#7623=ADVANCED_FACE('',(#884),#7261,.T.);
#7624=ADVANCED_FACE('',(#885),#7262,.T.);
#7625=ADVANCED_FACE('',(#886),#7263,.T.);
#7626=ADVANCED_FACE('',(#887),#7264,.T.);
#7627=ADVANCED_FACE('',(#888),#7265,.T.);
#7628=ADVANCED_FACE('',(#889),#7266,.T.);
#7629=ADVANCED_FACE('',(#890),#7267,.T.);
#7630=ADVANCED_FACE('',(#891),#7268,.T.);
#7631=ADVANCED_FACE('',(#892),#7269,.T.);
#7632=ADVANCED_FACE('',(#893),#7270,.T.);
#7633=ADVANCED_FACE('',(#894),#7271,.T.);
#7634=ADVANCED_FACE('',(#895),#7272,.T.);
#7635=ADVANCED_FACE('',(#896),#7273,.T.);
#7636=ADVANCED_FACE('',(#897),#7274,.T.);
#7637=ADVANCED_FACE('',(#898),#7275,.T.);
#7638=ADVANCED_FACE('',(#899),#7276,.T.);
#7639=ADVANCED_FACE('',(#900),#7277,.T.);
#7640=ADVANCED_FACE('',(#901),#7278,.T.);
#7641=ADVANCED_FACE('',(#902),#7279,.T.);
#7642=ADVANCED_FACE('',(#903),#7280,.T.);
#7643=ADVANCED_FACE('',(#904),#7281,.T.);
#7644=ADVANCED_FACE('',(#905),#7282,.T.);
#7645=ADVANCED_FACE('',(#906,#470,#471,#472,#473,#474,#475,#476,#477,#478,
#479,#480,#481,#482),#7283,.T.);
#7646=ADVANCED_FACE('',(#907),#7284,.F.);
#7647=ADVANCED_FACE('',(#908),#7285,.F.);
#7648=ADVANCED_FACE('',(#909),#7286,.F.);
#7649=ADVANCED_FACE('',(#910),#65,.F.);
#7650=ADVANCED_FACE('',(#911),#66,.F.);
#7651=ADVANCED_FACE('',(#912),#67,.F.);
#7652=ADVANCED_FACE('',(#913),#68,.F.);
#7653=ADVANCED_FACE('',(#914),#7287,.F.);
#7654=ADVANCED_FACE('',(#915),#7288,.F.);
#7655=ADVANCED_FACE('',(#916),#7289,.F.);
#7656=ADVANCED_FACE('',(#917),#69,.F.);
#7657=ADVANCED_FACE('',(#918),#7290,.F.);
#7658=ADVANCED_FACE('',(#919),#7291,.F.);
#7659=ADVANCED_FACE('',(#920),#7292,.F.);
#7660=ADVANCED_FACE('',(#921),#7293,.F.);
#7661=ADVANCED_FACE('',(#922),#70,.F.);
#7662=ADVANCED_FACE('',(#923),#71,.F.);
#7663=ADVANCED_FACE('',(#924),#72,.F.);
#7664=ADVANCED_FACE('',(#925),#73,.F.);
#7665=ADVANCED_FACE('',(#926),#7294,.F.);
#7666=ADVANCED_FACE('',(#927),#7295,.F.);
#7667=ADVANCED_FACE('',(#928),#7296,.F.);
#7668=ADVANCED_FACE('',(#929),#74,.F.);
#7669=ADVANCED_FACE('',(#930),#7297,.F.);
#7670=ADVANCED_FACE('',(#931),#7298,.F.);
#7671=ADVANCED_FACE('',(#932),#7299,.F.);
#7672=ADVANCED_FACE('',(#933),#75,.F.);
#7673=ADVANCED_FACE('',(#934),#76,.F.);
#7674=ADVANCED_FACE('',(#935),#77,.F.);
#7675=ADVANCED_FACE('',(#936),#7300,.F.);
#7676=ADVANCED_FACE('',(#937),#78,.F.);
#7677=ADVANCED_FACE('',(#938),#79,.F.);
#7678=ADVANCED_FACE('',(#939),#7301,.F.);
#7679=ADVANCED_FACE('',(#940),#80,.F.);
#7680=ADVANCED_FACE('',(#941),#81,.F.);
#7681=ADVANCED_FACE('',(#942),#82,.F.);
#7682=ADVANCED_FACE('',(#943),#7302,.F.);
#7683=ADVANCED_FACE('',(#944),#7303,.F.);
#7684=ADVANCED_FACE('',(#945),#7304,.F.);
#7685=ADVANCED_FACE('',(#946),#83,.F.);
#7686=ADVANCED_FACE('',(#947),#84,.F.);
#7687=ADVANCED_FACE('',(#948),#7305,.F.);
#7688=ADVANCED_FACE('',(#949),#7306,.F.);
#7689=ADVANCED_FACE('',(#950),#85,.F.);
#7690=ADVANCED_FACE('',(#951),#86,.F.);
#7691=ADVANCED_FACE('',(#952),#7307,.F.);
#7692=ADVANCED_FACE('',(#953),#7308,.F.);
#7693=ADVANCED_FACE('',(#954),#7309,.F.);
#7694=ADVANCED_FACE('',(#955),#87,.F.);
#7695=ADVANCED_FACE('',(#956),#88,.F.);
#7696=ADVANCED_FACE('',(#957),#7310,.F.);
#7697=ADVANCED_FACE('',(#958),#89,.F.);
#7698=ADVANCED_FACE('',(#959),#90,.F.);
#7699=ADVANCED_FACE('',(#960),#7311,.F.);
#7700=ADVANCED_FACE('',(#961),#91,.F.);
#7701=ADVANCED_FACE('',(#962),#92,.F.);
#7702=ADVANCED_FACE('',(#963),#7312,.F.);
#7703=ADVANCED_FACE('',(#964),#93,.F.);
#7704=ADVANCED_FACE('',(#965),#94,.F.);
#7705=ADVANCED_FACE('',(#966),#7313,.F.);
#7706=ADVANCED_FACE('',(#967),#95,.F.);
#7707=ADVANCED_FACE('',(#968),#96,.F.);
#7708=ADVANCED_FACE('',(#969),#7314,.F.);
#7709=ADVANCED_FACE('',(#970),#97,.F.);
#7710=ADVANCED_FACE('',(#971),#98,.F.);
#7711=ADVANCED_FACE('',(#972),#99,.F.);
#7712=ADVANCED_FACE('',(#973),#100,.F.);
#7713=ADVANCED_FACE('',(#974),#101,.F.);
#7714=ADVANCED_FACE('',(#975),#7315,.F.);
#7715=ADVANCED_FACE('',(#976),#7316,.F.);
#7716=ADVANCED_FACE('',(#977),#102,.F.);
#7717=ADVANCED_FACE('',(#978),#103,.F.);
#7718=ADVANCED_FACE('',(#979),#104,.F.);
#7719=ADVANCED_FACE('',(#980),#105,.F.);
#7720=ADVANCED_FACE('',(#981),#7317,.F.);
#7721=ADVANCED_FACE('',(#982),#7318,.F.);
#7722=ADVANCED_FACE('',(#983),#7319,.T.);
#7723=ADVANCED_FACE('',(#984),#7320,.T.);
#7724=ADVANCED_FACE('',(#985),#7321,.T.);
#7725=ADVANCED_FACE('',(#986),#7322,.T.);
#7726=ADVANCED_FACE('',(#987),#7323,.T.);
#7727=ADVANCED_FACE('',(#988),#7324,.T.);
#7728=ADVANCED_FACE('',(#989),#7325,.T.);
#7729=ADVANCED_FACE('',(#990),#7326,.T.);
#7730=ADVANCED_FACE('',(#991),#7327,.T.);
#7731=ADVANCED_FACE('',(#992),#7328,.T.);
#7732=ADVANCED_FACE('',(#993),#7329,.T.);
#7733=CLOSED_SHELL('',(#7330,#7331,#7332,#7333,#7334,#7335,#7336,#7337,
#7338,#7339,#7340,#7341,#7342,#7343,#7344,#7345,#7346,#7347,#7348,#7349,
#7350,#7351,#7352,#7353,#7354,#7355,#7356,#7357,#7358,#7359,#7360,#7361,
#7362,#7363,#7364,#7365,#7366,#7367,#7368,#7369,#7370,#7371,#7372,#7373,
#7374,#7375,#7376,#7377,#7378,#7379,#7380,#7381,#7382,#7383,#7384,#7385,
#7386,#7387,#7388,#7389,#7390,#7391,#7392));
#7734=CLOSED_SHELL('',(#7393,#7394,#7395,#7396,#7397,#7398,#7399,#7400,
#7401,#7402,#7403,#7404,#7405,#7406,#7407,#7408,#7409,#7410,#7411,#7412,
#7413,#7414,#7415,#7416,#7417,#7418,#7419,#7420,#7421,#7422,#7423,#7424,
#7425,#7426,#7427,#7428,#7429,#7430,#7431,#7432,#7433,#7434,#7435,#7436,
#7437,#7438,#7439,#7440,#7441,#7442,#7443,#7444,#7445,#7446,#7447,#7448,
#7449,#7450,#7451,#7452,#7453,#7454,#7455,#7456,#7457,#7458,#7459,#7460,
#7461,#7462,#7463,#7464,#7465,#7466,#7467,#7468,#7469,#7470,#7471,#7472,
#7473,#7474,#7475,#7476,#7477,#7478,#7479,#7480,#7481,#7482,#7483,#7484,
#7485,#7486,#7487,#7488,#7489,#7490,#7491,#7492,#7493,#7494,#7495,#7496,
#7497,#7498,#7499,#7500,#7501,#7502,#7503,#7504,#7505,#7506,#7507,#7508,
#7509,#7510,#7511,#7512,#7513,#7514,#7515,#7516,#7517,#7518,#7519,#7520,
#7521,#7522,#7523,#7524,#7525,#7526,#7527,#7528,#7529,#7530,#7531,#7532,
#7533,#7534,#7535,#7536,#7537,#7538,#7539,#7540,#7541,#7542,#7543,#7544,
#7545,#7546,#7547,#7548,#7549,#7550,#7551,#7552,#7553,#7554,#7555,#7556,
#7557,#7558,#7559,#7560,#7561,#7562,#7563,#7564,#7565,#7566,#7567,#7568,
#7569,#7570,#7571,#7572,#7573,#7574,#7575,#7576,#7577,#7578,#7579,#7580,
#7581,#7582,#7583,#7584,#7585,#7586,#7587,#7588,#7589,#7590,#7591,#7592,
#7593,#7594,#7595,#7596,#7597,#7598,#7599,#7600,#7601,#7602,#7603,#7604,
#7605,#7606,#7607,#7608,#7609,#7610,#7611,#7612,#7613,#7614,#7615,#7616,
#7617,#7618,#7619,#7620,#7621,#7622,#7623,#7624,#7625,#7626,#7627,#7628,
#7629,#7630,#7631,#7632,#7633,#7634,#7635,#7636,#7637,#7638,#7639,#7640,
#7641,#7642,#7643,#7644,#7645,#7646,#7647,#7648,#7649,#7650,#7651,#7652,
#7653,#7654,#7655,#7656,#7657,#7658,#7659,#7660,#7661,#7662,#7663,#7664,
#7665,#7666,#7667,#7668,#7669,#7670,#7671,#7672,#7673,#7674,#7675,#7676,
#7677,#7678,#7679,#7680,#7681,#7682,#7683,#7684,#7685,#7686,#7687,#7688,
#7689,#7690,#7691,#7692,#7693,#7694,#7695,#7696,#7697,#7698,#7699,#7700,
#7701,#7702,#7703,#7704,#7705,#7706,#7707,#7708,#7709,#7710,#7711,#7712,
#7713,#7714,#7715,#7716,#7717,#7718,#7719,#7720,#7721,#7722,#7723,#7724,
#7725,#7726,#7727,#7728,#7729,#7730,#7731,#7732));
#7735=DERIVED_UNIT_ELEMENT(#7737,1.);
#7736=DERIVED_UNIT_ELEMENT(#13732,-3.);
#7737=(
MASS_UNIT()
NAMED_UNIT(*)
SI_UNIT(.KILO.,.GRAM.)
);
#7738=DERIVED_UNIT((#7735,#7736));
#7739=MEASURE_REPRESENTATION_ITEM('density measure',
POSITIVE_RATIO_MEASURE(7850.),#7738);
#7740=PROPERTY_DEFINITION_REPRESENTATION(#7745,#7742);
#7741=PROPERTY_DEFINITION_REPRESENTATION(#7746,#7743);
#7742=REPRESENTATION('material name',(#7744),#13729);
#7743=REPRESENTATION('density',(#7739),#13729);
#7744=DESCRIPTIVE_REPRESENTATION_ITEM('Steel','Steel');
#7745=PROPERTY_DEFINITION('material property','material name',#13744);
#7746=PROPERTY_DEFINITION('material property','density of part',#13744);
#7747=AXIS2_PLACEMENT_3D('',#9812,#8170,#8171);
#7748=AXIS2_PLACEMENT_3D('',#9813,#8172,#8173);
#7749=AXIS2_PLACEMENT_3D('',#9814,#8174,#8175);
#7750=AXIS2_PLACEMENT_3D('',#9824,#8180,#8181);
#7751=AXIS2_PLACEMENT_3D('',#9826,#8182,#8183);
#7752=AXIS2_PLACEMENT_3D('',#9828,#8184,#8185);
#7753=AXIS2_PLACEMENT_3D('',#9830,#8186,#8187);
#7754=AXIS2_PLACEMENT_3D('',#9832,#8188,#8189);
#7755=AXIS2_PLACEMENT_3D('',#9834,#8190,#8191);
#7756=AXIS2_PLACEMENT_3D('',#9836,#8192,#8193);
#7757=AXIS2_PLACEMENT_3D('',#9838,#8194,#8195);
#7758=AXIS2_PLACEMENT_3D('',#9840,#8196,#8197);
#7759=AXIS2_PLACEMENT_3D('',#9842,#8198,#8199);
#7760=AXIS2_PLACEMENT_3D('',#9844,#8200,#8201);
#7761=AXIS2_PLACEMENT_3D('',#9846,#8202,#8203);
#7762=AXIS2_PLACEMENT_3D('',#9848,#8204,#8205);
#7763=AXIS2_PLACEMENT_3D('',#9850,#8206,#8207);
#7764=AXIS2_PLACEMENT_3D('',#9852,#8208,#8209);
#7765=AXIS2_PLACEMENT_3D('',#9854,#8210,#8211);
#7766=AXIS2_PLACEMENT_3D('',#9856,#8212,#8213);
#7767=AXIS2_PLACEMENT_3D('',#9858,#8214,#8215);
#7768=AXIS2_PLACEMENT_3D('',#9860,#8216,#8217);
#7769=AXIS2_PLACEMENT_3D('',#9862,#8218,#8219);
#7770=AXIS2_PLACEMENT_3D('',#9864,#8220,#8221);
#7771=AXIS2_PLACEMENT_3D('',#9866,#8222,#8223);
#7772=AXIS2_PLACEMENT_3D('',#9868,#8224,#8225);
#7773=AXIS2_PLACEMENT_3D('',#9871,#8226,#8227);
#7774=AXIS2_PLACEMENT_3D('',#9875,#8229,#8230);
#7775=AXIS2_PLACEMENT_3D('',#9878,#8232,#8233);
#7776=AXIS2_PLACEMENT_3D('',#9881,#8234,#8235);
#7777=AXIS2_PLACEMENT_3D('',#9885,#8237,#8238);
#7778=AXIS2_PLACEMENT_3D('',#9888,#8240,#8241);
#7779=AXIS2_PLACEMENT_3D('',#9890,#8242,#8243);
#7780=AXIS2_PLACEMENT_3D('',#9892,#8244,#8245);
#7781=AXIS2_PLACEMENT_3D('',#9894,#8246,#8247);
#7782=AXIS2_PLACEMENT_3D('',#9896,#8248,#8249);
#7783=AXIS2_PLACEMENT_3D('',#9898,#8250,#8251);
#7784=AXIS2_PLACEMENT_3D('',#9900,#8252,#8253);
#7785=AXIS2_PLACEMENT_3D('',#9902,#8254,#8255);
#7786=AXIS2_PLACEMENT_3D('',#9904,#8256,#8257);
#7787=AXIS2_PLACEMENT_3D('',#9906,#8258,#8259);
#7788=AXIS2_PLACEMENT_3D('',#9908,#8260,#8261);
#7789=AXIS2_PLACEMENT_3D('',#9910,#8262,#8263);
#7790=AXIS2_PLACEMENT_3D('',#9912,#8264,#8265);
#7791=AXIS2_PLACEMENT_3D('',#9914,#8266,#8267);
#7792=AXIS2_PLACEMENT_3D('',#9916,#8268,#8269);
#7793=AXIS2_PLACEMENT_3D('',#9918,#8270,#8271);
#7794=AXIS2_PLACEMENT_3D('',#9920,#8272,#8273);
#7795=AXIS2_PLACEMENT_3D('',#9922,#8274,#8275);
#7796=AXIS2_PLACEMENT_3D('',#9924,#8276,#8277);
#7797=AXIS2_PLACEMENT_3D('',#9926,#8278,#8279);
#7798=AXIS2_PLACEMENT_3D('',#9928,#8280,#8281);
#7799=AXIS2_PLACEMENT_3D('',#9930,#8282,#8283);
#7800=AXIS2_PLACEMENT_3D('',#9932,#8284,#8285);
#7801=AXIS2_PLACEMENT_3D('',#9934,#8286,#8287);
#7802=AXIS2_PLACEMENT_3D('',#9936,#8288,#8289);
#7803=AXIS2_PLACEMENT_3D('',#9937,#8290,#8291);
#7804=AXIS2_PLACEMENT_3D('',#9941,#8293,#8294);
#7805=AXIS2_PLACEMENT_3D('',#9943,#8296,#8297);
#7806=AXIS2_PLACEMENT_3D('',#9947,#8300,#8301);
#7807=AXIS2_PLACEMENT_3D('',#9951,#8303,#8304);
#7808=AXIS2_PLACEMENT_3D('',#9953,#8306,#8307);
#7809=AXIS2_PLACEMENT_3D('',#9957,#8310,#8311);
#7810=AXIS2_PLACEMENT_3D('',#9963,#8315,#8316);
#7811=AXIS2_PLACEMENT_3D('',#9967,#8319,#8320);
#7812=AXIS2_PLACEMENT_3D('',#9971,#8323,#8324);
#7813=AXIS2_PLACEMENT_3D('',#9974,#8326,#8327);
#7814=AXIS2_PLACEMENT_3D('',#9976,#8328,#8329);
#7815=AXIS2_PLACEMENT_3D('',#9978,#8330,#8331);
#7816=AXIS2_PLACEMENT_3D('',#9980,#8332,#8333);
#7817=AXIS2_PLACEMENT_3D('',#9982,#8334,#8335);
#7818=AXIS2_PLACEMENT_3D('',#9984,#8336,#8337);
#7819=AXIS2_PLACEMENT_3D('',#9986,#8338,#8339);
#7820=AXIS2_PLACEMENT_3D('',#9988,#8340,#8341);
#7821=AXIS2_PLACEMENT_3D('',#9990,#8342,#8343);
#7822=AXIS2_PLACEMENT_3D('',#9992,#8344,#8345);
#7823=AXIS2_PLACEMENT_3D('',#9994,#8346,#8347);
#7824=AXIS2_PLACEMENT_3D('',#9996,#8348,#8349);
#7825=AXIS2_PLACEMENT_3D('',#9998,#8350,#8351);
#7826=AXIS2_PLACEMENT_3D('',#10000,#8352,#8353);
#7827=AXIS2_PLACEMENT_3D('',#10002,#8354,#8355);
#7828=AXIS2_PLACEMENT_3D('',#10004,#8356,#8357);
#7829=AXIS2_PLACEMENT_3D('',#10006,#8358,#8359);
#7830=AXIS2_PLACEMENT_3D('',#10008,#8360,#8361);
#7831=AXIS2_PLACEMENT_3D('',#10010,#8362,#8363);
#7832=AXIS2_PLACEMENT_3D('',#10012,#8364,#8365);
#7833=AXIS2_PLACEMENT_3D('',#10014,#8366,#8367);
#7834=AXIS2_PLACEMENT_3D('',#10016,#8368,#8369);
#7835=AXIS2_PLACEMENT_3D('',#10018,#8370,#8371);
#7836=AXIS2_PLACEMENT_3D('',#10020,#8372,#8373);
#7837=AXIS2_PLACEMENT_3D('',#10023,#8375,#8376);
#7838=AXIS2_PLACEMENT_3D('',#10025,#8377,#8378);
#7839=AXIS2_PLACEMENT_3D('',#10028,#8380,#8381);
#7840=AXIS2_PLACEMENT_3D('',#10030,#8382,#8383);
#7841=AXIS2_PLACEMENT_3D('',#10032,#8384,#8385);
#7842=AXIS2_PLACEMENT_3D('',#10034,#8386,#8387);
#7843=AXIS2_PLACEMENT_3D('',#10036,#8388,#8389);
#7844=AXIS2_PLACEMENT_3D('',#10038,#8390,#8391);
#7845=AXIS2_PLACEMENT_3D('',#10040,#8392,#8393);
#7846=AXIS2_PLACEMENT_3D('',#10042,#8394,#8395);
#7847=AXIS2_PLACEMENT_3D('',#10044,#8396,#8397);
#7848=AXIS2_PLACEMENT_3D('',#10046,#8398,#8399);
#7849=AXIS2_PLACEMENT_3D('',#10048,#8400,#8401);
#7850=AXIS2_PLACEMENT_3D('',#10050,#8402,#8403);
#7851=AXIS2_PLACEMENT_3D('',#10052,#8404,#8405);
#7852=AXIS2_PLACEMENT_3D('',#10054,#8406,#8407);
#7853=AXIS2_PLACEMENT_3D('',#10056,#8408,#8409);
#7854=AXIS2_PLACEMENT_3D('',#10058,#8410,#8411);
#7855=AXIS2_PLACEMENT_3D('',#10060,#8412,#8413);
#7856=AXIS2_PLACEMENT_3D('',#10062,#8414,#8415);
#7857=AXIS2_PLACEMENT_3D('',#10064,#8416,#8417);
#7858=AXIS2_PLACEMENT_3D('',#10066,#8418,#8419);
#7859=AXIS2_PLACEMENT_3D('',#10068,#8420,#8421);
#7860=AXIS2_PLACEMENT_3D('',#10070,#8422,#8423);
#7861=AXIS2_PLACEMENT_3D('',#10072,#8424,#8425);
#7862=AXIS2_PLACEMENT_3D('',#10074,#8426,#8427);
#7863=AXIS2_PLACEMENT_3D('',#10076,#8428,#8429);
#7864=AXIS2_PLACEMENT_3D('',#10077,#8430,#8431);
#7865=AXIS2_PLACEMENT_3D('',#10078,#8432,#8433);
#7866=AXIS2_PLACEMENT_3D('',#10080,#8435,#8436);
#7867=AXIS2_PLACEMENT_3D('',#10082,#8438,#8439);
#7868=AXIS2_PLACEMENT_3D('',#10084,#8441,#8442);
#7869=AXIS2_PLACEMENT_3D('',#10086,#8444,#8445);
#7870=AXIS2_PLACEMENT_3D('',#10088,#8447,#8448);
#7871=AXIS2_PLACEMENT_3D('',#10090,#8450,#8451);
#7872=AXIS2_PLACEMENT_3D('',#10092,#8453,#8454);
#7873=AXIS2_PLACEMENT_3D('',#10094,#8456,#8457);
#7874=AXIS2_PLACEMENT_3D('',#10096,#8459,#8460);
#7875=AXIS2_PLACEMENT_3D('',#10098,#8462,#8463);
#7876=AXIS2_PLACEMENT_3D('',#10100,#8465,#8466);
#7877=AXIS2_PLACEMENT_3D('',#10102,#8468,#8469);
#7878=AXIS2_PLACEMENT_3D('',#10104,#8471,#8472);
#7879=AXIS2_PLACEMENT_3D('',#10106,#8474,#8475);
#7880=AXIS2_PLACEMENT_3D('',#10108,#8477,#8478);
#7881=AXIS2_PLACEMENT_3D('',#10110,#8480,#8481);
#7882=AXIS2_PLACEMENT_3D('',#10112,#8483,#8484);
#7883=AXIS2_PLACEMENT_3D('',#10114,#8486,#8487);
#7884=AXIS2_PLACEMENT_3D('',#10116,#8489,#8490);
#7885=AXIS2_PLACEMENT_3D('',#10118,#8492,#8493);
#7886=AXIS2_PLACEMENT_3D('',#10120,#8495,#8496);
#7887=AXIS2_PLACEMENT_3D('',#10122,#8498,#8499);
#7888=AXIS2_PLACEMENT_3D('',#10124,#8501,#8502);
#7889=AXIS2_PLACEMENT_3D('',#10126,#8504,#8505);
#7890=AXIS2_PLACEMENT_3D('',#10127,#8506,#8507);
#7891=AXIS2_PLACEMENT_3D('',#10129,#8509,#8510);
#7892=AXIS2_PLACEMENT_3D('',#10131,#8512,#8513);
#7893=AXIS2_PLACEMENT_3D('',#10132,#8514,#8515);
#7894=AXIS2_PLACEMENT_3D('',#10134,#8517,#8518);
#7895=AXIS2_PLACEMENT_3D('',#10136,#8520,#8521);
#7896=AXIS2_PLACEMENT_3D('',#10138,#8523,#8524);
#7897=AXIS2_PLACEMENT_3D('',#10140,#8526,#8527);
#7898=AXIS2_PLACEMENT_3D('',#10142,#8529,#8530);
#7899=AXIS2_PLACEMENT_3D('',#10144,#8532,#8533);
#7900=AXIS2_PLACEMENT_3D('',#10146,#8535,#8536);
#7901=AXIS2_PLACEMENT_3D('',#10148,#8538,#8539);
#7902=AXIS2_PLACEMENT_3D('',#10150,#8541,#8542);
#7903=AXIS2_PLACEMENT_3D('',#10152,#8544,#8545);
#7904=AXIS2_PLACEMENT_3D('',#10154,#8547,#8548);
#7905=AXIS2_PLACEMENT_3D('',#10156,#8550,#8551);
#7906=AXIS2_PLACEMENT_3D('',#10158,#8553,#8554);
#7907=AXIS2_PLACEMENT_3D('',#10160,#8556,#8557);
#7908=AXIS2_PLACEMENT_3D('',#10162,#8559,#8560);
#7909=AXIS2_PLACEMENT_3D('',#10164,#8562,#8563);
#7910=AXIS2_PLACEMENT_3D('',#10166,#8565,#8566);
#7911=AXIS2_PLACEMENT_3D('',#10168,#8568,#8569);
#7912=AXIS2_PLACEMENT_3D('',#10170,#8571,#8572);
#7913=AXIS2_PLACEMENT_3D('',#10172,#8574,#8575);
#7914=AXIS2_PLACEMENT_3D('',#10174,#8577,#8578);
#7915=AXIS2_PLACEMENT_3D('',#10176,#8580,#8581);
#7916=AXIS2_PLACEMENT_3D('',#10178,#8583,#8584);
#7917=AXIS2_PLACEMENT_3D('',#10180,#8586,#8587);
#7918=AXIS2_PLACEMENT_3D('',#10182,#8589,#8590);
#7919=AXIS2_PLACEMENT_3D('',#10191,#8595,#8596);
#7920=AXIS2_PLACEMENT_3D('',#10200,#8601,#8602);
#7921=AXIS2_PLACEMENT_3D('',#10206,#8606,#8607);
#7922=AXIS2_PLACEMENT_3D('',#10212,#8611,#8612);
#7923=AXIS2_PLACEMENT_3D('',#10219,#8616,#8617);
#7924=AXIS2_PLACEMENT_3D('',#10222,#8620,#8621);
#7925=AXIS2_PLACEMENT_3D('',#10228,#8625,#8626);
#7926=AXIS2_PLACEMENT_3D('',#10235,#8630,#8631);
#7927=AXIS2_PLACEMENT_3D('',#10238,#8634,#8635);
#7928=AXIS2_PLACEMENT_3D('',#10244,#8639,#8640);
#7929=AXIS2_PLACEMENT_3D('',#10250,#8644,#8645);
#7930=AXIS2_PLACEMENT_3D('',#10256,#8649,#8650);
#7931=AXIS2_PLACEMENT_3D('',#10259,#8653,#8654);
#7932=AXIS2_PLACEMENT_3D('',#10262,#8657,#8658);
#7933=AXIS2_PLACEMENT_3D('',#10265,#8661,#8662);
#7934=AXIS2_PLACEMENT_3D('',#10271,#8666,#8667);
#7935=AXIS2_PLACEMENT_3D('',#10277,#8671,#8672);
#7936=AXIS2_PLACEMENT_3D('',#10281,#8675,#8676);
#7937=AXIS2_PLACEMENT_3D('',#10285,#8679,#8680);
#7938=AXIS2_PLACEMENT_3D('',#10315,#8696,#8697);
#7939=AXIS2_PLACEMENT_3D('',#10316,#8698,#8699);
#7940=AXIS2_PLACEMENT_3D('',#10346,#8715,#8716);
#7941=AXIS2_PLACEMENT_3D('',#10350,#8719,#8720);
#7942=AXIS2_PLACEMENT_3D('',#10354,#8723,#8724);
#7943=AXIS2_PLACEMENT_3D('',#10356,#8726,#8727);
#7944=AXIS2_PLACEMENT_3D('',#10362,#8731,#8732);
#7945=AXIS2_PLACEMENT_3D('',#10368,#8736,#8737);
#7946=AXIS2_PLACEMENT_3D('',#10385,#8746,#8747);
#7947=AXIS2_PLACEMENT_3D('',#10391,#8751,#8752);
#7948=AXIS2_PLACEMENT_3D('',#10395,#8755,#8756);
#7949=AXIS2_PLACEMENT_3D('',#10404,#8761,#8762);
#7950=AXIS2_PLACEMENT_3D('',#10410,#8766,#8767);
#7951=AXIS2_PLACEMENT_3D('',#10414,#8770,#8771);
#7952=AXIS2_PLACEMENT_3D('',#10519,#8780,#8781);
#7953=AXIS2_PLACEMENT_3D('',#10525,#8785,#8786);
#7954=AXIS2_PLACEMENT_3D('',#10548,#8791,#8792);
#7955=AXIS2_PLACEMENT_3D('',#10552,#8795,#8796);
#7956=AXIS2_PLACEMENT_3D('',#10556,#8799,#8800);
#7957=AXIS2_PLACEMENT_3D('',#10628,#8807,#8808);
#7958=AXIS2_PLACEMENT_3D('',#10749,#8821,#8822);
#7959=AXIS2_PLACEMENT_3D('',#10755,#8826,#8827);
#7960=AXIS2_PLACEMENT_3D('',#10827,#8834,#8835);
#7961=AXIS2_PLACEMENT_3D('',#10831,#8838,#8839);
#7962=AXIS2_PLACEMENT_3D('',#10835,#8842,#8843);
#7963=AXIS2_PLACEMENT_3D('',#10890,#8849,#8850);
#7964=AXIS2_PLACEMENT_3D('',#11021,#8860,#8861);
#7965=AXIS2_PLACEMENT_3D('',#11095,#8869,#8870);
#7966=AXIS2_PLACEMENT_3D('',#11133,#8875,#8876);
#7967=AXIS2_PLACEMENT_3D('',#11188,#8882,#8883);
#7968=AXIS2_PLACEMENT_3D('',#11333,#8892,#8893);
#7969=AXIS2_PLACEMENT_3D('',#11339,#8897,#8898);
#7970=AXIS2_PLACEMENT_3D('',#11411,#8905,#8906);
#7971=AXIS2_PLACEMENT_3D('',#11415,#8909,#8910);
#7972=AXIS2_PLACEMENT_3D('',#11487,#8917,#8918);
#7973=AXIS2_PLACEMENT_3D('',#11579,#8925,#8926);
#7974=AXIS2_PLACEMENT_3D('',#11617,#8931,#8932);
#7975=AXIS2_PLACEMENT_3D('',#11638,#8936,#8937);
#7976=AXIS2_PLACEMENT_3D('',#11753,#8947,#8948);
#7977=AXIS2_PLACEMENT_3D('',#11793,#8954,#8955);
#7978=AXIS2_PLACEMENT_3D('',#11833,#8961,#8962);
#7979=AXIS2_PLACEMENT_3D('',#11837,#8965,#8966);
#7980=AXIS2_PLACEMENT_3D('',#11892,#8972,#8973);
#7981=AXIS2_PLACEMENT_3D('',#12061,#8986,#8987);
#7982=AXIS2_PLACEMENT_3D('',#12101,#8993,#8994);
#7983=AXIS2_PLACEMENT_3D('',#12122,#8998,#8999);
#7984=AXIS2_PLACEMENT_3D('',#12196,#9007,#9008);
#7985=AXIS2_PLACEMENT_3D('',#12200,#9011,#9012);
#7986=AXIS2_PLACEMENT_3D('',#12204,#9015,#9016);
#7987=AXIS2_PLACEMENT_3D('',#12259,#9022,#9023);
#7988=AXIS2_PLACEMENT_3D('',#12268,#9028,#9029);
#7989=AXIS2_PLACEMENT_3D('',#12274,#9033,#9034);
#7990=AXIS2_PLACEMENT_3D('',#12280,#9038,#9039);
#7991=AXIS2_PLACEMENT_3D('',#12283,#9042,#9043);
#7992=AXIS2_PLACEMENT_3D('',#12284,#9044,#9045);
#7993=AXIS2_PLACEMENT_3D('',#12286,#9046,#9047);
#7994=AXIS2_PLACEMENT_3D('',#12289,#9049,#9050);
#7995=AXIS2_PLACEMENT_3D('',#12290,#9051,#9052);
#7996=AXIS2_PLACEMENT_3D('',#12291,#9053,#9054);
#7997=AXIS2_PLACEMENT_3D('',#12300,#9059,#9060);
#7998=AXIS2_PLACEMENT_3D('',#12306,#9064,#9065);
#7999=AXIS2_PLACEMENT_3D('',#12312,#9069,#9070);
#8000=AXIS2_PLACEMENT_3D('',#12315,#9073,#9074);
#8001=AXIS2_PLACEMENT_3D('',#12316,#9075,#9076);
#8002=AXIS2_PLACEMENT_3D('',#12325,#9081,#9082);
#8003=AXIS2_PLACEMENT_3D('',#12331,#9086,#9087);
#8004=AXIS2_PLACEMENT_3D('',#12337,#9091,#9092);
#8005=AXIS2_PLACEMENT_3D('',#12340,#9095,#9096);
#8006=AXIS2_PLACEMENT_3D('',#12341,#9097,#9098);
#8007=AXIS2_PLACEMENT_3D('',#12350,#9103,#9104);
#8008=AXIS2_PLACEMENT_3D('',#12356,#9108,#9109);
#8009=AXIS2_PLACEMENT_3D('',#12362,#9113,#9114);
#8010=AXIS2_PLACEMENT_3D('',#12365,#9117,#9118);
#8011=AXIS2_PLACEMENT_3D('',#12366,#9119,#9120);
#8012=AXIS2_PLACEMENT_3D('',#12375,#9125,#9126);
#8013=AXIS2_PLACEMENT_3D('',#12381,#9130,#9131);
#8014=AXIS2_PLACEMENT_3D('',#12384,#9134,#9135);
#8015=AXIS2_PLACEMENT_3D('',#12390,#9139,#9140);
#8016=AXIS2_PLACEMENT_3D('',#12406,#9149,#9150);
#8017=AXIS2_PLACEMENT_3D('',#12433,#9164,#9165);
#8018=AXIS2_PLACEMENT_3D('',#12439,#9169,#9170);
#8019=AXIS2_PLACEMENT_3D('',#12443,#9173,#9174);
#8020=AXIS2_PLACEMENT_3D('',#12449,#9178,#9179);
#8021=AXIS2_PLACEMENT_3D('',#12453,#9182,#9183);
#8022=AXIS2_PLACEMENT_3D('',#12455,#9185,#9186);
#8023=AXIS2_PLACEMENT_3D('',#12461,#9190,#9191);
#8024=AXIS2_PLACEMENT_3D('',#12465,#9194,#9195);
#8025=AXIS2_PLACEMENT_3D('',#12471,#9199,#9200);
#8026=AXIS2_PLACEMENT_3D('',#12475,#9203,#9204);
#8027=AXIS2_PLACEMENT_3D('',#12484,#9209,#9210);
#8028=AXIS2_PLACEMENT_3D('',#12512,#9226,#9227);
#8029=AXIS2_PLACEMENT_3D('',#12515,#9230,#9231);
#8030=AXIS2_PLACEMENT_3D('',#12521,#9235,#9236);
#8031=AXIS2_PLACEMENT_3D('',#12525,#9239,#9240);
#8032=AXIS2_PLACEMENT_3D('',#12531,#9244,#9245);
#8033=AXIS2_PLACEMENT_3D('',#12535,#9248,#9249);
#8034=AXIS2_PLACEMENT_3D('',#12539,#9252,#9253);
#8035=AXIS2_PLACEMENT_3D('',#12541,#9255,#9256);
#8036=AXIS2_PLACEMENT_3D('',#12547,#9260,#9261);
#8037=AXIS2_PLACEMENT_3D('',#12572,#9276,#9277);
#8038=AXIS2_PLACEMENT_3D('',#12575,#9280,#9281);
#8039=AXIS2_PLACEMENT_3D('',#12577,#9283,#9284);
#8040=AXIS2_PLACEMENT_3D('',#12581,#9287,#9288);
#8041=AXIS2_PLACEMENT_3D('',#12583,#9290,#9291);
#8042=AXIS2_PLACEMENT_3D('',#12584,#9292,#9293);
#8043=AXIS2_PLACEMENT_3D('',#12590,#9297,#9298);
#8044=AXIS2_PLACEMENT_3D('',#12592,#9300,#9301);
#8045=AXIS2_PLACEMENT_3D('',#12627,#9321,#9322);
#8046=AXIS2_PLACEMENT_3D('',#12628,#9323,#9324);
#8047=AXIS2_PLACEMENT_3D('',#12631,#9327,#9328);
#8048=AXIS2_PLACEMENT_3D('',#12635,#9331,#9332);
#8049=AXIS2_PLACEMENT_3D('',#12637,#9334,#9335);
#8050=AXIS2_PLACEMENT_3D('',#12641,#9338,#9339);
#8051=AXIS2_PLACEMENT_3D('',#12645,#9342,#9343);
#8052=AXIS2_PLACEMENT_3D('',#12647,#9345,#9346);
#8053=AXIS2_PLACEMENT_3D('',#12674,#9362,#9363);
#8054=AXIS2_PLACEMENT_3D('',#12683,#9368,#9369);
#8055=AXIS2_PLACEMENT_3D('',#12701,#9380,#9381);
#8056=AXIS2_PLACEMENT_3D('',#12705,#9384,#9385);
#8057=AXIS2_PLACEMENT_3D('',#12707,#9387,#9388);
#8058=AXIS2_PLACEMENT_3D('',#12711,#9391,#9392);
#8059=AXIS2_PLACEMENT_3D('',#12713,#9394,#9395);
#8060=AXIS2_PLACEMENT_3D('',#12714,#9396,#9397);
#8061=AXIS2_PLACEMENT_3D('',#12720,#9401,#9402);
#8062=AXIS2_PLACEMENT_3D('',#12724,#9405,#9406);
#8063=AXIS2_PLACEMENT_3D('',#12726,#9408,#9409);
#8064=AXIS2_PLACEMENT_3D('',#12732,#9413,#9414);
#8065=AXIS2_PLACEMENT_3D('',#12736,#9417,#9418);
#8066=AXIS2_PLACEMENT_3D('',#12740,#9421,#9422);
#8067=AXIS2_PLACEMENT_3D('',#12742,#9424,#9425);
#8068=AXIS2_PLACEMENT_3D('',#12744,#9427,#9428);
#8069=AXIS2_PLACEMENT_3D('',#12745,#9429,#9430);
#8070=AXIS2_PLACEMENT_3D('',#12747,#9432,#9433);
#8071=AXIS2_PLACEMENT_3D('',#12749,#9435,#9436);
#8072=AXIS2_PLACEMENT_3D('',#12750,#9437,#9438);
#8073=AXIS2_PLACEMENT_3D('',#12758,#9444,#9445);
#8074=AXIS2_PLACEMENT_3D('',#12761,#9448,#9449);
#8075=AXIS2_PLACEMENT_3D('',#12763,#9451,#9452);
#8076=AXIS2_PLACEMENT_3D('',#12764,#9453,#9454);
#8077=AXIS2_PLACEMENT_3D('',#12770,#9458,#9459);
#8078=AXIS2_PLACEMENT_3D('',#12774,#9462,#9463);
#8079=AXIS2_PLACEMENT_3D('',#12777,#9466,#9467);
#8080=AXIS2_PLACEMENT_3D('',#12798,#9480,#9481);
#8081=AXIS2_PLACEMENT_3D('',#12801,#9484,#9485);
#8082=AXIS2_PLACEMENT_3D('',#12802,#9486,#9487);
#8083=AXIS2_PLACEMENT_3D('',#12804,#9489,#9490);
#8084=AXIS2_PLACEMENT_3D('',#12806,#9492,#9493);
#8085=AXIS2_PLACEMENT_3D('',#12808,#9495,#9496);
#8086=AXIS2_PLACEMENT_3D('',#12809,#9497,#9498);
#8087=AXIS2_PLACEMENT_3D('',#12811,#9500,#9501);
#8088=AXIS2_PLACEMENT_3D('',#12815,#9504,#9505);
#8089=AXIS2_PLACEMENT_3D('',#12817,#9507,#9508);
#8090=AXIS2_PLACEMENT_3D('',#12821,#9511,#9512);
#8091=AXIS2_PLACEMENT_3D('',#12823,#9514,#9515);
#8092=AXIS2_PLACEMENT_3D('',#12824,#9516,#9517);
#8093=AXIS2_PLACEMENT_3D('',#12827,#9520,#9521);
#8094=AXIS2_PLACEMENT_3D('',#12831,#9524,#9525);
#8095=AXIS2_PLACEMENT_3D('',#12834,#9528,#9529);
#8096=AXIS2_PLACEMENT_3D('',#12837,#9532,#9533);
#8097=AXIS2_PLACEMENT_3D('',#12838,#9534,#9535);
#8098=AXIS2_PLACEMENT_3D('',#12840,#9537,#9538);
#8099=AXIS2_PLACEMENT_3D('',#12841,#9539,#9540);
#8100=AXIS2_PLACEMENT_3D('',#12844,#9543,#9544);
#8101=AXIS2_PLACEMENT_3D('',#12847,#9547,#9548);
#8102=AXIS2_PLACEMENT_3D('',#12848,#9549,#9550);
#8103=AXIS2_PLACEMENT_3D('',#12850,#9552,#9553);
#8104=AXIS2_PLACEMENT_3D('',#12852,#9555,#9556);
#8105=AXIS2_PLACEMENT_3D('',#12854,#9558,#9559);
#8106=AXIS2_PLACEMENT_3D('',#12855,#9560,#9561);
#8107=AXIS2_PLACEMENT_3D('',#12858,#9564,#9565);
#8108=AXIS2_PLACEMENT_3D('',#12861,#9568,#9569);
#8109=AXIS2_PLACEMENT_3D('',#12862,#9570,#9571);
#8110=AXIS2_PLACEMENT_3D('',#12863,#9572,#9573);
#8111=AXIS2_PLACEMENT_3D('',#12868,#9577,#9578);
#8112=AXIS2_PLACEMENT_3D('',#12872,#9582,#9583);
#8113=AXIS2_PLACEMENT_3D('',#12877,#9587,#9588);
#8114=AXIS2_PLACEMENT_3D('',#12881,#9592,#9593);
#8115=AXIS2_PLACEMENT_3D('',#12882,#9594,#9595);
#8116=AXIS2_PLACEMENT_3D('',#12883,#9596,#9597);
#8117=AXIS2_PLACEMENT_3D('',#12884,#9598,#9599);
#8118=AXIS2_PLACEMENT_3D('',#12886,#9601,#9602);
#8119=AXIS2_PLACEMENT_3D('',#12888,#9604,#9605);
#8120=AXIS2_PLACEMENT_3D('',#12889,#9606,#9607);
#8121=AXIS2_PLACEMENT_3D('',#12890,#9608,#9609);
#8122=AXIS2_PLACEMENT_3D('',#12892,#9611,#9612);
#8123=AXIS2_PLACEMENT_3D('',#13171,#9642,#9643);
#8124=AXIS2_PLACEMENT_3D('',#13173,#9645,#9646);
#8125=AXIS2_PLACEMENT_3D('',#13175,#9648,#9649);
#8126=AXIS2_PLACEMENT_3D('',#13221,#9655,#9656);
#8127=AXIS2_PLACEMENT_3D('',#13223,#9658,#9659);
#8128=AXIS2_PLACEMENT_3D('',#13225,#9661,#9662);
#8129=AXIS2_PLACEMENT_3D('',#13237,#9664,#9665);
#8130=AXIS2_PLACEMENT_3D('',#13239,#9667,#9668);
#8131=AXIS2_PLACEMENT_3D('',#13241,#9670,#9671);
#8132=AXIS2_PLACEMENT_3D('',#13243,#9673,#9674);
#8133=AXIS2_PLACEMENT_3D('',#13289,#9680,#9681);
#8134=AXIS2_PLACEMENT_3D('',#13291,#9683,#9684);
#8135=AXIS2_PLACEMENT_3D('',#13293,#9686,#9687);
#8136=AXIS2_PLACEMENT_3D('',#13305,#9689,#9690);
#8137=AXIS2_PLACEMENT_3D('',#13307,#9692,#9693);
#8138=AXIS2_PLACEMENT_3D('',#13308,#9694,#9695);
#8139=AXIS2_PLACEMENT_3D('',#13343,#9700,#9701);
#8140=AXIS2_PLACEMENT_3D('',#13367,#9705,#9706);
#8141=AXIS2_PLACEMENT_3D('',#13413,#9710,#9711);
#8142=AXIS2_PLACEMENT_3D('',#13417,#9714,#9715);
#8143=AXIS2_PLACEMENT_3D('',#13419,#9717,#9718);
#8144=AXIS2_PLACEMENT_3D('',#13443,#9722,#9723);
#8145=AXIS2_PLACEMENT_3D('',#13445,#9725,#9726);
#8146=AXIS2_PLACEMENT_3D('',#13474,#9729,#9730);
#8147=AXIS2_PLACEMENT_3D('',#13478,#9733,#9734);
#8148=AXIS2_PLACEMENT_3D('',#13482,#9737,#9738);
#8149=AXIS2_PLACEMENT_3D('',#13506,#9742,#9743);
#8150=AXIS2_PLACEMENT_3D('',#13530,#9747,#9748);
#8151=AXIS2_PLACEMENT_3D('',#13554,#9752,#9753);
#8152=AXIS2_PLACEMENT_3D('',#13577,#9756,#9757);
#8153=AXIS2_PLACEMENT_3D('',#13601,#9761,#9762);
#8154=AXIS2_PLACEMENT_3D('',#13657,#9768,#9769);
#8155=AXIS2_PLACEMENT_3D('',#13659,#9771,#9772);
#8156=AXIS2_PLACEMENT_3D('',#13705,#9778,#9779);
#8157=AXIS2_PLACEMENT_3D('',#13707,#9781,#9782);
#8158=AXIS2_PLACEMENT_3D('',#13708,#9783,#9784);
#8159=AXIS2_PLACEMENT_3D('',#13709,#9785,#9786);
#8160=AXIS2_PLACEMENT_3D('',#13710,#9787,#9788);
#8161=AXIS2_PLACEMENT_3D('',#13713,#9791,#9792);
#8162=AXIS2_PLACEMENT_3D('',#13715,#9794,#9795);
#8163=AXIS2_PLACEMENT_3D('',#13717,#9797,#9798);
#8164=AXIS2_PLACEMENT_3D('',#13718,#9799,#9800);
#8165=AXIS2_PLACEMENT_3D('',#13720,#9802,#9803);
#8166=AXIS2_PLACEMENT_3D('',#13721,#9804,#9805);
#8167=AXIS2_PLACEMENT_3D('',#13722,#9806,#9807);
#8168=AXIS2_PLACEMENT_3D('',#13723,#9808,#9809);
#8169=AXIS2_PLACEMENT_3D('',#13724,#9810,#9811);
#8170=DIRECTION('axis',(0.,0.,1.));
#8171=DIRECTION('refdir',(1.,0.,0.));
#8172=DIRECTION('axis',(0.,0.,1.));
#8173=DIRECTION('refdir',(1.,0.,0.));
#8174=DIRECTION('center_axis',(0.,-0.422618261740699,0.90630778703665));
#8175=DIRECTION('ref_axis',(1.,0.,0.));
#8176=DIRECTION('',(-1.,0.,0.));
#8177=DIRECTION('',(0.,-0.90630778703665,-0.422618261740699));
#8178=DIRECTION('',(1.,0.,0.));
#8179=DIRECTION('',(0.,0.90630778703665,0.422618261740699));
#8180=DIRECTION('center_axis',(0.,-0.422618261740699,0.90630778703665));
#8181=DIRECTION('ref_axis',(0.,-0.90630778703665,-0.422618261740699));
#8182=DIRECTION('center_axis',(0.,-0.422618261740699,0.90630778703665));
#8183=DIRECTION('ref_axis',(0.,-0.90630778703665,-0.422618261740699));
#8184=DIRECTION('center_axis',(0.,-0.422618261740699,0.90630778703665));
#8185=DIRECTION('ref_axis',(0.,-0.90630778703665,-0.422618261740699));
#8186=DIRECTION('center_axis',(0.,-0.422618261740699,0.90630778703665));
#8187=DIRECTION('ref_axis',(0.,-0.90630778703665,-0.422618261740699));
#8188=DIRECTION('center_axis',(0.,-0.422618261740699,0.90630778703665));
#8189=DIRECTION('ref_axis',(0.,-0.90630778703665,-0.422618261740699));
#8190=DIRECTION('center_axis',(0.,-0.422618261740699,0.90630778703665));
#8191=DIRECTION('ref_axis',(0.,-0.90630778703665,-0.422618261740699));
#8192=DIRECTION('center_axis',(0.,-0.422618261740699,0.90630778703665));
#8193=DIRECTION('ref_axis',(0.,-0.90630778703665,-0.422618261740699));
#8194=DIRECTION('center_axis',(0.,-0.422618261740699,0.90630778703665));
#8195=DIRECTION('ref_axis',(0.,-0.90630778703665,-0.422618261740699));
#8196=DIRECTION('center_axis',(0.,-0.422618261740699,0.90630778703665));
#8197=DIRECTION('ref_axis',(0.,-0.90630778703665,-0.422618261740699));
#8198=DIRECTION('center_axis',(0.,-0.422618261740699,0.90630778703665));
#8199=DIRECTION('ref_axis',(0.,-0.90630778703665,-0.422618261740699));
#8200=DIRECTION('center_axis',(0.,-0.422618261740699,0.90630778703665));
#8201=DIRECTION('ref_axis',(0.,-0.90630778703665,-0.422618261740699));
#8202=DIRECTION('center_axis',(0.,-0.422618261740699,0.90630778703665));
#8203=DIRECTION('ref_axis',(0.,-0.90630778703665,-0.422618261740699));
#8204=DIRECTION('center_axis',(0.,-0.422618261740699,0.90630778703665));
#8205=DIRECTION('ref_axis',(0.,-0.90630778703665,-0.422618261740699));
#8206=DIRECTION('center_axis',(0.,-0.422618261740699,0.90630778703665));
#8207=DIRECTION('ref_axis',(0.,-0.90630778703665,-0.422618261740699));
#8208=DIRECTION('center_axis',(0.,-0.422618261740699,0.90630778703665));
#8209=DIRECTION('ref_axis',(0.,-0.90630778703665,-0.422618261740699));
#8210=DIRECTION('center_axis',(0.,-0.422618261740699,0.90630778703665));
#8211=DIRECTION('ref_axis',(0.,-0.90630778703665,-0.422618261740699));
#8212=DIRECTION('center_axis',(0.,-0.422618261740699,0.90630778703665));
#8213=DIRECTION('ref_axis',(0.,-0.90630778703665,-0.422618261740699));
#8214=DIRECTION('center_axis',(0.,-0.422618261740699,0.90630778703665));
#8215=DIRECTION('ref_axis',(0.,-0.90630778703665,-0.422618261740699));
#8216=DIRECTION('center_axis',(0.,-0.422618261740699,0.90630778703665));
#8217=DIRECTION('ref_axis',(0.,-0.90630778703665,-0.422618261740699));
#8218=DIRECTION('center_axis',(0.,-0.422618261740699,0.90630778703665));
#8219=DIRECTION('ref_axis',(0.,-0.90630778703665,-0.422618261740699));
#8220=DIRECTION('center_axis',(0.,-0.422618261740699,0.90630778703665));
#8221=DIRECTION('ref_axis',(0.,-0.90630778703665,-0.422618261740699));
#8222=DIRECTION('center_axis',(0.,-0.422618261740699,0.90630778703665));
#8223=DIRECTION('ref_axis',(0.,-0.90630778703665,-0.422618261740699));
#8224=DIRECTION('center_axis',(0.,-0.422618261740699,0.90630778703665));
#8225=DIRECTION('ref_axis',(0.,-0.90630778703665,-0.422618261740699));
#8226=DIRECTION('center_axis',(0.,-0.422618261740699,0.90630778703665));
#8227=DIRECTION('ref_axis',(0.,-0.90630778703665,-0.422618261740699));
#8228=DIRECTION('',(1.,0.,0.));
#8229=DIRECTION('center_axis',(0.,-0.422618261740699,0.90630778703665));
#8230=DIRECTION('ref_axis',(0.,0.90630778703665,0.422618261740699));
#8231=DIRECTION('',(-1.,0.,0.));
#8232=DIRECTION('center_axis',(0.,-0.422618261740699,0.90630778703665));
#8233=DIRECTION('ref_axis',(0.,-0.90630778703665,-0.422618261740699));
#8234=DIRECTION('center_axis',(0.,-0.422618261740699,0.90630778703665));
#8235=DIRECTION('ref_axis',(0.,-0.90630778703665,-0.422618261740699));
#8236=DIRECTION('',(1.,0.,0.));
#8237=DIRECTION('center_axis',(0.,-0.422618261740699,0.90630778703665));
#8238=DIRECTION('ref_axis',(0.,0.90630778703665,0.422618261740699));
#8239=DIRECTION('',(-1.,0.,0.));
#8240=DIRECTION('center_axis',(0.,-0.422618261740699,0.90630778703665));
#8241=DIRECTION('ref_axis',(0.,-0.90630778703665,-0.422618261740699));
#8242=DIRECTION('center_axis',(0.,-0.422618261740699,0.90630778703665));
#8243=DIRECTION('ref_axis',(0.,-0.90630778703665,-0.422618261740699));
#8244=DIRECTION('center_axis',(0.,-0.422618261740699,0.90630778703665));
#8245=DIRECTION('ref_axis',(0.,-0.90630778703665,-0.422618261740699));
#8246=DIRECTION('center_axis',(0.,-0.422618261740699,0.90630778703665));
#8247=DIRECTION('ref_axis',(0.,-0.90630778703665,-0.422618261740699));
#8248=DIRECTION('center_axis',(0.,-0.422618261740699,0.90630778703665));
#8249=DIRECTION('ref_axis',(0.,-0.90630778703665,-0.422618261740699));
#8250=DIRECTION('center_axis',(0.,-0.422618261740699,0.90630778703665));
#8251=DIRECTION('ref_axis',(0.,-0.90630778703665,-0.422618261740699));
#8252=DIRECTION('center_axis',(0.,-0.422618261740699,0.90630778703665));
#8253=DIRECTION('ref_axis',(0.,-0.90630778703665,-0.422618261740699));
#8254=DIRECTION('center_axis',(0.,-0.422618261740699,0.90630778703665));
#8255=DIRECTION('ref_axis',(0.,-0.90630778703665,-0.422618261740699));
#8256=DIRECTION('center_axis',(0.,-0.422618261740699,0.90630778703665));
#8257=DIRECTION('ref_axis',(0.,-0.90630778703665,-0.422618261740699));
#8258=DIRECTION('center_axis',(0.,-0.422618261740699,0.90630778703665));
#8259=DIRECTION('ref_axis',(0.,-0.90630778703665,-0.422618261740699));
#8260=DIRECTION('center_axis',(0.,-0.422618261740699,0.90630778703665));
#8261=DIRECTION('ref_axis',(0.,-0.90630778703665,-0.422618261740699));
#8262=DIRECTION('center_axis',(0.,-0.422618261740699,0.90630778703665));
#8263=DIRECTION('ref_axis',(0.,-0.90630778703665,-0.422618261740699));
#8264=DIRECTION('center_axis',(0.,-0.422618261740699,0.90630778703665));
#8265=DIRECTION('ref_axis',(0.,-0.90630778703665,-0.422618261740699));
#8266=DIRECTION('center_axis',(0.,-0.422618261740699,0.90630778703665));
#8267=DIRECTION('ref_axis',(0.,-0.90630778703665,-0.422618261740699));
#8268=DIRECTION('center_axis',(0.,-0.422618261740699,0.90630778703665));
#8269=DIRECTION('ref_axis',(0.,-0.90630778703665,-0.422618261740699));
#8270=DIRECTION('center_axis',(0.,-0.422618261740699,0.90630778703665));
#8271=DIRECTION('ref_axis',(0.,-0.90630778703665,-0.422618261740699));
#8272=DIRECTION('center_axis',(0.,-0.422618261740699,0.90630778703665));
#8273=DIRECTION('ref_axis',(0.,-0.90630778703665,-0.422618261740699));
#8274=DIRECTION('center_axis',(0.,-0.422618261740699,0.90630778703665));
#8275=DIRECTION('ref_axis',(0.,-0.90630778703665,-0.422618261740699));
#8276=DIRECTION('center_axis',(0.,-0.422618261740699,0.90630778703665));
#8277=DIRECTION('ref_axis',(0.,-0.90630778703665,-0.422618261740699));
#8278=DIRECTION('center_axis',(0.,-0.422618261740699,0.90630778703665));
#8279=DIRECTION('ref_axis',(0.,-0.90630778703665,-0.422618261740699));
#8280=DIRECTION('center_axis',(0.,-0.422618261740699,0.90630778703665));
#8281=DIRECTION('ref_axis',(0.,-0.90630778703665,-0.422618261740699));
#8282=DIRECTION('center_axis',(0.,-0.422618261740699,0.90630778703665));
#8283=DIRECTION('ref_axis',(0.,-0.90630778703665,-0.422618261740699));
#8284=DIRECTION('center_axis',(0.,-0.422618261740699,0.90630778703665));
#8285=DIRECTION('ref_axis',(0.,-0.90630778703665,-0.422618261740699));
#8286=DIRECTION('center_axis',(0.,-0.422618261740699,0.90630778703665));
#8287=DIRECTION('ref_axis',(0.,-0.90630778703665,-0.422618261740699));
#8288=DIRECTION('center_axis',(0.,-0.422618261740699,0.90630778703665));
#8289=DIRECTION('ref_axis',(0.,-0.90630778703665,-0.422618261740699));
#8290=DIRECTION('center_axis',(0.,0.422618261740699,-0.90630778703665));
#8291=DIRECTION('ref_axis',(0.,0.90630778703665,0.422618261740699));
#8292=DIRECTION('',(0.,-0.422618261740699,0.90630778703665));
#8293=DIRECTION('center_axis',(0.,0.422618261740699,-0.90630778703665));
#8294=DIRECTION('ref_axis',(0.,0.90630778703665,0.422618261740699));
#8295=DIRECTION('',(0.,-0.422618261740699,0.90630778703665));
#8296=DIRECTION('center_axis',(0.,0.90630778703665,0.422618261740699));
#8297=DIRECTION('ref_axis',(1.,0.,0.));
#8298=DIRECTION('',(0.,-0.422618261740699,0.90630778703665));
#8299=DIRECTION('',(-1.,0.,0.));
#8300=DIRECTION('center_axis',(0.,0.422618261740699,-0.90630778703665));
#8301=DIRECTION('ref_axis',(0.,0.90630778703665,0.422618261740699));
#8302=DIRECTION('',(0.,-0.422618261740699,0.90630778703665));
#8303=DIRECTION('center_axis',(0.,0.422618261740699,-0.90630778703665));
#8304=DIRECTION('ref_axis',(0.,0.90630778703665,0.422618261740699));
#8305=DIRECTION('',(0.,-0.422618261740699,0.90630778703665));
#8306=DIRECTION('center_axis',(0.,0.90630778703665,0.422618261740699));
#8307=DIRECTION('ref_axis',(1.,0.,0.));
#8308=DIRECTION('',(0.,-0.422618261740699,0.90630778703665));
#8309=DIRECTION('',(-1.,0.,0.));
#8310=DIRECTION('center_axis',(1.,0.,0.));
#8311=DIRECTION('ref_axis',(0.,-0.90630778703665,-0.422618261740699));
#8312=DIRECTION('',(0.,-0.422618261740699,0.90630778703665));
#8313=DIRECTION('',(0.,-0.90630778703665,-0.422618261740699));
#8314=DIRECTION('',(0.,-0.422618261740699,0.90630778703665));
#8315=DIRECTION('center_axis',(0.,-0.90630778703665,-0.422618261740699));
#8316=DIRECTION('ref_axis',(-1.,0.,0.));
#8317=DIRECTION('',(0.,-0.422618261740699,0.90630778703665));
#8318=DIRECTION('',(-1.,0.,0.));
#8319=DIRECTION('center_axis',(-1.,0.,0.));
#8320=DIRECTION('ref_axis',(0.,0.90630778703665,0.422618261740699));
#8321=DIRECTION('',(0.,-0.422618261740699,0.90630778703665));
#8322=DIRECTION('',(0.,0.90630778703665,0.422618261740699));
#8323=DIRECTION('center_axis',(0.,-0.422618261740699,0.90630778703665));
#8324=DIRECTION('ref_axis',(1.,0.,0.));
#8325=DIRECTION('',(1.,0.,0.));
#8326=DIRECTION('center_axis',(0.,0.422618261740699,-0.90630778703665));
#8327=DIRECTION('ref_axis',(0.,-0.90630778703665,-0.422618261740699));
#8328=DIRECTION('center_axis',(0.,0.422618261740699,-0.90630778703665));
#8329=DIRECTION('ref_axis',(0.,-0.90630778703665,-0.422618261740699));
#8330=DIRECTION('center_axis',(0.,0.422618261740699,-0.90630778703665));
#8331=DIRECTION('ref_axis',(0.,-0.90630778703665,-0.422618261740699));
#8332=DIRECTION('center_axis',(0.,0.422618261740699,-0.90630778703665));
#8333=DIRECTION('ref_axis',(0.,-0.90630778703665,-0.422618261740699));
#8334=DIRECTION('center_axis',(0.,0.422618261740699,-0.90630778703665));
#8335=DIRECTION('ref_axis',(0.,-0.90630778703665,-0.422618261740699));
#8336=DIRECTION('center_axis',(0.,0.422618261740699,-0.90630778703665));
#8337=DIRECTION('ref_axis',(0.,-0.90630778703665,-0.422618261740699));
#8338=DIRECTION('center_axis',(0.,0.422618261740699,-0.90630778703665));
#8339=DIRECTION('ref_axis',(0.,-0.90630778703665,-0.422618261740699));
#8340=DIRECTION('center_axis',(0.,0.422618261740699,-0.90630778703665));
#8341=DIRECTION('ref_axis',(0.,-0.90630778703665,-0.422618261740699));
#8342=DIRECTION('center_axis',(0.,0.422618261740699,-0.90630778703665));
#8343=DIRECTION('ref_axis',(0.,-0.90630778703665,-0.422618261740699));
#8344=DIRECTION('center_axis',(0.,0.422618261740699,-0.90630778703665));
#8345=DIRECTION('ref_axis',(0.,-0.90630778703665,-0.422618261740699));
#8346=DIRECTION('center_axis',(0.,0.422618261740699,-0.90630778703665));
#8347=DIRECTION('ref_axis',(0.,-0.90630778703665,-0.422618261740699));
#8348=DIRECTION('center_axis',(0.,0.422618261740699,-0.90630778703665));
#8349=DIRECTION('ref_axis',(0.,-0.90630778703665,-0.422618261740699));
#8350=DIRECTION('center_axis',(0.,0.422618261740699,-0.90630778703665));
#8351=DIRECTION('ref_axis',(0.,-0.90630778703665,-0.422618261740699));
#8352=DIRECTION('center_axis',(0.,0.422618261740699,-0.90630778703665));
#8353=DIRECTION('ref_axis',(0.,-0.90630778703665,-0.422618261740699));
#8354=DIRECTION('center_axis',(0.,0.422618261740699,-0.90630778703665));
#8355=DIRECTION('ref_axis',(0.,-0.90630778703665,-0.422618261740699));
#8356=DIRECTION('center_axis',(0.,0.422618261740699,-0.90630778703665));
#8357=DIRECTION('ref_axis',(0.,-0.90630778703665,-0.422618261740699));
#8358=DIRECTION('center_axis',(0.,0.422618261740699,-0.90630778703665));
#8359=DIRECTION('ref_axis',(0.,-0.90630778703665,-0.422618261740699));
#8360=DIRECTION('center_axis',(0.,0.422618261740699,-0.90630778703665));
#8361=DIRECTION('ref_axis',(0.,-0.90630778703665,-0.422618261740699));
#8362=DIRECTION('center_axis',(0.,0.422618261740699,-0.90630778703665));
#8363=DIRECTION('ref_axis',(0.,-0.90630778703665,-0.422618261740699));
#8364=DIRECTION('center_axis',(0.,0.422618261740699,-0.90630778703665));
#8365=DIRECTION('ref_axis',(0.,-0.90630778703665,-0.422618261740699));
#8366=DIRECTION('center_axis',(0.,0.422618261740699,-0.90630778703665));
#8367=DIRECTION('ref_axis',(0.,-0.90630778703665,-0.422618261740699));
#8368=DIRECTION('center_axis',(0.,0.422618261740699,-0.90630778703665));
#8369=DIRECTION('ref_axis',(0.,-0.90630778703665,-0.422618261740699));
#8370=DIRECTION('center_axis',(0.,0.422618261740699,-0.90630778703665));
#8371=DIRECTION('ref_axis',(0.,-0.90630778703665,-0.422618261740699));
#8372=DIRECTION('center_axis',(0.,0.422618261740699,-0.90630778703665));
#8373=DIRECTION('ref_axis',(0.,-0.90630778703665,-0.422618261740699));
#8374=DIRECTION('',(1.,0.,0.));
#8375=DIRECTION('center_axis',(0.,0.422618261740699,-0.90630778703665));
#8376=DIRECTION('ref_axis',(0.,-0.90630778703665,-0.422618261740699));
#8377=DIRECTION('center_axis',(0.,0.422618261740699,-0.90630778703665));
#8378=DIRECTION('ref_axis',(0.,-0.90630778703665,-0.422618261740699));
#8379=DIRECTION('',(1.,0.,0.));
#8380=DIRECTION('center_axis',(0.,0.422618261740699,-0.90630778703665));
#8381=DIRECTION('ref_axis',(0.,-0.90630778703665,-0.422618261740699));
#8382=DIRECTION('center_axis',(0.,0.422618261740699,-0.90630778703665));
#8383=DIRECTION('ref_axis',(0.,-0.90630778703665,-0.422618261740699));
#8384=DIRECTION('center_axis',(0.,0.422618261740699,-0.90630778703665));
#8385=DIRECTION('ref_axis',(0.,-0.90630778703665,-0.422618261740699));
#8386=DIRECTION('center_axis',(0.,0.422618261740699,-0.90630778703665));
#8387=DIRECTION('ref_axis',(0.,-0.90630778703665,-0.422618261740699));
#8388=DIRECTION('center_axis',(0.,0.422618261740699,-0.90630778703665));
#8389=DIRECTION('ref_axis',(0.,-0.90630778703665,-0.422618261740699));
#8390=DIRECTION('center_axis',(0.,0.422618261740699,-0.90630778703665));
#8391=DIRECTION('ref_axis',(0.,-0.90630778703665,-0.422618261740699));
#8392=DIRECTION('center_axis',(0.,0.422618261740699,-0.90630778703665));
#8393=DIRECTION('ref_axis',(0.,-0.90630778703665,-0.422618261740699));
#8394=DIRECTION('center_axis',(0.,0.422618261740699,-0.90630778703665));
#8395=DIRECTION('ref_axis',(0.,-0.90630778703665,-0.422618261740699));
#8396=DIRECTION('center_axis',(0.,0.422618261740699,-0.90630778703665));
#8397=DIRECTION('ref_axis',(0.,-0.90630778703665,-0.422618261740699));
#8398=DIRECTION('center_axis',(0.,0.422618261740699,-0.90630778703665));
#8399=DIRECTION('ref_axis',(0.,-0.90630778703665,-0.422618261740699));
#8400=DIRECTION('center_axis',(0.,0.422618261740699,-0.90630778703665));
#8401=DIRECTION('ref_axis',(0.,-0.90630778703665,-0.422618261740699));
#8402=DIRECTION('center_axis',(0.,0.422618261740699,-0.90630778703665));
#8403=DIRECTION('ref_axis',(0.,-0.90630778703665,-0.422618261740699));
#8404=DIRECTION('center_axis',(0.,0.422618261740699,-0.90630778703665));
#8405=DIRECTION('ref_axis',(0.,-0.90630778703665,-0.422618261740699));
#8406=DIRECTION('center_axis',(0.,0.422618261740699,-0.90630778703665));
#8407=DIRECTION('ref_axis',(0.,-0.90630778703665,-0.422618261740699));
#8408=DIRECTION('center_axis',(0.,0.422618261740699,-0.90630778703665));
#8409=DIRECTION('ref_axis',(0.,-0.90630778703665,-0.422618261740699));
#8410=DIRECTION('center_axis',(0.,0.422618261740699,-0.90630778703665));
#8411=DIRECTION('ref_axis',(0.,-0.90630778703665,-0.422618261740699));
#8412=DIRECTION('center_axis',(0.,0.422618261740699,-0.90630778703665));
#8413=DIRECTION('ref_axis',(0.,-0.90630778703665,-0.422618261740699));
#8414=DIRECTION('center_axis',(0.,0.422618261740699,-0.90630778703665));
#8415=DIRECTION('ref_axis',(0.,-0.90630778703665,-0.422618261740699));
#8416=DIRECTION('center_axis',(0.,0.422618261740699,-0.90630778703665));
#8417=DIRECTION('ref_axis',(0.,-0.90630778703665,-0.422618261740699));
#8418=DIRECTION('center_axis',(0.,0.422618261740699,-0.90630778703665));
#8419=DIRECTION('ref_axis',(0.,-0.90630778703665,-0.422618261740699));
#8420=DIRECTION('center_axis',(0.,0.422618261740699,-0.90630778703665));
#8421=DIRECTION('ref_axis',(0.,-0.90630778703665,-0.422618261740699));
#8422=DIRECTION('center_axis',(0.,0.422618261740699,-0.90630778703665));
#8423=DIRECTION('ref_axis',(0.,-0.90630778703665,-0.422618261740699));
#8424=DIRECTION('center_axis',(0.,0.422618261740699,-0.90630778703665));
#8425=DIRECTION('ref_axis',(0.,-0.90630778703665,-0.422618261740699));
#8426=DIRECTION('center_axis',(0.,0.422618261740699,-0.90630778703665));
#8427=DIRECTION('ref_axis',(0.,-0.90630778703665,-0.422618261740699));
#8428=DIRECTION('center_axis',(0.,0.422618261740699,-0.90630778703665));
#8429=DIRECTION('ref_axis',(0.,-0.90630778703665,-0.422618261740699));
#8430=DIRECTION('center_axis',(0.,0.90630778703665,0.422618261740699));
#8431=DIRECTION('ref_axis',(1.,0.,0.));
#8432=DIRECTION('center_axis',(0.,0.422618261740699,-0.90630778703665));
#8433=DIRECTION('ref_axis',(0.,-0.90630778703665,-0.422618261740699));
#8434=DIRECTION('',(0.,0.422618261740699,-0.90630778703665));
#8435=DIRECTION('center_axis',(0.,0.422618261740699,-0.90630778703665));
#8436=DIRECTION('ref_axis',(0.,-0.90630778703665,-0.422618261740699));
#8437=DIRECTION('',(0.,0.422618261740699,-0.90630778703665));
#8438=DIRECTION('center_axis',(0.,0.422618261740699,-0.90630778703665));
#8439=DIRECTION('ref_axis',(0.,-0.90630778703665,-0.422618261740699));
#8440=DIRECTION('',(0.,0.422618261740699,-0.90630778703665));
#8441=DIRECTION('center_axis',(0.,0.422618261740699,-0.90630778703665));
#8442=DIRECTION('ref_axis',(0.,-0.90630778703665,-0.422618261740699));
#8443=DIRECTION('',(0.,0.422618261740699,-0.90630778703665));
#8444=DIRECTION('center_axis',(0.,0.422618261740699,-0.90630778703665));
#8445=DIRECTION('ref_axis',(0.,-0.90630778703665,-0.422618261740699));
#8446=DIRECTION('',(0.,0.422618261740699,-0.90630778703665));
#8447=DIRECTION('center_axis',(0.,0.422618261740699,-0.90630778703665));
#8448=DIRECTION('ref_axis',(0.,-0.90630778703665,-0.422618261740699));
#8449=DIRECTION('',(0.,0.422618261740699,-0.90630778703665));
#8450=DIRECTION('center_axis',(0.,0.422618261740699,-0.90630778703665));
#8451=DIRECTION('ref_axis',(0.,-0.90630778703665,-0.422618261740699));
#8452=DIRECTION('',(0.,0.422618261740699,-0.90630778703665));
#8453=DIRECTION('center_axis',(0.,0.422618261740699,-0.90630778703665));
#8454=DIRECTION('ref_axis',(0.,-0.90630778703665,-0.422618261740699));
#8455=DIRECTION('',(0.,0.422618261740699,-0.90630778703665));
#8456=DIRECTION('center_axis',(0.,0.422618261740699,-0.90630778703665));
#8457=DIRECTION('ref_axis',(0.,-0.90630778703665,-0.422618261740699));
#8458=DIRECTION('',(0.,0.422618261740699,-0.90630778703665));
#8459=DIRECTION('center_axis',(0.,0.422618261740699,-0.90630778703665));
#8460=DIRECTION('ref_axis',(0.,-0.90630778703665,-0.422618261740699));
#8461=DIRECTION('',(0.,0.422618261740699,-0.90630778703665));
#8462=DIRECTION('center_axis',(0.,0.422618261740699,-0.90630778703665));
#8463=DIRECTION('ref_axis',(0.,-0.90630778703665,-0.422618261740699));
#8464=DIRECTION('',(0.,0.422618261740699,-0.90630778703665));
#8465=DIRECTION('center_axis',(0.,0.422618261740699,-0.90630778703665));
#8466=DIRECTION('ref_axis',(0.,-0.90630778703665,-0.422618261740699));
#8467=DIRECTION('',(0.,0.422618261740699,-0.90630778703665));
#8468=DIRECTION('center_axis',(0.,0.422618261740699,-0.90630778703665));
#8469=DIRECTION('ref_axis',(0.,-0.90630778703665,-0.422618261740699));
#8470=DIRECTION('',(0.,0.422618261740699,-0.90630778703665));
#8471=DIRECTION('center_axis',(0.,0.422618261740699,-0.90630778703665));
#8472=DIRECTION('ref_axis',(0.,-0.90630778703665,-0.422618261740699));
#8473=DIRECTION('',(0.,0.422618261740699,-0.90630778703665));
#8474=DIRECTION('center_axis',(0.,0.422618261740699,-0.90630778703665));
#8475=DIRECTION('ref_axis',(0.,-0.90630778703665,-0.422618261740699));
#8476=DIRECTION('',(0.,0.422618261740699,-0.90630778703665));
#8477=DIRECTION('center_axis',(0.,0.422618261740699,-0.90630778703665));
#8478=DIRECTION('ref_axis',(0.,-0.90630778703665,-0.422618261740699));
#8479=DIRECTION('',(0.,0.422618261740699,-0.90630778703665));
#8480=DIRECTION('center_axis',(0.,0.422618261740699,-0.90630778703665));
#8481=DIRECTION('ref_axis',(0.,-0.90630778703665,-0.422618261740699));
#8482=DIRECTION('',(0.,0.422618261740699,-0.90630778703665));
#8483=DIRECTION('center_axis',(0.,0.422618261740699,-0.90630778703665));
#8484=DIRECTION('ref_axis',(0.,-0.90630778703665,-0.422618261740699));
#8485=DIRECTION('',(0.,0.422618261740699,-0.90630778703665));
#8486=DIRECTION('center_axis',(0.,0.422618261740699,-0.90630778703665));
#8487=DIRECTION('ref_axis',(0.,-0.90630778703665,-0.422618261740699));
#8488=DIRECTION('',(0.,0.422618261740699,-0.90630778703665));
#8489=DIRECTION('center_axis',(0.,0.422618261740699,-0.90630778703665));
#8490=DIRECTION('ref_axis',(0.,-0.90630778703665,-0.422618261740699));
#8491=DIRECTION('',(0.,0.422618261740699,-0.90630778703665));
#8492=DIRECTION('center_axis',(0.,0.422618261740699,-0.90630778703665));
#8493=DIRECTION('ref_axis',(0.,-0.90630778703665,-0.422618261740699));
#8494=DIRECTION('',(0.,0.422618261740699,-0.90630778703665));
#8495=DIRECTION('center_axis',(0.,0.422618261740699,-0.90630778703665));
#8496=DIRECTION('ref_axis',(0.,-0.90630778703665,-0.422618261740699));
#8497=DIRECTION('',(0.,0.422618261740699,-0.90630778703665));
#8498=DIRECTION('center_axis',(0.,0.422618261740699,-0.90630778703665));
#8499=DIRECTION('ref_axis',(0.,-0.90630778703665,-0.422618261740699));
#8500=DIRECTION('',(0.,0.422618261740699,-0.90630778703665));
#8501=DIRECTION('center_axis',(0.,0.422618261740699,-0.90630778703665));
#8502=DIRECTION('ref_axis',(0.,-0.90630778703665,-0.422618261740699));
#8503=DIRECTION('',(0.,-0.422618261740699,0.90630778703665));
#8504=DIRECTION('center_axis',(0.,-0.90630778703665,-0.422618261740699));
#8505=DIRECTION('ref_axis',(-1.,0.,0.));
#8506=DIRECTION('center_axis',(0.,0.422618261740699,-0.90630778703665));
#8507=DIRECTION('ref_axis',(0.,-0.90630778703665,-0.422618261740699));
#8508=DIRECTION('',(0.,0.422618261740699,-0.90630778703665));
#8509=DIRECTION('center_axis',(0.,0.422618261740699,-0.90630778703665));
#8510=DIRECTION('ref_axis',(0.,-0.90630778703665,-0.422618261740699));
#8511=DIRECTION('',(0.,-0.422618261740699,0.90630778703665));
#8512=DIRECTION('center_axis',(0.,-0.90630778703665,-0.422618261740699));
#8513=DIRECTION('ref_axis',(-1.,0.,0.));
#8514=DIRECTION('center_axis',(0.,0.422618261740699,-0.90630778703665));
#8515=DIRECTION('ref_axis',(0.,-0.90630778703665,-0.422618261740699));
#8516=DIRECTION('',(0.,0.422618261740699,-0.90630778703665));
#8517=DIRECTION('center_axis',(0.,0.422618261740699,-0.90630778703665));
#8518=DIRECTION('ref_axis',(0.,-0.90630778703665,-0.422618261740699));
#8519=DIRECTION('',(0.,0.422618261740699,-0.90630778703665));
#8520=DIRECTION('center_axis',(0.,0.422618261740699,-0.90630778703665));
#8521=DIRECTION('ref_axis',(0.,-0.90630778703665,-0.422618261740699));
#8522=DIRECTION('',(0.,0.422618261740699,-0.90630778703665));
#8523=DIRECTION('center_axis',(0.,0.422618261740699,-0.90630778703665));
#8524=DIRECTION('ref_axis',(0.,-0.90630778703665,-0.422618261740699));
#8525=DIRECTION('',(0.,0.422618261740699,-0.90630778703665));
#8526=DIRECTION('center_axis',(0.,0.422618261740699,-0.90630778703665));
#8527=DIRECTION('ref_axis',(0.,-0.90630778703665,-0.422618261740699));
#8528=DIRECTION('',(0.,0.422618261740699,-0.90630778703665));
#8529=DIRECTION('center_axis',(0.,0.422618261740699,-0.90630778703665));
#8530=DIRECTION('ref_axis',(0.,-0.90630778703665,-0.422618261740699));
#8531=DIRECTION('',(0.,0.422618261740699,-0.90630778703665));
#8532=DIRECTION('center_axis',(0.,0.422618261740699,-0.90630778703665));
#8533=DIRECTION('ref_axis',(0.,-0.90630778703665,-0.422618261740699));
#8534=DIRECTION('',(0.,0.422618261740699,-0.90630778703665));
#8535=DIRECTION('center_axis',(0.,0.422618261740699,-0.90630778703665));
#8536=DIRECTION('ref_axis',(0.,-0.90630778703665,-0.422618261740699));
#8537=DIRECTION('',(0.,0.422618261740699,-0.90630778703665));
#8538=DIRECTION('center_axis',(0.,0.422618261740699,-0.90630778703665));
#8539=DIRECTION('ref_axis',(0.,-0.90630778703665,-0.422618261740699));
#8540=DIRECTION('',(0.,0.422618261740699,-0.90630778703665));
#8541=DIRECTION('center_axis',(0.,0.422618261740699,-0.90630778703665));
#8542=DIRECTION('ref_axis',(0.,-0.90630778703665,-0.422618261740699));
#8543=DIRECTION('',(0.,0.422618261740699,-0.90630778703665));
#8544=DIRECTION('center_axis',(0.,0.422618261740699,-0.90630778703665));
#8545=DIRECTION('ref_axis',(0.,-0.90630778703665,-0.422618261740699));
#8546=DIRECTION('',(0.,0.422618261740699,-0.90630778703665));
#8547=DIRECTION('center_axis',(0.,0.422618261740699,-0.90630778703665));
#8548=DIRECTION('ref_axis',(0.,-0.90630778703665,-0.422618261740699));
#8549=DIRECTION('',(0.,0.422618261740699,-0.90630778703665));
#8550=DIRECTION('center_axis',(0.,0.422618261740699,-0.90630778703665));
#8551=DIRECTION('ref_axis',(0.,-0.90630778703665,-0.422618261740699));
#8552=DIRECTION('',(0.,0.422618261740699,-0.90630778703665));
#8553=DIRECTION('center_axis',(0.,0.422618261740699,-0.90630778703665));
#8554=DIRECTION('ref_axis',(0.,-0.90630778703665,-0.422618261740699));
#8555=DIRECTION('',(0.,0.422618261740699,-0.90630778703665));
#8556=DIRECTION('center_axis',(0.,0.422618261740699,-0.90630778703665));
#8557=DIRECTION('ref_axis',(0.,-0.90630778703665,-0.422618261740699));
#8558=DIRECTION('',(0.,0.422618261740699,-0.90630778703665));
#8559=DIRECTION('center_axis',(0.,0.422618261740699,-0.90630778703665));
#8560=DIRECTION('ref_axis',(0.,-0.90630778703665,-0.422618261740699));
#8561=DIRECTION('',(0.,0.422618261740699,-0.90630778703665));
#8562=DIRECTION('center_axis',(0.,0.422618261740699,-0.90630778703665));
#8563=DIRECTION('ref_axis',(0.,-0.90630778703665,-0.422618261740699));
#8564=DIRECTION('',(0.,0.422618261740699,-0.90630778703665));
#8565=DIRECTION('center_axis',(0.,0.422618261740699,-0.90630778703665));
#8566=DIRECTION('ref_axis',(0.,-0.90630778703665,-0.422618261740699));
#8567=DIRECTION('',(0.,0.422618261740699,-0.90630778703665));
#8568=DIRECTION('center_axis',(0.,0.422618261740699,-0.90630778703665));
#8569=DIRECTION('ref_axis',(0.,-0.90630778703665,-0.422618261740699));
#8570=DIRECTION('',(0.,0.422618261740699,-0.90630778703665));
#8571=DIRECTION('center_axis',(0.,0.422618261740699,-0.90630778703665));
#8572=DIRECTION('ref_axis',(0.,-0.90630778703665,-0.422618261740699));
#8573=DIRECTION('',(0.,0.422618261740699,-0.90630778703665));
#8574=DIRECTION('center_axis',(0.,0.422618261740699,-0.90630778703665));
#8575=DIRECTION('ref_axis',(0.,-0.90630778703665,-0.422618261740699));
#8576=DIRECTION('',(0.,0.422618261740699,-0.90630778703665));
#8577=DIRECTION('center_axis',(0.,0.422618261740699,-0.90630778703665));
#8578=DIRECTION('ref_axis',(0.,-0.90630778703665,-0.422618261740699));
#8579=DIRECTION('',(0.,0.422618261740699,-0.90630778703665));
#8580=DIRECTION('center_axis',(0.,0.422618261740699,-0.90630778703665));
#8581=DIRECTION('ref_axis',(0.,-0.90630778703665,-0.422618261740699));
#8582=DIRECTION('',(0.,0.422618261740699,-0.90630778703665));
#8583=DIRECTION('center_axis',(0.,0.422618261740699,-0.90630778703665));
#8584=DIRECTION('ref_axis',(0.,-0.90630778703665,-0.422618261740699));
#8585=DIRECTION('',(0.,0.422618261740699,-0.90630778703665));
#8586=DIRECTION('center_axis',(0.,0.422618261740699,-0.90630778703665));
#8587=DIRECTION('ref_axis',(0.,-0.90630778703665,-0.422618261740699));
#8588=DIRECTION('',(0.,0.422618261740699,-0.90630778703665));
#8589=DIRECTION('center_axis',(-4.2065026487167E-15,-0.939692620785963,
0.34202014332552));
#8590=DIRECTION('ref_axis',(0.,-0.34202014332552,-0.939692620785963));
#8591=DIRECTION('',(-1.,2.52751081577779E-15,-5.35471205984069E-15));
#8592=DIRECTION('',(-0.299099026056789,-0.326363171607743,-0.896675444533871));
#8593=DIRECTION('',(1.,-2.52751081577779E-15,5.35471205984069E-15));
#8594=DIRECTION('',(0.299099026056783,-0.326363171607603,-0.896675444533924));
#8595=DIRECTION('center_axis',(-0.707106781186548,-0.29883623873012,0.640856382055788));
#8596=DIRECTION('ref_axis',(0.671542934237818,0.,0.740965645273289));
#8597=DIRECTION('',(0.,0.90630778703665,0.422618261740699));
#8598=DIRECTION('',(-0.678598344545845,0.541537248769404,-0.496227462939026));
#8599=DIRECTION('',(0.,-0.90630778703665,-0.422618261740699));
#8600=DIRECTION('',(0.57735026918962,0.279258277633822,0.767255811994712));
#8601=DIRECTION('center_axis',(-0.52394183239901,-0.729198813960897,0.440175017442366));
#8602=DIRECTION('ref_axis',(0.643246815091986,0.,0.765658889371772));
#8603=DIRECTION('',(-0.671542934237822,0.671542934237816,0.313145613014968));
#8604=DIRECTION('',(-0.682186688295757,0.0498187470993612,-0.729478865183576));
#8605=DIRECTION('',(0.671542934237822,-0.671542934237816,-0.313145613014968));
#8606=DIRECTION('center_axis',(-0.500000000000001,0.154317654788214,0.852165512926136));
#8607=DIRECTION('ref_axis',(0.862497119317783,0.,0.506061971668023));
#8608=DIRECTION('',(0.707106781186552,0.640856382055785,0.298836238730118));
#8609=DIRECTION('',(-0.281084637714825,0.90180701672416,-0.328230911140001));
#8610=DIRECTION('',(-0.707106781186552,-0.640856382055785,-0.298836238730118));
#8611=DIRECTION('center_axis',(-0.577350269189637,0.279258277633817,0.767255811994701));
#8612=DIRECTION('ref_axis',(0.799044998355393,0.,0.601271228817104));
#8613=DIRECTION('',(0.707106781186541,0.640856382055794,0.298836238730124));
#8614=DIRECTION('',(-0.707106781186542,0.298836238730114,-0.640856382055797));
#8615=DIRECTION('',(0.,-0.939692620785909,0.342020143325669));
#8616=DIRECTION('center_axis',(-0.707106781186554,-0.298836238730117,0.640856382055783));
#8617=DIRECTION('ref_axis',(0.671542934237811,0.,0.740965645273295));
#8618=DIRECTION('',(0.,0.90630778703665,0.422618261740699));
#8619=DIRECTION('',(0.,-0.90630778703665,-0.422618261740699));
#8620=DIRECTION('center_axis',(0.,0.342020143325672,0.939692620785907));
#8621=DIRECTION('ref_axis',(1.,0.,0.));
#8622=DIRECTION('',(1.,0.,0.));
#8623=DIRECTION('',(0.281084637714871,0.901807016724151,-0.32823091113999));
#8624=DIRECTION('',(-1.,0.,0.));
#8625=DIRECTION('center_axis',(0.577350269189869,0.279258277633751,0.76725581199455));
#8626=DIRECTION('ref_axis',(0.799044998355219,0.,-0.601271228817334));
#8627=DIRECTION('',(0.707106781186546,-0.640856382055601,-0.298836238730527));
#8628=DIRECTION('',(1.67476528926269E-14,0.939692620785909,-0.342020143325669));
#8629=DIRECTION('',(-0.707106781186328,-0.298836238730212,0.640856382055987));
#8630=DIRECTION('center_axis',(-4.18691322315674E-15,0.342020143325669,
0.939692620785908));
#8631=DIRECTION('ref_axis',(1.,0.,4.45561998736888E-15));
#8632=DIRECTION('',(1.,-2.50240279899512E-15,5.36642012034753E-15));
#8633=DIRECTION('',(-1.,2.50240279899512E-15,-5.36642012034753E-15));
#8634=DIRECTION('center_axis',(0.707106781186767,-0.298836238730027,0.64085638205559));
#8635=DIRECTION('ref_axis',(0.671542934237589,0.,-0.740965645273496));
#8636=DIRECTION('',(0.,0.90630778703665,0.422618261740699));
#8637=DIRECTION('',(0.,-0.90630778703665,-0.422618261740699));
#8638=DIRECTION('',(0.682186688295564,0.0498187470995116,-0.729478865183746));
#8639=DIRECTION('center_axis',(0.499999999999987,0.154317654788181,0.85216551292615));
#8640=DIRECTION('ref_axis',(0.862497119317792,0.,-0.506061971668006));
#8641=DIRECTION('',(0.707106781186545,-0.640856382055791,-0.298836238730121));
#8642=DIRECTION('',(0.678598344545835,0.541537248769449,-0.496227462938991));
#8643=DIRECTION('',(-0.707106781186545,0.640856382055791,0.298836238730121));
#8644=DIRECTION('center_axis',(0.707106781186546,-0.298836238730121,0.64085638205579));
#8645=DIRECTION('ref_axis',(0.67154293423782,0.,-0.740965645273287));
#8646=DIRECTION('',(0.,-0.90630778703665,-0.422618261740699));
#8647=DIRECTION('',(0.577350269189626,-0.279258277633823,-0.767255811994707));
#8648=DIRECTION('',(0.,0.90630778703665,0.422618261740699));
#8649=DIRECTION('center_axis',(0.70710678118655,0.640856382055786,0.298836238730119));
#8650=DIRECTION('ref_axis',(0.389281620635023,0.,-0.921118787038768));
#8651=DIRECTION('',(0.,-0.422618261740699,0.90630778703665));
#8652=DIRECTION('',(0.,0.422618261740699,-0.90630778703665));
#8653=DIRECTION('center_axis',(-0.707106781186554,0.640856382055783,0.298836238730117));
#8654=DIRECTION('ref_axis',(0.389281620635019,0.,0.921118787038769));
#8655=DIRECTION('',(0.,-0.422618261740699,0.90630778703665));
#8656=DIRECTION('',(0.,0.422618261740699,-0.90630778703665));
#8657=DIRECTION('center_axis',(0.523941832399169,-0.729198813960934,0.440175017442117));
#8658=DIRECTION('ref_axis',(0.643246815091658,0.,-0.765658889372048));
#8659=DIRECTION('',(0.671542934237812,0.671542934237821,0.313145613014979));
#8660=DIRECTION('',(-0.671542934237812,-0.671542934237821,-0.313145613014979));
#8661=DIRECTION('center_axis',(0.,-0.90630778703665,-0.422618261740699));
#8662=DIRECTION('ref_axis',(0.,0.422618261740699,-0.90630778703665));
#8663=DIRECTION('',(1.,0.,0.));
#8664=DIRECTION('',(1.,-2.5024027989951E-15,5.36642012034748E-15));
#8665=DIRECTION('',(1.,0.,0.));
#8666=DIRECTION('center_axis',(-0.707106781186543,0.640856382055793,0.298836238730122));
#8667=DIRECTION('ref_axis',(0.389281620635029,0.,0.921118787038765));
#8668=DIRECTION('',(0.,0.422618261740699,-0.90630778703665));
#8669=DIRECTION('',(-0.698575389024272,-0.698575389024291,-0.154870435200356));
#8670=DIRECTION('',(0.,-0.422618261740699,0.90630778703665));
#8671=DIRECTION('center_axis',(0.,0.90630778703665,0.422618261740699));
#8672=DIRECTION('ref_axis',(-1.,0.,0.));
#8673=DIRECTION('',(0.,-0.422618261740699,0.90630778703665));
#8674=DIRECTION('',(1.,0.,0.));
#8675=DIRECTION('center_axis',(0.70710678118655,0.640856382055786,0.298836238730119));
#8676=DIRECTION('ref_axis',(0.389281620635022,0.,-0.921118787038768));
#8677=DIRECTION('',(0.,0.422618261740699,-0.90630778703665));
#8678=DIRECTION('',(-0.698575389024266,0.698575389024291,0.15487043520038));
#8679=DIRECTION('center_axis',(1.,0.,0.));
#8680=DIRECTION('ref_axis',(0.,0.90630778703665,0.422618261740699));
#8681=DIRECTION('',(-5.9211894646675E-15,-0.422618261740699,0.90630778703665));
#8682=DIRECTION('',(0.,0.,1.));
#8683=DIRECTION('',(0.,-1.,1.11022302462516E-16));
#8684=DIRECTION('',(0.,-1.11022302462516E-16,-1.));
#8685=DIRECTION('',(0.,-0.90630778703665,-0.422618261740699));
#8686=DIRECTION('',(0.,-0.707106781186548,0.707106781186547));
#8687=DIRECTION('',(0.,1.,-5.55111512312578E-17));
#8688=DIRECTION('',(0.,5.55111512312578E-17,-1.));
#8689=DIRECTION('',(0.,-0.90630778703665,-0.422618261740699));
#8690=DIRECTION('',(0.,-5.55111512312578E-17,1.));
#8691=DIRECTION('',(0.,0.707106781186547,0.707106781186548));
#8692=DIRECTION('',(0.,0.707106781186547,-0.707106781186548));
#8693=DIRECTION('',(0.,-5.55111512312578E-17,1.));
#8694=DIRECTION('',(0.,1.,-5.55111512312578E-17));
#8695=DIRECTION('',(0.,-0.707106781186548,-0.707106781186547));
#8696=DIRECTION('center_axis',(-5.9211894646675E-15,-0.422618261740699,
0.90630778703665));
#8697=DIRECTION('ref_axis',(1.,0.,6.53330970930746E-15));
#8698=DIRECTION('center_axis',(-1.,0.,0.));
#8699=DIRECTION('ref_axis',(0.,-0.90630778703665,-0.422618261740699));
#8700=DIRECTION('',(0.,1.11022302462516E-16,1.));
#8701=DIRECTION('',(0.,1.,-1.11022302462516E-16));
#8702=DIRECTION('',(0.,0.,-1.));
#8703=DIRECTION('',(-5.9211894646675E-15,-0.422618261740699,0.90630778703665));
#8704=DIRECTION('',(0.,0.90630778703665,0.422618261740699));
#8705=DIRECTION('',(0.,-5.55111512312578E-17,1.));
#8706=DIRECTION('',(0.,-1.,5.55111512312578E-17));
#8707=DIRECTION('',(0.,0.707106781186548,-0.707106781186547));
#8708=DIRECTION('',(0.,-0.707106781186548,-0.707106781186547));
#8709=DIRECTION('',(0.,-1.,5.55111512312578E-17));
#8710=DIRECTION('',(0.,5.55111512312578E-17,-1.));
#8711=DIRECTION('',(0.,0.90630778703665,0.422618261740699));
#8712=DIRECTION('',(0.,-0.707106781186547,0.707106781186548));
#8713=DIRECTION('',(0.,-0.707106781186547,-0.707106781186548));
#8714=DIRECTION('',(0.,5.55111512312578E-17,-1.));
#8715=DIRECTION('center_axis',(0.740965645273295,-0.608624590629172,-0.283806307551829));
#8716=DIRECTION('ref_axis',(0.671542934237812,0.671542934237824,0.313145613014974));
#8717=DIRECTION('',(-5.9211894646675E-15,-0.422618261740699,0.90630778703665));
#8718=DIRECTION('',(-0.671542934237815,-0.671542934237821,-0.313145613014974));
#8719=DIRECTION('center_axis',(-2.77036313069284E-17,-0.90630778703665,
-0.422618261740699));
#8720=DIRECTION('ref_axis',(1.,-2.51080167826615E-17,-1.17080605068393E-17));
#8721=DIRECTION('',(-5.9211894646675E-15,-0.422618261740699,0.90630778703665));
#8722=DIRECTION('',(1.,-2.46467549924106E-17,-1.1492970601631E-17));
#8723=DIRECTION('center_axis',(-0.740965645273286,-0.608624590629177,-0.283806307551841));
#8724=DIRECTION('ref_axis',(0.671542934237822,-0.671542934237816,-0.313145613014968));
#8725=DIRECTION('',(-0.671542934237818,0.671542934237818,0.313145613014973));
#8726=DIRECTION('center_axis',(-5.92118946466744E-15,-0.422618261740699,
0.90630778703665));
#8727=DIRECTION('ref_axis',(1.,-2.5024027989951E-15,5.36642012034748E-15));
#8728=DIRECTION('',(0.,0.90630778703665,0.422618261740699));
#8729=DIRECTION('',(1.,0.,0.));
#8730=DIRECTION('',(0.,-0.90630778703665,-0.422618261740699));
#8731=DIRECTION('center_axis',(0.,-0.422618261740699,0.90630778703665));
#8732=DIRECTION('ref_axis',(1.,0.,0.));
#8733=DIRECTION('',(0.,-0.90630778703665,-0.422618261740699));
#8734=DIRECTION('',(-1.,0.,0.));
#8735=DIRECTION('',(0.,0.90630778703665,0.422618261740699));
#8736=DIRECTION('center_axis',(0.,0.422618261740699,-0.90630778703665));
#8737=DIRECTION('ref_axis',(-1.,0.,0.));
#8738=DIRECTION('',(-1.,0.,0.));
#8739=DIRECTION('',(0.,-0.90630778703665,-0.422618261740699));
#8740=DIRECTION('',(1.,0.,0.));
#8741=DIRECTION('',(0.,0.90630778703665,0.422618261740699));
#8742=DIRECTION('',(1.,0.,0.));
#8743=DIRECTION('',(0.,-0.90630778703665,-0.422618261740699));
#8744=DIRECTION('',(-1.,0.,0.));
#8745=DIRECTION('',(0.,0.90630778703665,0.422618261740699));
#8746=DIRECTION('center_axis',(-1.,0.,0.));
#8747=DIRECTION('ref_axis',(0.,0.90630778703665,0.422618261740699));
#8748=DIRECTION('',(0.,-0.422618261740699,0.90630778703665));
#8749=DIRECTION('',(0.,0.90630778703665,0.422618261740699));
#8750=DIRECTION('',(0.,0.422618261740699,-0.90630778703665));
#8751=DIRECTION('center_axis',(0.,-0.90630778703665,-0.422618261740699));
#8752=DIRECTION('ref_axis',(-1.,0.,0.));
#8753=DIRECTION('',(0.,-0.422618261740699,0.90630778703665));
#8754=DIRECTION('',(-1.,0.,0.));
#8755=DIRECTION('center_axis',(0.,-1.,0.));
#8756=DIRECTION('ref_axis',(0.,0.,-1.));
#8757=DIRECTION('',(0.,0.,-1.));
#8758=DIRECTION('',(1.,0.,0.));
#8759=DIRECTION('',(0.,0.,1.));
#8760=DIRECTION('',(-1.,0.,0.));
#8761=DIRECTION('center_axis',(-1.,0.,0.));
#8762=DIRECTION('ref_axis',(0.,-1.11022302462516E-16,1.));
#8763=DIRECTION('',(0.,1.,2.77555756156289E-16));
#8764=DIRECTION('',(0.,0.,1.));
#8765=DIRECTION('',(0.,1.,2.77555756156289E-16));
#8766=DIRECTION('center_axis',(0.,-2.77555756156289E-16,1.));
#8767=DIRECTION('ref_axis',(1.,0.,0.));
#8768=DIRECTION('',(0.,1.,2.77555756156289E-16));
#8769=DIRECTION('',(1.,0.,0.));
#8770=DIRECTION('center_axis',(0.,-1.,-5.55111512312578E-17));
#8771=DIRECTION('ref_axis',(1.,0.,0.));
#8772=DIRECTION('',(-0.287305562851063,5.31707445304039E-17,-0.957838981016556));
#8773=DIRECTION('',(-1.,0.,0.));
#8774=DIRECTION('',(-0.295279168171967,-5.30359654944923E-17,0.95541101775292));
#8775=DIRECTION('',(0.27662235034709,5.33450343337486E-17,-0.960978706990145));
#8776=DIRECTION('',(0.284707008152318,-5.32137991116587E-17,0.958614583400939));
#8777=DIRECTION('',(-0.262358686614573,-5.35666191507999E-17,0.964970424188159));
#8778=DIRECTION('',(1.,0.,0.));
#8779=DIRECTION('',(-0.268904910643433,5.34664939884185E-17,-0.963166729612193));
#8780=DIRECTION('center_axis',(0.963166729612193,5.55111512312578E-17,-0.268904910643433));
#8781=DIRECTION('ref_axis',(-0.268904910643433,1.11022302462516E-16,-0.963166729612193));
#8782=DIRECTION('',(0.,1.,2.77555756156289E-16));
#8783=DIRECTION('',(-0.268904910643433,0.,-0.963166729612193));
#8784=DIRECTION('',(0.,1.,2.77555756156289E-16));
#8785=DIRECTION('center_axis',(0.,-2.77555756156289E-16,1.));
#8786=DIRECTION('ref_axis',(1.,0.,0.));
#8787=DIRECTION('',(0.,1.,2.77555756156289E-16));
#8788=DIRECTION('',(1.,0.,0.));
#8789=DIRECTION('',(0.,1.,2.77555756156289E-16));
#8790=DIRECTION('',(0.,1.,2.77555756156289E-16));
#8791=DIRECTION('center_axis',(-0.95541101775292,4.16333634234434E-17,-0.295279168171967));
#8792=DIRECTION('ref_axis',(-0.295279168171967,-1.11022302462516E-16,0.95541101775292));
#8793=DIRECTION('',(0.,1.,2.77555756156289E-16));
#8794=DIRECTION('',(-0.295279168171967,0.,0.95541101775292));
#8795=DIRECTION('center_axis',(0.,2.77555756156289E-16,-1.));
#8796=DIRECTION('ref_axis',(-1.,0.,0.));
#8797=DIRECTION('',(0.,1.,2.77555756156289E-16));
#8798=DIRECTION('',(-1.,0.,0.));
#8799=DIRECTION('center_axis',(0.957838981016556,5.55111512312578E-17,-0.287305562851063));
#8800=DIRECTION('ref_axis',(-0.287305562851063,1.11022302462516E-16,-0.957838981016556));
#8801=DIRECTION('',(0.,1.,2.77555756156289E-16));
#8802=DIRECTION('',(-0.287305562851063,0.,-0.957838981016556));
#8803=DIRECTION('',(0.,1.,2.77555756156289E-16));
#8804=DIRECTION('',(0.,1.,2.77555756156289E-16));
#8805=DIRECTION('',(0.,1.,2.77555756156289E-16));
#8806=DIRECTION('',(0.,1.,2.77555756156289E-16));
#8807=DIRECTION('center_axis',(0.,-1.,-5.55111512312578E-17));
#8808=DIRECTION('ref_axis',(1.,0.,0.));
#8809=DIRECTION('',(0.,5.55111512312578E-17,-1.));
#8810=DIRECTION('',(-0.493762863539083,4.82723079852461E-17,-0.869596593018674));
#8811=DIRECTION('',(0.,-5.55111512312578E-17,1.));
#8812=DIRECTION('',(0.,5.55111512312578E-17,-1.));
#8813=DIRECTION('',(1.,0.,0.));
#8814=DIRECTION('',(0.557607527511445,-4.60800686194844E-17,0.830104719455668));
#8815=DIRECTION('',(0.5448464068152,4.65480910854032E-17,-0.838535862668119));
#8816=DIRECTION('',(1.,0.,0.));
#8817=DIRECTION('',(0.,-5.55111512312578E-17,1.));
#8818=DIRECTION('',(0.,5.55111512312578E-17,-1.));
#8819=DIRECTION('',(-0.488953307271695,-4.84229300144101E-17,0.872309958276341));
#8820=DIRECTION('',(0.,-5.55111512312578E-17,1.));
#8821=DIRECTION('center_axis',(0.,-1.11022302462516E-16,1.));
#8822=DIRECTION('ref_axis',(1.,0.,0.));
#8823=DIRECTION('',(0.,1.,1.11022302462516E-16));
#8824=DIRECTION('',(1.,0.,0.));
#8825=DIRECTION('',(0.,1.,1.11022302462516E-16));
#8826=DIRECTION('center_axis',(1.,0.,0.));
#8827=DIRECTION('ref_axis',(0.,1.11022302462516E-16,-1.));
#8828=DIRECTION('',(0.,1.,1.11022302462516E-16));
#8829=DIRECTION('',(0.,0.,-1.));
#8830=DIRECTION('',(0.,1.,1.11022302462516E-16));
#8831=DIRECTION('',(0.,1.,1.11022302462516E-16));
#8832=DIRECTION('',(0.,1.,1.11022302462516E-16));
#8833=DIRECTION('',(0.,1.,1.11022302462516E-16));
#8834=DIRECTION('center_axis',(-1.,0.,0.));
#8835=DIRECTION('ref_axis',(0.,-1.11022302462516E-16,1.));
#8836=DIRECTION('',(0.,1.,1.11022302462516E-16));
#8837=DIRECTION('',(0.,0.,1.));
#8838=DIRECTION('center_axis',(0.869596593018674,2.77555756156289E-17,-0.493762863539083));
#8839=DIRECTION('ref_axis',(-0.493762863539083,1.11022302462516E-16,-0.869596593018674));
#8840=DIRECTION('',(0.,1.,1.11022302462516E-16));
#8841=DIRECTION('',(-0.493762863539083,0.,-0.869596593018674));
#8842=DIRECTION('center_axis',(1.,0.,0.));
#8843=DIRECTION('ref_axis',(0.,1.11022302462516E-16,-1.));
#8844=DIRECTION('',(0.,1.,1.11022302462516E-16));
#8845=DIRECTION('',(0.,0.,-1.));
#8846=DIRECTION('',(0.,1.,1.11022302462516E-16));
#8847=DIRECTION('',(0.,1.,1.11022302462516E-16));
#8848=DIRECTION('',(0.,1.,1.11022302462516E-16));
#8849=DIRECTION('center_axis',(0.,-1.,-5.55111512312578E-17));
#8850=DIRECTION('ref_axis',(1.,0.,0.));
#8851=DIRECTION('',(-1.,0.,0.));
#8852=DIRECTION('',(0.,5.55111512312578E-17,-1.));
#8853=DIRECTION('',(0.,-5.55111512312578E-17,1.));
#8854=DIRECTION('',(1.,0.,0.));
#8855=DIRECTION('',(0.,5.55111512312578E-17,-1.));
#8856=DIRECTION('',(1.,0.,0.));
#8857=DIRECTION('',(-1.,0.,0.));
#8858=DIRECTION('',(0.,-5.55111512312578E-17,1.));
#8859=DIRECTION('',(1.,0.,0.));
#8860=DIRECTION('center_axis',(-1.,0.,0.));
#8861=DIRECTION('ref_axis',(0.,-1.11022302462516E-16,1.));
#8862=DIRECTION('',(0.,1.,2.77555756156289E-16));
#8863=DIRECTION('',(0.,0.,1.));
#8864=DIRECTION('',(0.,1.,2.77555756156289E-16));
#8865=DIRECTION('',(0.,1.,2.77555756156289E-16));
#8866=DIRECTION('',(0.,1.,2.77555756156289E-16));
#8867=DIRECTION('',(0.,1.,2.77555756156289E-16));
#8868=DIRECTION('',(0.,1.,2.77555756156289E-16));
#8869=DIRECTION('center_axis',(1.,0.,0.));
#8870=DIRECTION('ref_axis',(0.,1.11022302462516E-16,-1.));
#8871=DIRECTION('',(0.,1.,2.77555756156289E-16));
#8872=DIRECTION('',(0.,0.,-1.));
#8873=DIRECTION('',(0.,1.,2.77555756156289E-16));
#8874=DIRECTION('',(0.,1.,2.77555756156289E-16));
#8875=DIRECTION('center_axis',(0.,2.77555756156289E-16,-1.));
#8876=DIRECTION('ref_axis',(-1.,0.,0.));
#8877=DIRECTION('',(0.,1.,2.77555756156289E-16));
#8878=DIRECTION('',(-1.,0.,0.));
#8879=DIRECTION('',(0.,1.,2.77555756156289E-16));
#8880=DIRECTION('',(0.,1.,2.77555756156289E-16));
#8881=DIRECTION('',(0.,1.,2.77555756156289E-16));
#8882=DIRECTION('center_axis',(0.,-1.,-5.55111512312578E-17));
#8883=DIRECTION('ref_axis',(1.,0.,0.));
#8884=DIRECTION('',(-0.496773338474984,-4.81770357049337E-17,0.867880320194218));
#8885=DIRECTION('',(0.50656352328732,4.78618612843387E-17,-0.862202642581625));
#8886=DIRECTION('',(-0.510076725377501,4.77467457564768E-17,-0.86012890558809));
#8887=DIRECTION('',(0.489250340224804,-4.84136839953646E-17,0.872143396804627));
#8888=DIRECTION('',(0.491725787080958,4.8336340921458E-17,-0.870750107849326));
#8889=DIRECTION('',(-0.508226044202365,-4.78075199103865E-17,0.861223715415696));
#8890=DIRECTION('',(0.492524384091469,-4.83112796857659E-17,0.870298644762428));
#8891=DIRECTION('',(-0.491697662509629,4.83372225369487E-17,-0.870765989622107));
#8892=DIRECTION('center_axis',(0.870750107849326,-1.11022302462516E-16,
0.491725787080958));
#8893=DIRECTION('ref_axis',(0.491725787080958,1.11022302462516E-16,-0.870750107849326));
#8894=DIRECTION('',(0.,1.,2.77555756156289E-16));
#8895=DIRECTION('',(0.491725787080958,0.,-0.870750107849326));
#8896=DIRECTION('',(0.,1.,2.77555756156289E-16));
#8897=DIRECTION('center_axis',(-0.872143396804628,-1.38777878078145E-16,
0.489250340224804));
#8898=DIRECTION('ref_axis',(0.489250340224804,-1.11022302462516E-16,0.872143396804627));
#8899=DIRECTION('',(0.,1.,2.77555756156289E-16));
#8900=DIRECTION('',(0.489250340224804,0.,0.872143396804627));
#8901=DIRECTION('',(0.,1.,2.77555756156289E-16));
#8902=DIRECTION('',(0.,1.,2.77555756156289E-16));
#8903=DIRECTION('',(0.,1.,2.77555756156289E-16));
#8904=DIRECTION('',(0.,1.,2.77555756156289E-16));
#8905=DIRECTION('center_axis',(0.86012890558809,1.38777878078145E-16,-0.510076725377501));
#8906=DIRECTION('ref_axis',(-0.510076725377501,5.55111512312578E-17,-0.86012890558809));
#8907=DIRECTION('',(0.,1.,2.77555756156289E-16));
#8908=DIRECTION('',(-0.510076725377501,-1.11022302462516E-16,-0.86012890558809));
#8909=DIRECTION('center_axis',(0.862202642581625,-1.38777878078145E-16,
0.50656352328732));
#8910=DIRECTION('ref_axis',(0.50656352328732,5.55111512312578E-17,-0.862202642581625));
#8911=DIRECTION('',(0.,1.,2.77555756156289E-16));
#8912=DIRECTION('',(0.50656352328732,5.55111512312578E-17,-0.862202642581625));
#8913=DIRECTION('',(0.,1.,2.77555756156289E-16));
#8914=DIRECTION('',(0.,1.,2.77555756156289E-16));
#8915=DIRECTION('',(0.,1.,2.77555756156289E-16));
#8916=DIRECTION('',(0.,1.,2.77555756156289E-16));
#8917=DIRECTION('center_axis',(0.,-1.,-5.55111512312578E-17));
#8918=DIRECTION('ref_axis',(1.,0.,0.));
#8919=DIRECTION('',(1.,0.,0.));
#8920=DIRECTION('',(0.,-5.55111512312578E-17,1.));
#8921=DIRECTION('',(-1.,0.,0.));
#8922=DIRECTION('',(0.,5.55111512312578E-17,-1.));
#8923=DIRECTION('',(0.,1.,-5.55111512312578E-17));
#8924=DIRECTION('',(0.,1.,-5.55111512312578E-17));
#8925=DIRECTION('center_axis',(-1.,0.,0.));
#8926=DIRECTION('ref_axis',(0.,-1.11022302462516E-16,1.));
#8927=DIRECTION('',(0.,1.,-5.55111512312578E-17));
#8928=DIRECTION('',(0.,0.,1.));
#8929=DIRECTION('',(0.,1.,-5.55111512312578E-17));
#8930=DIRECTION('',(0.,1.,-5.55111512312578E-17));
#8931=DIRECTION('center_axis',(0.,5.55111512312578E-17,1.));
#8932=DIRECTION('ref_axis',(1.,0.,0.));
#8933=DIRECTION('',(0.,1.,-5.55111512312578E-17));
#8934=DIRECTION('',(1.,0.,0.));
#8935=DIRECTION('',(0.,1.,-5.55111512312578E-17));
#8936=DIRECTION('center_axis',(0.,-1.,-5.55111512312578E-17));
#8937=DIRECTION('ref_axis',(1.,0.,0.));
#8938=DIRECTION('',(0.,5.55111512312578E-17,-1.));
#8939=DIRECTION('',(-1.,0.,0.));
#8940=DIRECTION('',(0.,5.55111512312578E-17,-1.));
#8941=DIRECTION('',(1.,0.,0.));
#8942=DIRECTION('',(0.,-5.55111512312578E-17,1.));
#8943=DIRECTION('',(0.,5.55111512312578E-17,-1.));
#8944=DIRECTION('',(-1.,0.,0.));
#8945=DIRECTION('',(0.,-5.55111512312578E-17,1.));
#8946=DIRECTION('',(1.,0.,0.));
#8947=DIRECTION('center_axis',(-1.,0.,0.));
#8948=DIRECTION('ref_axis',(0.,-1.11022302462516E-16,1.));
#8949=DIRECTION('',(0.,1.,2.77555756156289E-16));
#8950=DIRECTION('',(0.,0.,1.));
#8951=DIRECTION('',(0.,1.,2.77555756156289E-16));
#8952=DIRECTION('',(0.,1.,2.77555756156289E-16));
#8953=DIRECTION('',(0.,1.,2.77555756156289E-16));
#8954=DIRECTION('center_axis',(0.,2.77555756156289E-16,-1.));
#8955=DIRECTION('ref_axis',(-1.,0.,0.));
#8956=DIRECTION('',(0.,1.,2.77555756156289E-16));
#8957=DIRECTION('',(-1.,0.,0.));
#8958=DIRECTION('',(0.,1.,2.77555756156289E-16));
#8959=DIRECTION('',(0.,1.,2.77555756156289E-16));
#8960=DIRECTION('',(0.,1.,2.77555756156289E-16));
#8961=DIRECTION('center_axis',(0.,2.77555756156289E-16,-1.));
#8962=DIRECTION('ref_axis',(-1.,0.,0.));
#8963=DIRECTION('',(0.,1.,2.77555756156289E-16));
#8964=DIRECTION('',(-1.,0.,0.));
#8965=DIRECTION('center_axis',(1.,0.,0.));
#8966=DIRECTION('ref_axis',(0.,1.11022302462516E-16,-1.));
#8967=DIRECTION('',(0.,1.,2.77555756156289E-16));
#8968=DIRECTION('',(0.,0.,-1.));
#8969=DIRECTION('',(0.,1.,2.77555756156289E-16));
#8970=DIRECTION('',(0.,1.,2.77555756156289E-16));
#8971=DIRECTION('',(0.,1.,2.77555756156289E-16));
#8972=DIRECTION('center_axis',(0.,-1.,-5.55111512312578E-17));
#8973=DIRECTION('ref_axis',(1.,0.,0.));
#8974=DIRECTION('',(-1.,0.,0.));
#8975=DIRECTION('',(0.,-5.55111512312578E-17,1.));
#8976=DIRECTION('',(1.,0.,0.));
#8977=DIRECTION('',(-1.,0.,0.));
#8978=DIRECTION('',(-0.439601321401201,4.98597278587531E-17,-0.898193007221899));
#8979=DIRECTION('',(0.440199384383861,4.98434655340498E-17,-0.897900051224004));
#8980=DIRECTION('',(1.,0.,0.));
#8981=DIRECTION('',(-1.,0.,0.));
#8982=DIRECTION('',(-0.445553611181559,-4.96966500976036E-17,0.895255259444519));
#8983=DIRECTION('',(0.428923435766206,-5.01454903832289E-17,0.903340847216881));
#8984=DIRECTION('',(0.999932173491145,-6.46528389151721E-19,0.0116468200498726));
#8985=DIRECTION('',(0.,5.55111512312578E-17,-1.));
#8986=DIRECTION('center_axis',(-0.903340847216881,5.55111512312578E-17,
0.428923435766206));
#8987=DIRECTION('ref_axis',(0.428923435766206,-1.66533453693773E-16,0.903340847216881));
#8988=DIRECTION('',(0.,1.,5.55111512312578E-17));
#8989=DIRECTION('',(0.428923435766206,-1.11022302462516E-16,0.903340847216881));
#8990=DIRECTION('',(0.,1.,5.55111512312578E-17));
#8991=DIRECTION('',(0.,1.,5.55111512312578E-17));
#8992=DIRECTION('',(0.,1.,5.55111512312578E-17));
#8993=DIRECTION('center_axis',(-0.895255259444519,2.77555756156289E-17,
-0.445553611181559));
#8994=DIRECTION('ref_axis',(-0.445553611181559,-5.55111512312578E-17,0.895255259444519));
#8995=DIRECTION('',(0.,1.,5.55111512312578E-17));
#8996=DIRECTION('',(-0.445553611181559,0.,0.895255259444519));
#8997=DIRECTION('',(0.,1.,5.55111512312578E-17));
#8998=DIRECTION('center_axis',(0.,5.55111512312578E-17,-1.));
#8999=DIRECTION('ref_axis',(-1.,0.,0.));
#9000=DIRECTION('',(0.,1.,5.55111512312578E-17));
#9001=DIRECTION('',(-1.,0.,0.));
#9002=DIRECTION('',(0.,1.,5.55111512312578E-17));
#9003=DIRECTION('',(0.,1.,5.55111512312578E-17));
#9004=DIRECTION('',(0.,1.,5.55111512312578E-17));
#9005=DIRECTION('',(0.,1.,5.55111512312578E-17));
#9006=DIRECTION('',(0.,1.,5.55111512312578E-17));
#9007=DIRECTION('center_axis',(0.,-5.55111512312578E-17,1.));
#9008=DIRECTION('ref_axis',(1.,0.,0.));
#9009=DIRECTION('',(0.,1.,5.55111512312578E-17));
#9010=DIRECTION('',(1.,0.,0.));
#9011=DIRECTION('center_axis',(-1.,0.,0.));
#9012=DIRECTION('ref_axis',(0.,-1.11022302462516E-16,1.));
#9013=DIRECTION('',(0.,1.,5.55111512312578E-17));
#9014=DIRECTION('',(0.,0.,1.));
#9015=DIRECTION('center_axis',(0.,5.55111512312578E-17,-1.));
#9016=DIRECTION('ref_axis',(-1.,0.,0.));
#9017=DIRECTION('',(0.,1.,5.55111512312578E-17));
#9018=DIRECTION('',(-1.,0.,0.));
#9019=DIRECTION('',(0.,1.,5.55111512312578E-17));
#9020=DIRECTION('',(0.,1.,5.55111512312578E-17));
#9021=DIRECTION('',(0.,1.,5.55111512312578E-17));
#9022=DIRECTION('center_axis',(0.,0.,-1.));
#9023=DIRECTION('ref_axis',(-1.,0.,0.));
#9024=DIRECTION('',(-1.,0.,0.));
#9025=DIRECTION('',(0.,1.,0.));
#9026=DIRECTION('',(-1.,0.,0.));
#9027=DIRECTION('',(0.,1.,0.));
#9028=DIRECTION('center_axis',(1.,0.,0.));
#9029=DIRECTION('ref_axis',(0.,0.,-1.));
#9030=DIRECTION('',(0.,0.,-1.));
#9031=DIRECTION('',(0.,1.,0.));
#9032=DIRECTION('',(0.,0.,-1.));
#9033=DIRECTION('center_axis',(0.,0.,1.));
#9034=DIRECTION('ref_axis',(1.,0.,0.));
#9035=DIRECTION('',(1.,0.,0.));
#9036=DIRECTION('',(0.,1.,0.));
#9037=DIRECTION('',(1.,0.,0.));
#9038=DIRECTION('center_axis',(-1.,0.,0.));
#9039=DIRECTION('ref_axis',(0.,0.,1.));
#9040=DIRECTION('',(0.,0.,1.));
#9041=DIRECTION('',(0.,0.,1.));
#9042=DIRECTION('center_axis',(0.,1.,0.));
#9043=DIRECTION('ref_axis',(0.,0.,1.));
#9044=DIRECTION('center_axis',(0.,1.,0.));
#9045=DIRECTION('ref_axis',(1.,0.,0.));
#9046=DIRECTION('center_axis',(0.,1.,0.));
#9047=DIRECTION('ref_axis',(1.,0.,0.));
#9048=DIRECTION('',(0.,1.,0.));
#9049=DIRECTION('center_axis',(0.,1.,0.));
#9050=DIRECTION('ref_axis',(1.,0.,0.));
#9051=DIRECTION('center_axis',(0.,-1.,0.));
#9052=DIRECTION('ref_axis',(1.,0.,0.));
#9053=DIRECTION('center_axis',(0.,0.,-1.));
#9054=DIRECTION('ref_axis',(-1.,0.,0.));
#9055=DIRECTION('',(-1.,0.,0.));
#9056=DIRECTION('',(0.,1.,0.));
#9057=DIRECTION('',(-1.,0.,0.));
#9058=DIRECTION('',(0.,1.,0.));
#9059=DIRECTION('center_axis',(1.,0.,0.));
#9060=DIRECTION('ref_axis',(0.,0.,-1.));
#9061=DIRECTION('',(0.,0.,-1.));
#9062=DIRECTION('',(0.,1.,0.));
#9063=DIRECTION('',(0.,0.,-1.));
#9064=DIRECTION('center_axis',(0.,0.,1.));
#9065=DIRECTION('ref_axis',(1.,0.,0.));
#9066=DIRECTION('',(1.,0.,0.));
#9067=DIRECTION('',(0.,1.,0.));
#9068=DIRECTION('',(1.,0.,0.));
#9069=DIRECTION('center_axis',(-1.,0.,0.));
#9070=DIRECTION('ref_axis',(0.,0.,1.));
#9071=DIRECTION('',(0.,0.,1.));
#9072=DIRECTION('',(0.,0.,1.));
#9073=DIRECTION('center_axis',(0.,1.,0.));
#9074=DIRECTION('ref_axis',(0.,0.,1.));
#9075=DIRECTION('center_axis',(-0.707106781186548,0.,-0.707106781186548));
#9076=DIRECTION('ref_axis',(-0.707106781186548,0.,0.707106781186548));
#9077=DIRECTION('',(-0.707106781186548,0.,0.707106781186548));
#9078=DIRECTION('',(0.,1.,0.));
#9079=DIRECTION('',(-0.707106781186548,0.,0.707106781186548));
#9080=DIRECTION('',(0.,1.,0.));
#9081=DIRECTION('center_axis',(0.707106781186548,0.,-0.707106781186547));
#9082=DIRECTION('ref_axis',(-0.707106781186547,0.,-0.707106781186548));
#9083=DIRECTION('',(-0.707106781186547,0.,-0.707106781186548));
#9084=DIRECTION('',(0.,1.,0.));
#9085=DIRECTION('',(-0.707106781186547,0.,-0.707106781186548));
#9086=DIRECTION('center_axis',(0.707106781186552,0.,0.707106781186543));
#9087=DIRECTION('ref_axis',(0.707106781186543,0.,-0.707106781186552));
#9088=DIRECTION('',(0.707106781186543,0.,-0.707106781186552));
#9089=DIRECTION('',(0.,1.,0.));
#9090=DIRECTION('',(0.707106781186543,0.,-0.707106781186552));
#9091=DIRECTION('center_axis',(-0.707106781186547,0.,0.707106781186548));
#9092=DIRECTION('ref_axis',(0.707106781186548,0.,0.707106781186547));
#9093=DIRECTION('',(0.707106781186548,0.,0.707106781186547));
#9094=DIRECTION('',(0.707106781186548,0.,0.707106781186547));
#9095=DIRECTION('center_axis',(0.,1.,0.));
#9096=DIRECTION('ref_axis',(0.,0.,1.));
#9097=DIRECTION('center_axis',(0.,0.,-1.));
#9098=DIRECTION('ref_axis',(-1.,0.,0.));
#9099=DIRECTION('',(-1.,0.,0.));
#9100=DIRECTION('',(0.,1.,0.));
#9101=DIRECTION('',(-1.,0.,0.));
#9102=DIRECTION('',(0.,1.,0.));
#9103=DIRECTION('center_axis',(1.,0.,0.));
#9104=DIRECTION('ref_axis',(0.,0.,-1.));
#9105=DIRECTION('',(0.,0.,-1.));
#9106=DIRECTION('',(0.,1.,0.));
#9107=DIRECTION('',(0.,0.,-1.));
#9108=DIRECTION('center_axis',(0.,0.,1.));
#9109=DIRECTION('ref_axis',(1.,0.,0.));
#9110=DIRECTION('',(1.,0.,0.));
#9111=DIRECTION('',(0.,1.,0.));
#9112=DIRECTION('',(1.,0.,0.));
#9113=DIRECTION('center_axis',(-1.,0.,0.));
#9114=DIRECTION('ref_axis',(0.,0.,1.));
#9115=DIRECTION('',(0.,0.,1.));
#9116=DIRECTION('',(0.,0.,1.));
#9117=DIRECTION('center_axis',(0.,1.,0.));
#9118=DIRECTION('ref_axis',(0.,0.,1.));
#9119=DIRECTION('center_axis',(0.,0.707106781186547,-0.707106781186548));
#9120=DIRECTION('ref_axis',(-1.,0.,0.));
#9121=DIRECTION('',(-1.,0.,0.));
#9122=DIRECTION('',(0.893173838434544,0.31799409926609,0.317994099266089));
#9123=DIRECTION('',(1.,0.,0.));
#9124=DIRECTION('',(-0.893173838434543,0.31799409926609,0.317994099266091));
#9125=DIRECTION('center_axis',(0.446856886092919,-0.548013616027321,-0.707106781186548));
#9126=DIRECTION('ref_axis',(-0.845346848703438,0.,-0.534217844504624));
#9127=DIRECTION('',(0.775008288150959,0.631951068752416,-7.01606626965407E-17));
#9128=DIRECTION('',(7.25435425196679E-15,-0.790411880237396,0.612575758236958));
#9129=DIRECTION('',(-0.775008288150959,-0.631951068752416,7.01606626965407E-17));
#9130=DIRECTION('center_axis',(-0.446856886092921,-0.548013616027322,-0.707106781186546));
#9131=DIRECTION('ref_axis',(-0.845346848703436,0.,0.534217844504626));
#9132=DIRECTION('',(-0.775008288150959,0.631951068752416,-7.01606626965408E-17));
#9133=DIRECTION('',(0.775008288150959,-0.631951068752416,7.01606626965408E-17));
#9134=DIRECTION('center_axis',(-0.631951068752416,-0.775008288150959,5.55111512312578E-17));
#9135=DIRECTION('ref_axis',(0.775008288150959,-0.631951068752416,-5.55111512312578E-17));
#9136=DIRECTION('',(1.75681801886487E-16,-1.11022302462516E-16,-1.));
#9137=DIRECTION('',(0.775008288150959,-0.631951068752416,3.50803313482704E-17));
#9138=DIRECTION('',(0.,-2.22044604925031E-16,1.));
#9139=DIRECTION('center_axis',(0.,-1.,-5.55111512312578E-17));
#9140=DIRECTION('ref_axis',(1.,0.,0.));
#9141=DIRECTION('',(1.75681801886487E-16,1.11022302462516E-16,1.));
#9142=DIRECTION('',(-0.845346848703437,-2.96550475567329E-17,0.534217844504626));
#9143=DIRECTION('',(1.,0.,0.));
#9144=DIRECTION('',(0.,5.55111512312578E-17,-1.));
#9145=DIRECTION('',(1.,0.,0.));
#9146=DIRECTION('',(0.,-5.55111512312578E-17,1.));
#9147=DIRECTION('',(1.,0.,0.));
#9148=DIRECTION('',(-0.845346848703442,2.96550475567325E-17,-0.534217844504619));
#9149=DIRECTION('center_axis',(0.,-1.11022302462516E-16,-1.));
#9150=DIRECTION('ref_axis',(0.,1.,-1.11022302462516E-16));
#9151=DIRECTION('',(-1.,0.,0.));
#9152=DIRECTION('',(0.,1.,-1.11022302462516E-16));
#9153=DIRECTION('',(1.,0.,0.));
#9154=DIRECTION('',(0.,-1.,1.11022302462516E-16));
#9155=DIRECTION('',(0.,1.,-1.11022302462516E-16));
#9156=DIRECTION('',(-0.775008288150959,-0.631951068752416,7.01606626965407E-17));
#9157=DIRECTION('',(0.775008288150958,-0.631951068752416,7.01606626965408E-17));
#9158=DIRECTION('',(0.,-1.,1.11022302462516E-16));
#9159=DIRECTION('',(0.775008288150959,0.631951068752416,-7.01606626965407E-17));
#9160=DIRECTION('',(-0.775008288150959,0.631951068752416,-7.01606626965407E-17));
#9161=DIRECTION('',(1.,0.,0.));
#9162=DIRECTION('',(-0.775008288150959,0.631951068752416,-7.01606626965407E-17));
#9163=DIRECTION('',(-0.775008288150959,-0.631951068752416,7.01606626965407E-17));
#9164=DIRECTION('center_axis',(0.446856886092919,-0.548013616027321,-0.707106781186548));
#9165=DIRECTION('ref_axis',(-0.845346848703438,0.,-0.534217844504624));
#9166=DIRECTION('',(0.394237057306356,0.830153169778232,-0.39423705730636));
#9167=DIRECTION('',(-0.775008288150959,-0.631951068752416,7.01606626965407E-17));
#9168=DIRECTION('',(-0.845346848703438,1.58160253635909E-15,-0.534217844504624));
#9169=DIRECTION('center_axis',(0.446856886092919,0.54801361602732,-0.707106781186549));
#9170=DIRECTION('ref_axis',(-0.845346848703439,0.,-0.534217844504623));
#9171=DIRECTION('',(0.775008288150959,-0.631951068752416,7.01606626965407E-17));
#9172=DIRECTION('',(-0.394237057306356,0.830153169778233,0.39423705730636));
#9173=DIRECTION('center_axis',(0.,-0.707106781186539,-0.707106781186556));
#9174=DIRECTION('ref_axis',(-1.,0.,0.));
#9175=DIRECTION('',(-0.893173838434544,-0.317994099266089,0.317994099266089));
#9176=DIRECTION('',(-1.,0.,0.));
#9177=DIRECTION('',(0.893173838434545,-0.317994099266088,0.317994099266087));
#9178=DIRECTION('center_axis',(0.446856886092916,0.548013616027317,-0.707106781186553));
#9179=DIRECTION('ref_axis',(-0.845346848703441,0.,-0.534217844504619));
#9180=DIRECTION('',(0.775008288150959,-0.631951068752416,7.01606626965407E-17));
#9181=DIRECTION('',(-7.25435425196676E-15,-0.790411880237396,-0.612575758236958));
#9182=DIRECTION('center_axis',(-0.446856886092922,0.548013616027324,-0.707106781186543));
#9183=DIRECTION('ref_axis',(-0.845346848703435,0.,0.53421784450463));
#9184=DIRECTION('',(0.775008288150959,0.631951068752416,-7.01606626965407E-17));
#9185=DIRECTION('center_axis',(0.631951068752416,0.775008288150959,5.55111512312578E-17));
#9186=DIRECTION('ref_axis',(-0.775008288150959,0.631951068752416,0.));
#9187=DIRECTION('',(0.,0.,-1.));
#9188=DIRECTION('',(-0.775008288150959,0.631951068752416,-3.50803313482704E-17));
#9189=DIRECTION('',(0.,-2.22044604925031E-16,1.));
#9190=DIRECTION('center_axis',(0.,1.,5.55111512312578E-17));
#9191=DIRECTION('ref_axis',(-1.,0.,0.));
#9192=DIRECTION('',(0.,-1.11022302462516E-16,1.));
#9193=DIRECTION('',(1.,0.,0.));
#9194=DIRECTION('center_axis',(-0.446856886092922,0.548013616027324,-0.707106781186544));
#9195=DIRECTION('ref_axis',(-0.845346848703435,0.,0.534217844504628));
#9196=DIRECTION('',(-0.394237057306361,-0.83015316977823,-0.39423705730636));
#9197=DIRECTION('',(0.775008288150959,0.631951068752416,-7.01606626965407E-17));
#9198=DIRECTION('',(0.845346848703441,4.74480760907724E-15,-0.534217844504619));
#9199=DIRECTION('center_axis',(-0.446856886092914,-0.548013616027314,-0.707106781186556));
#9200=DIRECTION('ref_axis',(-0.845346848703444,0.,0.534217844504615));
#9201=DIRECTION('',(-0.775008288150958,0.631951068752416,-7.01606626965408E-17));
#9202=DIRECTION('',(0.394237057306355,-0.830153169778236,0.394237057306354));
#9203=DIRECTION('center_axis',(0.707106781186548,0.707106781186547,-7.85046229341887E-17));
#9204=DIRECTION('ref_axis',(-1.11022302462515E-16,0.,-1.));
#9205=DIRECTION('',(-0.577350269189619,0.57735026918962,0.577350269189637));
#9206=DIRECTION('',(0.,-1.11022302462516E-16,-1.));
#9207=DIRECTION('',(0.39524640961257,-0.39524640961257,0.829192710638935));
#9208=DIRECTION('',(0.,1.11022302462516E-16,1.));
#9209=DIRECTION('center_axis',(-1.,0.,0.));
#9210=DIRECTION('ref_axis',(0.,-1.,-5.55111512312578E-17));
#9211=DIRECTION('',(0.,-1.,1.11022302462516E-16));
#9212=DIRECTION('',(0.,-5.55111512312578E-17,1.));
#9213=DIRECTION('',(0.,0.707106781186547,0.707106781186548));
#9214=DIRECTION('',(0.,0.707106781186547,-0.707106781186548));
#9215=DIRECTION('',(0.,-0.90630778703665,-0.422618261740699));
#9216=DIRECTION('',(0.,-0.707106781186548,0.707106781186547));
#9217=DIRECTION('',(0.,1.,-5.55111512312578E-17));
#9218=DIRECTION('',(0.,5.55111512312578E-17,-1.));
#9219=DIRECTION('',(0.,-1.,1.11022302462516E-16));
#9220=DIRECTION('',(0.,-5.55111512312578E-17,1.));
#9221=DIRECTION('',(0.,1.,-5.55111512312578E-17));
#9222=DIRECTION('',(0.,-0.707106781186548,-0.707106781186547));
#9223=DIRECTION('',(0.,-5.55111512312578E-17,1.));
#9224=DIRECTION('',(0.,0.613472428652989,0.789716138421017));
#9225=DIRECTION('',(0.,1.,5.55111512312578E-17));
#9226=DIRECTION('center_axis',(0.707106781186552,0.707106781186543,3.92523114670941E-17));
#9227=DIRECTION('ref_axis',(5.55111512312572E-17,0.,-1.));
#9228=DIRECTION('',(0.577350269189623,-0.577350269189629,-0.577350269189625));
#9229=DIRECTION('',(-0.644710818692429,0.644710818692437,-0.410726089409798));
#9230=DIRECTION('center_axis',(-0.707106781186546,3.92523114670945E-17,
0.707106781186549));
#9231=DIRECTION('ref_axis',(0.707106781186549,0.,0.707106781186546));
#9232=DIRECTION('',(-0.577350269189627,-0.577350269189625,-0.577350269189625));
#9233=DIRECTION('',(0.,1.,-5.55111512312578E-17));
#9234=DIRECTION('',(-0.577350269189627,0.577350269189623,-0.577350269189628));
#9235=DIRECTION('center_axis',(-0.707106781186551,-0.707106781186544,-3.92523114670942E-17));
#9236=DIRECTION('ref_axis',(-5.55111512312573E-17,0.,1.));
#9237=DIRECTION('',(0.,-5.55111512312578E-17,1.));
#9238=DIRECTION('',(0.577350269189622,-0.577350269189628,-0.577350269189628));
#9239=DIRECTION('center_axis',(-0.707106781186548,0.29883623873012,-0.640856382055788));
#9240=DIRECTION('ref_axis',(-0.671542934237818,0.,0.740965645273289));
#9241=DIRECTION('',(0.,-0.90630778703665,-0.422618261740699));
#9242=DIRECTION('',(-0.497542812164523,-0.854261067613374,0.150629274789056));
#9243=DIRECTION('',(0.473306150771124,-0.473306150771126,-0.742941838426429));
#9244=DIRECTION('center_axis',(-0.707106781186544,0.500000000000003,0.500000000000003));
#9245=DIRECTION('ref_axis',(0.57735026918963,0.,0.816496580927723));
#9246=DIRECTION('',(0.,0.707106781186547,-0.707106781186548));
#9247=DIRECTION('',(-0.577350269189627,-3.41860033134857E-15,-0.816496580927725));
#9248=DIRECTION('center_axis',(-0.707106781186542,-0.500000000000004,0.500000000000004));
#9249=DIRECTION('ref_axis',(0.577350269189631,0.,0.816496580927722));
#9250=DIRECTION('',(0.,0.707106781186547,0.707106781186548));
#9251=DIRECTION('',(-0.678598344545852,0.678598344545839,-0.281084637714827));
#9252=DIRECTION('center_axis',(-0.707106781186553,-0.707106781186542,-3.92523114670941E-17));
#9253=DIRECTION('ref_axis',(-5.55111512312569E-17,0.,1.));
#9254=DIRECTION('',(0.,-5.55111512312578E-17,1.));
#9255=DIRECTION('center_axis',(0.,0.707106781186548,0.707106781186547));
#9256=DIRECTION('ref_axis',(0.,-0.707106781186547,0.707106781186548));
#9257=DIRECTION('',(-1.,0.,0.));
#9258=DIRECTION('',(0.,-0.707106781186547,0.707106781186548));
#9259=DIRECTION('',(1.,0.,0.));
#9260=DIRECTION('center_axis',(0.,0.422618261740699,-0.90630778703665));
#9261=DIRECTION('ref_axis',(-1.,0.,0.));
#9262=DIRECTION('',(1.,0.,0.));
#9263=DIRECTION('',(0.,0.90630778703665,0.422618261740699));
#9264=DIRECTION('',(-1.,0.,0.));
#9265=DIRECTION('',(-0.68479107877173,-0.660462233559942,-0.307978597431156));
#9266=DIRECTION('',(0.,0.90630778703665,0.422618261740699));
#9267=DIRECTION('',(0.684791078771729,-0.660462233559943,-0.307978597431157));
#9268=DIRECTION('',(1.,0.,0.));
#9269=DIRECTION('',(0.,0.90630778703665,0.422618261740699));
#9270=DIRECTION('',(0.,-0.90630778703665,-0.422618261740699));
#9271=DIRECTION('',(1.,0.,0.));
#9272=DIRECTION('',(0.684791078771734,0.660462233559939,0.307978597431155));
#9273=DIRECTION('',(-0.684791078771734,0.660462233559939,0.307978597431155));
#9274=DIRECTION('',(1.,0.,0.));
#9275=DIRECTION('',(0.,-0.90630778703665,-0.422618261740699));
#9276=DIRECTION('center_axis',(-0.707106781186548,0.29883623873012,-0.640856382055788));
#9277=DIRECTION('ref_axis',(-0.671542934237818,0.,0.740965645273289));
#9278=DIRECTION('',(-0.644710818692431,-0.644710818692434,0.4107260894098));
#9279=DIRECTION('',(0.633687274224638,-0.134332375957558,-0.76183676155417));
#9280=DIRECTION('center_axis',(-0.707106781186549,0.707106781186546,3.92523114670943E-17));
#9281=DIRECTION('ref_axis',(5.55111512312577E-17,0.,1.));
#9282=DIRECTION('',(-0.577350269189627,-0.577350269189628,-0.577350269189623));
#9283=DIRECTION('center_axis',(-0.707106781186545,3.92523114670945E-17,
0.70710678118655));
#9284=DIRECTION('ref_axis',(0.70710678118655,0.,0.707106781186545));
#9285=DIRECTION('',(0.,1.,-5.55111512312578E-17));
#9286=DIRECTION('',(-0.357406744336592,0.862856209461017,-0.357406744336594));
#9287=DIRECTION('center_axis',(-0.707106781186549,-0.499999999999999,-0.499999999999999));
#9288=DIRECTION('ref_axis',(-0.577350269189625,0.,0.816496580927727));
#9289=DIRECTION('',(0.,-0.707106781186548,0.707106781186547));
#9290=DIRECTION('center_axis',(0.707106781186547,-7.85046229341888E-17,
-0.707106781186548));
#9291=DIRECTION('ref_axis',(-0.707106781186548,0.,-0.707106781186547));
#9292=DIRECTION('center_axis',(0.707106781186548,3.92523114670943E-17,0.707106781186547));
#9293=DIRECTION('ref_axis',(0.707106781186547,0.,-0.707106781186548));
#9294=DIRECTION('',(0.,-1.,5.55111512312578E-17));
#9295=DIRECTION('',(-0.39423705730636,-0.83015316977823,0.394237057306361));
#9296=DIRECTION('',(-0.35740674433659,-0.862856209461017,0.357406744336596));
#9297=DIRECTION('center_axis',(0.707106781186549,-0.499999999999999,-0.499999999999999));
#9298=DIRECTION('ref_axis',(-0.577350269189624,0.,-0.816496580927727));
#9299=DIRECTION('',(0.,0.707106781186548,-0.707106781186547));
#9300=DIRECTION('center_axis',(0.,5.55111512312578E-17,1.));
#9301=DIRECTION('ref_axis',(0.,-1.,5.55111512312578E-17));
#9302=DIRECTION('',(1.,0.,0.));
#9303=DIRECTION('',(0.,-1.,5.55111512312578E-17));
#9304=DIRECTION('',(-0.775008288150958,0.631951068752416,-3.50803313482704E-17));
#9305=DIRECTION('',(0.775008288150959,0.631951068752416,-3.50803313482704E-17));
#9306=DIRECTION('',(1.,0.,0.));
#9307=DIRECTION('',(-0.775008288150959,-0.631951068752416,3.50803313482704E-17));
#9308=DIRECTION('',(-0.775008288150959,0.631951068752416,-3.50803313482704E-17));
#9309=DIRECTION('',(0.,-1.,5.55111512312578E-17));
#9310=DIRECTION('',(1.,0.,0.));
#9311=DIRECTION('',(0.,1.,-5.55111512312578E-17));
#9312=DIRECTION('',(0.775008288150959,-0.631951068752416,3.50803313482704E-17));
#9313=DIRECTION('',(-0.775008288150959,-0.631951068752416,3.50803313482704E-17));
#9314=DIRECTION('',(0.,1.,-5.55111512312578E-17));
#9315=DIRECTION('',(1.,0.,0.));
#9316=DIRECTION('',(0.,-1.,5.55111512312578E-17));
#9317=DIRECTION('',(1.,0.,0.));
#9318=DIRECTION('',(0.775008288150959,0.631951068752416,-3.50803313482704E-17));
#9319=DIRECTION('',(0.775008288150959,-0.631951068752416,3.50803313482704E-17));
#9320=DIRECTION('',(1.,0.,0.));
#9321=DIRECTION('center_axis',(0.,-0.707106781186547,-0.707106781186548));
#9322=DIRECTION('ref_axis',(0.,0.707106781186548,-0.707106781186547));
#9323=DIRECTION('center_axis',(0.707106781186546,3.92523114670945E-17,0.707106781186549));
#9324=DIRECTION('ref_axis',(0.707106781186549,0.,-0.707106781186546));
#9325=DIRECTION('',(0.39423705730636,-0.830153169778232,-0.394237057306358));
#9326=DIRECTION('',(0.357406744336592,-0.862856209461016,-0.357406744336596));
#9327=DIRECTION('center_axis',(0.707106781186546,0.500000000000001,-0.500000000000001));
#9328=DIRECTION('ref_axis',(-0.577350269189628,0.,-0.816496580927725));
#9329=DIRECTION('',(0.,0.707106781186548,0.707106781186547));
#9330=DIRECTION('',(-0.577350269189628,4.53246651836839E-17,-0.816496580927725));
#9331=DIRECTION('center_axis',(0.707106781186549,0.499999999999999,0.499999999999999));
#9332=DIRECTION('ref_axis',(0.577350269189624,0.,-0.816496580927727));
#9333=DIRECTION('',(-0.577350269189625,3.41860033134855E-15,0.816496580927727));
#9334=DIRECTION('center_axis',(0.707106781186547,-0.500000000000001,0.500000000000001));
#9335=DIRECTION('ref_axis',(0.577350269189627,0.,-0.816496580927725));
#9336=DIRECTION('',(0.,-0.707106781186547,-0.707106781186548));
#9337=DIRECTION('',(-0.678598344545847,-0.678598344545848,0.281084637714817));
#9338=DIRECTION('center_axis',(0.707106781186561,-0.707106781186534,-3.92523114670937E-17));
#9339=DIRECTION('ref_axis',(-5.55111512312558E-17,0.,-1.));
#9340=DIRECTION('',(0.707106781186534,0.707106781186561,-3.92523114670951E-17));
#9341=DIRECTION('',(0.,5.55111512312578E-17,-1.));
#9342=DIRECTION('center_axis',(0.,-0.707106781186548,0.707106781186547));
#9343=DIRECTION('ref_axis',(0.,-0.707106781186547,-0.707106781186548));
#9344=DIRECTION('',(1.,0.,0.));
#9345=DIRECTION('center_axis',(0.,1.,5.55111512312578E-17));
#9346=DIRECTION('ref_axis',(-1.,0.,0.));
#9347=DIRECTION('',(0.845346848703436,2.96550475567329E-17,-0.534217844504627));
#9348=DIRECTION('',(-0.776826506141263,3.49561868846606E-17,-0.629714680912203));
#9349=DIRECTION('',(-0.776826506141263,-3.49561868846606E-17,0.629714680912203));
#9350=DIRECTION('',(0.845346848703436,-2.96550475567329E-17,0.534217844504627));
#9351=DIRECTION('',(0.,5.55111512312578E-17,-1.));
#9352=DIRECTION('',(1.,0.,0.));
#9353=DIRECTION('',(0.,-5.55111512312578E-17,1.));
#9354=DIRECTION('',(0.776826506141263,3.49561868846606E-17,-0.629714680912204));
#9355=DIRECTION('',(1.,0.,0.));
#9356=DIRECTION('',(0.,-5.55111512312578E-17,1.));
#9357=DIRECTION('',(1.,0.,0.));
#9358=DIRECTION('',(0.,5.55111512312578E-17,-1.));
#9359=DIRECTION('',(1.,0.,0.));
#9360=DIRECTION('',(0.776826506141263,-3.49561868846606E-17,0.629714680912204));
#9361=DIRECTION('',(1.,0.,0.));
#9362=DIRECTION('center_axis',(0.445275521085737,0.707106781186556,0.549299290297934));
#9363=DIRECTION('ref_axis',(0.776826506141263,0.,-0.629714680912204));
#9364=DIRECTION('',(-0.395246409612565,-0.395246409612569,0.829192710638938));
#9365=DIRECTION('',(-0.776826506141263,6.99123737693212E-17,0.629714680912204));
#9366=DIRECTION('',(-0.893996532250434,0.316836077746989,0.316836077746999));
#9367=DIRECTION('',(0.776826506141263,-6.99123737693212E-17,-0.629714680912204));
#9368=DIRECTION('center_axis',(0.,1.,-1.11022302462516E-16));
#9369=DIRECTION('ref_axis',(0.,1.11022302462516E-16,1.));
#9370=DIRECTION('',(0.,-1.11022302462516E-16,-1.));
#9371=DIRECTION('',(0.,1.11022302462516E-16,1.));
#9372=DIRECTION('',(1.,0.,0.));
#9373=DIRECTION('',(-0.776826506141263,-6.99123737693212E-17,-0.629714680912204));
#9374=DIRECTION('',(1.,0.,0.));
#9375=DIRECTION('',(0.776826506141263,-6.99123737693212E-17,-0.629714680912203));
#9376=DIRECTION('',(0.776826506141263,6.99123737693212E-17,0.629714680912203));
#9377=DIRECTION('',(-1.,0.,0.));
#9378=DIRECTION('',(1.,0.,0.));
#9379=DIRECTION('',(0.,-1.11022302462516E-16,-1.));
#9380=DIRECTION('center_axis',(0.,0.707106781186558,-0.707106781186537));
#9381=DIRECTION('ref_axis',(-1.,0.,0.));
#9382=DIRECTION('',(-1.,0.,0.));
#9383=DIRECTION('',(-0.893996532250432,-0.316836077746992,-0.316836077747001));
#9384=DIRECTION('center_axis',(-0.445275521085741,0.70710678118655,0.549299290297938));
#9385=DIRECTION('ref_axis',(0.776826506141263,0.,0.629714680912204));
#9386=DIRECTION('',(0.776826506141263,6.99123737693212E-17,0.629714680912204));
#9387=DIRECTION('center_axis',(0.,5.55111512312578E-17,1.));
#9388=DIRECTION('ref_axis',(-1.,0.,0.));
#9389=DIRECTION('',(8.81528617863005E-17,-1.,0.));
#9390=DIRECTION('',(0.846200388199462,-0.532864807442825,2.95799389117738E-17));
#9391=DIRECTION('center_axis',(-0.629714680912204,5.55111512312578E-17,
0.776826506141263));
#9392=DIRECTION('ref_axis',(-0.776826506141263,-5.55111512312578E-17,-0.629714680912204));
#9393=DIRECTION('',(-0.776826506141263,3.49561868846606E-17,-0.629714680912204));
#9394=DIRECTION('center_axis',(-0.44527552108575,-0.707106781186536,0.549299290297949));
#9395=DIRECTION('ref_axis',(0.776826506141263,0.,0.629714680912204));
#9396=DIRECTION('center_axis',(-0.445275521085738,0.707106781186554,-0.549299290297935));
#9397=DIRECTION('ref_axis',(-0.776826506141263,0.,0.629714680912203));
#9398=DIRECTION('',(-0.893996532250433,-0.316836077746993,0.316836077746999));
#9399=DIRECTION('',(-0.776826506141263,6.99123737693212E-17,0.629714680912203));
#9400=DIRECTION('',(0.,0.613472428652966,0.789716138421035));
#9401=DIRECTION('center_axis',(0.,0.707106781186554,0.707106781186541));
#9402=DIRECTION('ref_axis',(1.,0.,0.));
#9403=DIRECTION('',(1.,0.,0.));
#9404=DIRECTION('',(0.893996532250434,-0.316836077746991,0.316836077746999));
#9405=DIRECTION('center_axis',(0.445275521085739,0.707106781186552,-0.549299290297937));
#9406=DIRECTION('ref_axis',(-0.776826506141263,0.,-0.629714680912203));
#9407=DIRECTION('',(-0.776826506141263,-6.99123737693212E-17,-0.629714680912203));
#9408=DIRECTION('center_axis',(0.629714680912203,1.11022302462516E-16,-0.776826506141263));
#9409=DIRECTION('ref_axis',(0.776826506141263,5.55111512312578E-17,0.629714680912204));
#9410=DIRECTION('',(0.,-1.,-5.55111512312578E-17));
#9411=DIRECTION('',(0.776826506141263,-3.49561868846606E-17,0.629714680912203));
#9412=DIRECTION('',(1.76305723572601E-16,-1.,5.55111512312578E-17));
#9413=DIRECTION('center_axis',(-0.629714680912203,1.11022302462516E-16,
-0.776826506141263));
#9414=DIRECTION('ref_axis',(0.776826506141263,-5.55111512312578E-17,-0.629714680912204));
#9415=DIRECTION('',(1.76305723572601E-16,1.,-5.55111512312578E-17));
#9416=DIRECTION('',(0.776826506141263,3.49561868846606E-17,-0.629714680912203));
#9417=DIRECTION('center_axis',(-0.446856886092922,0.548013616027324,0.707106781186544));
#9418=DIRECTION('ref_axis',(0.845346848703435,0.,0.534217844504629));
#9419=DIRECTION('',(-0.775008288150959,-0.631951068752416,3.50803313482704E-17));
#9420=DIRECTION('',(-0.845346848703437,-1.58160253635908E-15,-0.534217844504625));
#9421=DIRECTION('center_axis',(-0.44685688609292,-0.548013616027321,0.707106781186547));
#9422=DIRECTION('ref_axis',(0.845346848703438,0.,0.534217844504625));
#9423=DIRECTION('',(0.775008288150958,-0.631951068752416,3.50803313482704E-17));
#9424=DIRECTION('center_axis',(-0.631951068752416,0.775008288150959,0.));
#9425=DIRECTION('ref_axis',(-0.775008288150959,-0.631951068752416,0.));
#9426=DIRECTION('',(0.,-2.22044604925031E-16,1.));
#9427=DIRECTION('center_axis',(-0.631951068752416,-0.775008288150958,5.55111512312578E-17));
#9428=DIRECTION('ref_axis',(0.775008288150958,-0.631951068752416,0.));
#9429=DIRECTION('center_axis',(-0.446856886092916,-0.548013616027316,0.707106781186553));
#9430=DIRECTION('ref_axis',(0.845346848703442,0.,0.534217844504619));
#9431=DIRECTION('',(7.25435425196675E-15,-0.790411880237396,-0.612575758236958));
#9432=DIRECTION('center_axis',(0.44685688609292,-0.548013616027322,0.707106781186546));
#9433=DIRECTION('ref_axis',(0.845346848703437,0.,-0.534217844504626));
#9434=DIRECTION('',(0.775008288150959,0.631951068752416,-3.50803313482704E-17));
#9435=DIRECTION('center_axis',(0.631951068752416,-0.775008288150959,-5.55111512312578E-17));
#9436=DIRECTION('ref_axis',(0.775008288150959,0.631951068752416,0.));
#9437=DIRECTION('center_axis',(0.,-0.707106781186532,0.707106781186563));
#9438=DIRECTION('ref_axis',(1.,0.,0.));
#9439=DIRECTION('',(-0.893173838434543,0.317994099266098,0.317994099266084));
#9440=DIRECTION('',(-0.893173838434543,-0.317994099266098,-0.317994099266084));
#9441=DIRECTION('',(-0.893996532250426,0.316836077747012,0.316836077746999));
#9442=DIRECTION('',(-1.,0.,0.));
#9443=DIRECTION('',(0.893996532250431,0.316836077747,0.316836077746997));
#9444=DIRECTION('center_axis',(-0.445275521085753,-0.70710678118653,-0.549299290297954));
#9445=DIRECTION('ref_axis',(-0.776826506141263,0.,0.629714680912203));
#9446=DIRECTION('',(-0.243609575210474,0.686001698530277,-0.685606333459186));
#9447=DIRECTION('',(0.,0.613472428652982,-0.789716138421023));
#9448=DIRECTION('center_axis',(0.445275521085746,-0.707106781186541,-0.549299290297945));
#9449=DIRECTION('ref_axis',(-0.776826506141263,0.,-0.629714680912204));
#9450=DIRECTION('',(-0.243609575210492,-0.686001698530267,0.685606333459189));
#9451=DIRECTION('center_axis',(0.,5.55111512312578E-17,1.));
#9452=DIRECTION('ref_axis',(0.,-1.,5.55111512312578E-17));
#9453=DIRECTION('center_axis',(0.44527552108575,-0.707106781186536,0.549299290297949));
#9454=DIRECTION('ref_axis',(0.776826506141263,0.,-0.629714680912204));
#9455=DIRECTION('',(-0.776826506141263,-3.49561868846606E-17,0.629714680912204));
#9456=DIRECTION('',(0.846200388199463,0.532864807442825,-2.95799389117737E-17));
#9457=DIRECTION('',(-0.395246409612565,0.395246409612589,0.829192710638928));
#9458=DIRECTION('center_axis',(-0.707106781186573,-0.707106781186522,-3.9252311467093E-17));
#9459=DIRECTION('ref_axis',(-5.55111512312539E-17,0.,1.));
#9460=DIRECTION('',(0.577350269189598,-0.577350269189639,-0.577350269189639));
#9461=DIRECTION('',(0.,5.55111512312578E-17,-1.));
#9462=DIRECTION('center_axis',(0.629714680912204,0.,0.776826506141263));
#9463=DIRECTION('ref_axis',(-0.776826506141263,0.,0.629714680912204));
#9464=DIRECTION('',(8.81528617863005E-17,1.,0.));
#9465=DIRECTION('',(0.,-1.,-5.55111512312578E-17));
#9466=DIRECTION('center_axis',(1.,0.,0.));
#9467=DIRECTION('ref_axis',(0.,1.,5.55111512312578E-17));
#9468=DIRECTION('',(0.,0.707106781186548,0.707106781186547));
#9469=DIRECTION('',(0.,-1.,5.55111512312578E-17));
#9470=DIRECTION('',(0.,5.55111512312578E-17,-1.));
#9471=DIRECTION('',(0.,1.,-1.11022302462516E-16));
#9472=DIRECTION('',(0.,-5.55111512312578E-17,1.));
#9473=DIRECTION('',(0.,-1.,5.55111512312578E-17));
#9474=DIRECTION('',(0.,0.707106781186548,-0.707106781186547));
#9475=DIRECTION('',(0.,-0.707106781186547,0.707106781186548));
#9476=DIRECTION('',(0.,-0.707106781186547,-0.707106781186548));
#9477=DIRECTION('',(0.,5.55111512312578E-17,-1.));
#9478=DIRECTION('',(0.,-1.,1.11022302462516E-16));
#9479=DIRECTION('',(0.,1.11022302462516E-16,1.));
#9480=DIRECTION('center_axis',(0.,0.707106781186558,-0.707106781186537));
#9481=DIRECTION('ref_axis',(-1.,0.,0.));
#9482=DIRECTION('',(-1.,0.,0.));
#9483=DIRECTION('',(-0.577350269189625,-0.577350269189618,-0.577350269189635));
#9484=DIRECTION('center_axis',(-0.707106781186552,0.707106781186543,-7.85046229341883E-17));
#9485=DIRECTION('ref_axis',(-1.11022302462514E-16,0.,1.));
#9486=DIRECTION('center_axis',(0.,5.55111512312578E-17,1.));
#9487=DIRECTION('ref_axis',(-1.,0.,0.));
#9488=DIRECTION('',(0.707106781186522,-0.707106781186573,3.92523114670958E-17));
#9489=DIRECTION('center_axis',(0.446856886092921,0.548013616027322,0.707106781186545));
#9490=DIRECTION('ref_axis',(0.845346848703436,0.,-0.534217844504627));
#9491=DIRECTION('',(7.25435425196689E-15,0.790411880237395,-0.61257575823696));
#9492=DIRECTION('center_axis',(-0.446856886092921,0.548013616027323,0.707106781186545));
#9493=DIRECTION('ref_axis',(0.845346848703436,0.,0.534217844504627));
#9494=DIRECTION('',(-0.775008288150959,-0.631951068752416,3.50803313482704E-17));
#9495=DIRECTION('center_axis',(-0.631951068752416,0.775008288150959,-5.55111512312578E-17));
#9496=DIRECTION('ref_axis',(-0.775008288150959,-0.631951068752416,0.));
#9497=DIRECTION('center_axis',(-0.707106781186573,-0.707106781186522,-3.9252311467093E-17));
#9498=DIRECTION('ref_axis',(-5.55111512312539E-17,0.,1.));
#9499=DIRECTION('',(0.678598344545836,-0.67859834454586,0.281084637714817));
#9500=DIRECTION('center_axis',(-0.70710678118655,-0.499999999999998,0.499999999999998));
#9501=DIRECTION('ref_axis',(0.577350269189623,0.,0.816496580927728));
#9502=DIRECTION('',(0.57735026918962,0.,0.81649658092773));
#9503=DIRECTION('',(0.,0.707106781186547,0.707106781186548));
#9504=DIRECTION('center_axis',(-0.707106781186553,0.499999999999996,0.499999999999996));
#9505=DIRECTION('ref_axis',(0.57735026918962,0.,0.81649658092773));
#9506=DIRECTION('',(0.,0.707106781186547,-0.707106781186548));
#9507=DIRECTION('center_axis',(0.,-0.707106781186548,0.707106781186547));
#9508=DIRECTION('ref_axis',(0.,-0.707106781186547,-0.707106781186548));
#9509=DIRECTION('',(1.,0.,0.));
#9510=DIRECTION('',(0.,-0.707106781186547,-0.707106781186548));
#9511=DIRECTION('center_axis',(0.,0.707106781186548,0.707106781186547));
#9512=DIRECTION('ref_axis',(0.,-0.707106781186547,0.707106781186548));
#9513=DIRECTION('',(0.,-0.707106781186547,0.707106781186548));
#9514=DIRECTION('center_axis',(-0.707106781186551,-7.85046229341884E-17,
-0.707106781186544));
#9515=DIRECTION('ref_axis',(-0.707106781186544,0.,0.707106781186551));
#9516=DIRECTION('center_axis',(-0.707106781186551,3.92523114670942E-17,
0.707106781186544));
#9517=DIRECTION('ref_axis',(0.707106781186544,0.,0.707106781186551));
#9518=DIRECTION('',(-0.577350269189622,-0.577350269189628,-0.577350269189628));
#9519=DIRECTION('',(-0.39423705730636,-0.830153169778233,-0.394237057306355));
#9520=DIRECTION('center_axis',(0.446856886092921,-0.548013616027322,0.707106781186546));
#9521=DIRECTION('ref_axis',(0.845346848703437,0.,-0.534217844504626));
#9522=DIRECTION('',(0.845346848703436,-3.16320507271816E-15,-0.534217844504627));
#9523=DIRECTION('',(0.775008288150959,0.631951068752416,-3.50803313482704E-17));
#9524=DIRECTION('center_axis',(0.446856886092921,0.548013616027323,0.707106781186545));
#9525=DIRECTION('ref_axis',(0.845346848703436,0.,-0.534217844504627));
#9526=DIRECTION('',(-0.394237057306356,0.830153169778232,-0.39423705730636));
#9527=DIRECTION('',(-0.775008288150959,0.631951068752416,-3.50803313482704E-17));
#9528=DIRECTION('center_axis',(-0.707106781186554,-0.499999999999995,-0.499999999999996));
#9529=DIRECTION('ref_axis',(-0.577350269189619,0.,0.816496580927731));
#9530=DIRECTION('',(0.,-0.707106781186548,0.707106781186547));
#9531=DIRECTION('',(0.357406744336587,-0.862856209461018,0.357406744336595));
#9532=DIRECTION('center_axis',(-0.707106781186551,3.92523114670942E-17,
0.707106781186544));
#9533=DIRECTION('ref_axis',(0.707106781186544,0.,0.707106781186551));
#9534=DIRECTION('center_axis',(0.631951068752416,-0.775008288150959,0.));
#9535=DIRECTION('ref_axis',(0.775008288150959,0.631951068752416,0.));
#9536=DIRECTION('',(0.,-2.22044604925031E-16,1.));
#9537=DIRECTION('center_axis',(0.631951068752416,0.775008288150959,5.55111512312578E-17));
#9538=DIRECTION('ref_axis',(-0.775008288150959,0.631951068752416,0.));
#9539=DIRECTION('center_axis',(0.707106781186556,-0.707106781186539,-3.92523114670939E-17));
#9540=DIRECTION('ref_axis',(-5.55111512312565E-17,0.,-1.));
#9541=DIRECTION('',(-0.357406744336594,-0.357406744336589,-0.862856209461018));
#9542=DIRECTION('',(-0.577350269189624,-0.577350269189624,0.57735026918963));
#9543=DIRECTION('center_axis',(0.707106781186551,0.499999999999998,-0.499999999999998));
#9544=DIRECTION('ref_axis',(-0.577350269189623,0.,-0.816496580927728));
#9545=DIRECTION('',(-0.357406744336588,0.862856209461018,0.357406744336596));
#9546=DIRECTION('',(0.,0.707106781186548,0.707106781186547));
#9547=DIRECTION('center_axis',(0.707106781186549,3.92523114670943E-17,0.707106781186546));
#9548=DIRECTION('ref_axis',(0.707106781186546,0.,-0.707106781186549));
#9549=DIRECTION('center_axis',(0.707106781186549,3.92523114670943E-17,0.707106781186546));
#9550=DIRECTION('ref_axis',(0.707106781186546,0.,-0.707106781186549));
#9551=DIRECTION('',(-0.357406744336588,-0.862856209461018,0.357406744336595));
#9552=DIRECTION('center_axis',(0.707106781186549,0.298836238730119,-0.640856382055787));
#9553=DIRECTION('ref_axis',(-0.671542934237816,0.,-0.74096564527329));
#9554=DIRECTION('',(0.633687274224637,0.134332375957564,0.76183676155417));
#9555=DIRECTION('center_axis',(0.707106781186553,-0.499999999999996,-0.499999999999996));
#9556=DIRECTION('ref_axis',(-0.57735026918962,0.,-0.81649658092773));
#9557=DIRECTION('',(0.,0.707106781186548,-0.707106781186547));
#9558=DIRECTION('center_axis',(0.,-0.707106781186547,-0.707106781186548));
#9559=DIRECTION('ref_axis',(0.,0.707106781186548,-0.707106781186547));
#9560=DIRECTION('center_axis',(0.707106781186547,-0.5,0.5));
#9561=DIRECTION('ref_axis',(0.577350269189626,0.,-0.816496580927726));
#9562=DIRECTION('',(-0.678598344545849,-0.678598344545841,0.281084637714832));
#9563=DIRECTION('',(-0.577350269189623,0.,0.816496580927728));
#9564=DIRECTION('center_axis',(0.707106781186549,0.298836238730119,-0.640856382055787));
#9565=DIRECTION('ref_axis',(-0.671542934237816,0.,-0.74096564527329));
#9566=DIRECTION('',(0.473306150771122,0.473306150771128,0.742941838426429));
#9567=DIRECTION('',(-0.49754281216452,0.854261067613376,-0.150629274789054));
#9568=DIRECTION('center_axis',(0.707106781186556,-0.707106781186539,-3.92523114670939E-17));
#9569=DIRECTION('ref_axis',(-5.55111512312565E-17,0.,-1.));
#9570=DIRECTION('center_axis',(0.70710678118655,0.499999999999998,0.499999999999998));
#9571=DIRECTION('ref_axis',(0.577350269189623,0.,-0.816496580927728));
#9572=DIRECTION('center_axis',(0.577350269189629,-0.577350269189624,-0.577350269189624));
#9573=DIRECTION('ref_axis',(-0.707106781186544,0.,-0.707106781186551));
#9574=DIRECTION('',(0.707106781186544,0.707106781186551,0.));
#9575=DIRECTION('',(0.,-0.707106781186547,0.707106781186548));
#9576=DIRECTION('',(-0.707106781186544,0.,-0.707106781186551));
#9577=DIRECTION('center_axis',(0.577350269189637,0.577350269189617,-0.577350269189624));
#9578=DIRECTION('ref_axis',(-0.70710678118654,0.,-0.707106781186555));
#9579=DIRECTION('',(0.707106781186544,-8.37382644631351E-15,0.707106781186551));
#9580=DIRECTION('',(0.,-0.707106781186552,-0.707106781186543));
#9581=DIRECTION('',(-0.707106781186539,0.707106781186556,-7.85046229341886E-15));
#9582=DIRECTION('center_axis',(-0.577350269189626,-0.577350269189626,-0.577350269189625));
#9583=DIRECTION('ref_axis',(-0.707106781186547,0.,0.707106781186548));
#9584=DIRECTION('',(0.707106781186548,-0.707106781186547,0.));
#9585=DIRECTION('',(-0.707106781186547,0.,0.707106781186548));
#9586=DIRECTION('',(0.,0.707106781186547,-0.707106781186548));
#9587=DIRECTION('center_axis',(-0.577350269189634,0.577350269189618,-0.577350269189626));
#9588=DIRECTION('ref_axis',(-0.707106781186543,0.,0.707106781186552));
#9589=DIRECTION('',(0.707106781186547,8.37382644631346E-15,-0.707106781186548));
#9590=DIRECTION('',(-0.707106781186542,-0.707106781186553,8.37382644631341E-15));
#9591=DIRECTION('',(-5.23364152894594E-16,0.707106781186552,0.707106781186543));
#9592=DIRECTION('center_axis',(-0.707106781186553,0.707106781186542,-7.85046229341882E-17));
#9593=DIRECTION('ref_axis',(-1.11022302462514E-16,0.,1.));
#9594=DIRECTION('center_axis',(0.,0.707106781186543,-0.707106781186552));
#9595=DIRECTION('ref_axis',(-1.,0.,0.));
#9596=DIRECTION('center_axis',(-0.707106781186548,-7.85046229341887E-17,
-0.707106781186547));
#9597=DIRECTION('ref_axis',(-0.707106781186547,0.,0.707106781186548));
#9598=DIRECTION('center_axis',(0.,-0.707106781186548,-0.707106781186547));
#9599=DIRECTION('ref_axis',(-1.,0.,0.));
#9600=DIRECTION('',(-1.,0.,0.));
#9601=DIRECTION('center_axis',(-0.707106781186547,-0.707106781186548,0.));
#9602=DIRECTION('ref_axis',(0.,0.,1.));
#9603=DIRECTION('',(0.,0.,1.));
#9604=DIRECTION('center_axis',(0.707106781186556,0.707106781186539,-7.85046229341878E-17));
#9605=DIRECTION('ref_axis',(-1.11022302462513E-16,0.,-1.));
#9606=DIRECTION('center_axis',(0.707106781186551,-7.85046229341884E-17,
-0.707106781186544));
#9607=DIRECTION('ref_axis',(-0.707106781186544,0.,-0.707106781186551));
#9608=DIRECTION('center_axis',(0.707106781186551,-0.707106781186544,0.));
#9609=DIRECTION('ref_axis',(0.,0.,-1.));
#9610=DIRECTION('',(0.,0.,-1.));
#9611=DIRECTION('center_axis',(0.,-1.,0.));
#9612=DIRECTION('ref_axis',(0.,0.,-1.));
#9613=DIRECTION('',(1.,0.,0.));
#9614=DIRECTION('',(0.,0.,1.));
#9615=DIRECTION('',(-1.,0.,0.));
#9616=DIRECTION('',(1.,0.,0.));
#9617=DIRECTION('',(0.,0.,-1.));
#9618=DIRECTION('',(1.,0.,0.));
#9619=DIRECTION('',(0.,0.,1.));
#9620=DIRECTION('',(-0.488953307271695,0.,0.872309958276341));
#9621=DIRECTION('',(0.,0.,-1.));
#9622=DIRECTION('',(0.,0.,1.));
#9623=DIRECTION('',(1.,0.,0.));
#9624=DIRECTION('',(0.5448464068152,0.,-0.838535862668119));
#9625=DIRECTION('',(0.557607527511445,0.,0.830104719455668));
#9626=DIRECTION('',(0.,0.,-1.));
#9627=DIRECTION('',(-1.,0.,0.));
#9628=DIRECTION('',(0.284707008152318,5.55111512312578E-17,0.958614583400939));
#9629=DIRECTION('',(0.27662235034709,-1.11022302462516E-16,-0.960978706990145));
#9630=DIRECTION('',(0.,0.,1.));
#9631=DIRECTION('',(1.,0.,0.));
#9632=DIRECTION('',(0.,0.,-1.));
#9633=DIRECTION('',(1.,0.,0.));
#9634=DIRECTION('',(0.440199384383861,0.,-0.897900051224004));
#9635=DIRECTION('',(-0.439601321401201,0.,-0.898193007221899));
#9636=DIRECTION('',(0.,0.,-1.));
#9637=DIRECTION('',(-1.,0.,0.));
#9638=DIRECTION('',(-0.496773338474984,0.,0.867880320194218));
#9639=DIRECTION('',(-0.491697662509629,0.,-0.870765989622107));
#9640=DIRECTION('',(0.492524384091469,-5.55111512312578E-17,0.870298644762428));
#9641=DIRECTION('',(-0.508226044202365,-5.55111512312578E-17,0.861223715415696));
#9642=DIRECTION('center_axis',(0.,-2.77555756156289E-16,1.));
#9643=DIRECTION('ref_axis',(1.,0.,0.));
#9644=DIRECTION('',(0.,1.,2.77555756156289E-16));
#9645=DIRECTION('center_axis',(1.,0.,0.));
#9646=DIRECTION('ref_axis',(0.,1.11022302462516E-16,-1.));
#9647=DIRECTION('',(0.,1.,2.77555756156289E-16));
#9648=DIRECTION('center_axis',(0.,-2.77555756156289E-16,1.));
#9649=DIRECTION('ref_axis',(1.,0.,0.));
#9650=DIRECTION('',(0.,1.,2.77555756156289E-16));
#9651=DIRECTION('',(0.,1.,2.77555756156289E-16));
#9652=DIRECTION('',(0.,1.,2.77555756156289E-16));
#9653=DIRECTION('',(0.,1.,2.77555756156289E-16));
#9654=DIRECTION('',(0.,1.,2.77555756156289E-16));
#9655=DIRECTION('center_axis',(0.,2.77555756156289E-16,-1.));
#9656=DIRECTION('ref_axis',(-1.,0.,0.));
#9657=DIRECTION('',(0.,1.,2.77555756156289E-16));
#9658=DIRECTION('center_axis',(-1.,0.,0.));
#9659=DIRECTION('ref_axis',(0.,-1.11022302462516E-16,1.));
#9660=DIRECTION('',(0.,1.,2.77555756156289E-16));
#9661=DIRECTION('center_axis',(0.,-2.77555756156289E-16,1.));
#9662=DIRECTION('ref_axis',(1.,0.,0.));
#9663=DIRECTION('',(0.,1.,2.77555756156289E-16));
#9664=DIRECTION('center_axis',(-0.830104719455668,-5.55111512312578E-17,
0.557607527511445));
#9665=DIRECTION('ref_axis',(0.557607527511445,-1.11022302462516E-16,0.830104719455668));
#9666=DIRECTION('',(0.,1.,1.11022302462516E-16));
#9667=DIRECTION('center_axis',(0.838535862668119,-2.77555756156289E-17,
0.5448464068152));
#9668=DIRECTION('ref_axis',(0.5448464068152,5.55111512312578E-17,-0.838535862668118));
#9669=DIRECTION('',(0.,1.,1.11022302462516E-16));
#9670=DIRECTION('center_axis',(0.,-1.11022302462516E-16,1.));
#9671=DIRECTION('ref_axis',(1.,0.,0.));
#9672=DIRECTION('',(0.,1.,1.11022302462516E-16));
#9673=DIRECTION('center_axis',(-1.,0.,0.));
#9674=DIRECTION('ref_axis',(0.,-1.11022302462516E-16,1.));
#9675=DIRECTION('',(0.,1.,1.11022302462516E-16));
#9676=DIRECTION('',(0.,1.,1.11022302462516E-16));
#9677=DIRECTION('',(0.,1.,1.11022302462516E-16));
#9678=DIRECTION('',(0.,1.,1.11022302462516E-16));
#9679=DIRECTION('',(0.,1.,1.11022302462516E-16));
#9680=DIRECTION('center_axis',(1.,0.,0.));
#9681=DIRECTION('ref_axis',(0.,1.11022302462516E-16,-1.));
#9682=DIRECTION('',(0.,1.,1.11022302462516E-16));
#9683=DIRECTION('center_axis',(-0.872309958276341,5.55111512312578E-17,
-0.488953307271695));
#9684=DIRECTION('ref_axis',(-0.488953307271695,0.,0.872309958276341));
#9685=DIRECTION('',(0.,1.,1.11022302462516E-16));
#9686=DIRECTION('center_axis',(-1.,0.,0.));
#9687=DIRECTION('ref_axis',(0.,-1.11022302462516E-16,1.));
#9688=DIRECTION('',(0.,1.,1.11022302462516E-16));
#9689=DIRECTION('center_axis',(0.,2.77555756156289E-16,-1.));
#9690=DIRECTION('ref_axis',(-1.,0.,0.));
#9691=DIRECTION('',(0.,1.,2.77555756156289E-16));
#9692=DIRECTION('center_axis',(1.,0.,0.));
#9693=DIRECTION('ref_axis',(0.,1.11022302462516E-16,-1.));
#9694=DIRECTION('center_axis',(-0.964970424188159,6.93889390390723E-17,
-0.262358686614573));
#9695=DIRECTION('ref_axis',(-0.262358686614573,-1.11022302462516E-16,0.964970424188159));
#9696=DIRECTION('',(-0.262358686614573,0.,0.964970424188159));
#9697=DIRECTION('',(0.,1.,2.77555756156289E-16));
#9698=DIRECTION('',(0.,1.,2.77555756156289E-16));
#9699=DIRECTION('',(0.,1.,2.77555756156289E-16));
#9700=DIRECTION('center_axis',(0.960978706990145,-5.55111512312578E-17,
0.27662235034709));
#9701=DIRECTION('ref_axis',(0.27662235034709,5.55111512312578E-17,-0.960978706990145));
#9702=DIRECTION('',(0.,1.,2.77555756156289E-16));
#9703=DIRECTION('',(0.,1.,2.77555756156289E-16));
#9704=DIRECTION('',(0.,1.,2.77555756156289E-16));
#9705=DIRECTION('center_axis',(-0.958614583400939,-8.32667268468867E-17,
0.284707008152318));
#9706=DIRECTION('ref_axis',(0.284707008152318,-5.55111512312578E-17,0.958614583400939));
#9707=DIRECTION('',(0.,1.,2.77555756156289E-16));
#9708=DIRECTION('',(0.,1.,2.77555756156289E-16));
#9709=DIRECTION('',(0.,1.,2.77555756156289E-16));
#9710=DIRECTION('center_axis',(0.,-2.77555756156289E-16,1.));
#9711=DIRECTION('ref_axis',(1.,0.,0.));
#9712=DIRECTION('',(1.,0.,0.));
#9713=DIRECTION('',(0.,1.,2.77555756156289E-16));
#9714=DIRECTION('center_axis',(1.,0.,0.));
#9715=DIRECTION('ref_axis',(0.,1.11022302462516E-16,-1.));
#9716=DIRECTION('',(0.,0.,-1.));
#9717=DIRECTION('center_axis',(1.,0.,0.));
#9718=DIRECTION('ref_axis',(0.,1.11022302462516E-16,-1.));
#9719=DIRECTION('',(0.,1.,2.77555756156289E-16));
#9720=DIRECTION('',(0.,1.,2.77555756156289E-16));
#9721=DIRECTION('',(0.,1.,2.77555756156289E-16));
#9722=DIRECTION('center_axis',(0.,-2.77555756156289E-16,1.));
#9723=DIRECTION('ref_axis',(1.,0.,0.));
#9724=DIRECTION('',(0.,1.,2.77555756156289E-16));
#9725=DIRECTION('center_axis',(-1.,0.,0.));
#9726=DIRECTION('ref_axis',(0.,-1.11022302462516E-16,1.));
#9727=DIRECTION('',(0.,1.,2.77555756156289E-16));
#9728=DIRECTION('',(0.,1.,5.55111512312578E-17));
#9729=DIRECTION('center_axis',(-0.0116468200498726,-5.55111512312579E-17,
0.999932173491145));
#9730=DIRECTION('ref_axis',(0.999932173491145,-1.73472347597681E-18,0.0116468200498726));
#9731=DIRECTION('',(0.999932173491145,0.,0.0116468200498726));
#9732=DIRECTION('',(0.,1.,5.55111512312578E-17));
#9733=DIRECTION('center_axis',(1.,0.,0.));
#9734=DIRECTION('ref_axis',(0.,1.11022302462516E-16,-1.));
#9735=DIRECTION('',(0.,0.,-1.));
#9736=DIRECTION('',(0.,1.,5.55111512312578E-17));
#9737=DIRECTION('center_axis',(0.,5.55111512312578E-17,-1.));
#9738=DIRECTION('ref_axis',(-1.,0.,0.));
#9739=DIRECTION('',(-1.,0.,0.));
#9740=DIRECTION('',(0.,1.,5.55111512312578E-17));
#9741=DIRECTION('',(0.,1.,5.55111512312578E-17));
#9742=DIRECTION('center_axis',(0.898193007221899,5.55111512312578E-17,-0.439601321401201));
#9743=DIRECTION('ref_axis',(-0.439601321401201,5.55111512312578E-17,-0.898193007221899));
#9744=DIRECTION('',(0.,1.,5.55111512312578E-17));
#9745=DIRECTION('',(0.,1.,5.55111512312578E-17));
#9746=DIRECTION('',(0.,1.,5.55111512312578E-17));
#9747=DIRECTION('center_axis',(0.897900051224004,2.77555756156289E-17,0.440199384383861));
#9748=DIRECTION('ref_axis',(0.440199384383861,1.66533453693773E-16,-0.897900051224004));
#9749=DIRECTION('',(0.,1.,5.55111512312578E-17));
#9750=DIRECTION('',(0.,1.,5.55111512312578E-17));
#9751=DIRECTION('',(0.,1.,5.55111512312578E-17));
#9752=DIRECTION('center_axis',(0.,-5.55111512312578E-17,1.));
#9753=DIRECTION('ref_axis',(1.,0.,0.));
#9754=DIRECTION('',(0.,1.,5.55111512312578E-17));
#9755=DIRECTION('',(0.,1.,-5.55111512312578E-17));
#9756=DIRECTION('center_axis',(0.,-5.55111512312578E-17,-1.));
#9757=DIRECTION('ref_axis',(-1.,0.,0.));
#9758=DIRECTION('',(0.,1.,-5.55111512312578E-17));
#9759=DIRECTION('',(0.,1.,-5.55111512312578E-17));
#9760=DIRECTION('',(0.,1.,-5.55111512312578E-17));
#9761=DIRECTION('center_axis',(1.,0.,0.));
#9762=DIRECTION('ref_axis',(0.,1.11022302462516E-16,-1.));
#9763=DIRECTION('',(0.,1.,-5.55111512312578E-17));
#9764=DIRECTION('',(0.,1.,2.77555756156289E-16));
#9765=DIRECTION('',(0.,1.,2.77555756156289E-16));
#9766=DIRECTION('',(0.,1.,2.77555756156289E-16));
#9767=DIRECTION('',(0.,1.,2.77555756156289E-16));
#9768=DIRECTION('center_axis',(-0.861223715415696,1.38777878078145E-16,
-0.508226044202365));
#9769=DIRECTION('ref_axis',(-0.508226044202365,-1.11022302462516E-16,0.861223715415696));
#9770=DIRECTION('',(0.,1.,2.77555756156289E-16));
#9771=DIRECTION('center_axis',(-0.870298644762428,-1.38777878078145E-16,
0.492524384091469));
#9772=DIRECTION('ref_axis',(0.492524384091469,-1.11022302462516E-16,0.870298644762428));
#9773=DIRECTION('',(0.,1.,2.77555756156289E-16));
#9774=DIRECTION('',(0.,1.,2.77555756156289E-16));
#9775=DIRECTION('',(0.,1.,2.77555756156289E-16));
#9776=DIRECTION('',(0.,1.,2.77555756156289E-16));
#9777=DIRECTION('',(0.,1.,2.77555756156289E-16));
#9778=DIRECTION('center_axis',(0.870765989622107,1.11022302462516E-16,-0.491697662509629));
#9779=DIRECTION('ref_axis',(-0.491697662509629,0.,-0.870765989622107));
#9780=DIRECTION('',(0.,1.,2.77555756156289E-16));
#9781=DIRECTION('center_axis',(-0.867880320194218,8.32667268468867E-17,
-0.496773338474984));
#9782=DIRECTION('ref_axis',(-0.496773338474984,-1.11022302462516E-16,0.867880320194218));
#9783=DIRECTION('center_axis',(0.,-1.,0.));
#9784=DIRECTION('ref_axis',(0.,0.,-1.));
#9785=DIRECTION('center_axis',(0.,-1.,0.));
#9786=DIRECTION('ref_axis',(0.,0.,-1.));
#9787=DIRECTION('center_axis',(-1.,0.,0.));
#9788=DIRECTION('ref_axis',(0.,-0.90630778703665,-0.422618261740699));
#9789=DIRECTION('',(0.,0.422618261740699,-0.90630778703665));
#9790=DIRECTION('',(0.,0.422618261740699,-0.90630778703665));
#9791=DIRECTION('center_axis',(0.,0.90630778703665,0.422618261740699));
#9792=DIRECTION('ref_axis',(-1.,0.,0.));
#9793=DIRECTION('',(0.,-0.422618261740699,0.90630778703665));
#9794=DIRECTION('center_axis',(1.,0.,0.));
#9795=DIRECTION('ref_axis',(0.,-0.90630778703665,-0.422618261740699));
#9796=DIRECTION('',(0.,-0.422618261740699,0.90630778703665));
#9797=DIRECTION('center_axis',(0.,0.90630778703665,0.422618261740699));
#9798=DIRECTION('ref_axis',(1.,0.,0.));
#9799=DIRECTION('center_axis',(0.,-0.90630778703665,-0.422618261740699));
#9800=DIRECTION('ref_axis',(1.,0.,0.));
#9801=DIRECTION('',(0.,-0.422618261740699,0.90630778703665));
#9802=DIRECTION('center_axis',(0.,0.707106781186547,-0.707106781186548));
#9803=DIRECTION('ref_axis',(0.,0.707106781186548,0.707106781186547));
#9804=DIRECTION('center_axis',(0.,0.707106781186547,-0.707106781186548));
#9805=DIRECTION('ref_axis',(0.,0.707106781186548,0.707106781186547));
#9806=DIRECTION('center_axis',(0.,-1.,0.));
#9807=DIRECTION('ref_axis',(0.,0.,-1.));
#9808=DIRECTION('center_axis',(1.,0.,0.));
#9809=DIRECTION('ref_axis',(0.,0.90630778703665,0.422618261740699));
#9810=DIRECTION('',(0.,0.,1.));
#9811=DIRECTION('',(1.,0.,0.));
#9812=CARTESIAN_POINT('',(0.,0.,0.));
#9813=CARTESIAN_POINT('',(0.,0.,0.));
#9814=CARTESIAN_POINT('Origin',(-40.,83.8052068184551,58.1394477989865));
#9815=CARTESIAN_POINT('',(81.5,-14.8463958004842,12.1374500085113));
#9816=CARTESIAN_POINT('',(7.85,-14.8463958004842,12.1374500085113));
#9817=CARTESIAN_POINT('',(20.75,-14.8463958004842,12.1374500085114));
#9818=CARTESIAN_POINT('',(81.5,44.2811242257868,39.7090654044746));
#9819=CARTESIAN_POINT('',(81.5,64.043165522121,48.9242566017305));
#9820=CARTESIAN_POINT('',(7.85,44.2811242257868,39.7090654044746));
#9821=CARTESIAN_POINT('',(-16.075,44.2811242257868,39.7090654044746));
#9822=CARTESIAN_POINT('',(7.85,34.4794055089854,35.1384489037489));
#9823=CARTESIAN_POINT('',(14.445,-3.90272927201668,17.2405655190303));
#9824=CARTESIAN_POINT('Origin',(14.445,-4.67309089099783,16.8813399965507));
#9825=CARTESIAN_POINT('',(19.525,-2.86047531692453,17.7265765200321));
#9826=CARTESIAN_POINT('Origin',(19.525,-4.67309089099783,16.8813399965507));
#9827=CARTESIAN_POINT('',(15.715,-1.69133827164724,18.2717540776776));
#9828=CARTESIAN_POINT('Origin',(15.715,-2.37106911192472,17.9547903813721));
#9829=CARTESIAN_POINT('',(24.605,-3.90272927201668,17.2405655190303));
#9830=CARTESIAN_POINT('Origin',(24.605,-4.67309089099783,16.8813399965507));
#9831=CARTESIAN_POINT('',(22.065,0.610683507425854,19.345204462499));
#9832=CARTESIAN_POINT('Origin',(22.065,-0.0690473328516339,19.0282407661935));
#9833=CARTESIAN_POINT('',(33.495,-3.90272927201668,17.2405655190303));
#9834=CARTESIAN_POINT('Origin',(33.495,-4.67309089099783,16.8813399965507));
#9835=CARTESIAN_POINT('',(34.765,-1.69133827164724,18.2717540776776));
#9836=CARTESIAN_POINT('Origin',(34.765,-2.37106911192472,17.9547903813721));
#9837=CARTESIAN_POINT('',(38.575,-2.86047531692453,17.7265765200321));
#9838=CARTESIAN_POINT('Origin',(38.575,-4.67309089099783,16.8813399965507));
#9839=CARTESIAN_POINT('',(43.655,-3.90272927201668,17.2405655190303));
#9840=CARTESIAN_POINT('Origin',(43.655,-4.67309089099783,16.8813399965507));
#9841=CARTESIAN_POINT('',(41.115,0.610683507425854,19.345204462499));
#9842=CARTESIAN_POINT('Origin',(41.115,-0.0690473328516339,19.0282407661935));
#9843=CARTESIAN_POINT('',(14.445,13.3624340710315,25.2914434051906));
#9844=CARTESIAN_POINT('Origin',(14.445,12.5920724520504,24.932217882711));
#9845=CARTESIAN_POINT('',(19.525,14.4046880261237,25.7774544061924));
#9846=CARTESIAN_POINT('Origin',(19.525,12.5920724520504,24.932217882711));
#9847=CARTESIAN_POINT('',(15.715,15.5738250714009,26.3226319638379));
#9848=CARTESIAN_POINT('Origin',(15.715,14.8940942311234,26.0056682675324));
#9849=CARTESIAN_POINT('',(24.605,13.3624340710315,25.2914434051906));
#9850=CARTESIAN_POINT('Origin',(24.605,12.5920724520504,24.932217882711));
#9851=CARTESIAN_POINT('',(22.065,17.875846850474,27.3960823486593));
#9852=CARTESIAN_POINT('Origin',(22.065,17.1961160101965,27.0791186523538));
#9853=CARTESIAN_POINT('',(33.495,13.3624340710315,25.2914434051906));
#9854=CARTESIAN_POINT('Origin',(33.495,12.5920724520504,24.932217882711));
#9855=CARTESIAN_POINT('',(34.765,15.5738250714009,26.3226319638379));
#9856=CARTESIAN_POINT('Origin',(34.765,14.8940942311234,26.0056682675324));
#9857=CARTESIAN_POINT('',(38.575,14.4046880261237,25.7774544061924));
#9858=CARTESIAN_POINT('Origin',(38.575,12.5920724520504,24.932217882711));
#9859=CARTESIAN_POINT('',(43.655,13.3624340710315,25.2914434051906));
#9860=CARTESIAN_POINT('Origin',(43.655,12.5920724520504,24.932217882711));
#9861=CARTESIAN_POINT('',(41.115,17.875846850474,27.3960823486593));
#9862=CARTESIAN_POINT('Origin',(41.115,17.1961160101965,27.0791186523538));
#9863=CARTESIAN_POINT('',(58.,-1.84087905650829,18.2020220644904));
#9864=CARTESIAN_POINT('Origin',(58.,-2.29403295002661,17.99071293362));
#9865=CARTESIAN_POINT('',(58.,0.424890411083337,19.2585677188422));
#9866=CARTESIAN_POINT('Origin',(58.,-0.0282634824349874,19.0472585879718));
#9867=CARTESIAN_POINT('',(58.,2.69065987867496,20.3151133731939));
#9868=CARTESIAN_POINT('Origin',(58.,2.23750598515663,20.1038042423235));
#9869=CARTESIAN_POINT('',(66.15,-5.78331793011771,16.3636326259183));
#9870=CARTESIAN_POINT('',(66.15,-4.42385624956273,16.9975600185294));
#9871=CARTESIAN_POINT('Origin',(66.15,-5.10358708984023,16.6805963222239));
#9872=CARTESIAN_POINT('',(64.85,-5.78331793011771,16.3636326259183));
#9873=CARTESIAN_POINT('',(12.425,-5.7833179301177,16.3636326259184));
#9874=CARTESIAN_POINT('',(64.85,-4.42385624956273,16.9975600185294));
#9875=CARTESIAN_POINT('Origin',(64.85,-5.10358708984023,16.6805963222239));
#9876=CARTESIAN_POINT('',(13.075,-4.42385624956273,16.9975600185294));
#9877=CARTESIAN_POINT('',(72.5,-1.84087905650829,18.2020220644904));
#9878=CARTESIAN_POINT('Origin',(72.5,-2.29403295002661,17.99071293362));
#9879=CARTESIAN_POINT('',(66.15,4.36732928469277,21.0969571574142));
#9880=CARTESIAN_POINT('',(66.15,5.72679096524775,21.7308845500252));
#9881=CARTESIAN_POINT('Origin',(66.15,5.04706012497024,21.4139208537197));
#9882=CARTESIAN_POINT('',(64.85,4.36732928469277,21.0969571574142));
#9883=CARTESIAN_POINT('',(12.425,4.36732928469275,21.0969571574142));
#9884=CARTESIAN_POINT('',(64.85,5.72679096524775,21.7308845500252));
#9885=CARTESIAN_POINT('Origin',(64.85,5.04706012497024,21.4139208537197));
#9886=CARTESIAN_POINT('',(13.075,5.72679096524773,21.7308845500252));
#9887=CARTESIAN_POINT('',(72.5,2.69065987867496,20.3151133731939));
#9888=CARTESIAN_POINT('Origin',(72.5,2.23750598515663,20.1038042423235));
#9889=CARTESIAN_POINT('',(14.445,30.6275974140797,33.342321291351));
#9890=CARTESIAN_POINT('Origin',(14.445,29.8572357950985,32.9830957688714));
#9891=CARTESIAN_POINT('',(19.525,31.6698513691718,33.8283322923528));
#9892=CARTESIAN_POINT('Origin',(19.525,29.8572357950985,32.9830957688714));
#9893=CARTESIAN_POINT('',(24.605,30.6275974140797,33.342321291351));
#9894=CARTESIAN_POINT('Origin',(24.605,29.8572357950985,32.9830957688714));
#9895=CARTESIAN_POINT('',(33.495,30.6275974140797,33.342321291351));
#9896=CARTESIAN_POINT('Origin',(33.495,29.8572357950985,32.9830957688714));
#9897=CARTESIAN_POINT('',(38.575,31.6698513691718,33.8283322923528));
#9898=CARTESIAN_POINT('Origin',(38.575,29.8572357950985,32.9830957688714));
#9899=CARTESIAN_POINT('',(43.655,30.6275974140797,33.342321291351));
#9900=CARTESIAN_POINT('Origin',(43.655,29.8572357950985,32.9830957688714));
#9901=CARTESIAN_POINT('',(15.715,32.8389884144491,34.3735098499983));
#9902=CARTESIAN_POINT('Origin',(15.715,32.1592575741716,34.0565461536927));
#9903=CARTESIAN_POINT('',(22.065,35.1410101935222,35.4469602348196));
#9904=CARTESIAN_POINT('Origin',(22.065,34.4612793532447,35.1299965385141));
#9905=CARTESIAN_POINT('',(34.765,32.8389884144491,34.3735098499983));
#9906=CARTESIAN_POINT('Origin',(34.765,32.1592575741716,34.0565461536927));
#9907=CARTESIAN_POINT('',(41.115,35.1410101935222,35.4469602348196));
#9908=CARTESIAN_POINT('Origin',(41.115,34.4612793532447,35.1299965385141));
#9909=CARTESIAN_POINT('',(58.84,28.198239390928,32.209493040755));
#9910=CARTESIAN_POINT('Origin',(58.84,27.7953855795902,32.0216392234113));
#9911=CARTESIAN_POINT('',(74.08,28.198239390928,32.209493040755));
#9912=CARTESIAN_POINT('Origin',(74.08,27.7953855795902,32.0216392234113));
#9913=CARTESIAN_POINT('',(58.84,30.500261170001,33.2829434255764));
#9914=CARTESIAN_POINT('Origin',(58.84,30.0974073586633,33.0950896082326));
#9915=CARTESIAN_POINT('',(58.84,32.8022829490741,34.3563938103978));
#9916=CARTESIAN_POINT('Origin',(58.84,32.3994291377363,34.168539993054));
#9917=CARTESIAN_POINT('',(58.84,35.1043047281472,35.4298441952191));
#9918=CARTESIAN_POINT('Origin',(58.84,34.7014509168094,35.2419903778754));
#9919=CARTESIAN_POINT('',(58.84,37.4063265072203,36.5032945800405));
#9920=CARTESIAN_POINT('Origin',(58.84,37.0034726958825,36.3154407626968));
#9921=CARTESIAN_POINT('',(58.84,39.7083482862934,37.5767449648619));
#9922=CARTESIAN_POINT('Origin',(58.84,39.3054944749556,37.3888911475182));
#9923=CARTESIAN_POINT('',(58.84,42.0103700653665,38.6501953496833));
#9924=CARTESIAN_POINT('Origin',(58.84,41.6075162540287,38.4623415323395));
#9925=CARTESIAN_POINT('',(74.08,30.500261170001,33.2829434255764));
#9926=CARTESIAN_POINT('Origin',(74.08,30.0974073586633,33.0950896082326));
#9927=CARTESIAN_POINT('',(74.08,32.8022829490741,34.3563938103978));
#9928=CARTESIAN_POINT('Origin',(74.08,32.3994291377363,34.168539993054));
#9929=CARTESIAN_POINT('',(74.08,35.1043047281472,35.4298441952191));
#9930=CARTESIAN_POINT('Origin',(74.08,34.7014509168094,35.2419903778754));
#9931=CARTESIAN_POINT('',(74.08,37.4063265072203,36.5032945800405));
#9932=CARTESIAN_POINT('Origin',(74.08,37.0034726958825,36.3154407626968));
#9933=CARTESIAN_POINT('',(74.08,39.7083482862934,37.5767449648619));
#9934=CARTESIAN_POINT('Origin',(74.08,39.3054944749556,37.3888911475182));
#9935=CARTESIAN_POINT('',(74.08,42.0103700653665,38.6501953496833));
#9936=CARTESIAN_POINT('Origin',(74.08,41.6075162540287,38.4623415323395));
#9937=CARTESIAN_POINT('Origin',(64.85,5.74268978379544,19.9221382362574));
#9938=CARTESIAN_POINT('',(64.85,5.04351850347789,19.6468646981555));
#9939=CARTESIAN_POINT('',(64.85,5.06295894351796,19.6051745399518));
#9940=CARTESIAN_POINT('',(64.85,6.40298018403287,20.2807920907666));
#9941=CARTESIAN_POINT('Origin',(64.85,5.72324934375537,19.963828394461));
#9942=CARTESIAN_POINT('',(64.85,6.42242062407293,20.2391019325629));
#9943=CARTESIAN_POINT('Origin',(64.85,5.06295894351796,19.6051745399518));
#9944=CARTESIAN_POINT('',(66.15,5.04351850347789,19.6468646981555));
#9945=CARTESIAN_POINT('',(66.15,5.06295894351796,19.6051745399518));
#9946=CARTESIAN_POINT('',(12.425,5.04351850347789,19.6468646981555));
#9947=CARTESIAN_POINT('Origin',(64.85,-4.40795743101503,15.1888137047615));
#9948=CARTESIAN_POINT('',(64.85,-5.10712871133259,14.9135401666597));
#9949=CARTESIAN_POINT('',(64.85,-5.08768827129252,14.871850008456));
#9950=CARTESIAN_POINT('',(64.85,-3.74766703077761,15.5474675592708));
#9951=CARTESIAN_POINT('Origin',(64.85,-4.42739787105511,15.2305038629652));
#9952=CARTESIAN_POINT('',(64.85,-3.72822659073754,15.5057774010671));
#9953=CARTESIAN_POINT('Origin',(64.85,-5.08768827129252,14.871850008456));
#9954=CARTESIAN_POINT('',(66.15,-5.10712871133259,14.9135401666597));
#9955=CARTESIAN_POINT('',(66.15,-5.08768827129252,14.871850008456));
#9956=CARTESIAN_POINT('',(12.425,-5.10712871133259,14.9135401666597));
#9957=CARTESIAN_POINT('Origin',(81.5,44.9573134445719,38.2589729452159));
#9958=CARTESIAN_POINT('',(81.5,-14.1702065816991,10.6873575492527));
#9959=CARTESIAN_POINT('',(81.5,-14.1702065816991,10.6873575492527));
#9960=CARTESIAN_POINT('',(81.5,44.9573134445719,38.2589729452159));
#9961=CARTESIAN_POINT('',(81.5,44.9573134445719,38.2589729452159));
#9962=CARTESIAN_POINT('',(81.5,44.9573134445719,38.2589729452159));
#9963=CARTESIAN_POINT('Origin',(81.5,-14.1702065816991,10.6873575492527));
#9964=CARTESIAN_POINT('',(7.85,-14.1702065816991,10.6873575492527));
#9965=CARTESIAN_POINT('',(7.85,-14.1702065816991,10.6873575492527));
#9966=CARTESIAN_POINT('',(81.5,-14.1702065816991,10.6873575492527));
#9967=CARTESIAN_POINT('Origin',(7.85,-14.1702065816991,10.6873575492527));
#9968=CARTESIAN_POINT('',(7.85,44.9573134445719,38.2589729452159));
#9969=CARTESIAN_POINT('',(7.85,44.9573134445719,38.2589729452159));
#9970=CARTESIAN_POINT('',(7.85,-14.1702065816991,10.6873575492527));
#9971=CARTESIAN_POINT('Origin',(-40.,84.4813960372402,56.6893553397279));
#9972=CARTESIAN_POINT('',(7.85,44.9573134445719,38.2589729452159));
#9973=CARTESIAN_POINT('',(14.445,-3.22654005323155,15.7904730597716));
#9974=CARTESIAN_POINT('Origin',(14.445,-3.9969016722127,15.4312475372921));
#9975=CARTESIAN_POINT('',(19.525,-2.18428609813941,16.2764840607735));
#9976=CARTESIAN_POINT('Origin',(19.525,-3.9969016722127,15.4312475372921));
#9977=CARTESIAN_POINT('',(15.715,-1.01514905286211,16.821661618419));
#9978=CARTESIAN_POINT('Origin',(15.715,-1.6948798931396,16.5046979221134));
#9979=CARTESIAN_POINT('',(24.605,-3.22654005323155,15.7904730597716));
#9980=CARTESIAN_POINT('Origin',(24.605,-3.9969016722127,15.4312475372921));
#9981=CARTESIAN_POINT('',(22.065,1.28687272621098,17.8951120032403));
#9982=CARTESIAN_POINT('Origin',(22.065,0.607141885933491,17.5781483069348));
#9983=CARTESIAN_POINT('',(33.495,-3.22654005323155,15.7904730597716));
#9984=CARTESIAN_POINT('Origin',(33.495,-3.9969016722127,15.4312475372921));
#9985=CARTESIAN_POINT('',(34.765,-1.01514905286211,16.821661618419));
#9986=CARTESIAN_POINT('Origin',(34.765,-1.6948798931396,16.5046979221134));
#9987=CARTESIAN_POINT('',(38.575,-2.18428609813941,16.2764840607735));
#9988=CARTESIAN_POINT('Origin',(38.575,-3.9969016722127,15.4312475372921));
#9989=CARTESIAN_POINT('',(43.655,-3.22654005323155,15.7904730597716));
#9990=CARTESIAN_POINT('Origin',(43.655,-3.9969016722127,15.4312475372921));
#9991=CARTESIAN_POINT('',(41.115,1.28687272621098,17.8951120032403));
#9992=CARTESIAN_POINT('Origin',(41.115,0.607141885933491,17.5781483069348));
#9993=CARTESIAN_POINT('',(14.445,14.0386232898166,23.841350945932));
#9994=CARTESIAN_POINT('Origin',(14.445,13.2682616708355,23.4821254234524));
#9995=CARTESIAN_POINT('',(19.525,15.0808772449088,24.3273619469338));
#9996=CARTESIAN_POINT('Origin',(19.525,13.2682616708355,23.4821254234524));
#9997=CARTESIAN_POINT('',(15.715,16.2500142901861,24.8725395045793));
#9998=CARTESIAN_POINT('Origin',(15.715,15.5702834499086,24.5555758082738));
#9999=CARTESIAN_POINT('',(24.605,14.0386232898166,23.841350945932));
#10000=CARTESIAN_POINT('Origin',(24.605,13.2682616708355,23.4821254234524));
#10001=CARTESIAN_POINT('',(22.065,18.5520360692591,25.9459898894007));
#10002=CARTESIAN_POINT('Origin',(22.065,17.8723052289817,25.6290261930951));
#10003=CARTESIAN_POINT('',(33.495,14.0386232898166,23.841350945932));
#10004=CARTESIAN_POINT('Origin',(33.495,13.2682616708355,23.4821254234524));
#10005=CARTESIAN_POINT('',(34.765,16.2500142901861,24.8725395045793));
#10006=CARTESIAN_POINT('Origin',(34.765,15.5702834499086,24.5555758082738));
#10007=CARTESIAN_POINT('',(38.575,15.0808772449088,24.3273619469338));
#10008=CARTESIAN_POINT('Origin',(38.575,13.2682616708355,23.4821254234524));
#10009=CARTESIAN_POINT('',(43.655,14.0386232898166,23.841350945932));
#10010=CARTESIAN_POINT('Origin',(43.655,13.2682616708355,23.4821254234524));
#10011=CARTESIAN_POINT('',(41.115,18.5520360692591,25.9459898894007));
#10012=CARTESIAN_POINT('Origin',(41.115,17.8723052289817,25.6290261930951));
#10013=CARTESIAN_POINT('',(58.,-1.16468983772316,16.7519296052317));
#10014=CARTESIAN_POINT('Origin',(58.,-1.61784373124149,16.5406204743614));
#10015=CARTESIAN_POINT('',(58.,1.10107962986847,17.8084752595835));
#10016=CARTESIAN_POINT('Origin',(58.,0.647925736350141,17.5971661287131));
#10017=CARTESIAN_POINT('',(58.,3.36684909746008,18.8650209139352));
#10018=CARTESIAN_POINT('Origin',(58.,2.91369520394176,18.6537117830649));
#10019=CARTESIAN_POINT('',(66.15,-3.74766703077761,15.5474675592708));
#10020=CARTESIAN_POINT('Origin',(66.15,-4.42739787105511,15.2305038629652));
#10021=CARTESIAN_POINT('',(13.075,-3.74766703077761,15.5474675592708));
#10022=CARTESIAN_POINT('',(72.5,-1.16468983772316,16.7519296052317));
#10023=CARTESIAN_POINT('Origin',(72.5,-1.61784373124149,16.5406204743614));
#10024=CARTESIAN_POINT('',(66.15,6.40298018403287,20.2807920907666));
#10025=CARTESIAN_POINT('Origin',(66.15,5.72324934375537,19.963828394461));
#10026=CARTESIAN_POINT('',(13.075,6.40298018403287,20.2807920907666));
#10027=CARTESIAN_POINT('',(72.5,3.36684909746008,18.8650209139352));
#10028=CARTESIAN_POINT('Origin',(72.5,2.91369520394176,18.6537117830649));
#10029=CARTESIAN_POINT('',(14.445,31.3037866328648,31.8922288320923));
#10030=CARTESIAN_POINT('Origin',(14.445,30.5334250138837,31.5330033096127));
#10031=CARTESIAN_POINT('',(19.525,32.346040587957,32.3782398330941));
#10032=CARTESIAN_POINT('Origin',(19.525,30.5334250138837,31.5330033096127));
#10033=CARTESIAN_POINT('',(24.605,31.3037866328648,31.8922288320923));
#10034=CARTESIAN_POINT('Origin',(24.605,30.5334250138837,31.5330033096127));
#10035=CARTESIAN_POINT('',(33.495,31.3037866328648,31.8922288320923));
#10036=CARTESIAN_POINT('Origin',(33.495,30.5334250138837,31.5330033096127));
#10037=CARTESIAN_POINT('',(38.575,32.346040587957,32.3782398330941));
#10038=CARTESIAN_POINT('Origin',(38.575,30.5334250138837,31.5330033096127));
#10039=CARTESIAN_POINT('',(43.655,31.3037866328648,31.8922288320923));
#10040=CARTESIAN_POINT('Origin',(43.655,30.5334250138837,31.5330033096127));
#10041=CARTESIAN_POINT('',(15.715,33.5151776332342,32.9234173907396));
#10042=CARTESIAN_POINT('Origin',(15.715,32.8354467929567,32.6064536944341));
#10043=CARTESIAN_POINT('',(22.065,35.8171994123073,33.996867775561));
#10044=CARTESIAN_POINT('Origin',(22.065,35.1374685720298,33.6799040792555));
#10045=CARTESIAN_POINT('',(34.765,33.5151776332342,32.9234173907396));
#10046=CARTESIAN_POINT('Origin',(34.765,32.8354467929567,32.6064536944341));
#10047=CARTESIAN_POINT('',(41.115,35.8171994123073,33.996867775561));
#10048=CARTESIAN_POINT('Origin',(41.115,35.1374685720298,33.6799040792555));
#10049=CARTESIAN_POINT('',(58.84,28.8744286097131,30.7594005814964));
#10050=CARTESIAN_POINT('Origin',(58.84,28.4715747983753,30.5715467641526));
#10051=CARTESIAN_POINT('',(74.08,28.8744286097131,30.7594005814964));
#10052=CARTESIAN_POINT('Origin',(74.08,28.4715747983753,30.5715467641526));
#10053=CARTESIAN_POINT('',(58.84,31.1764503887862,31.8328509663177));
#10054=CARTESIAN_POINT('Origin',(58.84,30.7735965774484,31.644997148974));
#10055=CARTESIAN_POINT('',(58.84,33.4784721678593,32.9063013511391));
#10056=CARTESIAN_POINT('Origin',(58.84,33.0756183565215,32.7184475337954));
#10057=CARTESIAN_POINT('',(58.84,35.7804939469323,33.9797517359605));
#10058=CARTESIAN_POINT('Origin',(58.84,35.3776401355946,33.7918979186167));
#10059=CARTESIAN_POINT('',(58.84,38.0825157260054,35.0532021207819));
#10060=CARTESIAN_POINT('Origin',(58.84,37.6796619146676,34.8653483034381));
#10061=CARTESIAN_POINT('',(58.84,40.3845375050785,36.1266525056032));
#10062=CARTESIAN_POINT('Origin',(58.84,39.9816836937407,35.9387986882595));
#10063=CARTESIAN_POINT('',(58.84,42.6865592841516,37.2001028904246));
#10064=CARTESIAN_POINT('Origin',(58.84,42.2837054728138,37.0122490730809));
#10065=CARTESIAN_POINT('',(74.08,31.1764503887862,31.8328509663177));
#10066=CARTESIAN_POINT('Origin',(74.08,30.7735965774484,31.644997148974));
#10067=CARTESIAN_POINT('',(74.08,33.4784721678593,32.9063013511391));
#10068=CARTESIAN_POINT('Origin',(74.08,33.0756183565215,32.7184475337954));
#10069=CARTESIAN_POINT('',(74.08,35.7804939469323,33.9797517359605));
#10070=CARTESIAN_POINT('Origin',(74.08,35.3776401355946,33.7918979186167));
#10071=CARTESIAN_POINT('',(74.08,38.0825157260054,35.0532021207819));
#10072=CARTESIAN_POINT('Origin',(74.08,37.6796619146676,34.8653483034381));
#10073=CARTESIAN_POINT('',(74.08,40.3845375050785,36.1266525056032));
#10074=CARTESIAN_POINT('Origin',(74.08,39.9816836937407,35.9387986882595));
#10075=CARTESIAN_POINT('',(74.08,42.6865592841516,37.2001028904246));
#10076=CARTESIAN_POINT('Origin',(74.08,42.2837054728138,37.0122490730809));
#10077=CARTESIAN_POINT('Origin',(7.85,44.9573134445719,38.2589729452159));
#10078=CARTESIAN_POINT('Origin',(14.445,-3.97746123217263,15.3895573790884));
#10079=CARTESIAN_POINT('',(14.445,-3.20709961319148,15.748782901568));
#10080=CARTESIAN_POINT('Origin',(19.525,-3.97746123217263,15.3895573790884));
#10081=CARTESIAN_POINT('',(19.525,-2.16484565809933,16.2347939025698));
#10082=CARTESIAN_POINT('Origin',(15.715,-1.67543945309953,16.4630077639098));
#10083=CARTESIAN_POINT('',(15.715,-0.995708612822038,16.7799714602153));
#10084=CARTESIAN_POINT('Origin',(24.605,-3.97746123217263,15.3895573790884));
#10085=CARTESIAN_POINT('',(24.605,-3.20709961319148,15.748782901568));
#10086=CARTESIAN_POINT('Origin',(22.065,0.626582325973561,17.5364581487311));
#10087=CARTESIAN_POINT('',(22.065,1.30631316625105,17.8534218450367));
#10088=CARTESIAN_POINT('Origin',(33.495,-3.97746123217263,15.3895573790884));
#10089=CARTESIAN_POINT('',(33.495,-3.20709961319148,15.748782901568));
#10090=CARTESIAN_POINT('Origin',(34.765,-1.67543945309953,16.4630077639098));
#10091=CARTESIAN_POINT('',(34.765,-0.995708612822038,16.7799714602153));
#10092=CARTESIAN_POINT('Origin',(38.575,-3.97746123217263,15.3895573790884));
#10093=CARTESIAN_POINT('',(38.575,-2.16484565809933,16.2347939025698));
#10094=CARTESIAN_POINT('Origin',(43.655,-3.97746123217263,15.3895573790884));
#10095=CARTESIAN_POINT('',(43.655,-3.20709961319148,15.748782901568));
#10096=CARTESIAN_POINT('Origin',(41.115,0.626582325973561,17.5364581487311));
#10097=CARTESIAN_POINT('',(41.115,1.30631316625105,17.8534218450367));
#10098=CARTESIAN_POINT('Origin',(14.445,13.2877021108756,23.4404352652487));
#10099=CARTESIAN_POINT('',(14.445,14.0580637298567,23.7996607877283));
#10100=CARTESIAN_POINT('Origin',(19.525,13.2877021108756,23.4404352652487));
#10101=CARTESIAN_POINT('',(19.525,15.1003176849489,24.2856717887301));
#10102=CARTESIAN_POINT('Origin',(15.715,15.5897238899486,24.5138856500701));
#10103=CARTESIAN_POINT('',(15.715,16.2694547302261,24.8308493463756));
#10104=CARTESIAN_POINT('Origin',(24.605,13.2877021108756,23.4404352652487));
#10105=CARTESIAN_POINT('',(24.605,14.0580637298567,23.7996607877283));
#10106=CARTESIAN_POINT('Origin',(22.065,17.8917456690217,25.5873360348914));
#10107=CARTESIAN_POINT('',(22.065,18.5714765092992,25.904299731197));
#10108=CARTESIAN_POINT('Origin',(33.495,13.2877021108756,23.4404352652487));
#10109=CARTESIAN_POINT('',(33.495,14.0580637298567,23.7996607877283));
#10110=CARTESIAN_POINT('Origin',(34.765,15.5897238899486,24.5138856500701));
#10111=CARTESIAN_POINT('',(34.765,16.2694547302261,24.8308493463756));
#10112=CARTESIAN_POINT('Origin',(38.575,13.2877021108756,23.4404352652487));
#10113=CARTESIAN_POINT('',(38.575,15.1003176849489,24.2856717887301));
#10114=CARTESIAN_POINT('Origin',(43.655,13.2877021108756,23.4404352652487));
#10115=CARTESIAN_POINT('',(43.655,14.0580637298567,23.7996607877283));
#10116=CARTESIAN_POINT('Origin',(41.115,17.8917456690217,25.5873360348914));
#10117=CARTESIAN_POINT('',(41.115,18.5714765092992,25.904299731197));
#10118=CARTESIAN_POINT('Origin',(58.,-1.59840329120141,16.4989303161577));
#10119=CARTESIAN_POINT('',(58.,-1.14524939768309,16.7102394470281));
#10120=CARTESIAN_POINT('Origin',(58.,0.667366176390212,17.5554759705095));
#10121=CARTESIAN_POINT('',(58.,1.12052006990854,17.7667851013798));
#10122=CARTESIAN_POINT('Origin',(58.,2.93313564398183,18.6120216248612));
#10123=CARTESIAN_POINT('',(58.,3.38628953750016,18.8233307557316));
#10124=CARTESIAN_POINT('Origin',(66.15,-4.40795743101503,15.1888137047615));
#10125=CARTESIAN_POINT('',(66.15,-3.72822659073754,15.5057774010671));
#10126=CARTESIAN_POINT('Origin',(66.15,-3.72822659073754,15.5057774010671));
#10127=CARTESIAN_POINT('Origin',(72.5,-1.59840329120141,16.4989303161577));
#10128=CARTESIAN_POINT('',(72.5,-1.14524939768309,16.7102394470281));
#10129=CARTESIAN_POINT('Origin',(66.15,5.74268978379544,19.9221382362574));
#10130=CARTESIAN_POINT('',(66.15,6.42242062407293,20.2391019325629));
#10131=CARTESIAN_POINT('Origin',(66.15,6.42242062407293,20.2391019325629));
#10132=CARTESIAN_POINT('Origin',(72.5,2.93313564398183,18.6120216248612));
#10133=CARTESIAN_POINT('',(72.5,3.38628953750016,18.8233307557316));
#10134=CARTESIAN_POINT('Origin',(14.445,30.5528654539237,31.491313151409));
#10135=CARTESIAN_POINT('',(14.445,31.3232270729049,31.8505386738886));
#10136=CARTESIAN_POINT('Origin',(19.525,30.5528654539237,31.491313151409));
#10137=CARTESIAN_POINT('',(19.525,32.365481027997,32.3365496748904));
#10138=CARTESIAN_POINT('Origin',(24.605,30.5528654539237,31.491313151409));
#10139=CARTESIAN_POINT('',(24.605,31.3232270729049,31.8505386738886));
#10140=CARTESIAN_POINT('Origin',(33.495,30.5528654539237,31.491313151409));
#10141=CARTESIAN_POINT('',(33.495,31.3232270729049,31.8505386738886));
#10142=CARTESIAN_POINT('Origin',(38.575,30.5528654539237,31.491313151409));
#10143=CARTESIAN_POINT('',(38.575,32.365481027997,32.3365496748904));
#10144=CARTESIAN_POINT('Origin',(43.655,30.5528654539237,31.491313151409));
#10145=CARTESIAN_POINT('',(43.655,31.3232270729049,31.8505386738886));
#10146=CARTESIAN_POINT('Origin',(15.715,32.8548872329968,32.5647635362304));
#10147=CARTESIAN_POINT('',(15.715,33.5346180732743,32.8817272325359));
#10148=CARTESIAN_POINT('Origin',(22.065,35.1569090120699,33.6382139210518));
#10149=CARTESIAN_POINT('',(22.065,35.8366398523474,33.9551776173573));
#10150=CARTESIAN_POINT('Origin',(34.765,32.8548872329968,32.5647635362304));
#10151=CARTESIAN_POINT('',(34.765,33.5346180732743,32.8817272325359));
#10152=CARTESIAN_POINT('Origin',(41.115,35.1569090120699,33.6382139210518));
#10153=CARTESIAN_POINT('',(41.115,35.8366398523474,33.9551776173573));
#10154=CARTESIAN_POINT('Origin',(58.84,28.4910152384154,30.5298566059489));
#10155=CARTESIAN_POINT('',(58.84,28.8938690497532,30.7177104232927));
#10156=CARTESIAN_POINT('Origin',(74.08,28.4910152384154,30.5298566059489));
#10157=CARTESIAN_POINT('',(74.08,28.8938690497532,30.7177104232927));
#10158=CARTESIAN_POINT('Origin',(58.84,30.7930370174885,31.6033069907703));
#10159=CARTESIAN_POINT('',(58.84,31.1958908288263,31.791160808114));
#10160=CARTESIAN_POINT('Origin',(58.84,33.0950587965615,32.6767573755917));
#10161=CARTESIAN_POINT('',(58.84,33.4979126078993,32.8646111929354));
#10162=CARTESIAN_POINT('Origin',(58.84,35.3970805756346,33.7502077604131));
#10163=CARTESIAN_POINT('',(58.84,35.7999343869724,33.9380615777568));
#10164=CARTESIAN_POINT('Origin',(58.84,37.6991023547077,34.8236581452344));
#10165=CARTESIAN_POINT('',(58.84,38.1019561660455,35.0115119625782));
#10166=CARTESIAN_POINT('Origin',(58.84,40.0011241337808,35.8971085300558));
#10167=CARTESIAN_POINT('',(58.84,40.4039779451186,36.0849623473996));
#10168=CARTESIAN_POINT('Origin',(58.84,42.3031459128539,36.9705589148772));
#10169=CARTESIAN_POINT('',(58.84,42.7059997241917,37.1584127322209));
#10170=CARTESIAN_POINT('Origin',(74.08,30.7930370174885,31.6033069907703));
#10171=CARTESIAN_POINT('',(74.08,31.1958908288263,31.791160808114));
#10172=CARTESIAN_POINT('Origin',(74.08,33.0950587965615,32.6767573755917));
#10173=CARTESIAN_POINT('',(74.08,33.4979126078993,32.8646111929354));
#10174=CARTESIAN_POINT('Origin',(74.08,35.3970805756346,33.7502077604131));
#10175=CARTESIAN_POINT('',(74.08,35.7999343869724,33.9380615777568));
#10176=CARTESIAN_POINT('Origin',(74.08,37.6991023547077,34.8236581452344));
#10177=CARTESIAN_POINT('',(74.08,38.1019561660455,35.0115119625782));
#10178=CARTESIAN_POINT('Origin',(74.08,40.0011241337808,35.8971085300558));
#10179=CARTESIAN_POINT('',(74.08,40.4039779451186,36.0849623473996));
#10180=CARTESIAN_POINT('Origin',(74.08,42.3031459128539,36.9705589148772));
#10181=CARTESIAN_POINT('',(74.08,42.7059997241917,37.1584127322209));
#10182=CARTESIAN_POINT('Origin',(24.6375,-18.5765226229472,11.7470203171026));
#10183=CARTESIAN_POINT('',(84.4175381633506,-18.3951390509614,12.2453675853945));
#10184=CARTESIAN_POINT('',(4.93246183664935,-18.3951390509612,12.2453675853941));
#10185=CARTESIAN_POINT('',(24.6375,-18.3951390509612,12.2453675853942));
#10186=CARTESIAN_POINT('',(4.6,-18.757906194933,11.2486730488109));
#10187=CARTESIAN_POINT('',(4.93246183664935,-18.3951390509612,12.2453675853941));
#10188=CARTESIAN_POINT('',(84.75,-18.7579061949331,11.2486730488111));
#10189=CARTESIAN_POINT('',(24.6375,-18.7579061949331,11.248673048811));
#10190=CARTESIAN_POINT('',(84.4175381633506,-18.3951390509614,12.2453675853945));
#10191=CARTESIAN_POINT('Origin',(4.225,31.5010260914483,33.4434979058115));
#10192=CARTESIAN_POINT('',(4.6,-11.5774327356781,13.7694493728185));
#10193=CARTESIAN_POINT('',(4.6,46.9757552508529,41.0732493403272));
#10194=CARTESIAN_POINT('',(4.6,31.3425442432956,33.7833633259502));
#10195=CARTESIAN_POINT('',(3.85,47.5742726799647,40.5248091618394));
#10196=CARTESIAN_POINT('',(4.6,46.9757552508529,41.0732493403272));
#10197=CARTESIAN_POINT('',(3.85,-11.9401998796501,12.7727548362355));
#10198=CARTESIAN_POINT('',(3.85,31.6595079396011,33.1036324856727));
#10199=CARTESIAN_POINT('',(3.85,-11.9401998796501,12.7727548362355));
#10200=CARTESIAN_POINT('Origin',(12.348308276009,-26.1585999806314,8.21143958049083));
#10201=CARTESIAN_POINT('',(4.59999999999999,-18.0626772143118,12.400397085868));
#10202=CARTESIAN_POINT('',(12.6261703929865,-26.0888476072983,8.65773236596151));
#10203=CARTESIAN_POINT('',(3.85,-18.0079061949331,11.5984037924273));
#10204=CARTESIAN_POINT('',(4.59999999999999,-18.0626772143118,12.400397085868));
#10205=CARTESIAN_POINT('',(12.0704461590316,-26.2283523539646,7.76514679502014));
#10206=CARTESIAN_POINT('Origin',(5.54141504294508,48.4680911698021,41.3553702882621));
#10207=CARTESIAN_POINT('',(4.91066017177983,47.2573089836591,41.2045400021169));
#10208=CARTESIAN_POINT('',(5.80658008589003,48.0692881783784,41.583172118877));
#10209=CARTESIAN_POINT('',(4.6,48.2540035202421,40.8417728581449));
#10210=CARTESIAN_POINT('',(4.91066017177983,47.2573089836591,41.2045400021169));
#10211=CARTESIAN_POINT('',(5.27625000000013,48.8668941612258,41.1275684576471));
#10212=CARTESIAN_POINT('Origin',(4.59999999999999,-12.8910909685666,14.811947357068));
#10213=CARTESIAN_POINT('',(3.85,-12.5741272722611,14.1322165167905));
#10214=CARTESIAN_POINT('',(4.59999999999999,-11.8943964319836,14.449180213096));
#10215=CARTESIAN_POINT('',(3.85,-12.5741272722611,14.1322165167905));
#10216=CARTESIAN_POINT('',(4.59999999999999,-12.8910909685666,14.811947357068));
#10217=CARTESIAN_POINT('',(4.59999999999999,-12.8910909685666,14.811947357068));
#10218=CARTESIAN_POINT('',(4.59999999999999,-11.8943964319836,14.449180213096));
#10219=CARTESIAN_POINT('Origin',(4.225,16.4416344524519,28.0762551358358));
#10220=CARTESIAN_POINT('',(4.59999999999999,16.2831526042992,28.4161205559746));
#10221=CARTESIAN_POINT('',(3.85,16.6001163006047,27.7363897156971));
#10222=CARTESIAN_POINT('Origin',(65.0875,47.7556562519506,41.0231564301309));
#10223=CARTESIAN_POINT('',(84.4393398282201,47.2573089836591,41.2045400021169));
#10224=CARTESIAN_POINT('',(65.0875,47.2573089836591,41.2045400021169));
#10225=CARTESIAN_POINT('',(84.75,48.2540035202421,40.8417728581449));
#10226=CARTESIAN_POINT('',(84.4393398282201,47.2573089836591,41.2045400021169));
#10227=CARTESIAN_POINT('',(65.0875,48.2540035202421,40.8417728581449));
#10228=CARTESIAN_POINT('Origin',(84.75,-12.8910909685668,14.8119473570684));
#10229=CARTESIAN_POINT('',(84.75,-11.8943964319838,14.4491802130965));
#10230=CARTESIAN_POINT('',(85.5,-12.5741272722611,14.1322165167905));
#10231=CARTESIAN_POINT('',(84.75,-11.8943964319838,14.4491802130965));
#10232=CARTESIAN_POINT('',(84.75,-12.8910909685668,14.8119473570684));
#10233=CARTESIAN_POINT('',(84.75,-12.8910909685668,14.8119473570684));
#10234=CARTESIAN_POINT('',(85.5,-12.5741272722611,14.1322165167905));
#10235=CARTESIAN_POINT('Origin',(65.0875,-12.3927437002753,14.6305637850823));
#10236=CARTESIAN_POINT('',(65.0875,-12.8910909685668,14.8119473570683));
#10237=CARTESIAN_POINT('',(65.0875,-11.8943964319838,14.4491802130964));
#10238=CARTESIAN_POINT('Origin',(85.125,-16.7473567088303,12.5999743908916));
#10239=CARTESIAN_POINT('',(85.5,-18.0079061949331,11.5984037924273));
#10240=CARTESIAN_POINT('',(85.5,-16.5888748606774,12.2601089707527));
#10241=CARTESIAN_POINT('',(84.75,-18.062677214312,12.4003970858684));
#10242=CARTESIAN_POINT('',(84.75,-16.9058385569832,12.9398398110306));
#10243=CARTESIAN_POINT('',(84.75,-18.062677214312,12.4003970858684));
#10244=CARTESIAN_POINT('Origin',(83.8085849570551,48.4680911698019,41.355370288262));
#10245=CARTESIAN_POINT('',(84.75,46.9757552508529,41.0732493403272));
#10246=CARTESIAN_POINT('',(83.5434199141101,48.0692881783782,41.5831721188769));
#10247=CARTESIAN_POINT('',(85.5,47.5742726799647,40.5248091618394));
#10248=CARTESIAN_POINT('',(84.75,46.9757552508529,41.0732493403272));
#10249=CARTESIAN_POINT('',(84.0737500000001,48.8668941612256,41.127568457647));
#10250=CARTESIAN_POINT('Origin',(85.125,-1.68796506983379,17.967217160867));
#10251=CARTESIAN_POINT('',(84.75,-11.5774327356781,13.7694493728185));
#10252=CARTESIAN_POINT('',(84.75,-1.84644691798655,18.3070825810058));
#10253=CARTESIAN_POINT('',(85.5,-11.9401998796501,12.7727548362355));
#10254=CARTESIAN_POINT('',(84.75,-11.5774327356781,13.7694493728185));
#10255=CARTESIAN_POINT('',(85.5,-1.52948322168103,17.6273517407283));
#10256=CARTESIAN_POINT('Origin',(85.125,-11.5475071767937,12.8179482110087));
#10257=CARTESIAN_POINT('',(84.75,-11.207641756655,12.9764300591615));
#10258=CARTESIAN_POINT('',(85.5,-11.8873725969325,12.6594663628559));
#10259=CARTESIAN_POINT('Origin',(4.225,-11.5475071767937,12.8179482110087));
#10260=CARTESIAN_POINT('',(3.85,-11.8873725969325,12.6594663628559));
#10261=CARTESIAN_POINT('',(4.59999999999999,-11.207641756655,12.9764300591615));
#10262=CARTESIAN_POINT('Origin',(76.6266917239912,-26.5335999806315,8.03657420868285));
#10263=CARTESIAN_POINT('',(76.9045538409687,-26.6033523539645,7.59028142321195));
#10264=CARTESIAN_POINT('',(76.3488296070137,-26.4638476072984,8.48286699415375));
#10265=CARTESIAN_POINT('Origin',(85.5,-11.5774327356781,13.7694493728185));
#10266=CARTESIAN_POINT('',(81.7,-11.5774327356781,13.7694493728185));
#10267=CARTESIAN_POINT('',(65.0875,-11.5774327356781,13.7694493728185));
#10268=CARTESIAN_POINT('',(7.65000000000001,-11.5774327356781,13.7694493728185));
#10269=CARTESIAN_POINT('',(65.0875,-11.5774327356783,13.7694493728189));
#10270=CARTESIAN_POINT('',(65.0875,-11.5774327356781,13.7694493728185));
#10271=CARTESIAN_POINT('Origin',(4.225,48.3367563618441,39.7769832229555));
#10272=CARTESIAN_POINT('',(4.6,49.5218583054642,38.122849497035));
#10273=CARTESIAN_POINT('',(4.6,48.6766217819828,39.9354650711083));
#10274=CARTESIAN_POINT('',(3.85,48.7718583054642,37.9565785000528));
#10275=CARTESIAN_POINT('',(4.6,49.5218583054642,38.122849497035));
#10276=CARTESIAN_POINT('',(3.85,47.9968909417054,39.6185013748027));
#10277=CARTESIAN_POINT('Origin',(85.5,48.6766217819828,39.9354650711083));
#10278=CARTESIAN_POINT('',(84.75,49.5218583054642,38.122849497035));
#10279=CARTESIAN_POINT('',(84.75,48.6766217819828,39.9354650711083));
#10280=CARTESIAN_POINT('',(3.85,49.5218583054642,38.122849497035));
#10281=CARTESIAN_POINT('Origin',(85.125,48.3367563618441,39.7769832229555));
#10282=CARTESIAN_POINT('',(85.5,48.7718583054642,37.9565785000528));
#10283=CARTESIAN_POINT('',(85.5,47.9968909417054,39.6185013748027));
#10284=CARTESIAN_POINT('',(85.5,48.7718583054642,37.9565785000528));
#10285=CARTESIAN_POINT('Origin',(85.5,-17.7013605405814,8.98290358121944));
#10286=CARTESIAN_POINT('',(85.5,-17.6909424986276,10.9186729521498));
#10287=CARTESIAN_POINT('',(85.5,-17.6909424986276,10.9186729521498));
#10288=CARTESIAN_POINT('',(85.5,-17.6909424986276,1.31894220853358));
#10289=CARTESIAN_POINT('',(85.5,-17.6909424986276,9.77592289487651));
#10290=CARTESIAN_POINT('',(85.5,48.7718583054642,1.31894220853358));
#10291=CARTESIAN_POINT('',(85.5,-18.0711515196045,1.31894220853358));
#10292=CARTESIAN_POINT('',(85.5,48.7718583054642,4.7759228948765));
#10293=CARTESIAN_POINT('',(85.5,12.8750838487441,21.8617113604093));
#10294=CARTESIAN_POINT('',(85.5,-15.4409424986276,8.6577314261111));
#10295=CARTESIAN_POINT('',(85.5,-0.578592132764452,15.5881592198958));
#10296=CARTESIAN_POINT('',(85.5,31.1678530006198,3.56894220853357));
#10297=CARTESIAN_POINT('',(85.5,8.63634525814996,26.1004499510034));
#10298=CARTESIAN_POINT('',(85.5,-15.4409424986276,3.56894220853358));
#10299=CARTESIAN_POINT('',(85.5,5.8279161441293,3.56894220853358));
#10300=CARTESIAN_POINT('',(85.5,-15.4409424986276,4.77592289487651));
#10301=CARTESIAN_POINT('',(85.5,46.5218583054642,37.5514599617918));
#10302=CARTESIAN_POINT('',(85.5,15.0451472032132,22.8736285212797));
#10303=CARTESIAN_POINT('',(85.5,-0.578592132764452,15.5881592198958));
#10304=CARTESIAN_POINT('',(85.5,46.5218583054642,20.422947513378));
#10305=CARTESIAN_POINT('',(85.5,46.5218583054642,4.77592289487651));
#10306=CARTESIAN_POINT('',(85.5,32.0088432582895,5.90993246620333));
#10307=CARTESIAN_POINT('',(85.5,27.4962076538582,1.39729686177194));
#10308=CARTESIAN_POINT('',(85.5,18.5478844868728,19.37089123762));
#10309=CARTESIAN_POINT('',(85.5,46.5218583054642,3.56894220853358));
#10310=CARTESIAN_POINT('',(85.5,46.5218583054642,17.2409669980386));
#10311=CARTESIAN_POINT('',(85.5,46.5218583054642,4.77592289487651));
#10312=CARTESIAN_POINT('',(85.5,32.8498335159592,3.56894220853358));
#10313=CARTESIAN_POINT('',(85.5,5.8279161441293,3.56894220853358));
#10314=CARTESIAN_POINT('',(85.5,22.2056903879405,-7.07520091948515));
#10315=CARTESIAN_POINT('Origin',(44.675,-14.7368072227274,13.951275732972));
#10316=CARTESIAN_POINT('Origin',(3.85,48.6766217819828,39.9354650711083));
#10317=CARTESIAN_POINT('',(3.85,48.7718583054642,1.31894220853358));
#10318=CARTESIAN_POINT('',(3.85,48.7718583054642,20.2522036398209));
#10319=CARTESIAN_POINT('',(3.85,-17.6909424986276,1.31894220853358));
#10320=CARTESIAN_POINT('',(3.85,15.1178396416776,1.31894220853358));
#10321=CARTESIAN_POINT('',(3.85,-17.6909424986276,10.9186729521498));
#10322=CARTESIAN_POINT('',(3.85,-17.6909424986276,25.2522036398209));
#10323=CARTESIAN_POINT('',(3.85,-17.6909424986276,10.9186729521498));
#10324=CARTESIAN_POINT('',(3.85,-15.4409424986276,8.6577314261111));
#10325=CARTESIAN_POINT('',(3.85,12.8750838487441,21.8617113604093));
#10326=CARTESIAN_POINT('',(3.85,32.6103990285177,31.0644399648403));
#10327=CARTESIAN_POINT('',(3.85,-15.4409424986276,3.56894220853359));
#10328=CARTESIAN_POINT('',(3.85,-15.4409424986276,20.2522036398209));
#10329=CARTESIAN_POINT('',(3.85,31.1678530006198,3.56894220853358));
#10330=CARTESIAN_POINT('',(3.85,39.0169073054114,3.56894220853358));
#10331=CARTESIAN_POINT('',(3.85,17.4927004663188,17.2440947428346));
#10332=CARTESIAN_POINT('',(3.85,46.5218583054642,16.1803068262588));
#10333=CARTESIAN_POINT('',(3.85,33.9104936877391,3.56894220853358));
#10334=CARTESIAN_POINT('',(3.85,45.7718583054643,15.4303068262588));
#10335=CARTESIAN_POINT('',(3.85,46.5218583054642,3.56894220853358));
#10336=CARTESIAN_POINT('',(3.85,39.0169073054114,3.56894220853358));
#10337=CARTESIAN_POINT('',(3.85,46.5218583054642,20.2522036398209));
#10338=CARTESIAN_POINT('',(3.85,15.0451472032132,22.8736285212797));
#10339=CARTESIAN_POINT('',(3.85,46.5218583054642,37.5514599617918));
#10340=CARTESIAN_POINT('',(3.85,32.6103990285177,31.0644399648403));
#10341=CARTESIAN_POINT('',(3.85,32.0088432582895,5.90993246620333));
#10342=CARTESIAN_POINT('',(3.85,27.4042396950417,10.5145360294512));
#10343=CARTESIAN_POINT('',(3.85,46.5218583054642,20.422947513378));
#10344=CARTESIAN_POINT('',(3.85,51.8288436069714,25.7299328148852));
#10345=CARTESIAN_POINT('',(3.85,46.5218583054642,20.2522036398209));
#10346=CARTESIAN_POINT('Origin',(84.75,-18.4409424986276,10.5689422085336));
#10347=CARTESIAN_POINT('',(84.75,-18.4409424986276,10.5689422085336));
#10348=CARTESIAN_POINT('',(84.75,-18.4409424986276,10.5689422085336));
#10349=CARTESIAN_POINT('',(84.9102991524984,-18.2806433461292,10.6436909309393));
#10350=CARTESIAN_POINT('Origin',(4.60000000000001,-18.4409424986276,10.5689422085336));
#10351=CARTESIAN_POINT('',(4.60000000000001,-18.4409424986276,10.5689422085336));
#10352=CARTESIAN_POINT('',(4.60000000000001,-18.4409424986276,10.5689422085336));
#10353=CARTESIAN_POINT('',(85.5,-18.4409424986276,10.5689422085336));
#10354=CARTESIAN_POINT('Origin',(3.85,-17.6909424986276,10.9186729521498));
#10355=CARTESIAN_POINT('',(2.81244170764837,-16.653384206276,11.4024943296556));
#10356=CARTESIAN_POINT('Origin',(44.675,-14.1028798301163,12.591814052417));
#10357=CARTESIAN_POINT('',(81.7,-14.9969729078883,12.1748916031482));
#10358=CARTESIAN_POINT('',(81.7,29.5299286692223,32.9381268024688));
#10359=CARTESIAN_POINT('',(7.65,-14.9969729078883,12.1748916031482));
#10360=CARTESIAN_POINT('',(63.0875,-14.9969729078883,12.1748916031482));
#10361=CARTESIAN_POINT('',(7.65,-0.0338313439132502,19.1523191044872));
#10362=CARTESIAN_POINT('Origin',(44.675,14.7480486626545,26.045222953478));
#10363=CARTESIAN_POINT('',(7.65,44.4930702331973,39.9155543038077));
#10364=CARTESIAN_POINT('',(7.65,-0.0338313439132502,19.1523191044872));
#10365=CARTESIAN_POINT('',(81.7,44.4930702331973,39.9155543038077));
#10366=CARTESIAN_POINT('',(26.2625,44.4930702331974,39.9155543038077));
#10367=CARTESIAN_POINT('',(81.7,29.5299286692223,32.9381268024688));
#10368=CARTESIAN_POINT('Origin',(44.675,15.5932851861359,24.2326073794047));
#10369=CARTESIAN_POINT('',(81.7,-14.1517363844069,10.3622760290749));
#10370=CARTESIAN_POINT('',(7.65000000000001,-14.1517363844069,10.3622760290749));
#10371=CARTESIAN_POINT('',(63.0875,-14.1517363844069,10.3622760290749));
#10372=CARTESIAN_POINT('',(81.7,45.3383067566788,38.1029387297344));
#10373=CARTESIAN_POINT('',(81.7,30.3751651927037,31.1255112283955));
#10374=CARTESIAN_POINT('',(7.65000000000001,45.3383067566788,38.1029387297344));
#10375=CARTESIAN_POINT('',(26.2625,45.3383067566787,38.1029387297344));
#10376=CARTESIAN_POINT('',(7.65,0.811405179568146,17.3397035304139));
#10377=CARTESIAN_POINT('',(10.35,-11.704705359408,11.5033453357748));
#10378=CARTESIAN_POINT('',(79.,-11.704705359408,11.5033453357748));
#10379=CARTESIAN_POINT('',(27.5125,-11.704705359408,11.5033453357748));
#10380=CARTESIAN_POINT('',(10.35,42.8912757316798,36.9618694230345));
#10381=CARTESIAN_POINT('',(10.35,29.2422804589079,30.5972384012196));
#10382=CARTESIAN_POINT('',(79.,42.8912757316798,36.9618694230345));
#10383=CARTESIAN_POINT('',(61.8375,42.8912757316798,36.9618694230345));
#10384=CARTESIAN_POINT('',(79.,1.94428991336397,17.8679763575897));
#10385=CARTESIAN_POINT('Origin',(79.,-11.8103599248432,11.729922282534));
#10386=CARTESIAN_POINT('',(79.,43.630857689726,35.3758307957204));
#10387=CARTESIAN_POINT('',(79.,42.7856211662446,37.1884463697937));
#10388=CARTESIAN_POINT('',(79.,-10.9651234013618,9.91730670846069));
#10389=CARTESIAN_POINT('',(79.,43.630857689726,35.3758307957204));
#10390=CARTESIAN_POINT('',(79.,-11.8103599248432,11.729922282534));
#10391=CARTESIAN_POINT('Origin',(79.,42.7856211662446,37.1884463697937));
#10392=CARTESIAN_POINT('',(10.35,43.630857689726,35.3758307957204));
#10393=CARTESIAN_POINT('',(10.35,42.7856211662446,37.1884463697937));
#10394=CARTESIAN_POINT('',(10.35,43.630857689726,35.3758307957204));
#10395=CARTESIAN_POINT('Origin',(30.1184937358866,-17.9409424986276,5.00825681233913));
#10396=CARTESIAN_POINT('',(35.6601261556148,-17.9409424986276,2.3723665669015));
#10397=CARTESIAN_POINT('',(35.6601261556148,-17.9409424986276,1.44757189298182));
#10398=CARTESIAN_POINT('',(35.6601261556148,-17.9409424986276,3.69031168962031));
#10399=CARTESIAN_POINT('',(29.9683904111385,-17.9409424986276,2.3723665669015));
#10400=CARTESIAN_POINT('',(30.0434420735126,-17.9409424986276,2.3723665669015));
#10401=CARTESIAN_POINT('',(29.9683904111385,-17.9409424986276,1.44757189298182));
#10402=CARTESIAN_POINT('',(29.9683904111385,-17.9409424986276,3.22791435266048));
#10403=CARTESIAN_POINT('',(32.8893099457507,-17.9409424986276,1.44757189298183));
#10404=CARTESIAN_POINT('Origin',(29.9683904111385,-18.4409424986276,1.44757189298183));
#10405=CARTESIAN_POINT('',(29.9683904111385,-18.4409424986276,2.3723665669015));
#10406=CARTESIAN_POINT('',(29.9683904111385,-18.4409424986276,2.3723665669015));
#10407=CARTESIAN_POINT('',(29.9683904111385,-18.4409424986276,1.44757189298183));
#10408=CARTESIAN_POINT('',(29.9683904111385,-18.4409424986276,6.0082570507577));
#10409=CARTESIAN_POINT('',(29.9683904111385,-18.4409424986276,1.44757189298183));
#10410=CARTESIAN_POINT('Origin',(29.9683904111385,-18.4409424986276,2.3723665669015));
#10411=CARTESIAN_POINT('',(35.6601261556148,-18.4409424986276,2.3723665669015));
#10412=CARTESIAN_POINT('',(35.6601261556148,-18.4409424986276,2.3723665669015));
#10413=CARTESIAN_POINT('',(16.9091952055693,-18.4409424986276,2.3723665669015));
#10414=CARTESIAN_POINT('Origin',(30.1184937358866,-17.9409424986276,5.00825681233913));
#10415=CARTESIAN_POINT('',(41.9817947804928,-17.9409424986276,3.03503908658534));
#10416=CARTESIAN_POINT('',(42.0141148030758,-17.9409424986276,3.22191037679225));
#10417=CARTESIAN_POINT('Ctrl Pts',(41.9817947804928,-17.9409424986276,3.03503908658534));
#10418=CARTESIAN_POINT('Ctrl Pts',(41.9834679999823,-17.9409424986276,3.06466268141807));
#10419=CARTESIAN_POINT('Ctrl Pts',(41.9851412194718,-17.9409424986276,3.0942862762508));
#10420=CARTESIAN_POINT('Ctrl Pts',(41.9898747861385,-17.9409424986276,3.12339641595393));
#10421=CARTESIAN_POINT('Ctrl Pts',(41.9952873080583,-17.9409424986276,3.15668194467321));
#10422=CARTESIAN_POINT('Ctrl Pts',(42.004701055567,-17.9409424986276,3.18929616073273));
#10423=CARTESIAN_POINT('Ctrl Pts',(42.0141148030758,-17.9409424986276,3.22191037679225));
#10424=CARTESIAN_POINT('',(42.1121239125729,-17.9409424986276,2.70405210996181));
#10425=CARTESIAN_POINT('Ctrl Pts',(42.1121239125729,-17.9409424986276,2.70405210996181));
#10426=CARTESIAN_POINT('Ctrl Pts',(42.0741127627668,-17.9409424986276,2.75199988994251));
#10427=CARTESIAN_POINT('Ctrl Pts',(42.0361016129608,-17.9409424986276,2.79994766992322));
#10428=CARTESIAN_POINT('Ctrl Pts',(42.0143770635128,-17.9409424986276,2.85435356641322));
#10429=CARTESIAN_POINT('Ctrl Pts',(41.9921303283556,-17.9409424986276,2.91006719919061));
#10430=CARTESIAN_POINT('Ctrl Pts',(41.9869625544242,-17.9409424986276,2.97255314288797));
#10431=CARTESIAN_POINT('Ctrl Pts',(41.9817947804928,-17.9409424986276,3.03503908658534));
#10432=CARTESIAN_POINT('',(42.4453782498836,-17.9409424986276,2.56894149327785));
#10433=CARTESIAN_POINT('Ctrl Pts',(42.4453782498836,-17.9409424986276,2.56894149327785));
#10434=CARTESIAN_POINT('Ctrl Pts',(42.3812628249272,-17.9409424986276,2.57405972443072));
#10435=CARTESIAN_POINT('Ctrl Pts',(42.3171473999708,-17.9409424986276,2.57917795558359));
#10436=CARTESIAN_POINT('Ctrl Pts',(42.2606014668941,-17.9409424986276,2.60271944547206));
#10437=CARTESIAN_POINT('Ctrl Pts',(42.2064873290936,-17.9409424986276,2.62524851800729));
#10438=CARTESIAN_POINT('Ctrl Pts',(42.1593056208332,-17.9409424986276,2.66465031398455));
#10439=CARTESIAN_POINT('Ctrl Pts',(42.1121239125729,-17.9409424986276,2.70405210996181));
#10440=CARTESIAN_POINT('',(42.7129125058651,-17.9409424986276,2.65033580804378));
#10441=CARTESIAN_POINT('Ctrl Pts',(42.7129125058651,-17.9409424986276,2.65033580804378));
#10442=CARTESIAN_POINT('Ctrl Pts',(42.6708701377538,-17.9409424986276,2.62659653854154));
#10443=CARTESIAN_POINT('Ctrl Pts',(42.6288277696425,-17.9409424986276,2.6028572690393));
#10444=CARTESIAN_POINT('Ctrl Pts',(42.5837087094784,-17.9409424986276,2.58928992295772));
#10445=CARTESIAN_POINT('Ctrl Pts',(42.539562211337,-17.9409424986276,2.57601502723971));
#10446=CARTESIAN_POINT('Ctrl Pts',(42.4924702306103,-17.9409424986276,2.57247826025878));
#10447=CARTESIAN_POINT('Ctrl Pts',(42.4453782498836,-17.9409424986276,2.56894149327785));
#10448=CARTESIAN_POINT('',(42.8551434934139,-17.9409424986276,2.82464243913203));
#10449=CARTESIAN_POINT('Ctrl Pts',(42.8551434934139,-17.9409424986276,2.82464243913203));
#10450=CARTESIAN_POINT('Ctrl Pts',(42.8426687846937,-17.9409424986276,2.79284264187057));
#10451=CARTESIAN_POINT('Ctrl Pts',(42.8301940759734,-17.9409424986276,2.7610428446091));
#10452=CARTESIAN_POINT('Ctrl Pts',(42.8107881009579,-17.9409424986276,2.7346096231988));
#10453=CARTESIAN_POINT('Ctrl Pts',(42.7858151621854,-17.9409424986276,2.70059354210469));
#10454=CARTESIAN_POINT('Ctrl Pts',(42.7493638340252,-17.9409424986276,2.67546467507423));
#10455=CARTESIAN_POINT('Ctrl Pts',(42.7129125058651,-17.9409424986276,2.65033580804378));
#10456=CARTESIAN_POINT('',(43.1576847493648,-17.9409424986276,3.83327521825343));
#10457=CARTESIAN_POINT('',(42.7812011285388,-17.9409424986276,2.57812831415973));
#10458=CARTESIAN_POINT('',(44.7071766316891,-17.9409424986276,3.83327521825343));
#10459=CARTESIAN_POINT('',(37.4128351837878,-17.9409424986276,3.83327521825343));
#10460=CARTESIAN_POINT('',(45.0153016507626,-17.9409424986276,2.8362999155572));
#10461=CARTESIAN_POINT('',(44.059508288993,-17.9409424986276,5.92888350072214));
#10462=CARTESIAN_POINT('',(45.4333733975887,-17.9409424986276,2.56894149327785));
#10463=CARTESIAN_POINT('Ctrl Pts',(45.4333733975887,-17.9409424986276,2.56894149327785));
#10464=CARTESIAN_POINT('Ctrl Pts',(45.3280471701488,-17.9409424986276,2.57534842966643));
#10465=CARTESIAN_POINT('Ctrl Pts',(45.2227209427088,-17.9409424986276,2.58175536605501));
#10466=CARTESIAN_POINT('Ctrl Pts',(45.1503252446651,-17.9409424986276,2.63578094983607));
#10467=CARTESIAN_POINT('Ctrl Pts',(45.0901495003388,-17.9409424986276,2.68068734351057));
#10468=CARTESIAN_POINT('Ctrl Pts',(45.0527255755507,-17.9409424986276,2.75849362953389));
#10469=CARTESIAN_POINT('Ctrl Pts',(45.0153016507626,-17.9409424986276,2.8362999155572));
#10470=CARTESIAN_POINT('',(45.741078799963,-17.9409424986276,2.70373739743739));
#10471=CARTESIAN_POINT('Ctrl Pts',(45.741078799963,-17.9409424986276,2.70373739743739));
#10472=CARTESIAN_POINT('Ctrl Pts',(45.695866687271,-17.9409424986276,2.66442667980506));
#10473=CARTESIAN_POINT('Ctrl Pts',(45.650654574579,-17.9409424986276,2.62511596217273));
#10474=CARTESIAN_POINT('Ctrl Pts',(45.5981516301632,-17.9409424986276,2.60264076734096));
#10475=CARTESIAN_POINT('Ctrl Pts',(45.5477116466276,-17.9409424986276,2.58104867436621));
#10476=CARTESIAN_POINT('Ctrl Pts',(45.4905425221082,-17.9409424986276,2.57499508382203));
#10477=CARTESIAN_POINT('Ctrl Pts',(45.4333733975887,-17.9409424986276,2.56894149327785));
#10478=CARTESIAN_POINT('',(45.8730840146542,-17.9409424986276,3.02624322915584));
#10479=CARTESIAN_POINT('Ctrl Pts',(45.8730840146542,-17.9409424986276,3.02624322915584));
#10480=CARTESIAN_POINT('Ctrl Pts',(45.8675533257367,-17.9409424986276,2.96584608266075));
#10481=CARTESIAN_POINT('Ctrl Pts',(45.8620226368193,-17.9409424986276,2.90544893616567));
#10482=CARTESIAN_POINT('Ctrl Pts',(45.8400844991207,-17.9409424986276,2.85176195645839));
#10483=CARTESIAN_POINT('Ctrl Pts',(45.8180835867405,-17.9409424986276,2.79792135463857));
#10484=CARTESIAN_POINT('Ctrl Pts',(45.7795811933517,-17.9409424986276,2.75082937603798));
#10485=CARTESIAN_POINT('Ctrl Pts',(45.741078799963,-17.9409424986276,2.70373739743739));
#10486=CARTESIAN_POINT('',(45.8448814809322,-17.9409424986276,3.18093456769496));
#10487=CARTESIAN_POINT('Ctrl Pts',(45.8448814809322,-17.9409424986276,3.18093456769496));
#10488=CARTESIAN_POINT('Ctrl Pts',(45.8530785261162,-17.9409424986276,3.15302603287236));
#10489=CARTESIAN_POINT('Ctrl Pts',(45.8612755713002,-17.9409424986276,3.12511749804977));
#10490=CARTESIAN_POINT('Ctrl Pts',(45.8660315930843,-17.9409424986276,3.09660830045253));
#10491=CARTESIAN_POINT('Ctrl Pts',(45.8699002557434,-17.9409424986276,3.07341823253632));
#10492=CARTESIAN_POINT('Ctrl Pts',(45.8714921351988,-17.9409424986276,3.04983073084608));
#10493=CARTESIAN_POINT('Ctrl Pts',(45.8730840146542,-17.9409424986276,3.02624322915584));
#10494=CARTESIAN_POINT('',(44.3709182202816,-17.9409424986276,8.30144383454829));
#10495=CARTESIAN_POINT('',(44.2633319663836,-17.9409424986276,8.67519562658941));
#10496=CARTESIAN_POINT('',(43.9481019437313,-17.9409424986276,8.56894173169642));
#10497=CARTESIAN_POINT('Ctrl Pts',(43.9481019437313,-17.9409424986276,8.56894173169642));
#10498=CARTESIAN_POINT('Ctrl Pts',(44.0501129048641,-17.9409424986276,8.56120522824584));
#10499=CARTESIAN_POINT('Ctrl Pts',(44.1521238659968,-17.9409424986276,8.55346872479526));
#10500=CARTESIAN_POINT('Ctrl Pts',(44.2249369084835,-17.9409424986276,8.50206710839778));
#10501=CARTESIAN_POINT('Ctrl Pts',(44.2883709870224,-17.9409424986276,8.45728647487078));
#10502=CARTESIAN_POINT('Ctrl Pts',(44.329644603652,-17.9409424986276,8.37936515470954));
#10503=CARTESIAN_POINT('Ctrl Pts',(44.3709182202816,-17.9409424986276,8.30144383454829));
#10504=CARTESIAN_POINT('',(43.4900330960751,-17.9409424986276,8.19135882401973));
#10505=CARTESIAN_POINT('Ctrl Pts',(43.4900330960751,-17.9409424986276,8.19135882401973));
#10506=CARTESIAN_POINT('Ctrl Pts',(43.5344006579043,-17.9409424986276,8.30142292292498));
#10507=CARTESIAN_POINT('Ctrl Pts',(43.5787682197336,-17.9409424986276,8.41148702183023));
#10508=CARTESIAN_POINT('Ctrl Pts',(43.6606025159359,-17.9409424986276,8.47454615378886));
#10509=CARTESIAN_POINT('Ctrl Pts',(43.7355082946654,-17.9409424986276,8.53226637140629));
#10510=CARTESIAN_POINT('Ctrl Pts',(43.8418051191983,-17.9409424986276,8.55060405155136));
#10511=CARTESIAN_POINT('Ctrl Pts',(43.9481019437313,-17.9409424986276,8.56894173169642));
#10512=CARTESIAN_POINT('',(41.7757653644161,-17.9409424986276,2.41938272098415));
#10513=CARTESIAN_POINT('',(44.4682287633419,-17.9409424986276,4.75807048821956));
#10514=CARTESIAN_POINT('',(43.9434933125973,-17.9409424986276,6.68807782674342));
#10515=CARTESIAN_POINT('',(43.9426980731493,-17.9409424986276,6.69100276342963));
#10516=CARTESIAN_POINT('',(43.4046577870846,-17.9409424986276,4.75807048821956));
#10517=CARTESIAN_POINT('',(36.7615757614856,-17.9409424986276,4.75807048821956));
#10518=CARTESIAN_POINT('',(43.2261144405188,-17.9409424986276,4.1185618574761));
#10519=CARTESIAN_POINT('Origin',(43.9434933125973,-18.4409424986276,6.68807782674342));
#10520=CARTESIAN_POINT('',(43.4046577870846,-18.4409424986276,4.75807048821956));
#10521=CARTESIAN_POINT('',(43.4046577870846,-18.4409424986276,4.75807048821956));
#10522=CARTESIAN_POINT('',(43.9434933125973,-18.4409424986276,6.68807782674342));
#10523=CARTESIAN_POINT('',(42.9964884979602,-18.4409424986276,3.29608499158658));
#10524=CARTESIAN_POINT('',(43.9434933125973,-18.4409424986276,6.68807782674342));
#10525=CARTESIAN_POINT('Origin',(43.4046577870846,-18.4409424986276,4.75807048821956));
#10526=CARTESIAN_POINT('',(44.4682287633419,-18.4409424986276,4.75807048821956));
#10527=CARTESIAN_POINT('',(44.4682287633419,-18.4409424986276,4.75807048821956));
#10528=CARTESIAN_POINT('',(23.6273288935423,-18.4409424986276,4.75807048821956));
#10529=CARTESIAN_POINT('Ctrl Pts',(45.4333733975887,-18.4409424986276,2.56894149327785));
#10530=CARTESIAN_POINT('Ctrl Pts',(45.4333733975887,-17.4409424986276,2.56894149327785));
#10531=CARTESIAN_POINT('Ctrl Pts',(45.3280471701488,-18.4409424986276,2.57534842966643));
#10532=CARTESIAN_POINT('Ctrl Pts',(45.3280471701488,-17.4409424986276,2.57534842966643));
#10533=CARTESIAN_POINT('Ctrl Pts',(45.135173142155,-18.4409424986276,2.58708085053064));
#10534=CARTESIAN_POINT('Ctrl Pts',(45.135173142155,-17.4409424986276,2.58708085053064));
#10535=CARTESIAN_POINT('Ctrl Pts',(45.0527255755507,-18.4409424986276,2.75849362953389));
#10536=CARTESIAN_POINT('Ctrl Pts',(45.0527255755507,-17.4409424986276,2.75849362953389));
#10537=CARTESIAN_POINT('Ctrl Pts',(45.0153016507626,-18.4409424986276,2.8362999155572));
#10538=CARTESIAN_POINT('Ctrl Pts',(45.0153016507626,-17.4409424986276,2.8362999155572));
#10539=CARTESIAN_POINT('',(45.0153016507626,-18.4409424986276,2.8362999155572));
#10540=CARTESIAN_POINT('',(45.0153016507626,-18.4409424986276,2.8362999155572));
#10541=CARTESIAN_POINT('',(45.4333733975887,-18.4409424986276,2.56894149327785));
#10542=CARTESIAN_POINT('Ctrl Pts',(45.4333733975887,-18.4409424986276,2.56894149327785));
#10543=CARTESIAN_POINT('Ctrl Pts',(45.3280471701488,-18.4409424986276,2.57534842966643));
#10544=CARTESIAN_POINT('Ctrl Pts',(45.135173142155,-18.4409424986276,2.58708085053064));
#10545=CARTESIAN_POINT('Ctrl Pts',(45.0527255755507,-18.4409424986276,2.75849362953389));
#10546=CARTESIAN_POINT('Ctrl Pts',(45.0153016507626,-18.4409424986276,2.8362999155572));
#10547=CARTESIAN_POINT('',(45.4333733975887,-18.4409424986276,2.56894149327785));
#10548=CARTESIAN_POINT('Origin',(45.0153016507626,-18.4409424986276,2.8362999155572));
#10549=CARTESIAN_POINT('',(44.7071766316891,-18.4409424986276,3.83327521825343));
#10550=CARTESIAN_POINT('',(44.7071766316891,-18.4409424986276,3.83327521825343));
#10551=CARTESIAN_POINT('',(42.1299653623154,-18.4409424986276,12.1721501110551));
#10552=CARTESIAN_POINT('Origin',(44.7071766316891,-18.4409424986276,3.83327521825343));
#10553=CARTESIAN_POINT('',(43.1576847493648,-18.4409424986276,3.83327521825343));
#10554=CARTESIAN_POINT('',(43.1576847493648,-18.4409424986276,3.83327521825343));
#10555=CARTESIAN_POINT('',(24.2785883158445,-18.4409424986276,3.83327521825343));
#10556=CARTESIAN_POINT('Origin',(43.1576847493648,-18.4409424986276,3.83327521825343));
#10557=CARTESIAN_POINT('',(42.8551434934139,-18.4409424986276,2.82464243913203));
#10558=CARTESIAN_POINT('',(42.8551434934139,-18.4409424986276,2.82464243913203));
#10559=CARTESIAN_POINT('',(42.4621708337368,-18.4409424986276,1.51452324694776));
#10560=CARTESIAN_POINT('Ctrl Pts',(42.8551434934139,-18.4409424986276,2.82464243913203));
#10561=CARTESIAN_POINT('Ctrl Pts',(42.8551434934139,-17.4409424986276,2.82464243913203));
#10562=CARTESIAN_POINT('Ctrl Pts',(42.8426687846937,-18.4409424986276,2.79284264187057));
#10563=CARTESIAN_POINT('Ctrl Pts',(42.8426687846937,-17.4409424986276,2.79284264187057));
#10564=CARTESIAN_POINT('Ctrl Pts',(42.8141407657519,-18.4409424986276,2.72012068587437));
#10565=CARTESIAN_POINT('Ctrl Pts',(42.8141407657519,-17.4409424986276,2.72012068587437));
#10566=CARTESIAN_POINT('Ctrl Pts',(42.7493638340252,-18.4409424986276,2.67546467507423));
#10567=CARTESIAN_POINT('Ctrl Pts',(42.7493638340252,-17.4409424986276,2.67546467507423));
#10568=CARTESIAN_POINT('Ctrl Pts',(42.7129125058651,-18.4409424986276,2.65033580804378));
#10569=CARTESIAN_POINT('Ctrl Pts',(42.7129125058651,-17.4409424986276,2.65033580804378));
#10570=CARTESIAN_POINT('',(42.7129125058651,-18.4409424986276,2.65033580804378));
#10571=CARTESIAN_POINT('',(42.7129125058651,-18.4409424986276,2.65033580804378));
#10572=CARTESIAN_POINT('Ctrl Pts',(42.8551434934139,-18.4409424986276,2.82464243913203));
#10573=CARTESIAN_POINT('Ctrl Pts',(42.8426687846937,-18.4409424986276,2.79284264187057));
#10574=CARTESIAN_POINT('Ctrl Pts',(42.8141407657519,-18.4409424986276,2.72012068587437));
#10575=CARTESIAN_POINT('Ctrl Pts',(42.7493638340252,-18.4409424986276,2.67546467507423));
#10576=CARTESIAN_POINT('Ctrl Pts',(42.7129125058651,-18.4409424986276,2.65033580804378));
#10577=CARTESIAN_POINT('Ctrl Pts',(42.7129125058651,-18.4409424986276,2.65033580804378));
#10578=CARTESIAN_POINT('Ctrl Pts',(42.7129125058651,-17.4409424986276,2.65033580804378));
#10579=CARTESIAN_POINT('Ctrl Pts',(42.6708701377538,-18.4409424986276,2.62659653854154));
#10580=CARTESIAN_POINT('Ctrl Pts',(42.6708701377538,-17.4409424986276,2.62659653854154));
#10581=CARTESIAN_POINT('Ctrl Pts',(42.5876916440466,-18.4409424986276,2.57962971037242));
#10582=CARTESIAN_POINT('Ctrl Pts',(42.5876916440466,-17.4409424986276,2.57962971037242));
#10583=CARTESIAN_POINT('Ctrl Pts',(42.4924702306103,-18.4409424986276,2.57247826025878));
#10584=CARTESIAN_POINT('Ctrl Pts',(42.4924702306103,-17.4409424986276,2.57247826025878));
#10585=CARTESIAN_POINT('Ctrl Pts',(42.4453782498836,-18.4409424986276,2.56894149327785));
#10586=CARTESIAN_POINT('Ctrl Pts',(42.4453782498836,-17.4409424986276,2.56894149327785));
#10587=CARTESIAN_POINT('',(42.4453782498836,-18.4409424986276,2.56894149327785));
#10588=CARTESIAN_POINT('',(42.4453782498836,-18.4409424986276,2.56894149327785));
#10589=CARTESIAN_POINT('Ctrl Pts',(42.7129125058651,-18.4409424986276,2.65033580804378));
#10590=CARTESIAN_POINT('Ctrl Pts',(42.6708701377538,-18.4409424986276,2.62659653854154));
#10591=CARTESIAN_POINT('Ctrl Pts',(42.5876916440466,-18.4409424986276,2.57962971037242));
#10592=CARTESIAN_POINT('Ctrl Pts',(42.4924702306103,-18.4409424986276,2.57247826025878));
#10593=CARTESIAN_POINT('Ctrl Pts',(42.4453782498836,-18.4409424986276,2.56894149327785));
#10594=CARTESIAN_POINT('Ctrl Pts',(42.4453782498836,-18.4409424986276,2.56894149327785));
#10595=CARTESIAN_POINT('Ctrl Pts',(42.4453782498836,-17.4409424986276,2.56894149327785));
#10596=CARTESIAN_POINT('Ctrl Pts',(42.3812628249272,-18.4409424986276,2.57405972443072));
#10597=CARTESIAN_POINT('Ctrl Pts',(42.3812628249272,-17.4409424986276,2.57405972443072));
#10598=CARTESIAN_POINT('Ctrl Pts',(42.2557893012984,-18.4409424986276,2.5840760738183));
#10599=CARTESIAN_POINT('Ctrl Pts',(42.2557893012984,-17.4409424986276,2.5840760738183));
#10600=CARTESIAN_POINT('Ctrl Pts',(42.1593056208332,-18.4409424986276,2.66465031398455));
#10601=CARTESIAN_POINT('Ctrl Pts',(42.1593056208332,-17.4409424986276,2.66465031398455));
#10602=CARTESIAN_POINT('Ctrl Pts',(42.1121239125729,-18.4409424986276,2.70405210996181));
#10603=CARTESIAN_POINT('Ctrl Pts',(42.1121239125729,-17.4409424986276,2.70405210996181));
#10604=CARTESIAN_POINT('',(42.1121239125729,-18.4409424986276,2.70405210996181));
#10605=CARTESIAN_POINT('',(42.1121239125729,-18.4409424986276,2.70405210996181));
#10606=CARTESIAN_POINT('Ctrl Pts',(42.4453782498836,-18.4409424986276,2.56894149327785));
#10607=CARTESIAN_POINT('Ctrl Pts',(42.3812628249272,-18.4409424986276,2.57405972443072));
#10608=CARTESIAN_POINT('Ctrl Pts',(42.2557893012984,-18.4409424986276,2.5840760738183));
#10609=CARTESIAN_POINT('Ctrl Pts',(42.1593056208332,-18.4409424986276,2.66465031398455));
#10610=CARTESIAN_POINT('Ctrl Pts',(42.1121239125729,-18.4409424986276,2.70405210996181));
#10611=CARTESIAN_POINT('Ctrl Pts',(42.1121239125729,-18.4409424986276,2.70405210996181));
#10612=CARTESIAN_POINT('Ctrl Pts',(42.1121239125729,-17.4409424986276,2.70405210996181));
#10613=CARTESIAN_POINT('Ctrl Pts',(42.0741127627668,-18.4409424986276,2.75199988994251));
#10614=CARTESIAN_POINT('Ctrl Pts',(42.0741127627668,-17.4409424986276,2.75199988994251));
#10615=CARTESIAN_POINT('Ctrl Pts',(41.997176801895,-18.4409424986276,2.84904795461069));
#10616=CARTESIAN_POINT('Ctrl Pts',(41.997176801895,-17.4409424986276,2.84904795461069));
#10617=CARTESIAN_POINT('Ctrl Pts',(41.9869625544242,-18.4409424986276,2.97255314288797));
#10618=CARTESIAN_POINT('Ctrl Pts',(41.9869625544242,-17.4409424986276,2.97255314288797));
#10619=CARTESIAN_POINT('Ctrl Pts',(41.9817947804928,-18.4409424986276,3.03503908658534));
#10620=CARTESIAN_POINT('Ctrl Pts',(41.9817947804928,-17.4409424986276,3.03503908658534));
#10621=CARTESIAN_POINT('',(41.9817947804928,-18.4409424986276,3.03503908658534));
#10622=CARTESIAN_POINT('',(41.9817947804928,-18.4409424986276,3.03503908658534));
#10623=CARTESIAN_POINT('Ctrl Pts',(42.1121239125729,-18.4409424986276,2.70405210996181));
#10624=CARTESIAN_POINT('Ctrl Pts',(42.0741127627668,-18.4409424986276,2.75199988994251));
#10625=CARTESIAN_POINT('Ctrl Pts',(41.997176801895,-18.4409424986276,2.84904795461069));
#10626=CARTESIAN_POINT('Ctrl Pts',(41.9869625544242,-18.4409424986276,2.97255314288797));
#10627=CARTESIAN_POINT('Ctrl Pts',(41.9817947804928,-18.4409424986276,3.03503908658534));
#10628=CARTESIAN_POINT('Origin',(30.1184937358866,-17.9409424986276,5.00825681233913));
#10629=CARTESIAN_POINT('',(27.0009564816952,-17.9409424986276,5.87200619721919));
#10630=CARTESIAN_POINT('',(26.8678712308407,-17.9409424986276,6.19370855832606));
#10631=CARTESIAN_POINT('Ctrl Pts',(27.0009564816952,-17.9409424986276,5.87200619721919));
#10632=CARTESIAN_POINT('Ctrl Pts',(26.9621403021907,-17.9409424986276,5.91911634680193));
#10633=CARTESIAN_POINT('Ctrl Pts',(26.9233241226863,-17.9409424986276,5.96622649638468));
#10634=CARTESIAN_POINT('Ctrl Pts',(26.9011425435543,-17.9409424986276,6.02019586110621));
#10635=CARTESIAN_POINT('Ctrl Pts',(26.8792087978679,-17.9409424986276,6.07356222937142));
#10636=CARTESIAN_POINT('Ctrl Pts',(26.8735400143543,-17.9409424986276,6.13363539384874));
#10637=CARTESIAN_POINT('Ctrl Pts',(26.8678712308407,-17.9409424986276,6.19370855832606));
#10638=CARTESIAN_POINT('',(27.3258006036282,-17.9409424986276,5.73647655988246));
#10639=CARTESIAN_POINT('Ctrl Pts',(27.3258006036282,-17.9409424986276,5.73647655988246));
#10640=CARTESIAN_POINT('Ctrl Pts',(27.2643859582553,-17.9409424986276,5.74206337748518));
#10641=CARTESIAN_POINT('Ctrl Pts',(27.2029713128825,-17.9409424986276,5.74765019508789));
#10642=CARTESIAN_POINT('Ctrl Pts',(27.1487116277218,-17.9409424986276,5.77035941625148));
#10643=CARTESIAN_POINT('Ctrl Pts',(27.0947405463182,-17.9409424986276,5.79294784853599));
#10644=CARTESIAN_POINT('Ctrl Pts',(27.0478485140067,-17.9409424986276,5.83247702287759));
#10645=CARTESIAN_POINT('Ctrl Pts',(27.0009564816952,-17.9409424986276,5.87200619721919));
#10646=CARTESIAN_POINT('',(27.6519715249538,-17.9409424986276,5.87242521787196));
#10647=CARTESIAN_POINT('Ctrl Pts',(27.6519715249538,-17.9409424986276,5.87242521787196));
#10648=CARTESIAN_POINT('Ctrl Pts',(27.6044418598787,-17.9409424986276,5.83277368097762));
#10649=CARTESIAN_POINT('Ctrl Pts',(27.5569121948035,-17.9409424986276,5.79312214408328));
#10650=CARTESIAN_POINT('Ctrl Pts',(27.5023149907589,-17.9409424986276,5.77046372437984));
#10651=CARTESIAN_POINT('Ctrl Pts',(27.4481194781459,-17.9409424986276,5.74797201088798));
#10652=CARTESIAN_POINT('Ctrl Pts',(27.386960040887,-17.9409424986276,5.74222428538522));
#10653=CARTESIAN_POINT('Ctrl Pts',(27.3258006036282,-17.9409424986276,5.73647655988246));
#10654=CARTESIAN_POINT('',(27.788197940588,-17.9409424986276,6.19370855832606));
#10655=CARTESIAN_POINT('Ctrl Pts',(27.788197940588,-17.9409424986276,6.19370855832606));
#10656=CARTESIAN_POINT('Ctrl Pts',(27.7822850652564,-17.9409424986276,6.13375335511068));
#10657=CARTESIAN_POINT('Ctrl Pts',(27.7763721899248,-17.9409424986276,6.07379815189529));
#10658=CARTESIAN_POINT('Ctrl Pts',(27.7541410386562,-17.9409424986276,6.02071978593379));
#10659=CARTESIAN_POINT('Ctrl Pts',(27.7314340611606,-17.9409424986276,5.96650535291437));
#10660=CARTESIAN_POINT('Ctrl Pts',(27.6917027930572,-17.9409424986276,5.91946528539316));
#10661=CARTESIAN_POINT('Ctrl Pts',(27.6519715249538,-17.9409424986276,5.87242521787196));
#10662=CARTESIAN_POINT('',(27.788197940588,-17.9409424986276,6.37129642510921));
#10663=CARTESIAN_POINT('',(27.788197940588,-17.9409424986276,5.68977661872417));
#10664=CARTESIAN_POINT('',(28.3511161267757,-17.9409424986276,7.36268677258998));
#10665=CARTESIAN_POINT('',(28.0610949193332,-17.9409424986276,6.85191232493815));
#10666=CARTESIAN_POINT('',(28.3511161267757,-17.9409424986276,3.02638270402461));
#10667=CARTESIAN_POINT('',(28.3511161267757,-17.9409424986276,4.01731975818187));
#10668=CARTESIAN_POINT('',(28.486018127203,-17.9409424986276,2.70359792256862));
#10669=CARTESIAN_POINT('Ctrl Pts',(28.486018127203,-17.9409424986276,2.70359792256862));
#10670=CARTESIAN_POINT('Ctrl Pts',(28.4466724602927,-17.9409424986276,2.75059545950171));
#10671=CARTESIAN_POINT('Ctrl Pts',(28.4073267933824,-17.9409424986276,2.7975929964348));
#10672=CARTESIAN_POINT('Ctrl Pts',(28.3848428189754,-17.9409424986276,2.85162248158961));
#10673=CARTESIAN_POINT('Ctrl Pts',(28.3625234864395,-17.9409424986276,2.90525632870603));
#10674=CARTESIAN_POINT('Ctrl Pts',(28.3568198066076,-17.9409424986276,2.96581951636532));
#10675=CARTESIAN_POINT('Ctrl Pts',(28.3511161267757,-17.9409424986276,3.02638270402461));
#10676=CARTESIAN_POINT('',(28.809115833044,-17.9409424986276,2.56894149327784));
#10677=CARTESIAN_POINT('Ctrl Pts',(28.809115833044,-17.9409424986276,2.56894149327785));
#10678=CARTESIAN_POINT('Ctrl Pts',(28.7485245432077,-17.9409424986276,2.5746318934922));
#10679=CARTESIAN_POINT('Ctrl Pts',(28.6879332533713,-17.9409424986276,2.58032229370656));
#10680=CARTESIAN_POINT('Ctrl Pts',(28.6342429578304,-17.9409424986276,2.60260560060054));
#10681=CARTESIAN_POINT('Ctrl Pts',(28.5801678300167,-17.9409424986276,2.62504862603494));
#10682=CARTESIAN_POINT('Ctrl Pts',(28.5330929786098,-17.9409424986276,2.66432327430178));
#10683=CARTESIAN_POINT('Ctrl Pts',(28.486018127203,-17.9409424986276,2.70359792256862));
#10684=CARTESIAN_POINT('',(29.1414308011532,-17.9409424986276,2.70220198178798));
#10685=CARTESIAN_POINT('Ctrl Pts',(29.1414308011532,-17.9409424986276,2.70220198178798));
#10686=CARTESIAN_POINT('Ctrl Pts',(29.0928082502411,-17.9409424986276,2.66333450484971));
#10687=CARTESIAN_POINT('Ctrl Pts',(29.044185699329,-17.9409424986276,2.62446702791145));
#10688=CARTESIAN_POINT('Ctrl Pts',(28.988878673315,-17.9409424986276,2.6022569134286));
#10689=CARTESIAN_POINT('Ctrl Pts',(28.933435939246,-17.9409424986276,2.57999230150379));
#10690=CARTESIAN_POINT('Ctrl Pts',(28.871275886145,-17.9409424986276,2.57446689739082));
#10691=CARTESIAN_POINT('Ctrl Pts',(28.809115833044,-17.9409424986276,2.56894149327785));
#10692=CARTESIAN_POINT('',(29.2803787648678,-17.9409424986276,3.02624322915584));
#10693=CARTESIAN_POINT('Ctrl Pts',(29.2803787648678,-17.9409424986276,3.02624322915584));
#10694=CARTESIAN_POINT('Ctrl Pts',(29.2745297299731,-17.9409424986276,2.96498968564525));
#10695=CARTESIAN_POINT('Ctrl Pts',(29.2686806950785,-17.9409424986276,2.90373614213467));
#10696=CARTESIAN_POINT('Ctrl Pts',(29.2456411778927,-17.9409424986276,2.84984268689662));
#10697=CARTESIAN_POINT('Ctrl Pts',(29.222483029818,-17.9409424986276,2.79567173328696));
#10698=CARTESIAN_POINT('Ctrl Pts',(29.1819569154856,-17.9409424986276,2.74893685753747));
#10699=CARTESIAN_POINT('Ctrl Pts',(29.1414308011532,-17.9409424986276,2.70220198178798));
#10700=CARTESIAN_POINT('',(29.2803787648678,-17.9409424986276,8.56894173169642));
#10701=CARTESIAN_POINT('',(29.2803787648678,-17.9409424986276,6.78859927201778));
#10702=CARTESIAN_POINT('',(28.2036852300167,-17.9409424986276,8.56894173169642));
#10703=CARTESIAN_POINT('',(29.1610894829516,-17.9409424986276,8.56894173169642));
#10704=CARTESIAN_POINT('',(27.3180519998074,-17.9409424986276,7.2505084469369));
#10705=CARTESIAN_POINT('',(27.2344788230503,-17.9409424986276,7.126093899028));
#10706=CARTESIAN_POINT('',(26.4613878190517,-17.9409424986276,8.56894173169642));
#10707=CARTESIAN_POINT('',(27.8175985233964,-17.9409424986276,6.48169053814479));
#10708=CARTESIAN_POINT('',(25.3712212502956,-17.9409424986276,8.56894173169642));
#10709=CARTESIAN_POINT('',(27.7448574930911,-17.9409424986276,8.56894173169642));
#10710=CARTESIAN_POINT('',(25.3712212502956,-17.9409424986276,3.02624322915584));
#10711=CARTESIAN_POINT('',(25.3712212502956,-17.9409424986276,4.01725002074748));
#10712=CARTESIAN_POINT('',(25.504307693243,-17.9409424986276,2.70447053456813));
#10713=CARTESIAN_POINT('Ctrl Pts',(25.504307693243,-17.9409424986276,2.70447053456813));
#10714=CARTESIAN_POINT('Ctrl Pts',(25.4654910037356,-17.9409424986276,2.75158694287506));
#10715=CARTESIAN_POINT('Ctrl Pts',(25.4266743142281,-17.9409424986276,2.79870335118198));
#10716=CARTESIAN_POINT('Ctrl Pts',(25.4044925630093,-17.9409424986276,2.85267807984859));
#10717=CARTESIAN_POINT('Ctrl Pts',(25.3825541545965,-17.9409424986276,2.90606068385365));
#10718=CARTESIAN_POINT('Ctrl Pts',(25.3768877024461,-17.9409424986276,2.96615195650475));
#10719=CARTESIAN_POINT('Ctrl Pts',(25.3712212502956,-17.9409424986276,3.02624322915584));
#10720=CARTESIAN_POINT('',(25.829151815176,-17.9409424986276,2.56894149327784));
#10721=CARTESIAN_POINT('Ctrl Pts',(25.829151815176,-17.9409424986276,2.56894149327785));
#10722=CARTESIAN_POINT('Ctrl Pts',(25.7677362372805,-17.9409424986276,2.57452779690962));
#10723=CARTESIAN_POINT('Ctrl Pts',(25.7063206593849,-17.9409424986276,2.5801141005414));
#10724=CARTESIAN_POINT('Ctrl Pts',(25.6520604550838,-17.9409424986276,2.60282375360042));
#10725=CARTESIAN_POINT('Ctrl Pts',(25.5980901158546,-17.9409424986276,2.62541208873774));
#10726=CARTESIAN_POINT('Ctrl Pts',(25.5511989045488,-17.9409424986276,2.66494131165293));
#10727=CARTESIAN_POINT('Ctrl Pts',(25.504307693243,-17.9409424986276,2.70447053456813));
#10728=CARTESIAN_POINT('',(26.157555526495,-17.9409424986276,2.70276047730952));
#10729=CARTESIAN_POINT('Ctrl Pts',(26.157555526495,-17.9409424986276,2.70276047730952));
#10730=CARTESIAN_POINT('Ctrl Pts',(26.1101376828352,-17.9409424986276,2.66373061535296));
#10731=CARTESIAN_POINT('Ctrl Pts',(26.0627198391755,-17.9409424986276,2.62470075339639));
#10732=CARTESIAN_POINT('Ctrl Pts',(26.0084568917751,-17.9409424986276,2.60239638829738));
#10733=CARTESIAN_POINT('Ctrl Pts',(25.9533884259179,-17.9409424986276,2.57976092106299));
#10734=CARTESIAN_POINT('Ctrl Pts',(25.891270120547,-17.9409424986276,2.57435120717042));
#10735=CARTESIAN_POINT('Ctrl Pts',(25.829151815176,-17.9409424986276,2.56894149327785));
#10736=CARTESIAN_POINT('',(26.2915491521358,-17.9409424986276,3.02638270402461));
#10737=CARTESIAN_POINT('Ctrl Pts',(26.2915491521358,-17.9409424986276,3.02638270402461));
#10738=CARTESIAN_POINT('Ctrl Pts',(26.2859805986554,-17.9409424986276,2.96546198695969));
#10739=CARTESIAN_POINT('Ctrl Pts',(26.280412045175,-17.9409424986276,2.90454126989477));
#10740=CARTESIAN_POINT('Ctrl Pts',(26.2580513417721,-17.9409424986276,2.85057582402736));
#10741=CARTESIAN_POINT('Ctrl Pts',(26.2357190615528,-17.9409424986276,2.79667897482941));
#10742=CARTESIAN_POINT('Ctrl Pts',(26.1966372940239,-17.9409424986276,2.74971972606947));
#10743=CARTESIAN_POINT('Ctrl Pts',(26.157555526495,-17.9409424986276,2.70276047730952));
#10744=CARTESIAN_POINT('',(26.2915491521358,-17.9409424986276,7.38055743718654));
#10745=CARTESIAN_POINT('',(26.2915491521358,-17.9409424986276,6.19440712476283));
#10746=CARTESIAN_POINT('',(26.8678712308407,-17.9409424986276,6.35237850690394));
#10747=CARTESIAN_POINT('',(27.5430896781309,-17.9409424986276,5.14776496441726));
#10748=CARTESIAN_POINT('',(26.8678712308407,-17.9409424986276,5.60098268533259));
#10749=CARTESIAN_POINT('Origin',(28.2036852300167,-18.4409424986276,8.56894173169642));
#10750=CARTESIAN_POINT('',(29.2803787648678,-18.4409424986276,8.56894173169642));
#10751=CARTESIAN_POINT('',(29.2803787648678,-18.4409424986276,8.56894173169642));
#10752=CARTESIAN_POINT('',(28.2036852300167,-18.4409424986276,8.56894173169642));
#10753=CARTESIAN_POINT('',(16.0268426150084,-18.4409424986276,8.56894173169642));
#10754=CARTESIAN_POINT('',(28.2036852300167,-18.4409424986276,8.56894173169642));
#10755=CARTESIAN_POINT('Origin',(29.2803787648678,-18.4409424986276,8.56894173169642));
#10756=CARTESIAN_POINT('',(29.2803787648678,-18.4409424986276,3.02624322915584));
#10757=CARTESIAN_POINT('',(29.2803787648678,-18.4409424986276,3.02624322915584));
#10758=CARTESIAN_POINT('',(29.2803787648678,-18.4409424986276,9.568941970115));
#10759=CARTESIAN_POINT('Ctrl Pts',(29.2803787648678,-18.4409424986276,3.02624322915584));
#10760=CARTESIAN_POINT('Ctrl Pts',(29.2803787648678,-17.4409424986276,3.02624322915584));
#10761=CARTESIAN_POINT('Ctrl Pts',(29.2745297299731,-18.4409424986276,2.96498968564525));
#10762=CARTESIAN_POINT('Ctrl Pts',(29.2745297299731,-17.4409424986276,2.96498968564525));
#10763=CARTESIAN_POINT('Ctrl Pts',(29.2628015433978,-18.4409424986276,2.8421672030254));
#10764=CARTESIAN_POINT('Ctrl Pts',(29.2628015433978,-17.4409424986276,2.8421672030254));
#10765=CARTESIAN_POINT('Ctrl Pts',(29.1819569154856,-18.4409424986276,2.74893685753747));
#10766=CARTESIAN_POINT('Ctrl Pts',(29.1819569154856,-17.4409424986276,2.74893685753747));
#10767=CARTESIAN_POINT('Ctrl Pts',(29.1414308011532,-18.4409424986276,2.70220198178798));
#10768=CARTESIAN_POINT('Ctrl Pts',(29.1414308011532,-17.4409424986276,2.70220198178798));
#10769=CARTESIAN_POINT('',(29.1414308011532,-18.4409424986276,2.70220198178798));
#10770=CARTESIAN_POINT('',(29.1414308011532,-18.4409424986276,2.70220198178798));
#10771=CARTESIAN_POINT('Ctrl Pts',(29.2803787648678,-18.4409424986276,3.02624322915584));
#10772=CARTESIAN_POINT('Ctrl Pts',(29.2745297299731,-18.4409424986276,2.96498968564525));
#10773=CARTESIAN_POINT('Ctrl Pts',(29.2628015433978,-18.4409424986276,2.8421672030254));
#10774=CARTESIAN_POINT('Ctrl Pts',(29.1819569154856,-18.4409424986276,2.74893685753747));
#10775=CARTESIAN_POINT('Ctrl Pts',(29.1414308011532,-18.4409424986276,2.70220198178798));
#10776=CARTESIAN_POINT('Ctrl Pts',(29.1414308011532,-18.4409424986276,2.70220198178798));
#10777=CARTESIAN_POINT('Ctrl Pts',(29.1414308011532,-17.4409424986276,2.70220198178798));
#10778=CARTESIAN_POINT('Ctrl Pts',(29.0928082502411,-18.4409424986276,2.66333450484971));
#10779=CARTESIAN_POINT('Ctrl Pts',(29.0928082502411,-17.4409424986276,2.66333450484971));
#10780=CARTESIAN_POINT('Ctrl Pts',(28.995443842204,-18.4409424986276,2.58550418099792));
#10781=CARTESIAN_POINT('Ctrl Pts',(28.995443842204,-17.4409424986276,2.58550418099792));
#10782=CARTESIAN_POINT('Ctrl Pts',(28.871275886145,-18.4409424986276,2.57446689739082));
#10783=CARTESIAN_POINT('Ctrl Pts',(28.871275886145,-17.4409424986276,2.57446689739082));
#10784=CARTESIAN_POINT('Ctrl Pts',(28.809115833044,-18.4409424986276,2.56894149327785));
#10785=CARTESIAN_POINT('Ctrl Pts',(28.809115833044,-17.4409424986276,2.56894149327785));
#10786=CARTESIAN_POINT('',(28.809115833044,-18.4409424986276,2.56894149327785));
#10787=CARTESIAN_POINT('',(28.809115833044,-18.4409424986276,2.56894149327785));
#10788=CARTESIAN_POINT('Ctrl Pts',(29.1414308011532,-18.4409424986276,2.70220198178798));
#10789=CARTESIAN_POINT('Ctrl Pts',(29.0928082502411,-18.4409424986276,2.66333450484971));
#10790=CARTESIAN_POINT('Ctrl Pts',(28.995443842204,-18.4409424986276,2.58550418099792));
#10791=CARTESIAN_POINT('Ctrl Pts',(28.871275886145,-18.4409424986276,2.57446689739082));
#10792=CARTESIAN_POINT('Ctrl Pts',(28.809115833044,-18.4409424986276,2.56894149327785));
#10793=CARTESIAN_POINT('Ctrl Pts',(28.809115833044,-18.4409424986276,2.56894149327785));
#10794=CARTESIAN_POINT('Ctrl Pts',(28.809115833044,-17.4409424986276,2.56894149327785));
#10795=CARTESIAN_POINT('Ctrl Pts',(28.7485245432077,-18.4409424986276,2.5746318934922));
#10796=CARTESIAN_POINT('Ctrl Pts',(28.7485245432077,-17.4409424986276,2.5746318934922));
#10797=CARTESIAN_POINT('Ctrl Pts',(28.6269076674755,-18.4409424986276,2.58605348061479));
#10798=CARTESIAN_POINT('Ctrl Pts',(28.6269076674755,-17.4409424986276,2.58605348061479));
#10799=CARTESIAN_POINT('Ctrl Pts',(28.5330929786098,-18.4409424986276,2.66432327430178));
#10800=CARTESIAN_POINT('Ctrl Pts',(28.5330929786098,-17.4409424986276,2.66432327430178));
#10801=CARTESIAN_POINT('Ctrl Pts',(28.486018127203,-18.4409424986276,2.70359792256862));
#10802=CARTESIAN_POINT('Ctrl Pts',(28.486018127203,-17.4409424986276,2.70359792256862));
#10803=CARTESIAN_POINT('',(28.486018127203,-18.4409424986276,2.70359792256862));
#10804=CARTESIAN_POINT('',(28.486018127203,-18.4409424986276,2.70359792256862));
#10805=CARTESIAN_POINT('Ctrl Pts',(28.809115833044,-18.4409424986276,2.56894149327785));
#10806=CARTESIAN_POINT('Ctrl Pts',(28.7485245432077,-18.4409424986276,2.5746318934922));
#10807=CARTESIAN_POINT('Ctrl Pts',(28.6269076674755,-18.4409424986276,2.58605348061479));
#10808=CARTESIAN_POINT('Ctrl Pts',(28.5330929786098,-18.4409424986276,2.66432327430178));
#10809=CARTESIAN_POINT('Ctrl Pts',(28.486018127203,-18.4409424986276,2.70359792256862));
#10810=CARTESIAN_POINT('Ctrl Pts',(28.486018127203,-18.4409424986276,2.70359792256862));
#10811=CARTESIAN_POINT('Ctrl Pts',(28.486018127203,-17.4409424986276,2.70359792256862));
#10812=CARTESIAN_POINT('Ctrl Pts',(28.4466724602927,-18.4409424986276,2.75059545950171));
#10813=CARTESIAN_POINT('Ctrl Pts',(28.4466724602927,-17.4409424986276,2.75059545950171));
#10814=CARTESIAN_POINT('Ctrl Pts',(28.3682692403128,-18.4409424986276,2.84424638769875));
#10815=CARTESIAN_POINT('Ctrl Pts',(28.3682692403128,-17.4409424986276,2.84424638769875));
#10816=CARTESIAN_POINT('Ctrl Pts',(28.3568198066076,-18.4409424986276,2.96581951636532));
#10817=CARTESIAN_POINT('Ctrl Pts',(28.3568198066076,-17.4409424986276,2.96581951636532));
#10818=CARTESIAN_POINT('Ctrl Pts',(28.3511161267757,-18.4409424986276,3.02638270402461));
#10819=CARTESIAN_POINT('Ctrl Pts',(28.3511161267757,-17.4409424986276,3.02638270402461));
#10820=CARTESIAN_POINT('',(28.3511161267757,-18.4409424986276,3.02638270402461));
#10821=CARTESIAN_POINT('',(28.3511161267757,-18.4409424986276,3.02638270402461));
#10822=CARTESIAN_POINT('Ctrl Pts',(28.486018127203,-18.4409424986276,2.70359792256862));
#10823=CARTESIAN_POINT('Ctrl Pts',(28.4466724602927,-18.4409424986276,2.75059545950171));
#10824=CARTESIAN_POINT('Ctrl Pts',(28.3682692403128,-18.4409424986276,2.84424638769875));
#10825=CARTESIAN_POINT('Ctrl Pts',(28.3568198066076,-18.4409424986276,2.96581951636532));
#10826=CARTESIAN_POINT('Ctrl Pts',(28.3511161267757,-18.4409424986276,3.02638270402461));
#10827=CARTESIAN_POINT('Origin',(28.3511161267757,-18.4409424986276,3.02638270402461));
#10828=CARTESIAN_POINT('',(28.3511161267757,-18.4409424986276,7.36268677258998));
#10829=CARTESIAN_POINT('',(28.3511161267757,-18.4409424986276,7.36268677258998));
#10830=CARTESIAN_POINT('',(28.3511161267757,-18.4409424986276,6.7976624562791));
#10831=CARTESIAN_POINT('Origin',(28.3511161267757,-18.4409424986276,7.36268677258998));
#10832=CARTESIAN_POINT('',(27.788197940588,-18.4409424986276,6.37129642510921));
#10833=CARTESIAN_POINT('',(27.788197940588,-18.4409424986276,6.37129642510921));
#10834=CARTESIAN_POINT('',(26.052750612241,-18.4409424986276,3.31489183186578));
#10835=CARTESIAN_POINT('Origin',(27.788197940588,-18.4409424986276,6.37129642510921));
#10836=CARTESIAN_POINT('',(27.788197940588,-18.4409424986276,6.19370855832606));
#10837=CARTESIAN_POINT('',(27.788197940588,-18.4409424986276,6.19370855832606));
#10838=CARTESIAN_POINT('',(27.788197940588,-18.4409424986276,8.47011931682139));
#10839=CARTESIAN_POINT('Ctrl Pts',(27.788197940588,-18.4409424986276,6.19370855832606));
#10840=CARTESIAN_POINT('Ctrl Pts',(27.788197940588,-17.4409424986276,6.19370855832606));
#10841=CARTESIAN_POINT('Ctrl Pts',(27.7822850652564,-18.4409424986276,6.13375335511068));
#10842=CARTESIAN_POINT('Ctrl Pts',(27.7822850652564,-17.4409424986276,6.13375335511068));
#10843=CARTESIAN_POINT('Ctrl Pts',(27.7703327578923,-18.4409424986276,6.01255969268491));
#10844=CARTESIAN_POINT('Ctrl Pts',(27.7703327578923,-17.4409424986276,6.01255969268491));
#10845=CARTESIAN_POINT('Ctrl Pts',(27.6917027930572,-18.4409424986276,5.91946528539316));
#10846=CARTESIAN_POINT('Ctrl Pts',(27.6917027930572,-17.4409424986276,5.91946528539316));
#10847=CARTESIAN_POINT('Ctrl Pts',(27.6519715249538,-18.4409424986276,5.87242521787196));
#10848=CARTESIAN_POINT('Ctrl Pts',(27.6519715249538,-17.4409424986276,5.87242521787196));
#10849=CARTESIAN_POINT('',(27.6519715249538,-18.4409424986276,5.87242521787196));
#10850=CARTESIAN_POINT('',(27.6519715249538,-18.4409424986276,5.87242521787196));
#10851=CARTESIAN_POINT('Ctrl Pts',(27.788197940588,-18.4409424986276,6.19370855832606));
#10852=CARTESIAN_POINT('Ctrl Pts',(27.7822850652564,-18.4409424986276,6.13375335511068));
#10853=CARTESIAN_POINT('Ctrl Pts',(27.7703327578923,-18.4409424986276,6.01255969268491));
#10854=CARTESIAN_POINT('Ctrl Pts',(27.6917027930572,-18.4409424986276,5.91946528539316));
#10855=CARTESIAN_POINT('Ctrl Pts',(27.6519715249538,-18.4409424986276,5.87242521787196));
#10856=CARTESIAN_POINT('Ctrl Pts',(27.6519715249538,-18.4409424986276,5.87242521787196));
#10857=CARTESIAN_POINT('Ctrl Pts',(27.6519715249538,-17.4409424986276,5.87242521787196));
#10858=CARTESIAN_POINT('Ctrl Pts',(27.6044418598787,-18.4409424986276,5.83277368097762));
#10859=CARTESIAN_POINT('Ctrl Pts',(27.6044418598787,-17.4409424986276,5.83277368097762));
#10860=CARTESIAN_POINT('Ctrl Pts',(27.5097322227125,-18.4409424986276,5.75376233792682));
#10861=CARTESIAN_POINT('Ctrl Pts',(27.5097322227125,-17.4409424986276,5.75376233792682));
#10862=CARTESIAN_POINT('Ctrl Pts',(27.386960040887,-18.4409424986276,5.74222428538522));
#10863=CARTESIAN_POINT('Ctrl Pts',(27.386960040887,-17.4409424986276,5.74222428538522));
#10864=CARTESIAN_POINT('Ctrl Pts',(27.3258006036282,-18.4409424986276,5.73647655988246));
#10865=CARTESIAN_POINT('Ctrl Pts',(27.3258006036282,-17.4409424986276,5.73647655988246));
#10866=CARTESIAN_POINT('',(27.3258006036282,-18.4409424986276,5.73647655988246));
#10867=CARTESIAN_POINT('',(27.3258006036282,-18.4409424986276,5.73647655988246));
#10868=CARTESIAN_POINT('Ctrl Pts',(27.6519715249538,-18.4409424986276,5.87242521787196));
#10869=CARTESIAN_POINT('Ctrl Pts',(27.6044418598787,-18.4409424986276,5.83277368097762));
#10870=CARTESIAN_POINT('Ctrl Pts',(27.5097322227125,-18.4409424986276,5.75376233792682));
#10871=CARTESIAN_POINT('Ctrl Pts',(27.386960040887,-18.4409424986276,5.74222428538522));
#10872=CARTESIAN_POINT('Ctrl Pts',(27.3258006036282,-18.4409424986276,5.73647655988246));
#10873=CARTESIAN_POINT('Ctrl Pts',(27.3258006036282,-18.4409424986276,5.73647655988246));
#10874=CARTESIAN_POINT('Ctrl Pts',(27.3258006036282,-17.4409424986276,5.73647655988246));
#10875=CARTESIAN_POINT('Ctrl Pts',(27.2643859582553,-18.4409424986276,5.74206337748518));
#10876=CARTESIAN_POINT('Ctrl Pts',(27.2643859582553,-17.4409424986276,5.74206337748518));
#10877=CARTESIAN_POINT('Ctrl Pts',(27.1418833280376,-18.4409424986276,5.75320729676901));
#10878=CARTESIAN_POINT('Ctrl Pts',(27.1418833280376,-17.4409424986276,5.75320729676901));
#10879=CARTESIAN_POINT('Ctrl Pts',(27.0478485140067,-18.4409424986276,5.83247702287759));
#10880=CARTESIAN_POINT('Ctrl Pts',(27.0478485140067,-17.4409424986276,5.83247702287759));
#10881=CARTESIAN_POINT('Ctrl Pts',(27.0009564816952,-18.4409424986276,5.87200619721919));
#10882=CARTESIAN_POINT('Ctrl Pts',(27.0009564816952,-17.4409424986276,5.87200619721919));
#10883=CARTESIAN_POINT('',(27.0009564816952,-18.4409424986276,5.87200619721919));
#10884=CARTESIAN_POINT('',(27.0009564816952,-18.4409424986276,5.87200619721919));
#10885=CARTESIAN_POINT('Ctrl Pts',(27.3258006036282,-18.4409424986276,5.73647655988246));
#10886=CARTESIAN_POINT('Ctrl Pts',(27.2643859582553,-18.4409424986276,5.74206337748518));
#10887=CARTESIAN_POINT('Ctrl Pts',(27.1418833280376,-18.4409424986276,5.75320729676901));
#10888=CARTESIAN_POINT('Ctrl Pts',(27.0478485140067,-18.4409424986276,5.83247702287759));
#10889=CARTESIAN_POINT('Ctrl Pts',(27.0009564816952,-18.4409424986276,5.87200619721919));
#10890=CARTESIAN_POINT('Origin',(30.1184937358866,-17.9409424986276,5.00825681233913));
#10891=CARTESIAN_POINT('',(14.4344776332378,-17.9409424986276,3.36215176129848));
#10892=CARTESIAN_POINT('',(14.7574364602566,-17.9409424986276,3.49373676324397));
#10893=CARTESIAN_POINT('Ctrl Pts',(14.4344776332378,-17.9409424986276,3.36215176129848));
#10894=CARTESIAN_POINT('Ctrl Pts',(14.4814870971979,-17.9409424986276,3.40053061295119));
#10895=CARTESIAN_POINT('Ctrl Pts',(14.5284965611581,-17.9409424986276,3.43890946460391));
#10896=CARTESIAN_POINT('Ctrl Pts',(14.5822143018246,-17.9409424986276,3.46084036374599));
#10897=CARTESIAN_POINT('Ctrl Pts',(14.6361184170352,-17.9409424986276,3.48284735248673));
#10898=CARTESIAN_POINT('Ctrl Pts',(14.6967774386459,-17.9409424986276,3.48829205786535));
#10899=CARTESIAN_POINT('Ctrl Pts',(14.7574364602566,-17.9409424986276,3.49373676324397));
#10900=CARTESIAN_POINT('',(14.300484007597,-17.9409424986276,3.04460265183955));
#10901=CARTESIAN_POINT('Ctrl Pts',(14.300484007597,-17.9409424986276,3.04460265183955));
#10902=CARTESIAN_POINT('Ctrl Pts',(14.3061286579807,-17.9409424986276,3.10438502567027));
#10903=CARTESIAN_POINT('Ctrl Pts',(14.3117733083645,-17.9409424986276,3.16416739950099));
#10904=CARTESIAN_POINT('Ctrl Pts',(14.3339824140072,-17.9409424986276,3.21697153592616));
#10905=CARTESIAN_POINT('Ctrl Pts',(14.3563148566564,-17.9409424986276,3.27006891712328));
#10906=CARTESIAN_POINT('Ctrl Pts',(14.3953962449471,-17.9409424986276,3.31611033921088));
#10907=CARTESIAN_POINT('Ctrl Pts',(14.4344776332378,-17.9409424986276,3.36215176129848));
#10908=CARTESIAN_POINT('',(14.432313388586,-17.9409424986276,2.71539546990901));
#10909=CARTESIAN_POINT('Ctrl Pts',(14.432313388586,-17.9409424986276,2.71539546990901));
#10910=CARTESIAN_POINT('Ctrl Pts',(14.3938631110083,-17.9409424986276,2.76354745673761));
#10911=CARTESIAN_POINT('Ctrl Pts',(14.3554128334305,-17.9409424986276,2.81169944356622));
#10912=CARTESIAN_POINT('Ctrl Pts',(14.3334412038326,-17.9409424986276,2.86645688558131));
#10913=CARTESIAN_POINT('Ctrl Pts',(14.3113932564324,-17.9409424986276,2.92140452594355));
#10914=CARTESIAN_POINT('Ctrl Pts',(14.3059386320147,-17.9409424986276,2.98300358889155));
#10915=CARTESIAN_POINT('Ctrl Pts',(14.300484007597,-17.9409424986276,3.04460265183955));
#10916=CARTESIAN_POINT('',(14.7575765311718,-17.9409424986276,2.57787682557612));
#10917=CARTESIAN_POINT('Ctrl Pts',(14.7575765311718,-17.9409424986276,2.57787682557612));
#10918=CARTESIAN_POINT('Ctrl Pts',(14.6957613201074,-17.9409424986276,2.5835070151829));
#10919=CARTESIAN_POINT('Ctrl Pts',(14.633946109043,-17.9409424986276,2.58913720478968));
#10920=CARTESIAN_POINT('Ctrl Pts',(14.5795440137386,-17.9409424986276,2.61225618863612));
#10921=CARTESIAN_POINT('Ctrl Pts',(14.5256096828687,-17.9409424986276,2.63517638899192));
#10922=CARTESIAN_POINT('Ctrl Pts',(14.4789615357274,-17.9409424986276,2.67528592945046));
#10923=CARTESIAN_POINT('Ctrl Pts',(14.432313388586,-17.9409424986276,2.71539546990901));
#10924=CARTESIAN_POINT('',(17.7257447898388,-17.9409424986276,2.57787682557612));
#10925=CARTESIAN_POINT('',(23.9221192628627,-17.9409424986276,2.57787682557612));
#10926=CARTESIAN_POINT('',(18.0535911977291,-17.9409424986276,2.71186985517055));
#10927=CARTESIAN_POINT('Ctrl Pts',(18.0535911977291,-17.9409424986276,2.71186985517055));
#10928=CARTESIAN_POINT('Ctrl Pts',(18.0062762021668,-17.9409424986276,2.67278918568778));
#10929=CARTESIAN_POINT('Ctrl Pts',(17.9589612066045,-17.9409424986276,2.63370851620502));
#10930=CARTESIAN_POINT('Ctrl Pts',(17.9047727048397,-17.9409424986276,2.61137523198634));
#10931=CARTESIAN_POINT('Ctrl Pts',(17.8498108055554,-17.9409424986276,2.58872319921304));
#10932=CARTESIAN_POINT('Ctrl Pts',(17.7877777976971,-17.9409424986276,2.58330001239458));
#10933=CARTESIAN_POINT('Ctrl Pts',(17.7257447898388,-17.9409424986276,2.57787682557612));
#10934=CARTESIAN_POINT('',(18.1873046815395,-17.9409424986276,3.03566731954127));
#10935=CARTESIAN_POINT('Ctrl Pts',(18.1873046815395,-17.9409424986276,3.03566731954127));
#10936=CARTESIAN_POINT('Ctrl Pts',(18.1817499136162,-17.9409424986276,2.97474147017653));
#10937=CARTESIAN_POINT('Ctrl Pts',(18.1761951456928,-17.9409424986276,2.91381562081178));
#10938=CARTESIAN_POINT('Ctrl Pts',(18.1538760125637,-17.9409424986276,2.85981573606044));
#10939=CARTESIAN_POINT('Ctrl Pts',(18.1315904194868,-17.9409424986276,2.80589699957519));
#10940=CARTESIAN_POINT('Ctrl Pts',(18.092590808608,-17.9409424986276,2.75888342737287));
#10941=CARTESIAN_POINT('Ctrl Pts',(18.0535911977291,-17.9409424986276,2.71186985517055));
#10942=CARTESIAN_POINT('',(18.1873046815395,-17.9409424986276,4.9391482069543));
#10943=CARTESIAN_POINT('',(18.1873046815395,-17.9409424986276,4.97370250964671));
#10944=CARTESIAN_POINT('',(18.0526136815548,-17.9409424986276,5.26228227162868));
#10945=CARTESIAN_POINT('Ctrl Pts',(18.0526136815548,-17.9409424986276,5.26228227162868));
#10946=CARTESIAN_POINT('Ctrl Pts',(18.0918983103852,-17.9409424986276,5.21524696706176));
#10947=CARTESIAN_POINT('Ctrl Pts',(18.1311829392156,-17.9409424986276,5.16821166249485));
#10948=CARTESIAN_POINT('Ctrl Pts',(18.1536316335201,-17.9409424986276,5.11417068982631));
#10949=CARTESIAN_POINT('Ctrl Pts',(18.1759490148813,-17.9409424986276,5.06044582815672));
#10950=CARTESIAN_POINT('Ctrl Pts',(18.1816268482104,-17.9409424986276,4.99979701755551));
#10951=CARTESIAN_POINT('Ctrl Pts',(18.1873046815395,-17.9409424986276,4.9391482069543));
#10952=CARTESIAN_POINT('',(17.7249073445797,-17.9409424986276,5.39693870091945));
#10953=CARTESIAN_POINT('Ctrl Pts',(17.7249073445797,-17.9409424986276,5.39693870091945));
#10954=CARTESIAN_POINT('Ctrl Pts',(17.7867305722157,-17.9409424986276,5.39141250695568));
#10955=CARTESIAN_POINT('Ctrl Pts',(17.8485537998516,-17.9409424986276,5.38588631299192));
#10956=CARTESIAN_POINT('Ctrl Pts',(17.9033410012722,-17.9409424986276,5.36327459359676));
#10957=CARTESIAN_POINT('Ctrl Pts',(17.9577195279711,-17.9409424986276,5.3408315420271));
#10958=CARTESIAN_POINT('Ctrl Pts',(18.005166604763,-17.9409424986276,5.30155690682789));
#10959=CARTESIAN_POINT('Ctrl Pts',(18.0526136815548,-17.9409424986276,5.26228227162868));
#10960=CARTESIAN_POINT('',(17.4007260262966,-17.9409424986276,5.26053704762965));
#10961=CARTESIAN_POINT('Ctrl Pts',(17.4007260262966,-17.9409424986276,5.26053704762965));
#10962=CARTESIAN_POINT('Ctrl Pts',(17.4476424968066,-17.9409424986276,5.30032085419074));
#10963=CARTESIAN_POINT('Ctrl Pts',(17.4945589673167,-17.9409424986276,5.34010466075184));
#10964=CARTESIAN_POINT('Ctrl Pts',(17.5486456811428,-17.9409424986276,5.362838287597));
#10965=CARTESIAN_POINT('Ctrl Pts',(17.602636365728,-17.9409424986276,5.38553155161042));
#10966=CARTESIAN_POINT('Ctrl Pts',(17.6637718551538,-17.9409424986276,5.39123512626493));
#10967=CARTESIAN_POINT('Ctrl Pts',(17.7249073445797,-17.9409424986276,5.39693870091945));
#10968=CARTESIAN_POINT('',(17.2669767796993,-17.9409424986276,4.93921794438868));
#10969=CARTESIAN_POINT('Ctrl Pts',(17.2669767796993,-17.9409424986276,4.93921794438869));
#10970=CARTESIAN_POINT('Ctrl Pts',(17.2727499180945,-17.9409424986276,4.99903870996794));
#10971=CARTESIAN_POINT('Ctrl Pts',(17.2785230564896,-17.9409424986276,5.0588594755472));
#10972=CARTESIAN_POINT('Ctrl Pts',(17.3004137933254,-17.9409424986276,5.11200644517451));
#10973=CARTESIAN_POINT('Ctrl Pts',(17.3227072010574,-17.9409424986276,5.1661310309528));
#10974=CARTESIAN_POINT('Ctrl Pts',(17.361716613677,-17.9409424986276,5.21333403929123));
#10975=CARTESIAN_POINT('Ctrl Pts',(17.4007260262966,-17.9409424986276,5.26053704762965));
#10976=CARTESIAN_POINT('',(17.2669767796993,-17.9409424986276,3.49373676324397));
#10977=CARTESIAN_POINT('',(17.2669767796993,-17.9409424986276,4.25099678779155));
#10978=CARTESIAN_POINT('',(16.7174612939358,-17.9409424986276,3.49373676324397));
#10979=CARTESIAN_POINT('',(23.4179775149112,-17.9409424986276,3.49373676324397));
#10980=CARTESIAN_POINT('',(16.7174612939358,-17.9409424986276,8.56894173169642));
#10981=CARTESIAN_POINT('',(16.7174612939358,-17.9409424986276,6.78859927201778));
#10982=CARTESIAN_POINT('',(14.7755866706371,-17.9409424986276,8.56894173169642));
#10983=CARTESIAN_POINT('',(22.4470402032619,-17.9409424986276,8.56894173169642));
#10984=CARTESIAN_POINT('',(14.4514405190945,-17.9409424986276,8.43557693505794));
#10985=CARTESIAN_POINT('Ctrl Pts',(14.4514405190945,-17.9409424986276,8.43557693505794));
#10986=CARTESIAN_POINT('Ctrl Pts',(14.4983421258802,-17.9409424986276,8.47447475575643));
#10987=CARTESIAN_POINT('Ctrl Pts',(14.5452437326659,-17.9409424986276,8.51337257645492));
#10988=CARTESIAN_POINT('Ctrl Pts',(14.599019831419,-17.9409424986276,8.53560038352519));
#10989=CARTESIAN_POINT('Ctrl Pts',(14.6532199004101,-17.9409424986276,8.55800343440956));
#10990=CARTESIAN_POINT('Ctrl Pts',(14.7144032855236,-17.9409424986276,8.56347258305299));
#10991=CARTESIAN_POINT('Ctrl Pts',(14.7755866706371,-17.9409424986276,8.56894173169642));
#10992=CARTESIAN_POINT('',(14.3183546721935,-17.9409424986276,8.1110117628625));
#10993=CARTESIAN_POINT('Ctrl Pts',(14.3183546721935,-17.9409424986276,8.1110117628625));
#10994=CARTESIAN_POINT('Ctrl Pts',(14.3238080375558,-17.9409424986276,8.17224253884592));
#10995=CARTESIAN_POINT('Ctrl Pts',(14.3292614029181,-17.9409424986276,8.23347331482934));
#10996=CARTESIAN_POINT('Ctrl Pts',(14.3516265809536,-17.9409424986276,8.28775264764339));
#10997=CARTESIAN_POINT('Ctrl Pts',(14.3738079303879,-17.9409424986276,8.3415858362858));
#10998=CARTESIAN_POINT('Ctrl Pts',(14.4126242247412,-17.9409424986276,8.38858138567187));
#10999=CARTESIAN_POINT('Ctrl Pts',(14.4514405190945,-17.9409424986276,8.43557693505794));
#11000=CARTESIAN_POINT('',(14.4506376445293,-17.9409424986276,7.78574862027675));
#11001=CARTESIAN_POINT('Ctrl Pts',(14.4506376445293,-17.9409424986276,7.78574862027675));
#11002=CARTESIAN_POINT('Ctrl Pts',(14.4120556201254,-17.9409424986276,7.83271350105741));
#11003=CARTESIAN_POINT('Ctrl Pts',(14.3734735957215,-17.9409424986276,7.87967838183808));
#11004=CARTESIAN_POINT('Ctrl Pts',(14.3514251172543,-17.9409424986276,7.93339826608211));
#11005=CARTESIAN_POINT('Ctrl Pts',(14.3290321042486,-17.9409424986276,7.98795758945315));
#11006=CARTESIAN_POINT('Ctrl Pts',(14.3236933882211,-17.9409424986276,8.04948467615783));
#11007=CARTESIAN_POINT('Ctrl Pts',(14.3183546721935,-17.9409424986276,8.1110117628625));
#11008=CARTESIAN_POINT('',(14.7752373874187,-17.9409424986276,7.65308179402858));
#11009=CARTESIAN_POINT('Ctrl Pts',(14.7752373874187,-17.9409424986276,7.65308179402858));
#11010=CARTESIAN_POINT('Ctrl Pts',(14.7137980174804,-17.9409424986276,7.65844516393011));
#11011=CARTESIAN_POINT('Ctrl Pts',(14.6523586475421,-17.9409424986276,7.66380853383165));
#11012=CARTESIAN_POINT('Ctrl Pts',(14.5979290664196,-17.9409424986276,7.68624850059062));
#11013=CARTESIAN_POINT('Ctrl Pts',(14.5442942018963,-17.9409424986276,7.70836082540011));
#11014=CARTESIAN_POINT('Ctrl Pts',(14.4974659232128,-17.9409424986276,7.74705472283843));
#11015=CARTESIAN_POINT('Ctrl Pts',(14.4506376445293,-17.9409424986276,7.78574862027675));
#11016=CARTESIAN_POINT('',(15.7971333920956,-17.9409424986276,7.65308179402858));
#11017=CARTESIAN_POINT('',(22.9578135639911,-17.9409424986276,7.65308179402858));
#11018=CARTESIAN_POINT('',(15.7971333920956,-17.9409424986276,3.49373676324397));
#11019=CARTESIAN_POINT('',(15.7971333920956,-17.9409424986276,4.25099678779155));
#11020=CARTESIAN_POINT('',(22.4379650980716,-17.9409424986276,3.49373676324397));
#11021=CARTESIAN_POINT('Origin',(17.2669767796993,-18.4409424986276,3.49373676324397));
#11022=CARTESIAN_POINT('',(17.2669767796993,-18.4409424986276,4.93921794438869));
#11023=CARTESIAN_POINT('',(17.2669767796993,-18.4409424986276,4.93921794438869));
#11024=CARTESIAN_POINT('',(17.2669767796993,-18.4409424986276,3.49373676324397));
#11025=CARTESIAN_POINT('',(17.2669767796993,-18.4409424986276,7.03133948588878));
#11026=CARTESIAN_POINT('',(17.2669767796993,-18.4409424986276,3.49373676324397));
#11027=CARTESIAN_POINT('Ctrl Pts',(17.2669767796993,-18.4409424986276,4.93921794438869));
#11028=CARTESIAN_POINT('Ctrl Pts',(17.2669767796993,-17.4409424986276,4.93921794438869));
#11029=CARTESIAN_POINT('Ctrl Pts',(17.2727499180945,-18.4409424986276,4.99903870996794));
#11030=CARTESIAN_POINT('Ctrl Pts',(17.2727499180945,-17.4409424986276,4.99903870996794));
#11031=CARTESIAN_POINT('Ctrl Pts',(17.2844023893371,-18.4409424986276,5.11978061894675));
#11032=CARTESIAN_POINT('Ctrl Pts',(17.2844023893371,-17.4409424986276,5.11978061894675));
#11033=CARTESIAN_POINT('Ctrl Pts',(17.361716613677,-18.4409424986276,5.21333403929123));
#11034=CARTESIAN_POINT('Ctrl Pts',(17.361716613677,-17.4409424986276,5.21333403929123));
#11035=CARTESIAN_POINT('Ctrl Pts',(17.4007260262966,-18.4409424986276,5.26053704762965));
#11036=CARTESIAN_POINT('Ctrl Pts',(17.4007260262966,-17.4409424986276,5.26053704762965));
#11037=CARTESIAN_POINT('',(17.4007260262966,-18.4409424986276,5.26053704762965));
#11038=CARTESIAN_POINT('',(17.4007260262966,-18.4409424986276,5.26053704762965));
#11039=CARTESIAN_POINT('Ctrl Pts',(17.2669767796993,-18.4409424986276,4.93921794438869));
#11040=CARTESIAN_POINT('Ctrl Pts',(17.2727499180945,-18.4409424986276,4.99903870996794));
#11041=CARTESIAN_POINT('Ctrl Pts',(17.2844023893371,-18.4409424986276,5.11978061894675));
#11042=CARTESIAN_POINT('Ctrl Pts',(17.361716613677,-18.4409424986276,5.21333403929123));
#11043=CARTESIAN_POINT('Ctrl Pts',(17.4007260262966,-18.4409424986276,5.26053704762965));
#11044=CARTESIAN_POINT('Ctrl Pts',(17.4007260262966,-18.4409424986276,5.26053704762965));
#11045=CARTESIAN_POINT('Ctrl Pts',(17.4007260262966,-17.4409424986276,5.26053704762965));
#11046=CARTESIAN_POINT('Ctrl Pts',(17.4476424968066,-18.4409424986276,5.30032085419074));
#11047=CARTESIAN_POINT('Ctrl Pts',(17.4476424968066,-17.4409424986276,5.30032085419074));
#11048=CARTESIAN_POINT('Ctrl Pts',(17.5413921391248,-18.4409424986276,5.37981783242914));
#11049=CARTESIAN_POINT('Ctrl Pts',(17.5413921391248,-17.4409424986276,5.37981783242914));
#11050=CARTESIAN_POINT('Ctrl Pts',(17.6637718551538,-18.4409424986276,5.39123512626493));
#11051=CARTESIAN_POINT('Ctrl Pts',(17.6637718551538,-17.4409424986276,5.39123512626493));
#11052=CARTESIAN_POINT('Ctrl Pts',(17.7249073445797,-18.4409424986276,5.39693870091945));
#11053=CARTESIAN_POINT('Ctrl Pts',(17.7249073445797,-17.4409424986276,5.39693870091945));
#11054=CARTESIAN_POINT('',(17.7249073445797,-18.4409424986276,5.39693870091945));
#11055=CARTESIAN_POINT('',(17.7249073445797,-18.4409424986276,5.39693870091945));
#11056=CARTESIAN_POINT('Ctrl Pts',(17.4007260262966,-18.4409424986276,5.26053704762965));
#11057=CARTESIAN_POINT('Ctrl Pts',(17.4476424968066,-18.4409424986276,5.30032085419074));
#11058=CARTESIAN_POINT('Ctrl Pts',(17.5413921391248,-18.4409424986276,5.37981783242914));
#11059=CARTESIAN_POINT('Ctrl Pts',(17.6637718551538,-18.4409424986276,5.39123512626493));
#11060=CARTESIAN_POINT('Ctrl Pts',(17.7249073445797,-18.4409424986276,5.39693870091945));
#11061=CARTESIAN_POINT('Ctrl Pts',(17.7249073445797,-18.4409424986276,5.39693870091945));
#11062=CARTESIAN_POINT('Ctrl Pts',(17.7249073445797,-17.4409424986276,5.39693870091945));
#11063=CARTESIAN_POINT('Ctrl Pts',(17.7867305722157,-18.4409424986276,5.39141250695568));
#11064=CARTESIAN_POINT('Ctrl Pts',(17.7867305722157,-17.4409424986276,5.39141250695568));
#11065=CARTESIAN_POINT('Ctrl Pts',(17.909915868865,-18.4409424986276,5.38040134062227));
#11066=CARTESIAN_POINT('Ctrl Pts',(17.909915868865,-17.4409424986276,5.38040134062227));
#11067=CARTESIAN_POINT('Ctrl Pts',(18.005166604763,-18.4409424986276,5.30155690682789));
#11068=CARTESIAN_POINT('Ctrl Pts',(18.005166604763,-17.4409424986276,5.30155690682789));
#11069=CARTESIAN_POINT('Ctrl Pts',(18.0526136815548,-18.4409424986276,5.26228227162868));
#11070=CARTESIAN_POINT('Ctrl Pts',(18.0526136815548,-17.4409424986276,5.26228227162868));
#11071=CARTESIAN_POINT('',(18.0526136815548,-18.4409424986276,5.26228227162868));
#11072=CARTESIAN_POINT('',(18.0526136815548,-18.4409424986276,5.26228227162868));
#11073=CARTESIAN_POINT('Ctrl Pts',(17.7249073445797,-18.4409424986276,5.39693870091945));
#11074=CARTESIAN_POINT('Ctrl Pts',(17.7867305722157,-18.4409424986276,5.39141250695568));
#11075=CARTESIAN_POINT('Ctrl Pts',(17.909915868865,-18.4409424986276,5.38040134062227));
#11076=CARTESIAN_POINT('Ctrl Pts',(18.005166604763,-18.4409424986276,5.30155690682789));
#11077=CARTESIAN_POINT('Ctrl Pts',(18.0526136815548,-18.4409424986276,5.26228227162868));
#11078=CARTESIAN_POINT('Ctrl Pts',(18.0526136815548,-18.4409424986276,5.26228227162868));
#11079=CARTESIAN_POINT('Ctrl Pts',(18.0526136815548,-17.4409424986276,5.26228227162868));
#11080=CARTESIAN_POINT('Ctrl Pts',(18.0918983103852,-18.4409424986276,5.21524696706176));
#11081=CARTESIAN_POINT('Ctrl Pts',(18.0918983103852,-17.4409424986276,5.21524696706176));
#11082=CARTESIAN_POINT('Ctrl Pts',(18.1702377738242,-18.4409424986276,5.1214514894879));
#11083=CARTESIAN_POINT('Ctrl Pts',(18.1702377738242,-17.4409424986276,5.1214514894879));
#11084=CARTESIAN_POINT('Ctrl Pts',(18.1816268482104,-18.4409424986276,4.99979701755551));
#11085=CARTESIAN_POINT('Ctrl Pts',(18.1816268482104,-17.4409424986276,4.99979701755551));
#11086=CARTESIAN_POINT('Ctrl Pts',(18.1873046815395,-18.4409424986276,4.9391482069543));
#11087=CARTESIAN_POINT('Ctrl Pts',(18.1873046815395,-17.4409424986276,4.9391482069543));
#11088=CARTESIAN_POINT('',(18.1873046815395,-18.4409424986276,4.9391482069543));
#11089=CARTESIAN_POINT('',(18.1873046815395,-18.4409424986276,4.9391482069543));
#11090=CARTESIAN_POINT('Ctrl Pts',(18.0526136815548,-18.4409424986276,5.26228227162868));
#11091=CARTESIAN_POINT('Ctrl Pts',(18.0918983103852,-18.4409424986276,5.21524696706176));
#11092=CARTESIAN_POINT('Ctrl Pts',(18.1702377738242,-18.4409424986276,5.1214514894879));
#11093=CARTESIAN_POINT('Ctrl Pts',(18.1816268482104,-18.4409424986276,4.99979701755551));
#11094=CARTESIAN_POINT('Ctrl Pts',(18.1873046815395,-18.4409424986276,4.9391482069543));
#11095=CARTESIAN_POINT('Origin',(18.1873046815395,-18.4409424986276,4.9391482069543));
#11096=CARTESIAN_POINT('',(18.1873046815395,-18.4409424986276,3.03566731954127));
#11097=CARTESIAN_POINT('',(18.1873046815395,-18.4409424986276,3.03566731954127));
#11098=CARTESIAN_POINT('',(18.1873046815395,-18.4409424986276,7.75404520774394));
#11099=CARTESIAN_POINT('Ctrl Pts',(18.1873046815395,-18.4409424986276,3.03566731954127));
#11100=CARTESIAN_POINT('Ctrl Pts',(18.1873046815395,-17.4409424986276,3.03566731954127));
#11101=CARTESIAN_POINT('Ctrl Pts',(18.1817499136162,-18.4409424986276,2.97474147017653));
#11102=CARTESIAN_POINT('Ctrl Pts',(18.1817499136162,-17.4409424986276,2.97474147017653));
#11103=CARTESIAN_POINT('Ctrl Pts',(18.1706487251907,-18.4409424986276,2.85298132769866));
#11104=CARTESIAN_POINT('Ctrl Pts',(18.1706487251907,-17.4409424986276,2.85298132769866));
#11105=CARTESIAN_POINT('Ctrl Pts',(18.092590808608,-18.4409424986276,2.75888342737287));
#11106=CARTESIAN_POINT('Ctrl Pts',(18.092590808608,-17.4409424986276,2.75888342737287));
#11107=CARTESIAN_POINT('Ctrl Pts',(18.0535911977291,-18.4409424986276,2.71186985517055));
#11108=CARTESIAN_POINT('Ctrl Pts',(18.0535911977291,-17.4409424986276,2.71186985517055));
#11109=CARTESIAN_POINT('',(18.0535911977291,-18.4409424986276,2.71186985517055));
#11110=CARTESIAN_POINT('',(18.0535911977291,-18.4409424986276,2.71186985517055));
#11111=CARTESIAN_POINT('Ctrl Pts',(18.1873046815395,-18.4409424986276,3.03566731954127));
#11112=CARTESIAN_POINT('Ctrl Pts',(18.1817499136162,-18.4409424986276,2.97474147017653));
#11113=CARTESIAN_POINT('Ctrl Pts',(18.1706487251907,-18.4409424986276,2.85298132769866));
#11114=CARTESIAN_POINT('Ctrl Pts',(18.092590808608,-18.4409424986276,2.75888342737287));
#11115=CARTESIAN_POINT('Ctrl Pts',(18.0535911977291,-18.4409424986276,2.71186985517055));
#11116=CARTESIAN_POINT('Ctrl Pts',(18.0535911977291,-18.4409424986276,2.71186985517055));
#11117=CARTESIAN_POINT('Ctrl Pts',(18.0535911977291,-17.4409424986276,2.71186985517055));
#11118=CARTESIAN_POINT('Ctrl Pts',(18.0062762021668,-18.4409424986276,2.67278918568778));
#11119=CARTESIAN_POINT('Ctrl Pts',(18.0062762021668,-17.4409424986276,2.67278918568778));
#11120=CARTESIAN_POINT('Ctrl Pts',(17.9109709146416,-18.4409424986276,2.59407007354434));
#11121=CARTESIAN_POINT('Ctrl Pts',(17.9109709146416,-17.4409424986276,2.59407007354434));
#11122=CARTESIAN_POINT('Ctrl Pts',(17.7877777976971,-18.4409424986276,2.58330001239458));
#11123=CARTESIAN_POINT('Ctrl Pts',(17.7877777976971,-17.4409424986276,2.58330001239458));
#11124=CARTESIAN_POINT('Ctrl Pts',(17.7257447898388,-18.4409424986276,2.57787682557612));
#11125=CARTESIAN_POINT('Ctrl Pts',(17.7257447898388,-17.4409424986276,2.57787682557612));
#11126=CARTESIAN_POINT('',(17.7257447898388,-18.4409424986276,2.57787682557612));
#11127=CARTESIAN_POINT('',(17.7257447898388,-18.4409424986276,2.57787682557612));
#11128=CARTESIAN_POINT('Ctrl Pts',(18.0535911977291,-18.4409424986276,2.71186985517055));
#11129=CARTESIAN_POINT('Ctrl Pts',(18.0062762021668,-18.4409424986276,2.67278918568778));
#11130=CARTESIAN_POINT('Ctrl Pts',(17.9109709146416,-18.4409424986276,2.59407007354434));
#11131=CARTESIAN_POINT('Ctrl Pts',(17.7877777976971,-18.4409424986276,2.58330001239458));
#11132=CARTESIAN_POINT('Ctrl Pts',(17.7257447898388,-18.4409424986276,2.57787682557612));
#11133=CARTESIAN_POINT('Origin',(17.7257447898388,-18.4409424986276,2.57787682557612));
#11134=CARTESIAN_POINT('',(14.7575765311718,-18.4409424986276,2.57787682557612));
#11135=CARTESIAN_POINT('',(14.7575765311718,-18.4409424986276,2.57787682557612));
#11136=CARTESIAN_POINT('',(10.7878723949194,-18.4409424986276,2.57787682557612));
#11137=CARTESIAN_POINT('Ctrl Pts',(14.7575765311718,-18.4409424986276,2.57787682557612));
#11138=CARTESIAN_POINT('Ctrl Pts',(14.7575765311718,-17.4409424986276,2.57787682557612));
#11139=CARTESIAN_POINT('Ctrl Pts',(14.6957613201074,-18.4409424986276,2.5835070151829));
#11140=CARTESIAN_POINT('Ctrl Pts',(14.6957613201074,-17.4409424986276,2.5835070151829));
#11141=CARTESIAN_POINT('Ctrl Pts',(14.5726624024561,-18.4409424986276,2.59471898445118));
#11142=CARTESIAN_POINT('Ctrl Pts',(14.5726624024561,-17.4409424986276,2.59471898445118));
#11143=CARTESIAN_POINT('Ctrl Pts',(14.4789615357274,-18.4409424986276,2.67528592945046));
#11144=CARTESIAN_POINT('Ctrl Pts',(14.4789615357274,-17.4409424986276,2.67528592945046));
#11145=CARTESIAN_POINT('Ctrl Pts',(14.432313388586,-18.4409424986276,2.71539546990901));
#11146=CARTESIAN_POINT('Ctrl Pts',(14.432313388586,-17.4409424986276,2.71539546990901));
#11147=CARTESIAN_POINT('',(14.432313388586,-18.4409424986276,2.71539546990901));
#11148=CARTESIAN_POINT('',(14.432313388586,-18.4409424986276,2.71539546990901));
#11149=CARTESIAN_POINT('Ctrl Pts',(14.7575765311718,-18.4409424986276,2.57787682557612));
#11150=CARTESIAN_POINT('Ctrl Pts',(14.6957613201074,-18.4409424986276,2.5835070151829));
#11151=CARTESIAN_POINT('Ctrl Pts',(14.5726624024561,-18.4409424986276,2.59471898445118));
#11152=CARTESIAN_POINT('Ctrl Pts',(14.4789615357274,-18.4409424986276,2.67528592945046));
#11153=CARTESIAN_POINT('Ctrl Pts',(14.432313388586,-18.4409424986276,2.71539546990901));
#11154=CARTESIAN_POINT('Ctrl Pts',(14.432313388586,-18.4409424986276,2.71539546990901));
#11155=CARTESIAN_POINT('Ctrl Pts',(14.432313388586,-17.4409424986276,2.71539546990901));
#11156=CARTESIAN_POINT('Ctrl Pts',(14.3938631110083,-18.4409424986276,2.76354745673761));
#11157=CARTESIAN_POINT('Ctrl Pts',(14.3938631110083,-17.4409424986276,2.76354745673761));
#11158=CARTESIAN_POINT('Ctrl Pts',(14.3168289999566,-18.4409424986276,2.86001868488972));
#11159=CARTESIAN_POINT('Ctrl Pts',(14.3168289999566,-17.4409424986276,2.86001868488972));
#11160=CARTESIAN_POINT('Ctrl Pts',(14.3059386320147,-18.4409424986276,2.98300358889155));
#11161=CARTESIAN_POINT('Ctrl Pts',(14.3059386320147,-17.4409424986276,2.98300358889155));
#11162=CARTESIAN_POINT('Ctrl Pts',(14.300484007597,-18.4409424986276,3.04460265183955));
#11163=CARTESIAN_POINT('Ctrl Pts',(14.300484007597,-17.4409424986276,3.04460265183955));
#11164=CARTESIAN_POINT('',(14.300484007597,-18.4409424986276,3.04460265183955));
#11165=CARTESIAN_POINT('',(14.300484007597,-18.4409424986276,3.04460265183955));
#11166=CARTESIAN_POINT('Ctrl Pts',(14.432313388586,-18.4409424986276,2.71539546990901));
#11167=CARTESIAN_POINT('Ctrl Pts',(14.3938631110083,-18.4409424986276,2.76354745673761));
#11168=CARTESIAN_POINT('Ctrl Pts',(14.3168289999566,-18.4409424986276,2.86001868488972));
#11169=CARTESIAN_POINT('Ctrl Pts',(14.3059386320147,-18.4409424986276,2.98300358889155));
#11170=CARTESIAN_POINT('Ctrl Pts',(14.300484007597,-18.4409424986276,3.04460265183955));
#11171=CARTESIAN_POINT('Ctrl Pts',(14.300484007597,-18.4409424986276,3.04460265183955));
#11172=CARTESIAN_POINT('Ctrl Pts',(14.300484007597,-17.4409424986276,3.04460265183955));
#11173=CARTESIAN_POINT('Ctrl Pts',(14.3061286579807,-18.4409424986276,3.10438502567027));
#11174=CARTESIAN_POINT('Ctrl Pts',(14.3061286579807,-17.4409424986276,3.10438502567027));
#11175=CARTESIAN_POINT('Ctrl Pts',(14.3174493059935,-18.4409424986276,3.22428177134867));
#11176=CARTESIAN_POINT('Ctrl Pts',(14.3174493059935,-17.4409424986276,3.22428177134867));
#11177=CARTESIAN_POINT('Ctrl Pts',(14.3953962449471,-18.4409424986276,3.31611033921088));
#11178=CARTESIAN_POINT('Ctrl Pts',(14.3953962449471,-17.4409424986276,3.31611033921088));
#11179=CARTESIAN_POINT('Ctrl Pts',(14.4344776332378,-18.4409424986276,3.36215176129848));
#11180=CARTESIAN_POINT('Ctrl Pts',(14.4344776332378,-17.4409424986276,3.36215176129848));
#11181=CARTESIAN_POINT('',(14.4344776332378,-18.4409424986276,3.36215176129848));
#11182=CARTESIAN_POINT('',(14.4344776332378,-18.4409424986276,3.36215176129848));
#11183=CARTESIAN_POINT('Ctrl Pts',(14.300484007597,-18.4409424986276,3.04460265183955));
#11184=CARTESIAN_POINT('Ctrl Pts',(14.3061286579807,-18.4409424986276,3.10438502567027));
#11185=CARTESIAN_POINT('Ctrl Pts',(14.3174493059935,-18.4409424986276,3.22428177134867));
#11186=CARTESIAN_POINT('Ctrl Pts',(14.3953962449471,-18.4409424986276,3.31611033921088));
#11187=CARTESIAN_POINT('Ctrl Pts',(14.4344776332378,-18.4409424986276,3.36215176129848));
#11188=CARTESIAN_POINT('Origin',(30.1184937358866,-17.9409424986276,5.00825681233913));
#11189=CARTESIAN_POINT('',(11.8832277715206,-17.9409424986276,2.86345459962398));
#11190=CARTESIAN_POINT('',(10.8064642012119,-17.9409424986276,4.74459805036097));
#11191=CARTESIAN_POINT('',(13.6709566254741,-17.9409424986276,-0.259769957781943));
#11192=CARTESIAN_POINT('',(12.2926425397396,-17.9409424986276,2.56894149327785));
#11193=CARTESIAN_POINT('Ctrl Pts',(12.2926425397396,-17.9409424986276,2.56894149327785));
#11194=CARTESIAN_POINT('Ctrl Pts',(12.2078327758674,-17.9409424986276,2.58415894658733));
#11195=CARTESIAN_POINT('Ctrl Pts',(12.1230230119952,-17.9409424986276,2.59937639989681));
#11196=CARTESIAN_POINT('Ctrl Pts',(12.0574822485447,-17.9409424986276,2.64256991887599));
#11197=CARTESIAN_POINT('Ctrl Pts',(11.9826517772457,-17.9409424986276,2.69188566089838));
#11198=CARTESIAN_POINT('Ctrl Pts',(11.9329397743831,-17.9409424986276,2.77767013026118));
#11199=CARTESIAN_POINT('Ctrl Pts',(11.8832277715206,-17.9409424986276,2.86345459962398));
#11200=CARTESIAN_POINT('',(12.6196854770184,-17.9409424986276,2.69986369157344));
#11201=CARTESIAN_POINT('Ctrl Pts',(12.6196854770184,-17.9409424986276,2.69986369157344));
#11202=CARTESIAN_POINT('Ctrl Pts',(12.572122029376,-17.9409424986276,2.66167849556529));
#11203=CARTESIAN_POINT('Ctrl Pts',(12.5245585817336,-17.9409424986276,2.62349329955715));
#11204=CARTESIAN_POINT('Ctrl Pts',(12.4704217374325,-17.9409424986276,2.60167219186335));
#11205=CARTESIAN_POINT('Ctrl Pts',(12.4156479881123,-17.9409424986276,2.57959436486515));
#11206=CARTESIAN_POINT('Ctrl Pts',(12.3541452639259,-17.9409424986276,2.5742679290715));
#11207=CARTESIAN_POINT('Ctrl Pts',(12.2926425397396,-17.9409424986276,2.56894149327785));
#11208=CARTESIAN_POINT('',(12.7546911895275,-17.9409424986276,3.02275278115779));
#11209=CARTESIAN_POINT('Ctrl Pts',(12.7546911895275,-17.9409424986276,3.02275278115779));
#11210=CARTESIAN_POINT('Ctrl Pts',(12.7491977069494,-17.9409424986276,2.96143551238885));
#11211=CARTESIAN_POINT('Ctrl Pts',(12.7437042243713,-17.9409424986276,2.90011824361991));
#11212=CARTESIAN_POINT('Ctrl Pts',(12.7209400594234,-17.9409424986276,2.84604706311732));
#11213=CARTESIAN_POINT('Ctrl Pts',(12.6984383540972,-17.9409424986276,2.79259929672235));
#11214=CARTESIAN_POINT('Ctrl Pts',(12.6590619155578,-17.9409424986276,2.74623149414789));
#11215=CARTESIAN_POINT('Ctrl Pts',(12.6196854770184,-17.9409424986276,2.69986369157344));
#11216=CARTESIAN_POINT('',(12.7019875705242,-17.9409424986276,3.2245633795312));
#11217=CARTESIAN_POINT('Ctrl Pts',(12.7019875705242,-17.9409424986276,3.2245633795312));
#11218=CARTESIAN_POINT('Ctrl Pts',(12.7173430588439,-17.9409424986276,3.19496868340286));
#11219=CARTESIAN_POINT('Ctrl Pts',(12.7326985471636,-17.9409424986276,3.16537398727452));
#11220=CARTESIAN_POINT('Ctrl Pts',(12.7415149867535,-17.9409424986276,3.1340066387704));
#11221=CARTESIAN_POINT('Ctrl Pts',(12.751511364657,-17.9409424986276,3.09844127632661));
#11222=CARTESIAN_POINT('Ctrl Pts',(12.7531012770922,-17.9409424986276,3.0605970287422));
#11223=CARTESIAN_POINT('Ctrl Pts',(12.7546911895275,-17.9409424986276,3.02275278115779));
#11224=CARTESIAN_POINT('',(11.3280575931072,-17.9409424986276,5.56307770753413));
#11225=CARTESIAN_POINT('',(13.8600944884185,-17.9409424986276,1.25339333056935));
#11226=CARTESIAN_POINT('',(12.6975893437862,-17.9409424986276,7.8724829151681));
#11227=CARTESIAN_POINT('',(14.3355462456708,-17.9409424986276,10.6345263633881));
#11228=CARTESIAN_POINT('',(12.7680938899517,-17.9409424986276,8.11624743485957));
#11229=CARTESIAN_POINT('Ctrl Pts',(12.7680938899517,-17.9409424986276,8.11624743485957));
#11230=CARTESIAN_POINT('Ctrl Pts',(12.7647698409782,-17.9409424986276,8.07438692352403));
#11231=CARTESIAN_POINT('Ctrl Pts',(12.7614457920046,-17.9409424986276,8.03252641218848));
#11232=CARTESIAN_POINT('Ctrl Pts',(12.750293558836,-17.9409424986276,7.99289949679881));
#11233=CARTESIAN_POINT('Ctrl Pts',(12.7385310613652,-17.9409424986276,7.95110414648683));
#11234=CARTESIAN_POINT('Ctrl Pts',(12.7180602025757,-17.9409424986276,7.91179353082746));
#11235=CARTESIAN_POINT('Ctrl Pts',(12.6975893437862,-17.9409424986276,7.8724829151681));
#11236=CARTESIAN_POINT('',(12.6243274867535,-17.9409424986276,8.43599535966426));
#11237=CARTESIAN_POINT('Ctrl Pts',(12.6243274867535,-17.9409424986276,8.43599535966426));
#11238=CARTESIAN_POINT('Ctrl Pts',(12.6662571776003,-17.9409424986276,8.38986342414425));
#11239=CARTESIAN_POINT('Ctrl Pts',(12.7081868684471,-17.9409424986276,8.34373148862424));
#11240=CARTESIAN_POINT('Ctrl Pts',(12.7321522891521,-17.9409424986276,8.28958549047023));
#11241=CARTESIAN_POINT('Ctrl Pts',(12.7554844550714,-17.9409424986276,8.23687022924705));
#11242=CARTESIAN_POINT('Ctrl Pts',(12.7617891725115,-17.9409424986276,8.17655883205331));
#11243=CARTESIAN_POINT('Ctrl Pts',(12.7680938899517,-17.9409424986276,8.11624743485957));
#11244=CARTESIAN_POINT('',(12.2901296079159,-17.9409424986276,8.56894173169642));
#11245=CARTESIAN_POINT('Ctrl Pts',(12.2901296079159,-17.9409424986276,8.56894173169642));
#11246=CARTESIAN_POINT('Ctrl Pts',(12.3518447143162,-17.9409424986276,8.56323268045346));
#11247=CARTESIAN_POINT('Ctrl Pts',(12.4135598207165,-17.9409424986276,8.5575236292105));
#11248=CARTESIAN_POINT('Ctrl Pts',(12.4688946664333,-17.9409424986276,8.53570498967677));
#11249=CARTESIAN_POINT('Ctrl Pts',(12.5250928808789,-17.9409424986276,8.51354592213905));
#11250=CARTESIAN_POINT('Ctrl Pts',(12.5747101838162,-17.9409424986276,8.47477064090166));
#11251=CARTESIAN_POINT('Ctrl Pts',(12.6243274867535,-17.9409424986276,8.43599535966426));
#11252=CARTESIAN_POINT('',(11.8872767150402,-17.9409424986276,8.32029141927272));
#11253=CARTESIAN_POINT('Ctrl Pts',(11.8872767150402,-17.9409424986276,8.32029141927272));
#11254=CARTESIAN_POINT('Ctrl Pts',(11.9395251191986,-17.9409424986276,8.39277808064553));
#11255=CARTESIAN_POINT('Ctrl Pts',(11.9917735233569,-17.9409424986276,8.46526474201834));
#11256=CARTESIAN_POINT('Ctrl Pts',(12.0626478850842,-17.9409424986276,8.5067791535905));
#11257=CARTESIAN_POINT('Ctrl Pts',(12.1279376015989,-17.9409424986276,8.54502237859834));
#11258=CARTESIAN_POINT('Ctrl Pts',(12.2090336047574,-17.9409424986276,8.55698205514738));
#11259=CARTESIAN_POINT('Ctrl Pts',(12.2901296079159,-17.9409424986276,8.56894173169642));
#11260=CARTESIAN_POINT('',(10.8121883332729,-17.9409424986276,6.40382625604182));
#11261=CARTESIAN_POINT('',(12.8250816069533,-17.9409424986276,9.9920334227576));
#11262=CARTESIAN_POINT('',(9.71329579353332,-17.9409424986276,8.34974982286006));
#11263=CARTESIAN_POINT('',(12.895589559089,-17.9409424986276,2.71453053526623));
#11264=CARTESIAN_POINT('',(9.31686515212059,-17.9409424986276,8.56894173169642));
#11265=CARTESIAN_POINT('Ctrl Pts',(9.31686515212059,-17.9409424986276,8.56894173169642));
#11266=CARTESIAN_POINT('Ctrl Pts',(9.40038385231598,-17.9409424986276,8.56054144971623));
#11267=CARTESIAN_POINT('Ctrl Pts',(9.48390255251138,-17.9409424986276,8.55214116773604));
#11268=CARTESIAN_POINT('Ctrl Pts',(9.55083886384964,-17.9409424986276,8.51414360547572));
#11269=CARTESIAN_POINT('Ctrl Pts',(9.61521736830586,-17.9409424986276,8.47759802681454));
#11270=CARTESIAN_POINT('Ctrl Pts',(9.6642565809196,-17.9409424986276,8.4136739248373));
#11271=CARTESIAN_POINT('Ctrl Pts',(9.71329579353332,-17.9409424986276,8.34974982286006));
#11272=CARTESIAN_POINT('',(8.9998743891716,-17.9409424986276,8.43536712670833));
#11273=CARTESIAN_POINT('Ctrl Pts',(8.9998743891716,-17.9409424986276,8.43536712670833));
#11274=CARTESIAN_POINT('Ctrl Pts',(9.04671247935228,-17.9409424986276,8.47432350961362));
#11275=CARTESIAN_POINT('Ctrl Pts',(9.09355056953297,-17.9409424986276,8.51327989251891));
#11276=CARTESIAN_POINT('Ctrl Pts',(9.14735788702965,-17.9409424986276,8.53554793143779));
#11277=CARTESIAN_POINT('Ctrl Pts',(9.19949767106311,-17.9409424986276,8.55712586533406));
#11278=CARTESIAN_POINT('Ctrl Pts',(9.25818141159185,-17.9409424986276,8.56303379851524));
#11279=CARTESIAN_POINT('Ctrl Pts',(9.31686515212059,-17.9409424986276,8.56894173169642));
#11280=CARTESIAN_POINT('',(8.86340284943581,-17.9409424986276,8.12476374650508));
#11281=CARTESIAN_POINT('Ctrl Pts',(8.86340284943581,-17.9409424986276,8.12476374650508));
#11282=CARTESIAN_POINT('Ctrl Pts',(8.86955918596666,-17.9409424986276,8.18241623674616));
#11283=CARTESIAN_POINT('Ctrl Pts',(8.87571552249752,-17.9409424986276,8.24006872698724));
#11284=CARTESIAN_POINT('Ctrl Pts',(8.89752069711685,-17.9409424986276,8.29092897916347));
#11285=CARTESIAN_POINT('Ctrl Pts',(8.92027653101507,-17.9409424986276,8.34400663026));
#11286=CARTESIAN_POINT('Ctrl Pts',(8.96007546009334,-17.9409424986276,8.38968687848416));
#11287=CARTESIAN_POINT('Ctrl Pts',(8.9998743891716,-17.9409424986276,8.43536712670833));
#11288=CARTESIAN_POINT('',(8.95317385196686,-17.9409424986276,7.82948233628779));
#11289=CARTESIAN_POINT('Ctrl Pts',(8.95317385196686,-17.9409424986276,7.82948233628779));
#11290=CARTESIAN_POINT('Ctrl Pts',(8.9269676832261,-17.9409424986276,7.87876008945921));
#11291=CARTESIAN_POINT('Ctrl Pts',(8.90076151448535,-17.9409424986276,7.92803784263064));
#11292=CARTESIAN_POINT('Ctrl Pts',(8.88574095666409,-17.9409424986276,7.98061348939448));
#11293=CARTESIAN_POINT('Ctrl Pts',(8.87250133239015,-17.9409424986276,8.02695543071219));
#11294=CARTESIAN_POINT('Ctrl Pts',(8.86795209091298,-17.9409424986276,8.07585958860864));
#11295=CARTESIAN_POINT('Ctrl Pts',(8.86340284943581,-17.9409424986276,8.12476374650508));
#11296=CARTESIAN_POINT('',(10.2858480274677,-17.9409424986276,5.57117499852687));
#11297=CARTESIAN_POINT('',(12.9703654767845,-17.9409424986276,1.02207697772904));
#11298=CARTESIAN_POINT('',(8.91568789482117,-17.9409424986276,3.15007962728053));
#11299=CARTESIAN_POINT('',(11.8856266702615,-17.9409424986276,8.3980100339365));
#11300=CARTESIAN_POINT('',(8.85,-17.9409424986276,3.02184559846431));
#11301=CARTESIAN_POINT('Ctrl Pts',(8.85,-17.9409424986276,3.02184559846431));
#11302=CARTESIAN_POINT('Ctrl Pts',(8.84861649682241,-17.9409424986276,3.05852207866478));
#11303=CARTESIAN_POINT('Ctrl Pts',(8.84723299364483,-17.9409424986276,3.09519855886525));
#11304=CARTESIAN_POINT('Ctrl Pts',(8.86642197370529,-17.9409424986276,3.11830021882564));
#11305=CARTESIAN_POINT('Ctrl Pts',(8.87791984815105,-17.9409424986276,3.13214253795236));
#11306=CARTESIAN_POINT('Ctrl Pts',(8.89680387148611,-17.9409424986276,3.14111108261645));
#11307=CARTESIAN_POINT('Ctrl Pts',(8.91568789482117,-17.9409424986276,3.15007962728053));
#11308=CARTESIAN_POINT('',(8.98716958463192,-17.9409424986276,2.70890333200007));
#11309=CARTESIAN_POINT('Ctrl Pts',(8.98716958463192,-17.9409424986276,2.70890333200008));
#11310=CARTESIAN_POINT('Ctrl Pts',(8.94717617486693,-17.9409424986276,2.75585805200075));
#11311=CARTESIAN_POINT('Ctrl Pts',(8.90718276510195,-17.9409424986276,2.80281277200143));
#11312=CARTESIAN_POINT('Ctrl Pts',(8.88429234027863,-17.9409424986276,2.85711981797725));
#11313=CARTESIAN_POINT('Ctrl Pts',(8.86294517952191,-17.9409424986276,2.90776550278285));
#11314=CARTESIAN_POINT('Ctrl Pts',(8.85647258976095,-17.9409424986276,2.96480555062358));
#11315=CARTESIAN_POINT('Ctrl Pts',(8.85,-17.9409424986276,3.02184559846431));
#11316=CARTESIAN_POINT('',(9.32014608979225,-17.9409424986276,2.56894149327785));
#11317=CARTESIAN_POINT('Ctrl Pts',(9.32014608979225,-17.9409424986276,2.56894149327785));
#11318=CARTESIAN_POINT('Ctrl Pts',(9.2573149179977,-17.9409424986276,2.57477868445345));
#11319=CARTESIAN_POINT('Ctrl Pts',(9.19448374620315,-17.9409424986276,2.58061587562906));
#11320=CARTESIAN_POINT('Ctrl Pts',(9.13899848461151,-17.9409424986276,2.60393180394679));
#11321=CARTESIAN_POINT('Ctrl Pts',(9.08348693648057,-17.9409424986276,2.62725877835223));
#11322=CARTESIAN_POINT('Ctrl Pts',(9.03532826055624,-17.9409424986276,2.66808105517615));
#11323=CARTESIAN_POINT('Ctrl Pts',(8.98716958463192,-17.9409424986276,2.70890333200008));
#11324=CARTESIAN_POINT('',(9.6770663022995,-17.9409424986276,2.74450459027797));
#11325=CARTESIAN_POINT('Ctrl Pts',(9.6770663022995,-17.9409424986276,2.74450459027797));
#11326=CARTESIAN_POINT('Ctrl Pts',(9.63581106420434,-17.9409424986276,2.69340778310633));
#11327=CARTESIAN_POINT('Ctrl Pts',(9.59455582610917,-17.9409424986276,2.6423109759347));
#11328=CARTESIAN_POINT('Ctrl Pts',(9.54193854928017,-17.9409424986276,2.61283196950465));
#11329=CARTESIAN_POINT('Ctrl Pts',(9.47888513809867,-17.9409424986276,2.57750608368018));
#11330=CARTESIAN_POINT('Ctrl Pts',(9.39951561394546,-17.9409424986276,2.57322378847901));
#11331=CARTESIAN_POINT('Ctrl Pts',(9.32014608979225,-17.9409424986276,2.56894149327785));
#11332=CARTESIAN_POINT('',(13.1974092015009,-17.9409424986276,8.97881299188085));
#11333=CARTESIAN_POINT('Origin',(9.71329579353332,-18.4409424986276,8.34974982286006));
#11334=CARTESIAN_POINT('',(10.8121883332729,-18.4409424986276,6.40382625604182));
#11335=CARTESIAN_POINT('',(10.8121883332729,-18.4409424986276,6.40382625604182));
#11336=CARTESIAN_POINT('',(9.71329579353332,-18.4409424986276,8.34974982286006));
#11337=CARTESIAN_POINT('',(8.52934407506688,-18.4409424986276,10.446296543875));
#11338=CARTESIAN_POINT('',(9.71329579353332,-18.4409424986276,8.34974982286006));
#11339=CARTESIAN_POINT('Origin',(10.8121883332729,-18.4409424986276,6.40382625604182));
#11340=CARTESIAN_POINT('',(11.8872767150402,-18.4409424986276,8.32029141927272));
#11341=CARTESIAN_POINT('',(11.8872767150402,-18.4409424986276,8.32029141927272));
#11342=CARTESIAN_POINT('',(10.8675532139736,-18.4409424986276,6.5025203419688));
#11343=CARTESIAN_POINT('Ctrl Pts',(11.8872767150402,-18.4409424986276,8.32029141927272));
#11344=CARTESIAN_POINT('Ctrl Pts',(11.8872767150402,-17.4409424986276,8.32029141927272));
#11345=CARTESIAN_POINT('Ctrl Pts',(11.9395251191986,-18.4409424986276,8.39277808064553));
#11346=CARTESIAN_POINT('Ctrl Pts',(11.9395251191986,-17.4409424986276,8.39277808064553));
#11347=CARTESIAN_POINT('Ctrl Pts',(12.0399049408782,-18.4409424986276,8.53203971475593));
#11348=CARTESIAN_POINT('Ctrl Pts',(12.0399049408782,-17.4409424986276,8.53203971475593));
#11349=CARTESIAN_POINT('Ctrl Pts',(12.2090336047574,-18.4409424986276,8.55698205514738));
#11350=CARTESIAN_POINT('Ctrl Pts',(12.2090336047574,-17.4409424986276,8.55698205514738));
#11351=CARTESIAN_POINT('Ctrl Pts',(12.2901296079159,-18.4409424986276,8.56894173169642));
#11352=CARTESIAN_POINT('Ctrl Pts',(12.2901296079159,-17.4409424986276,8.56894173169642));
#11353=CARTESIAN_POINT('',(12.2901296079159,-18.4409424986276,8.56894173169642));
#11354=CARTESIAN_POINT('',(12.2901296079159,-18.4409424986276,8.56894173169642));
#11355=CARTESIAN_POINT('Ctrl Pts',(11.8872767150402,-18.4409424986276,8.32029141927272));
#11356=CARTESIAN_POINT('Ctrl Pts',(11.9395251191986,-18.4409424986276,8.39277808064553));
#11357=CARTESIAN_POINT('Ctrl Pts',(12.0399049408782,-18.4409424986276,8.53203971475593));
#11358=CARTESIAN_POINT('Ctrl Pts',(12.2090336047574,-18.4409424986276,8.55698205514738));
#11359=CARTESIAN_POINT('Ctrl Pts',(12.2901296079159,-18.4409424986276,8.56894173169642));
#11360=CARTESIAN_POINT('Ctrl Pts',(12.2901296079159,-18.4409424986276,8.56894173169642));
#11361=CARTESIAN_POINT('Ctrl Pts',(12.2901296079159,-17.4409424986276,8.56894173169642));
#11362=CARTESIAN_POINT('Ctrl Pts',(12.3518447143162,-18.4409424986276,8.56323268045346));
#11363=CARTESIAN_POINT('Ctrl Pts',(12.3518447143162,-17.4409424986276,8.56323268045346));
#11364=CARTESIAN_POINT('Ctrl Pts',(12.4762378446469,-18.4409424986276,8.5517255017941));
#11365=CARTESIAN_POINT('Ctrl Pts',(12.4762378446469,-17.4409424986276,8.5517255017941));
#11366=CARTESIAN_POINT('Ctrl Pts',(12.5747101838162,-18.4409424986276,8.47477064090166));
#11367=CARTESIAN_POINT('Ctrl Pts',(12.5747101838162,-17.4409424986276,8.47477064090166));
#11368=CARTESIAN_POINT('Ctrl Pts',(12.6243274867535,-18.4409424986276,8.43599535966426));
#11369=CARTESIAN_POINT('Ctrl Pts',(12.6243274867535,-17.4409424986276,8.43599535966426));
#11370=CARTESIAN_POINT('',(12.6243274867535,-18.4409424986276,8.43599535966426));
#11371=CARTESIAN_POINT('',(12.6243274867535,-18.4409424986276,8.43599535966426));
#11372=CARTESIAN_POINT('Ctrl Pts',(12.2901296079159,-18.4409424986276,8.56894173169642));
#11373=CARTESIAN_POINT('Ctrl Pts',(12.3518447143162,-18.4409424986276,8.56323268045346));
#11374=CARTESIAN_POINT('Ctrl Pts',(12.4762378446469,-18.4409424986276,8.5517255017941));
#11375=CARTESIAN_POINT('Ctrl Pts',(12.5747101838162,-18.4409424986276,8.47477064090166));
#11376=CARTESIAN_POINT('Ctrl Pts',(12.6243274867535,-18.4409424986276,8.43599535966426));
#11377=CARTESIAN_POINT('Ctrl Pts',(12.6243274867535,-18.4409424986276,8.43599535966426));
#11378=CARTESIAN_POINT('Ctrl Pts',(12.6243274867535,-17.4409424986276,8.43599535966426));
#11379=CARTESIAN_POINT('Ctrl Pts',(12.6662571776003,-18.4409424986276,8.38986342414425));
#11380=CARTESIAN_POINT('Ctrl Pts',(12.6662571776003,-17.4409424986276,8.38986342414425));
#11381=CARTESIAN_POINT('Ctrl Pts',(12.7490086222489,-18.4409424986276,8.29881852894897));
#11382=CARTESIAN_POINT('Ctrl Pts',(12.7490086222489,-17.4409424986276,8.29881852894897));
#11383=CARTESIAN_POINT('Ctrl Pts',(12.7617891725115,-18.4409424986276,8.17655883205331));
#11384=CARTESIAN_POINT('Ctrl Pts',(12.7617891725115,-17.4409424986276,8.17655883205331));
#11385=CARTESIAN_POINT('Ctrl Pts',(12.7680938899517,-18.4409424986276,8.11624743485957));
#11386=CARTESIAN_POINT('Ctrl Pts',(12.7680938899517,-17.4409424986276,8.11624743485957));
#11387=CARTESIAN_POINT('',(12.7680938899517,-18.4409424986276,8.11624743485957));
#11388=CARTESIAN_POINT('',(12.7680938899517,-18.4409424986276,8.11624743485957));
#11389=CARTESIAN_POINT('Ctrl Pts',(12.6243274867535,-18.4409424986276,8.43599535966426));
#11390=CARTESIAN_POINT('Ctrl Pts',(12.6662571776003,-18.4409424986276,8.38986342414425));
#11391=CARTESIAN_POINT('Ctrl Pts',(12.7490086222489,-18.4409424986276,8.29881852894897));
#11392=CARTESIAN_POINT('Ctrl Pts',(12.7617891725115,-18.4409424986276,8.17655883205331));
#11393=CARTESIAN_POINT('Ctrl Pts',(12.7680938899517,-18.4409424986276,8.11624743485957));
#11394=CARTESIAN_POINT('Ctrl Pts',(12.7680938899517,-18.4409424986276,8.11624743485957));
#11395=CARTESIAN_POINT('Ctrl Pts',(12.7680938899517,-17.4409424986276,8.11624743485957));
#11396=CARTESIAN_POINT('Ctrl Pts',(12.7647698409782,-18.4409424986276,8.07438692352403));
#11397=CARTESIAN_POINT('Ctrl Pts',(12.7647698409782,-17.4409424986276,8.07438692352403));
#11398=CARTESIAN_POINT('Ctrl Pts',(12.7579398468677,-18.4409424986276,7.98837524073585));
#11399=CARTESIAN_POINT('Ctrl Pts',(12.7579398468677,-17.4409424986276,7.98837524073585));
#11400=CARTESIAN_POINT('Ctrl Pts',(12.7180602025757,-18.4409424986276,7.91179353082746));
#11401=CARTESIAN_POINT('Ctrl Pts',(12.7180602025757,-17.4409424986276,7.91179353082746));
#11402=CARTESIAN_POINT('Ctrl Pts',(12.6975893437862,-18.4409424986276,7.8724829151681));
#11403=CARTESIAN_POINT('Ctrl Pts',(12.6975893437862,-17.4409424986276,7.8724829151681));
#11404=CARTESIAN_POINT('',(12.6975893437862,-18.4409424986276,7.8724829151681));
#11405=CARTESIAN_POINT('',(12.6975893437862,-18.4409424986276,7.8724829151681));
#11406=CARTESIAN_POINT('Ctrl Pts',(12.7680938899517,-18.4409424986276,8.11624743485957));
#11407=CARTESIAN_POINT('Ctrl Pts',(12.7647698409782,-18.4409424986276,8.07438692352403));
#11408=CARTESIAN_POINT('Ctrl Pts',(12.7579398468677,-18.4409424986276,7.98837524073585));
#11409=CARTESIAN_POINT('Ctrl Pts',(12.7180602025757,-18.4409424986276,7.91179353082746));
#11410=CARTESIAN_POINT('Ctrl Pts',(12.6975893437862,-18.4409424986276,7.8724829151681));
#11411=CARTESIAN_POINT('Origin',(12.6975893437862,-18.4409424986276,7.8724829151681));
#11412=CARTESIAN_POINT('',(11.3280575931072,-18.4409424986276,5.56307770753413));
#11413=CARTESIAN_POINT('',(11.3280575931072,-18.4409424986276,5.56307770753413));
#11414=CARTESIAN_POINT('',(12.1381252507516,-18.4409424986276,6.9290733963323));
#11415=CARTESIAN_POINT('Origin',(11.3280575931072,-18.4409424986276,5.56307770753413));
#11416=CARTESIAN_POINT('',(12.7019875705242,-18.4409424986276,3.2245633795312));
#11417=CARTESIAN_POINT('',(12.7019875705242,-18.4409424986276,3.2245633795312));
#11418=CARTESIAN_POINT('',(9.27541640267577,-18.4409424986276,9.05680075963411));
#11419=CARTESIAN_POINT('Ctrl Pts',(12.7019875705242,-18.4409424986276,3.2245633795312));
#11420=CARTESIAN_POINT('Ctrl Pts',(12.7019875705242,-17.4409424986276,3.2245633795312));
#11421=CARTESIAN_POINT('Ctrl Pts',(12.7173430588439,-18.4409424986276,3.19496868340286));
#11422=CARTESIAN_POINT('Ctrl Pts',(12.7173430588439,-17.4409424986276,3.19496868340286));
#11423=CARTESIAN_POINT('Ctrl Pts',(12.7501091200566,-18.4409424986276,3.13181851815095));
#11424=CARTESIAN_POINT('Ctrl Pts',(12.7501091200566,-17.4409424986276,3.13181851815095));
#11425=CARTESIAN_POINT('Ctrl Pts',(12.7531012770922,-18.4409424986276,3.0605970287422));
#11426=CARTESIAN_POINT('Ctrl Pts',(12.7531012770922,-17.4409424986276,3.0605970287422));
#11427=CARTESIAN_POINT('Ctrl Pts',(12.7546911895275,-18.4409424986276,3.02275278115779));
#11428=CARTESIAN_POINT('Ctrl Pts',(12.7546911895275,-17.4409424986276,3.02275278115779));
#11429=CARTESIAN_POINT('',(12.7546911895275,-18.4409424986276,3.02275278115779));
#11430=CARTESIAN_POINT('',(12.7546911895275,-18.4409424986276,3.02275278115779));
#11431=CARTESIAN_POINT('Ctrl Pts',(12.7019875705242,-18.4409424986276,3.2245633795312));
#11432=CARTESIAN_POINT('Ctrl Pts',(12.7173430588439,-18.4409424986276,3.19496868340286));
#11433=CARTESIAN_POINT('Ctrl Pts',(12.7501091200566,-18.4409424986276,3.13181851815095));
#11434=CARTESIAN_POINT('Ctrl Pts',(12.7531012770922,-18.4409424986276,3.0605970287422));
#11435=CARTESIAN_POINT('Ctrl Pts',(12.7546911895275,-18.4409424986276,3.02275278115779));
#11436=CARTESIAN_POINT('Ctrl Pts',(12.7546911895275,-18.4409424986276,3.02275278115779));
#11437=CARTESIAN_POINT('Ctrl Pts',(12.7546911895275,-17.4409424986276,3.02275278115779));
#11438=CARTESIAN_POINT('Ctrl Pts',(12.7491977069494,-18.4409424986276,2.96143551238885));
#11439=CARTESIAN_POINT('Ctrl Pts',(12.7491977069494,-17.4409424986276,2.96143551238885));
#11440=CARTESIAN_POINT('Ctrl Pts',(12.7382740789445,-18.4409424986276,2.83950793279114));
#11441=CARTESIAN_POINT('Ctrl Pts',(12.7382740789445,-17.4409424986276,2.83950793279114));
#11442=CARTESIAN_POINT('Ctrl Pts',(12.6590619155578,-18.4409424986276,2.74623149414789));
#11443=CARTESIAN_POINT('Ctrl Pts',(12.6590619155578,-17.4409424986276,2.74623149414789));
#11444=CARTESIAN_POINT('Ctrl Pts',(12.6196854770184,-18.4409424986276,2.69986369157344));
#11445=CARTESIAN_POINT('Ctrl Pts',(12.6196854770184,-17.4409424986276,2.69986369157344));
#11446=CARTESIAN_POINT('',(12.6196854770184,-18.4409424986276,2.69986369157344));
#11447=CARTESIAN_POINT('',(12.6196854770184,-18.4409424986276,2.69986369157344));
#11448=CARTESIAN_POINT('Ctrl Pts',(12.7546911895275,-18.4409424986276,3.02275278115779));
#11449=CARTESIAN_POINT('Ctrl Pts',(12.7491977069494,-18.4409424986276,2.96143551238885));
#11450=CARTESIAN_POINT('Ctrl Pts',(12.7382740789445,-18.4409424986276,2.83950793279114));
#11451=CARTESIAN_POINT('Ctrl Pts',(12.6590619155578,-18.4409424986276,2.74623149414789));
#11452=CARTESIAN_POINT('Ctrl Pts',(12.6196854770184,-18.4409424986276,2.69986369157344));
#11453=CARTESIAN_POINT('Ctrl Pts',(12.6196854770184,-18.4409424986276,2.69986369157344));
#11454=CARTESIAN_POINT('Ctrl Pts',(12.6196854770184,-17.4409424986276,2.69986369157344));
#11455=CARTESIAN_POINT('Ctrl Pts',(12.572122029376,-18.4409424986276,2.66167849556529));
#11456=CARTESIAN_POINT('Ctrl Pts',(12.572122029376,-17.4409424986276,2.66167849556529));
#11457=CARTESIAN_POINT('Ctrl Pts',(12.4764355632681,-18.4409424986276,2.5848588652658));
#11458=CARTESIAN_POINT('Ctrl Pts',(12.4764355632681,-17.4409424986276,2.5848588652658));
#11459=CARTESIAN_POINT('Ctrl Pts',(12.3541452639259,-18.4409424986276,2.5742679290715));
#11460=CARTESIAN_POINT('Ctrl Pts',(12.3541452639259,-17.4409424986276,2.5742679290715));
#11461=CARTESIAN_POINT('Ctrl Pts',(12.2926425397396,-18.4409424986276,2.56894149327785));
#11462=CARTESIAN_POINT('Ctrl Pts',(12.2926425397396,-17.4409424986276,2.56894149327785));
#11463=CARTESIAN_POINT('',(12.2926425397396,-18.4409424986276,2.56894149327785));
#11464=CARTESIAN_POINT('',(12.2926425397396,-18.4409424986276,2.56894149327785));
#11465=CARTESIAN_POINT('Ctrl Pts',(12.6196854770184,-18.4409424986276,2.69986369157344));
#11466=CARTESIAN_POINT('Ctrl Pts',(12.572122029376,-18.4409424986276,2.66167849556529));
#11467=CARTESIAN_POINT('Ctrl Pts',(12.4764355632681,-18.4409424986276,2.5848588652658));
#11468=CARTESIAN_POINT('Ctrl Pts',(12.3541452639259,-18.4409424986276,2.5742679290715));
#11469=CARTESIAN_POINT('Ctrl Pts',(12.2926425397396,-18.4409424986276,2.56894149327785));
#11470=CARTESIAN_POINT('Ctrl Pts',(12.2926425397396,-18.4409424986276,2.56894149327785));
#11471=CARTESIAN_POINT('Ctrl Pts',(12.2926425397396,-17.4409424986276,2.56894149327785));
#11472=CARTESIAN_POINT('Ctrl Pts',(12.2078327758674,-18.4409424986276,2.58415894658733));
#11473=CARTESIAN_POINT('Ctrl Pts',(12.2078327758674,-17.4409424986276,2.58415894658733));
#11474=CARTESIAN_POINT('Ctrl Pts',(12.0261923639038,-18.4409424986276,2.61675076575967));
#11475=CARTESIAN_POINT('Ctrl Pts',(12.0261923639038,-17.4409424986276,2.61675076575967));
#11476=CARTESIAN_POINT('Ctrl Pts',(11.9329397743831,-18.4409424986276,2.77767013026118));
#11477=CARTESIAN_POINT('Ctrl Pts',(11.9329397743831,-17.4409424986276,2.77767013026118));
#11478=CARTESIAN_POINT('Ctrl Pts',(11.8832277715206,-18.4409424986276,2.86345459962398));
#11479=CARTESIAN_POINT('Ctrl Pts',(11.8832277715206,-17.4409424986276,2.86345459962398));
#11480=CARTESIAN_POINT('',(11.8832277715206,-18.4409424986276,2.86345459962398));
#11481=CARTESIAN_POINT('',(11.8832277715206,-18.4409424986276,2.86345459962398));
#11482=CARTESIAN_POINT('Ctrl Pts',(12.2926425397396,-18.4409424986276,2.56894149327785));
#11483=CARTESIAN_POINT('Ctrl Pts',(12.2078327758674,-18.4409424986276,2.58415894658733));
#11484=CARTESIAN_POINT('Ctrl Pts',(12.0261923639038,-18.4409424986276,2.61675076575967));
#11485=CARTESIAN_POINT('Ctrl Pts',(11.9329397743831,-18.4409424986276,2.77767013026118));
#11486=CARTESIAN_POINT('Ctrl Pts',(11.8832277715206,-18.4409424986276,2.86345459962398));
#11487=CARTESIAN_POINT('Origin',(30.1184937358866,-17.9409424986276,5.00825681233913));
#11488=CARTESIAN_POINT('',(23.6062359273434,-17.9409424986276,5.91996349835902));
#11489=CARTESIAN_POINT('',(23.7494790017605,-17.9409424986276,5.59225716138392));
#11490=CARTESIAN_POINT('Ctrl Pts',(23.6062359273434,-17.9409424986276,5.91996349835902));
#11491=CARTESIAN_POINT('Ctrl Pts',(23.6480139436879,-17.9409424986276,5.87373472157391));
#11492=CARTESIAN_POINT('Ctrl Pts',(23.6897919600324,-17.9409424986276,5.8275059447888));
#11493=CARTESIAN_POINT('Ctrl Pts',(23.7136673390865,-17.9409424986276,5.77341355824977));
#11494=CARTESIAN_POINT('Ctrl Pts',(23.7379306594077,-17.9409424986276,5.71844224665061));
#11495=CARTESIAN_POINT('Ctrl Pts',(23.7437048305841,-17.9409424986276,5.65534970401727));
#11496=CARTESIAN_POINT('Ctrl Pts',(23.7494790017605,-17.9409424986276,5.59225716138392));
#11497=CARTESIAN_POINT('',(23.287500089407,-17.9409424986276,6.04920961404353));
#11498=CARTESIAN_POINT('Ctrl Pts',(23.287500089407,-17.9409424986276,6.04920961404353));
#11499=CARTESIAN_POINT('Ctrl Pts',(23.3452457105636,-17.9409424986276,6.04328194302141));
#11500=CARTESIAN_POINT('Ctrl Pts',(23.4029913317202,-17.9409424986276,6.03735427199929));
#11501=CARTESIAN_POINT('Ctrl Pts',(23.4549307286739,-17.9409424986276,6.01689853215724));
#11502=CARTESIAN_POINT('Ctrl Pts',(23.5096642866515,-17.9409424986276,5.99534234382459));
#11503=CARTESIAN_POINT('Ctrl Pts',(23.5579501069974,-17.9409424986276,5.95765292109181));
#11504=CARTESIAN_POINT('Ctrl Pts',(23.6062359273434,-17.9409424986276,5.91996349835902));
#11505=CARTESIAN_POINT('',(20.3157019078732,-17.9409424986276,6.04920961404353));
#11506=CARTESIAN_POINT('',(25.2170978218799,-17.9409424986276,6.04920961404353));
#11507=CARTESIAN_POINT('',(19.9914168775082,-17.9409424986276,5.91619350457698));
#11508=CARTESIAN_POINT('Ctrl Pts',(19.9914168775082,-17.9409424986276,5.91619350457698));
#11509=CARTESIAN_POINT('Ctrl Pts',(20.0383659045345,-17.9409424986276,5.95498968021967));
#11510=CARTESIAN_POINT('Ctrl Pts',(20.0853149315608,-17.9409424986276,5.99378585586237));
#11511=CARTESIAN_POINT('Ctrl Pts',(20.139100497961,-17.9409424986276,6.01595558667689));
#11512=CARTESIAN_POINT('Ctrl Pts',(20.193333753208,-17.9409424986276,6.03830984917685));
#11513=CARTESIAN_POINT('Ctrl Pts',(20.2545178305406,-17.9409424986276,6.04375973161019));
#11514=CARTESIAN_POINT('Ctrl Pts',(20.3157019078732,-17.9409424986276,6.04920961404353));
#11515=CARTESIAN_POINT('',(19.858190959692,-17.9409424986276,5.59225716138392));
#11516=CARTESIAN_POINT('Ctrl Pts',(19.858190959692,-17.9409424986276,5.59225716138392));
#11517=CARTESIAN_POINT('Ctrl Pts',(19.8636543407578,-17.9409424986276,5.65339638575396));
#11518=CARTESIAN_POINT('Ctrl Pts',(19.8691177218236,-17.9409424986276,5.714535610124));
#11519=CARTESIAN_POINT('Ctrl Pts',(19.8914980351925,-17.9409424986276,5.76870121503383));
#11520=CARTESIAN_POINT('Ctrl Pts',(19.9137026965575,-17.9409424986276,5.8224417009165));
#11521=CARTESIAN_POINT('Ctrl Pts',(19.9525597870328,-17.9409424986276,5.86931760274674));
#11522=CARTESIAN_POINT('Ctrl Pts',(19.9914168775082,-17.9409424986276,5.91619350457698));
#11523=CARTESIAN_POINT('',(19.858190959692,-17.9409424986276,5.26842512631923));
#11524=CARTESIAN_POINT('',(19.858190959692,-17.9409424986276,5.13834096932918));
#11525=CARTESIAN_POINT('',(19.9902295529842,-17.9409424986276,4.93995108151942));
#11526=CARTESIAN_POINT('Ctrl Pts',(19.9902295529842,-17.9409424986276,4.93995108151942));
#11527=CARTESIAN_POINT('Ctrl Pts',(19.9517180157921,-17.9409424986276,4.98797829327471));
#11528=CARTESIAN_POINT('Ctrl Pts',(19.9132064785999,-17.9409424986276,5.03600550503));
#11529=CARTESIAN_POINT('Ctrl Pts',(19.8912000119686,-17.9409424986276,5.09067215467006));
#11530=CARTESIAN_POINT('Ctrl Pts',(19.869138798189,-17.9409424986276,5.14547480266107));
#11531=CARTESIAN_POINT('Ctrl Pts',(19.8636648789405,-17.9409424986276,5.20694996449015));
#11532=CARTESIAN_POINT('Ctrl Pts',(19.858190959692,-17.9409424986276,5.26842512631923));
#11533=CARTESIAN_POINT('',(20.3157019078732,-17.9409424986276,4.8027465536645));
#11534=CARTESIAN_POINT('Ctrl Pts',(20.3157019078732,-17.9409424986276,4.8027465536645));
#11535=CARTESIAN_POINT('Ctrl Pts',(20.2538809571105,-17.9409424986276,4.80836112141377));
#11536=CARTESIAN_POINT('Ctrl Pts',(20.1920600063479,-17.9409424986276,4.81397568916304));
#11537=CARTESIAN_POINT('Ctrl Pts',(20.137617534399,-17.9409424986276,4.8370472385934));
#11538=CARTESIAN_POINT('Ctrl Pts',(20.0836556891842,-17.9409424986276,4.85991510874442));
#11539=CARTESIAN_POINT('Ctrl Pts',(20.0369426210842,-17.9409424986276,4.89993309513192));
#11540=CARTESIAN_POINT('Ctrl Pts',(19.9902295529842,-17.9409424986276,4.93995108151942));
#11541=CARTESIAN_POINT('',(23.287500089407,-17.9409424986276,4.8027465536645));
#11542=CARTESIAN_POINT('',(26.7029969126468,-17.9409424986276,4.8027465536645));
#11543=CARTESIAN_POINT('',(23.6161136090755,-17.9409424986276,4.94131245160609));
#11544=CARTESIAN_POINT('Ctrl Pts',(23.6161136090755,-17.9409424986276,4.94131245160609));
#11545=CARTESIAN_POINT('Ctrl Pts',(23.5689425017583,-17.9409424986276,4.90089768231789));
#11546=CARTESIAN_POINT('Ctrl Pts',(23.5217713944411,-17.9409424986276,4.86048291302969));
#11547=CARTESIAN_POINT('Ctrl Pts',(23.4672784268856,-17.9409424986276,4.83738817716151));
#11548=CARTESIAN_POINT('Ctrl Pts',(23.4123177117362,-17.9409424986276,4.81409520457364));
#11549=CARTESIAN_POINT('Ctrl Pts',(23.3499089005716,-17.9409424986276,4.80842087911907));
#11550=CARTESIAN_POINT('Ctrl Pts',(23.287500089407,-17.9409424986276,4.8027465536645));
#11551=CARTESIAN_POINT('',(23.7494790017605,-17.9409424986276,5.26842512631923));
#11552=CARTESIAN_POINT('Ctrl Pts',(23.7494790017605,-17.9409424986276,5.26842512631923));
#11553=CARTESIAN_POINT('Ctrl Pts',(23.7438000413797,-17.9409424986276,5.20753239208595));
#11554=CARTESIAN_POINT('Ctrl Pts',(23.7381210809989,-17.9409424986276,5.14663965785268));
#11555=CARTESIAN_POINT('Ctrl Pts',(23.716137355566,-17.9409424986276,5.09237327123194));
#11556=CARTESIAN_POINT('Ctrl Pts',(23.693909105312,-17.9409424986276,5.03750327997989));
#11557=CARTESIAN_POINT('Ctrl Pts',(23.6550113571938,-17.9409424986276,4.98940786579299));
#11558=CARTESIAN_POINT('Ctrl Pts',(23.6161136090755,-17.9409424986276,4.94131245160609));
#11559=CARTESIAN_POINT('',(23.7494790017605,-17.9409424986276,5.30025698686153));
#11560=CARTESIAN_POINT('Ctrl Pts',(19.9902295529842,-18.4409424986276,4.93995108151942));
#11561=CARTESIAN_POINT('Ctrl Pts',(19.9902295529842,-17.4409424986276,4.93995108151942));
#11562=CARTESIAN_POINT('Ctrl Pts',(19.9517180157921,-18.4409424986276,4.98797829327471));
#11563=CARTESIAN_POINT('Ctrl Pts',(19.9517180157921,-17.4409424986276,4.98797829327471));
#11564=CARTESIAN_POINT('Ctrl Pts',(19.8745991333496,-18.4409424986276,5.08415219770542));
#11565=CARTESIAN_POINT('Ctrl Pts',(19.8745991333496,-17.4409424986276,5.08415219770542));
#11566=CARTESIAN_POINT('Ctrl Pts',(19.8636648789405,-18.4409424986276,5.20694996449015));
#11567=CARTESIAN_POINT('Ctrl Pts',(19.8636648789405,-17.4409424986276,5.20694996449015));
#11568=CARTESIAN_POINT('Ctrl Pts',(19.858190959692,-18.4409424986276,5.26842512631923));
#11569=CARTESIAN_POINT('Ctrl Pts',(19.858190959692,-17.4409424986276,5.26842512631923));
#11570=CARTESIAN_POINT('',(19.858190959692,-18.4409424986276,5.26842512631923));
#11571=CARTESIAN_POINT('',(19.858190959692,-18.4409424986276,5.26842512631923));
#11572=CARTESIAN_POINT('',(19.9902295529842,-18.4409424986276,4.93995108151942));
#11573=CARTESIAN_POINT('Ctrl Pts',(19.9902295529842,-18.4409424986276,4.93995108151942));
#11574=CARTESIAN_POINT('Ctrl Pts',(19.9517180157921,-18.4409424986276,4.98797829327471));
#11575=CARTESIAN_POINT('Ctrl Pts',(19.8745991333496,-18.4409424986276,5.08415219770542));
#11576=CARTESIAN_POINT('Ctrl Pts',(19.8636648789405,-18.4409424986276,5.20694996449015));
#11577=CARTESIAN_POINT('Ctrl Pts',(19.858190959692,-18.4409424986276,5.26842512631923));
#11578=CARTESIAN_POINT('',(19.9902295529842,-18.4409424986276,4.93995108151942));
#11579=CARTESIAN_POINT('Origin',(19.858190959692,-18.4409424986276,5.26842512631923));
#11580=CARTESIAN_POINT('',(19.858190959692,-18.4409424986276,5.59225716138392));
#11581=CARTESIAN_POINT('',(19.858190959692,-18.4409424986276,5.59225716138392));
#11582=CARTESIAN_POINT('',(19.858190959692,-18.4409424986276,7.91868366742641));
#11583=CARTESIAN_POINT('Ctrl Pts',(19.858190959692,-18.4409424986276,5.59225716138392));
#11584=CARTESIAN_POINT('Ctrl Pts',(19.858190959692,-17.4409424986276,5.59225716138392));
#11585=CARTESIAN_POINT('Ctrl Pts',(19.8636543407578,-18.4409424986276,5.65339638575396));
#11586=CARTESIAN_POINT('Ctrl Pts',(19.8636543407578,-17.4409424986276,5.65339638575396));
#11587=CARTESIAN_POINT('Ctrl Pts',(19.8745382235151,-18.4409424986276,5.7751949829789));
#11588=CARTESIAN_POINT('Ctrl Pts',(19.8745382235151,-17.4409424986276,5.7751949829789));
#11589=CARTESIAN_POINT('Ctrl Pts',(19.9525597870328,-18.4409424986276,5.86931760274674));
#11590=CARTESIAN_POINT('Ctrl Pts',(19.9525597870328,-17.4409424986276,5.86931760274674));
#11591=CARTESIAN_POINT('Ctrl Pts',(19.9914168775082,-18.4409424986276,5.91619350457698));
#11592=CARTESIAN_POINT('Ctrl Pts',(19.9914168775082,-17.4409424986276,5.91619350457698));
#11593=CARTESIAN_POINT('',(19.9914168775082,-18.4409424986276,5.91619350457698));
#11594=CARTESIAN_POINT('',(19.9914168775082,-18.4409424986276,5.91619350457698));
#11595=CARTESIAN_POINT('Ctrl Pts',(19.858190959692,-18.4409424986276,5.59225716138392));
#11596=CARTESIAN_POINT('Ctrl Pts',(19.8636543407578,-18.4409424986276,5.65339638575396));
#11597=CARTESIAN_POINT('Ctrl Pts',(19.8745382235151,-18.4409424986276,5.7751949829789));
#11598=CARTESIAN_POINT('Ctrl Pts',(19.9525597870328,-18.4409424986276,5.86931760274674));
#11599=CARTESIAN_POINT('Ctrl Pts',(19.9914168775082,-18.4409424986276,5.91619350457698));
#11600=CARTESIAN_POINT('Ctrl Pts',(19.9914168775082,-18.4409424986276,5.91619350457698));
#11601=CARTESIAN_POINT('Ctrl Pts',(19.9914168775082,-17.4409424986276,5.91619350457698));
#11602=CARTESIAN_POINT('Ctrl Pts',(20.0383659045345,-18.4409424986276,5.95498968021967));
#11603=CARTESIAN_POINT('Ctrl Pts',(20.0383659045345,-17.4409424986276,5.95498968021967));
#11604=CARTESIAN_POINT('Ctrl Pts',(20.1326547429028,-18.4409424986276,6.03290495485219));
#11605=CARTESIAN_POINT('Ctrl Pts',(20.1326547429028,-17.4409424986276,6.03290495485219));
#11606=CARTESIAN_POINT('Ctrl Pts',(20.2545178305406,-18.4409424986276,6.04375973161019));
#11607=CARTESIAN_POINT('Ctrl Pts',(20.2545178305406,-17.4409424986276,6.04375973161019));
#11608=CARTESIAN_POINT('Ctrl Pts',(20.3157019078732,-18.4409424986276,6.04920961404353));
#11609=CARTESIAN_POINT('Ctrl Pts',(20.3157019078732,-17.4409424986276,6.04920961404353));
#11610=CARTESIAN_POINT('',(20.3157019078732,-18.4409424986276,6.04920961404353));
#11611=CARTESIAN_POINT('',(20.3157019078732,-18.4409424986276,6.04920961404353));
#11612=CARTESIAN_POINT('Ctrl Pts',(19.9914168775082,-18.4409424986276,5.91619350457698));
#11613=CARTESIAN_POINT('Ctrl Pts',(20.0383659045345,-18.4409424986276,5.95498968021967));
#11614=CARTESIAN_POINT('Ctrl Pts',(20.1326547429028,-18.4409424986276,6.03290495485219));
#11615=CARTESIAN_POINT('Ctrl Pts',(20.2545178305406,-18.4409424986276,6.04375973161019));
#11616=CARTESIAN_POINT('Ctrl Pts',(20.3157019078732,-18.4409424986276,6.04920961404353));
#11617=CARTESIAN_POINT('Origin',(20.3157019078732,-18.4409424986276,6.04920961404353));
#11618=CARTESIAN_POINT('',(23.287500089407,-18.4409424986276,6.04920961404353));
#11619=CARTESIAN_POINT('',(23.287500089407,-18.4409424986276,6.04920961404353));
#11620=CARTESIAN_POINT('',(12.0828509539366,-18.4409424986276,6.04920961404353));
#11621=CARTESIAN_POINT('Ctrl Pts',(23.287500089407,-18.4409424986276,6.04920961404353));
#11622=CARTESIAN_POINT('Ctrl Pts',(23.287500089407,-17.4409424986276,6.04920961404353));
#11623=CARTESIAN_POINT('Ctrl Pts',(23.3452457105636,-18.4409424986276,6.04328194302141));
#11624=CARTESIAN_POINT('Ctrl Pts',(23.3452457105636,-17.4409424986276,6.04328194302141));
#11625=CARTESIAN_POINT('Ctrl Pts',(23.4638434688049,-18.4409424986276,6.03110771265147));
#11626=CARTESIAN_POINT('Ctrl Pts',(23.4638434688049,-17.4409424986276,6.03110771265147));
#11627=CARTESIAN_POINT('Ctrl Pts',(23.5579501069974,-18.4409424986276,5.95765292109181));
#11628=CARTESIAN_POINT('Ctrl Pts',(23.5579501069974,-17.4409424986276,5.95765292109181));
#11629=CARTESIAN_POINT('Ctrl Pts',(23.6062359273434,-18.4409424986276,5.91996349835902));
#11630=CARTESIAN_POINT('Ctrl Pts',(23.6062359273434,-17.4409424986276,5.91996349835902));
#11631=CARTESIAN_POINT('',(23.6062359273434,-18.4409424986276,5.91996349835902));
#11632=CARTESIAN_POINT('',(23.6062359273434,-18.4409424986276,5.91996349835902));
#11633=CARTESIAN_POINT('Ctrl Pts',(23.287500089407,-18.4409424986276,6.04920961404353));
#11634=CARTESIAN_POINT('Ctrl Pts',(23.3452457105636,-18.4409424986276,6.04328194302141));
#11635=CARTESIAN_POINT('Ctrl Pts',(23.4638434688049,-18.4409424986276,6.03110771265147));
#11636=CARTESIAN_POINT('Ctrl Pts',(23.5579501069974,-18.4409424986276,5.95765292109181));
#11637=CARTESIAN_POINT('Ctrl Pts',(23.6062359273434,-18.4409424986276,5.91996349835902));
#11638=CARTESIAN_POINT('Origin',(30.1184937358866,-17.9409424986276,5.00825681233913));
#11639=CARTESIAN_POINT('',(36.5867375791073,-17.9409424986276,2.70181812787562));
#11640=CARTESIAN_POINT('',(36.4508938252926,-17.9409424986276,3.02624322915584));
#11641=CARTESIAN_POINT('Ctrl Pts',(36.5867375791073,-17.9409424986276,2.70181812787562));
#11642=CARTESIAN_POINT('Ctrl Pts',(36.5471162438561,-17.9409424986276,2.74862631386045));
#11643=CARTESIAN_POINT('Ctrl Pts',(36.5074949086049,-17.9409424986276,2.79543449984529));
#11644=CARTESIAN_POINT('Ctrl Pts',(36.4848541676998,-17.9409424986276,2.84936227345973));
#11645=CARTESIAN_POINT('Ctrl Pts',(36.4621113063709,-17.9409424986276,2.90353328677726));
#11646=CARTESIAN_POINT('Ctrl Pts',(36.4565025658317,-17.9409424986276,2.96488825796655));
#11647=CARTESIAN_POINT('Ctrl Pts',(36.4508938252926,-17.9409424986276,3.02624322915584));
#11648=CARTESIAN_POINT('',(36.9176887929439,-17.9409424986276,2.56894149327785));
#11649=CARTESIAN_POINT('Ctrl Pts',(36.9176887929439,-17.9409424986276,2.56894149327785));
#11650=CARTESIAN_POINT('Ctrl Pts',(36.855292064784,-17.9409424986276,2.57431238934643));
#11651=CARTESIAN_POINT('Ctrl Pts',(36.7928953366241,-17.9409424986276,2.57968328541502));
#11652=CARTESIAN_POINT('Ctrl Pts',(36.7373966634273,-17.9409424986276,2.60216035390407));
#11653=CARTESIAN_POINT('Ctrl Pts',(36.6827122105669,-17.9409424986276,2.62430766160405));
#11654=CARTESIAN_POINT('Ctrl Pts',(36.6347248948371,-17.9409424986276,2.66306289473984));
#11655=CARTESIAN_POINT('Ctrl Pts',(36.5867375791073,-17.9409424986276,2.70181812787562));
#11656=CARTESIAN_POINT('',(37.2460936963558,-17.9409424986276,2.70269073987514));
#11657=CARTESIAN_POINT('Ctrl Pts',(37.2460936963558,-17.9409424986276,2.70269073987514));
#11658=CARTESIAN_POINT('Ctrl Pts',(37.1986618444244,-17.9409424986276,2.66368097940749));
#11659=CARTESIAN_POINT('Ctrl Pts',(37.151229992493,-17.9409424986276,2.62467121893985));
#11660=CARTESIAN_POINT('Ctrl Pts',(37.096960490942,-17.9409424986276,2.60237850690395));
#11661=CARTESIAN_POINT('Ctrl Pts',(37.041896189468,-17.9409424986276,2.57975930862251));
#11662=CARTESIAN_POINT('Ctrl Pts',(36.979792491206,-17.9409424986276,2.57435040095018));
#11663=CARTESIAN_POINT('Ctrl Pts',(36.9176887929439,-17.9409424986276,2.56894149327785));
#11664=CARTESIAN_POINT('',(37.3801564633846,-17.9409424986276,3.02617349172145));
#11665=CARTESIAN_POINT('Ctrl Pts',(37.3801564633846,-17.9409424986276,3.02617349172145));
#11666=CARTESIAN_POINT('Ctrl Pts',(37.3745830087805,-17.9409424986276,2.96527369089832));
#11667=CARTESIAN_POINT('Ctrl Pts',(37.3690095541764,-17.9409424986276,2.90437389007519));
#11668=CARTESIAN_POINT('Ctrl Pts',(37.3466419637203,-17.9409424986276,2.85043634915858));
#11669=CARTESIAN_POINT('Ctrl Pts',(37.324298162471,-17.9409424986276,2.79655617388956));
#11670=CARTESIAN_POINT('Ctrl Pts',(37.2851959294134,-17.9409424986276,2.74962345688235));
#11671=CARTESIAN_POINT('Ctrl Pts',(37.2460936963558,-17.9409424986276,2.70269073987514));
#11672=CARTESIAN_POINT('',(37.3801564633846,-17.9409424986276,4.79381122136622));
#11673=CARTESIAN_POINT('',(37.3801564633846,-17.9409424986276,4.90103401685267));
#11674=CARTESIAN_POINT('',(39.1530298650265,-17.9409424986276,4.79381122136622));
#11675=CARTESIAN_POINT('',(34.6357618004565,-17.9409424986276,4.79381122136622));
#11676=CARTESIAN_POINT('',(40.000374263525,-17.9409424986276,5.14444865727931));
#11677=CARTESIAN_POINT('Ctrl Pts',(40.000374263525,-17.9409424986276,5.14444865727931));
#11678=CARTESIAN_POINT('Ctrl Pts',(39.8773525669619,-17.9409424986276,5.04217940915975));
#11679=CARTESIAN_POINT('Ctrl Pts',(39.7543308703988,-17.9409424986276,4.9399101610402));
#11680=CARTESIAN_POINT('Ctrl Pts',(39.6131681859493,-17.9409424986276,4.8814705803445));
#11681=CARTESIAN_POINT('Ctrl Pts',(39.4719007015273,-17.9409424986276,4.82298761377469));
#11682=CARTESIAN_POINT('Ctrl Pts',(39.3124652832769,-17.9409424986276,4.80839941757046));
#11683=CARTESIAN_POINT('Ctrl Pts',(39.1530298650265,-17.9409424986276,4.79381122136623));
#11684=CARTESIAN_POINT('',(40.3511166036129,-17.9409424986276,5.9870819046548));
#11685=CARTESIAN_POINT('Ctrl Pts',(40.3511166036129,-17.9409424986276,5.9870819046548));
#11686=CARTESIAN_POINT('Ctrl Pts',(40.3363713430384,-17.9409424986276,5.82884248273719));
#11687=CARTESIAN_POINT('Ctrl Pts',(40.321626082464,-17.9409424986276,5.67060306081959));
#11688=CARTESIAN_POINT('Ctrl Pts',(40.2634310185909,-17.9409424986276,5.53042568707973));
#11689=CARTESIAN_POINT('Ctrl Pts',(40.2049736657081,-17.9409424986276,5.38961652462611));
#11690=CARTESIAN_POINT('Ctrl Pts',(40.1026739646166,-17.9409424986276,5.26703259095271));
#11691=CARTESIAN_POINT('Ctrl Pts',(40.000374263525,-17.9409424986276,5.14444865727931));
#11692=CARTESIAN_POINT('',(40.3511166036129,-17.9409424986276,7.36694492841273));
#11693=CARTESIAN_POINT('',(40.3511166036129,-17.9409424986276,6.18760087037593));
#11694=CARTESIAN_POINT('',(39.9974417150021,-17.9409424986276,8.21313836122066));
#11695=CARTESIAN_POINT('Ctrl Pts',(39.9974417150021,-17.9409424986276,8.21313836122066));
#11696=CARTESIAN_POINT('Ctrl Pts',(40.1005962795625,-17.9409424986276,8.08945777060821));
#11697=CARTESIAN_POINT('Ctrl Pts',(40.2037508441229,-17.9409424986276,7.96577717999576));
#11698=CARTESIAN_POINT('Ctrl Pts',(40.2626990735531,-17.9409424986276,7.8236884667924));
#11699=CARTESIAN_POINT('Ctrl Pts',(40.3208991245399,-17.9409424986276,7.68340316165224));
#11700=CARTESIAN_POINT('Ctrl Pts',(40.3360078640764,-17.9409424986276,7.52517404503249));
#11701=CARTESIAN_POINT('Ctrl Pts',(40.3511166036129,-17.9409424986276,7.36694492841273));
#11702=CARTESIAN_POINT('',(39.152681773901,-17.9409424986276,8.56894173169642));
#11703=CARTESIAN_POINT('Ctrl Pts',(39.152681773901,-17.9409424986276,8.56894173169642));
#11704=CARTESIAN_POINT('Ctrl Pts',(39.3110008295867,-17.9409424986276,8.55376407772955));
#11705=CARTESIAN_POINT('Ctrl Pts',(39.4693198852725,-17.9409424986276,8.53858642376267));
#11706=CARTESIAN_POINT('Ctrl Pts',(39.6094154775143,-17.9409424986276,8.47999074006587));
#11707=CARTESIAN_POINT('Ctrl Pts',(39.751201483747,-17.9409424986276,8.42068803224403));
#11708=CARTESIAN_POINT('Ctrl Pts',(39.8743215993745,-17.9409424986276,8.31691319673234));
#11709=CARTESIAN_POINT('Ctrl Pts',(39.9974417150021,-17.9409424986276,8.21313836122066));
#11710=CARTESIAN_POINT('',(36.4508938252926,-17.9409424986276,8.56894173169642));
#11711=CARTESIAN_POINT('',(33.2846937805896,-17.9409424986276,8.56894173169642));
#11712=CARTESIAN_POINT('',(36.4508938252926,-17.9409424986276,4.01725002074748));
#11713=CARTESIAN_POINT('',(37.3801564633846,-17.9409424986276,7.6441464617303));
#11714=CARTESIAN_POINT('',(37.3801564633846,-17.9409424986276,5.70967115903407));
#11715=CARTESIAN_POINT('',(37.3801564633846,-17.9409424986276,6.32620163703471));
#11716=CARTESIAN_POINT('',(39.1521930158138,-17.9409424986276,7.6441464617303));
#11717=CARTESIAN_POINT('',(34.6353433758502,-17.9409424986276,7.6441464617303));
#11718=CARTESIAN_POINT('',(39.3474053800106,-17.9409424986276,7.56250776792079));
#11719=CARTESIAN_POINT('Ctrl Pts',(39.3474053800106,-17.9409424986276,7.56250776792079));
#11720=CARTESIAN_POINT('Ctrl Pts',(39.3186531119575,-17.9409424986276,7.5863180008476));
#11721=CARTESIAN_POINT('Ctrl Pts',(39.2899008439045,-17.9409424986276,7.61012823377442));
#11722=CARTESIAN_POINT('Ctrl Pts',(39.2569112241268,-17.9409424986276,7.62373663926631));
#11723=CARTESIAN_POINT('Ctrl Pts',(39.2246985611249,-17.9409424986276,7.63702454567621));
#11724=CARTESIAN_POINT('Ctrl Pts',(39.1884457884694,-17.9409424986276,7.64058550370325));
#11725=CARTESIAN_POINT('Ctrl Pts',(39.1521930158138,-17.9409424986276,7.6441464617303));
#11726=CARTESIAN_POINT('',(39.4307898938656,-17.9409424986276,7.36596800828486));
#11727=CARTESIAN_POINT('Ctrl Pts',(39.4307898938656,-17.9409424986276,7.36596800828487));
#11728=CARTESIAN_POINT('Ctrl Pts',(39.4272547381262,-17.9409424986276,7.40294127053149));
#11729=CARTESIAN_POINT('Ctrl Pts',(39.4237195823869,-17.9409424986276,7.43991453277811));
#11730=CARTESIAN_POINT('Ctrl Pts',(39.4099425733089,-17.9409424986276,7.47255363011867));
#11731=CARTESIAN_POINT('Ctrl Pts',(39.3960448854357,-17.9409424986276,7.5054786274629));
#11732=CARTESIAN_POINT('Ctrl Pts',(39.3717251327231,-17.9409424986276,7.53399319769185));
#11733=CARTESIAN_POINT('Ctrl Pts',(39.3474053800106,-17.9409424986276,7.56250776792079));
#11734=CARTESIAN_POINT('',(39.4307898938656,-17.9409424986276,5.98784961247951));
#11735=CARTESIAN_POINT('',(39.4307898938656,-17.9409424986276,5.49805321240932));
#11736=CARTESIAN_POINT('',(39.3481039464474,-17.9409424986276,5.79061188245326));
#11737=CARTESIAN_POINT('Ctrl Pts',(39.3481039464474,-17.9409424986276,5.79061188245326));
#11738=CARTESIAN_POINT('Ctrl Pts',(39.3722209648639,-17.9409424986276,5.81909301393592));
#11739=CARTESIAN_POINT('Ctrl Pts',(39.3963379832804,-17.9409424986276,5.84757414541859));
#11740=CARTESIAN_POINT('Ctrl Pts',(39.4101190030575,-17.9409424986276,5.88039197469264));
#11741=CARTESIAN_POINT('Ctrl Pts',(39.4239393764354,-17.9409424986276,5.91330351980029));
#11742=CARTESIAN_POINT('Ctrl Pts',(39.4273646351505,-17.9409424986276,5.9505765661399));
#11743=CARTESIAN_POINT('Ctrl Pts',(39.4307898938656,-17.9409424986276,5.98784961247951));
#11744=CARTESIAN_POINT('',(39.1521930158138,-17.9409424986276,5.70967115903407));
#11745=CARTESIAN_POINT('Ctrl Pts',(39.1521930158138,-17.9409424986276,5.70967115903407));
#11746=CARTESIAN_POINT('Ctrl Pts',(39.1887441456635,-17.9409424986276,5.71312480389094));
#11747=CARTESIAN_POINT('Ctrl Pts',(39.2252952755131,-17.9409424986276,5.7165784487478));
#11748=CARTESIAN_POINT('Ctrl Pts',(39.2577814519405,-17.9409424986276,5.72990574384242));
#11749=CARTESIAN_POINT('Ctrl Pts',(39.2906657475829,-17.9409424986276,5.74339636539908));
#11750=CARTESIAN_POINT('Ctrl Pts',(39.3193848470152,-17.9409424986276,5.76700412392617));
#11751=CARTESIAN_POINT('Ctrl Pts',(39.3481039464474,-17.9409424986276,5.79061188245326));
#11752=CARTESIAN_POINT('',(33.7493250996356,-17.9409424986276,5.70967115903407));
#11753=CARTESIAN_POINT('Origin',(39.4307898938656,-18.4409424986276,5.98784961247951));
#11754=CARTESIAN_POINT('',(39.4307898938656,-18.4409424986276,7.36596800828487));
#11755=CARTESIAN_POINT('',(39.4307898938656,-18.4409424986276,7.36596800828487));
#11756=CARTESIAN_POINT('',(39.4307898938656,-18.4409424986276,5.98784961247951));
#11757=CARTESIAN_POINT('',(39.4307898938656,-18.4409424986276,8.27839591050654));
#11758=CARTESIAN_POINT('',(39.4307898938656,-18.4409424986276,5.98784961247951));
#11759=CARTESIAN_POINT('Ctrl Pts',(39.4307898938656,-18.4409424986276,7.36596800828487));
#11760=CARTESIAN_POINT('Ctrl Pts',(39.4307898938656,-17.4409424986276,7.36596800828487));
#11761=CARTESIAN_POINT('Ctrl Pts',(39.4272547381262,-18.4409424986276,7.40294127053149));
#11762=CARTESIAN_POINT('Ctrl Pts',(39.4272547381262,-17.4409424986276,7.40294127053149));
#11763=CARTESIAN_POINT('Ctrl Pts',(39.4201534606858,-18.4409424986276,7.47721165985783));
#11764=CARTESIAN_POINT('Ctrl Pts',(39.4201534606858,-17.4409424986276,7.47721165985783));
#11765=CARTESIAN_POINT('Ctrl Pts',(39.3717251327231,-18.4409424986276,7.53399319769185));
#11766=CARTESIAN_POINT('Ctrl Pts',(39.3717251327231,-17.4409424986276,7.53399319769185));
#11767=CARTESIAN_POINT('Ctrl Pts',(39.3474053800106,-18.4409424986276,7.56250776792079));
#11768=CARTESIAN_POINT('Ctrl Pts',(39.3474053800106,-17.4409424986276,7.56250776792079));
#11769=CARTESIAN_POINT('',(39.3474053800106,-18.4409424986276,7.56250776792079));
#11770=CARTESIAN_POINT('',(39.3474053800106,-18.4409424986276,7.56250776792079));
#11771=CARTESIAN_POINT('Ctrl Pts',(39.4307898938656,-18.4409424986276,7.36596800828487));
#11772=CARTESIAN_POINT('Ctrl Pts',(39.4272547381262,-18.4409424986276,7.40294127053149));
#11773=CARTESIAN_POINT('Ctrl Pts',(39.4201534606858,-18.4409424986276,7.47721165985783));
#11774=CARTESIAN_POINT('Ctrl Pts',(39.3717251327231,-18.4409424986276,7.53399319769185));
#11775=CARTESIAN_POINT('Ctrl Pts',(39.3474053800106,-18.4409424986276,7.56250776792079));
#11776=CARTESIAN_POINT('Ctrl Pts',(39.3474053800106,-18.4409424986276,7.56250776792079));
#11777=CARTESIAN_POINT('Ctrl Pts',(39.3474053800106,-17.4409424986276,7.56250776792079));
#11778=CARTESIAN_POINT('Ctrl Pts',(39.3186531119575,-18.4409424986276,7.5863180008476));
#11779=CARTESIAN_POINT('Ctrl Pts',(39.3186531119575,-17.4409424986276,7.5863180008476));
#11780=CARTESIAN_POINT('Ctrl Pts',(39.2618257364138,-18.4409424986276,7.6333776987406));
#11781=CARTESIAN_POINT('Ctrl Pts',(39.2618257364138,-17.4409424986276,7.6333776987406));
#11782=CARTESIAN_POINT('Ctrl Pts',(39.1884457884694,-18.4409424986276,7.64058550370325));
#11783=CARTESIAN_POINT('Ctrl Pts',(39.1884457884694,-17.4409424986276,7.64058550370325));
#11784=CARTESIAN_POINT('Ctrl Pts',(39.1521930158138,-18.4409424986276,7.6441464617303));
#11785=CARTESIAN_POINT('Ctrl Pts',(39.1521930158138,-17.4409424986276,7.6441464617303));
#11786=CARTESIAN_POINT('',(39.1521930158138,-18.4409424986276,7.6441464617303));
#11787=CARTESIAN_POINT('',(39.1521930158138,-18.4409424986276,7.6441464617303));
#11788=CARTESIAN_POINT('Ctrl Pts',(39.3474053800106,-18.4409424986276,7.56250776792079));
#11789=CARTESIAN_POINT('Ctrl Pts',(39.3186531119575,-18.4409424986276,7.5863180008476));
#11790=CARTESIAN_POINT('Ctrl Pts',(39.2618257364138,-18.4409424986276,7.6333776987406));
#11791=CARTESIAN_POINT('Ctrl Pts',(39.1884457884694,-18.4409424986276,7.64058550370325));
#11792=CARTESIAN_POINT('Ctrl Pts',(39.1521930158138,-18.4409424986276,7.6441464617303));
#11793=CARTESIAN_POINT('Origin',(39.1521930158138,-18.4409424986276,7.6441464617303));
#11794=CARTESIAN_POINT('',(37.3801564633846,-18.4409424986276,7.6441464617303));
#11795=CARTESIAN_POINT('',(37.3801564633846,-18.4409424986276,7.6441464617303));
#11796=CARTESIAN_POINT('',(21.5010965079069,-18.4409424986276,7.6441464617303));
#11797=CARTESIAN_POINT('Ctrl Pts',(40.3511166036129,-18.4409424986276,5.9870819046548));
#11798=CARTESIAN_POINT('Ctrl Pts',(40.3511166036129,-17.4409424986276,5.9870819046548));
#11799=CARTESIAN_POINT('Ctrl Pts',(40.3363713430384,-18.4409424986276,5.82884248273719));
#11800=CARTESIAN_POINT('Ctrl Pts',(40.3363713430384,-17.4409424986276,5.82884248273719));
#11801=CARTESIAN_POINT('Ctrl Pts',(40.3068143640228,-18.4409424986276,5.51165044334003));
#11802=CARTESIAN_POINT('Ctrl Pts',(40.3068143640228,-17.4409424986276,5.51165044334003));
#11803=CARTESIAN_POINT('Ctrl Pts',(40.1026739646166,-18.4409424986276,5.26703259095271));
#11804=CARTESIAN_POINT('Ctrl Pts',(40.1026739646166,-17.4409424986276,5.26703259095271));
#11805=CARTESIAN_POINT('Ctrl Pts',(40.000374263525,-18.4409424986276,5.14444865727931));
#11806=CARTESIAN_POINT('Ctrl Pts',(40.000374263525,-17.4409424986276,5.14444865727931));
#11807=CARTESIAN_POINT('',(40.000374263525,-18.4409424986276,5.14444865727931));
#11808=CARTESIAN_POINT('',(40.000374263525,-18.4409424986276,5.14444865727931));
#11809=CARTESIAN_POINT('',(40.3511166036129,-18.4409424986276,5.9870819046548));
#11810=CARTESIAN_POINT('Ctrl Pts',(40.3511166036129,-18.4409424986276,5.9870819046548));
#11811=CARTESIAN_POINT('Ctrl Pts',(40.3363713430384,-18.4409424986276,5.82884248273719));
#11812=CARTESIAN_POINT('Ctrl Pts',(40.3068143640228,-18.4409424986276,5.51165044334003));
#11813=CARTESIAN_POINT('Ctrl Pts',(40.1026739646166,-18.4409424986276,5.26703259095271));
#11814=CARTESIAN_POINT('Ctrl Pts',(40.000374263525,-18.4409424986276,5.14444865727931));
#11815=CARTESIAN_POINT('',(40.3511166036129,-18.4409424986276,5.9870819046548));
#11816=CARTESIAN_POINT('Ctrl Pts',(40.000374263525,-18.4409424986276,5.14444865727931));
#11817=CARTESIAN_POINT('Ctrl Pts',(40.000374263525,-17.4409424986276,5.14444865727931));
#11818=CARTESIAN_POINT('Ctrl Pts',(39.8773525669619,-18.4409424986276,5.04217940915975));
#11819=CARTESIAN_POINT('Ctrl Pts',(39.8773525669619,-17.4409424986276,5.04217940915975));
#11820=CARTESIAN_POINT('Ctrl Pts',(39.6312178418347,-18.4409424986276,4.83756498765439));
#11821=CARTESIAN_POINT('Ctrl Pts',(39.6312178418347,-17.4409424986276,4.83756498765439));
#11822=CARTESIAN_POINT('Ctrl Pts',(39.3124652832769,-18.4409424986276,4.80839941757046));
#11823=CARTESIAN_POINT('Ctrl Pts',(39.3124652832769,-17.4409424986276,4.80839941757046));
#11824=CARTESIAN_POINT('Ctrl Pts',(39.1530298650265,-18.4409424986276,4.79381122136622));
#11825=CARTESIAN_POINT('Ctrl Pts',(39.1530298650265,-17.4409424986276,4.79381122136623));
#11826=CARTESIAN_POINT('',(39.1530298650265,-18.4409424986276,4.79381122136622));
#11827=CARTESIAN_POINT('',(39.1530298650265,-18.4409424986276,4.79381122136622));
#11828=CARTESIAN_POINT('Ctrl Pts',(40.000374263525,-18.4409424986276,5.14444865727931));
#11829=CARTESIAN_POINT('Ctrl Pts',(39.8773525669619,-18.4409424986276,5.04217940915975));
#11830=CARTESIAN_POINT('Ctrl Pts',(39.6312178418347,-18.4409424986276,4.83756498765439));
#11831=CARTESIAN_POINT('Ctrl Pts',(39.3124652832769,-18.4409424986276,4.80839941757046));
#11832=CARTESIAN_POINT('Ctrl Pts',(39.1530298650265,-18.4409424986276,4.79381122136622));
#11833=CARTESIAN_POINT('Origin',(39.1530298650265,-18.4409424986276,4.79381122136622));
#11834=CARTESIAN_POINT('',(37.3801564633846,-18.4409424986276,4.79381122136622));
#11835=CARTESIAN_POINT('',(37.3801564633846,-18.4409424986276,4.79381122136622));
#11836=CARTESIAN_POINT('',(21.5015149325132,-18.4409424986276,4.79381122136622));
#11837=CARTESIAN_POINT('Origin',(37.3801564633846,-18.4409424986276,4.79381122136622));
#11838=CARTESIAN_POINT('',(37.3801564633846,-18.4409424986276,3.02617349172145));
#11839=CARTESIAN_POINT('',(37.3801564633846,-18.4409424986276,3.02617349172145));
#11840=CARTESIAN_POINT('',(37.3801564633846,-18.4409424986276,7.6813767149499));
#11841=CARTESIAN_POINT('Ctrl Pts',(37.3801564633846,-18.4409424986276,3.02617349172145));
#11842=CARTESIAN_POINT('Ctrl Pts',(37.3801564633846,-17.4409424986276,3.02617349172145));
#11843=CARTESIAN_POINT('Ctrl Pts',(37.3745830087805,-18.4409424986276,2.96527369089832));
#11844=CARTESIAN_POINT('Ctrl Pts',(37.3745830087805,-17.4409424986276,2.96527369089832));
#11845=CARTESIAN_POINT('Ctrl Pts',(37.3634420272588,-18.4409424986276,2.8435388596597));
#11846=CARTESIAN_POINT('Ctrl Pts',(37.3634420272588,-17.4409424986276,2.8435388596597));
#11847=CARTESIAN_POINT('Ctrl Pts',(37.2851959294134,-18.4409424986276,2.74962345688235));
#11848=CARTESIAN_POINT('Ctrl Pts',(37.2851959294134,-17.4409424986276,2.74962345688235));
#11849=CARTESIAN_POINT('Ctrl Pts',(37.2460936963558,-18.4409424986276,2.70269073987514));
#11850=CARTESIAN_POINT('Ctrl Pts',(37.2460936963558,-17.4409424986276,2.70269073987514));
#11851=CARTESIAN_POINT('',(37.2460936963558,-18.4409424986276,2.70269073987514));
#11852=CARTESIAN_POINT('',(37.2460936963558,-18.4409424986276,2.70269073987514));
#11853=CARTESIAN_POINT('Ctrl Pts',(37.3801564633846,-18.4409424986276,3.02617349172145));
#11854=CARTESIAN_POINT('Ctrl Pts',(37.3745830087805,-18.4409424986276,2.96527369089832));
#11855=CARTESIAN_POINT('Ctrl Pts',(37.3634420272588,-18.4409424986276,2.8435388596597));
#11856=CARTESIAN_POINT('Ctrl Pts',(37.2851959294134,-18.4409424986276,2.74962345688235));
#11857=CARTESIAN_POINT('Ctrl Pts',(37.2460936963558,-18.4409424986276,2.70269073987514));
#11858=CARTESIAN_POINT('Ctrl Pts',(37.2460936963558,-18.4409424986276,2.70269073987514));
#11859=CARTESIAN_POINT('Ctrl Pts',(37.2460936963558,-17.4409424986276,2.70269073987514));
#11860=CARTESIAN_POINT('Ctrl Pts',(37.1986618444244,-18.4409424986276,2.66368097940749));
#11861=CARTESIAN_POINT('Ctrl Pts',(37.1986618444244,-17.4409424986276,2.66368097940749));
#11862=CARTESIAN_POINT('Ctrl Pts',(37.1031034809244,-18.4409424986276,2.58509014394513));
#11863=CARTESIAN_POINT('Ctrl Pts',(37.1031034809244,-17.4409424986276,2.58509014394513));
#11864=CARTESIAN_POINT('Ctrl Pts',(36.979792491206,-18.4409424986276,2.57435040095018));
#11865=CARTESIAN_POINT('Ctrl Pts',(36.979792491206,-17.4409424986276,2.57435040095018));
#11866=CARTESIAN_POINT('Ctrl Pts',(36.9176887929439,-18.4409424986276,2.56894149327785));
#11867=CARTESIAN_POINT('Ctrl Pts',(36.9176887929439,-17.4409424986276,2.56894149327785));
#11868=CARTESIAN_POINT('',(36.9176887929439,-18.4409424986276,2.56894149327785));
#11869=CARTESIAN_POINT('',(36.9176887929439,-18.4409424986276,2.56894149327785));
#11870=CARTESIAN_POINT('Ctrl Pts',(37.2460936963558,-18.4409424986276,2.70269073987514));
#11871=CARTESIAN_POINT('Ctrl Pts',(37.1986618444244,-18.4409424986276,2.66368097940749));
#11872=CARTESIAN_POINT('Ctrl Pts',(37.1031034809244,-18.4409424986276,2.58509014394513));
#11873=CARTESIAN_POINT('Ctrl Pts',(36.979792491206,-18.4409424986276,2.57435040095018));
#11874=CARTESIAN_POINT('Ctrl Pts',(36.9176887929439,-18.4409424986276,2.56894149327785));
#11875=CARTESIAN_POINT('Ctrl Pts',(36.9176887929439,-18.4409424986276,2.56894149327785));
#11876=CARTESIAN_POINT('Ctrl Pts',(36.9176887929439,-17.4409424986276,2.56894149327785));
#11877=CARTESIAN_POINT('Ctrl Pts',(36.855292064784,-18.4409424986276,2.57431238934643));
#11878=CARTESIAN_POINT('Ctrl Pts',(36.855292064784,-17.4409424986276,2.57431238934643));
#11879=CARTESIAN_POINT('Ctrl Pts',(36.7314140300782,-18.4409424986276,2.58497538513495));
#11880=CARTESIAN_POINT('Ctrl Pts',(36.7314140300782,-17.4409424986276,2.58497538513495));
#11881=CARTESIAN_POINT('Ctrl Pts',(36.6347248948371,-18.4409424986276,2.66306289473984));
#11882=CARTESIAN_POINT('Ctrl Pts',(36.6347248948371,-17.4409424986276,2.66306289473984));
#11883=CARTESIAN_POINT('Ctrl Pts',(36.5867375791073,-18.4409424986276,2.70181812787562));
#11884=CARTESIAN_POINT('Ctrl Pts',(36.5867375791073,-17.4409424986276,2.70181812787562));
#11885=CARTESIAN_POINT('',(36.5867375791073,-18.4409424986276,2.70181812787562));
#11886=CARTESIAN_POINT('',(36.5867375791073,-18.4409424986276,2.70181812787562));
#11887=CARTESIAN_POINT('Ctrl Pts',(36.9176887929439,-18.4409424986276,2.56894149327785));
#11888=CARTESIAN_POINT('Ctrl Pts',(36.855292064784,-18.4409424986276,2.57431238934643));
#11889=CARTESIAN_POINT('Ctrl Pts',(36.7314140300782,-18.4409424986276,2.58497538513495));
#11890=CARTESIAN_POINT('Ctrl Pts',(36.6347248948371,-18.4409424986276,2.66306289473984));
#11891=CARTESIAN_POINT('Ctrl Pts',(36.5867375791073,-18.4409424986276,2.70181812787562));
#11892=CARTESIAN_POINT('Origin',(30.1184937358866,-17.9409424986276,5.00825681233913));
#11893=CARTESIAN_POINT('',(47.637195533514,-17.9409424986276,8.43240060353786));
#11894=CARTESIAN_POINT('',(47.960784381628,-17.9409424986276,8.56894173169642));
#11895=CARTESIAN_POINT('Ctrl Pts',(47.637195533514,-17.9409424986276,8.43240060353786));
#11896=CARTESIAN_POINT('Ctrl Pts',(47.6840021499906,-17.9409424986276,8.47222508454995));
#11897=CARTESIAN_POINT('Ctrl Pts',(47.7308087664671,-17.9409424986276,8.51204956556205));
#11898=CARTESIAN_POINT('Ctrl Pts',(47.7848123967647,-17.9409424986276,8.53480644965678));
#11899=CARTESIAN_POINT('Ctrl Pts',(47.8386934687675,-17.9409424986276,8.55751168824369));
#11900=CARTESIAN_POINT('Ctrl Pts',(47.8997389251978,-17.9409424986276,8.56322670997006));
#11901=CARTESIAN_POINT('Ctrl Pts',(47.960784381628,-17.9409424986276,8.56894173169642));
#11902=CARTESIAN_POINT('',(47.503762191534,-17.9409424986276,8.11094202542811));
#11903=CARTESIAN_POINT('Ctrl Pts',(47.503762191534,-17.9409424986276,8.11094202542811));
#11904=CARTESIAN_POINT('Ctrl Pts',(47.5095184545752,-17.9409424986276,8.17076464107705));
#11905=CARTESIAN_POINT('Ctrl Pts',(47.5152747176164,-17.9409424986276,8.23058725672598));
#11906=CARTESIAN_POINT('Ctrl Pts',(47.5371217191219,-17.9409424986276,8.28376509690791));
#11907=CARTESIAN_POINT('Ctrl Pts',(47.5593624058674,-17.9409424986276,8.33790120730219));
#11908=CARTESIAN_POINT('Ctrl Pts',(47.5982789696907,-17.9409424986276,8.38515090542002));
#11909=CARTESIAN_POINT('Ctrl Pts',(47.637195533514,-17.9409424986276,8.43240060353786));
#11910=CARTESIAN_POINT('',(47.6359056890011,-17.9409424986276,7.78166510606319));
#11911=CARTESIAN_POINT('Ctrl Pts',(47.6359056890011,-17.9409424986276,7.78166510606319));
#11912=CARTESIAN_POINT('Ctrl Pts',(47.5973635632085,-17.9409424986276,7.82981296221013));
#11913=CARTESIAN_POINT('Ctrl Pts',(47.558821437416,-17.9409424986276,7.87796081835707));
#11914=CARTESIAN_POINT('Ctrl Pts',(47.5367974698543,-17.9409424986276,7.93274350905925));
#11915=CARTESIAN_POINT('Ctrl Pts',(47.5147065085139,-17.9409424986276,7.98769284091958));
#11916=CARTESIAN_POINT('Ctrl Pts',(47.509234350024,-17.9409424986276,8.04931743317385));
#11917=CARTESIAN_POINT('Ctrl Pts',(47.503762191534,-17.9409424986276,8.11094202542811));
#11918=CARTESIAN_POINT('',(47.9617618978023,-17.9409424986276,7.6441464617303));
#11919=CARTESIAN_POINT('Ctrl Pts',(47.9617618978023,-17.9409424986276,7.6441464617303));
#11920=CARTESIAN_POINT('Ctrl Pts',(47.8998533750372,-17.9409424986276,7.64977469670352));
#11921=CARTESIAN_POINT('Ctrl Pts',(47.837944852272,-17.9409424986276,7.65540293167673));
#11922=CARTESIAN_POINT('Ctrl Pts',(47.7834391057491,-17.9409424986276,7.67852642083674));
#11923=CARTESIAN_POINT('Ctrl Pts',(47.7294125019004,-17.9409424986276,7.70144663876136));
#11924=CARTESIAN_POINT('Ctrl Pts',(47.6826590954507,-17.9409424986276,7.74155587241227));
#11925=CARTESIAN_POINT('Ctrl Pts',(47.6359056890011,-17.9409424986276,7.78166510606319));
#11926=CARTESIAN_POINT('',(48.2498526036739,-17.9409424986276,7.6441464617303));
#11927=CARTESIAN_POINT('',(39.1841731697803,-17.9409424986276,7.6441464617303));
#11928=CARTESIAN_POINT('',(48.2498526036739,-17.9409424986276,3.49373676324397));
#11929=CARTESIAN_POINT('',(48.2498526036739,-17.9409424986276,4.25099678779155));
#11930=CARTESIAN_POINT('',(47.9528974950313,-17.9409424986276,3.49373676324397));
#11931=CARTESIAN_POINT('',(39.035695615459,-17.9409424986276,3.49373676324397));
#11932=CARTESIAN_POINT('',(47.6276325643063,-17.9409424986276,3.35552014852077));
#11933=CARTESIAN_POINT('Ctrl Pts',(47.6276325643063,-17.9409424986276,3.35552014852077));
#11934=CARTESIAN_POINT('Ctrl Pts',(47.6744234825969,-17.9409424986276,3.39583338719114));
#11935=CARTESIAN_POINT('Ctrl Pts',(47.7212144008876,-17.9409424986276,3.43614662586151));
#11936=CARTESIAN_POINT('Ctrl Pts',(47.775351947546,-17.9409424986276,3.45918275857478));
#11937=CARTESIAN_POINT('Ctrl Pts',(47.829613568976,-17.9409424986276,3.48227168649361));
#11938=CARTESIAN_POINT('Ctrl Pts',(47.8912555320037,-17.9409424986276,3.48800422486879));
#11939=CARTESIAN_POINT('Ctrl Pts',(47.9528974950313,-17.9409424986276,3.49373676324397));
#11940=CARTESIAN_POINT('',(47.4948262631893,-17.9409424986276,3.02694119954616));
#11941=CARTESIAN_POINT('Ctrl Pts',(47.4948262631893,-17.9409424986276,3.02694119954616));
#11942=CARTESIAN_POINT('Ctrl Pts',(47.5004026801477,-17.9409424986276,3.08826662082711));
#11943=CARTESIAN_POINT('Ctrl Pts',(47.5059790971061,-17.9409424986276,3.14959204210806));
#11944=CARTESIAN_POINT('Ctrl Pts',(47.528028434515,-17.9409424986276,3.20426680589229));
#11945=CARTESIAN_POINT('Ctrl Pts',(47.5501629011274,-17.9409424986276,3.25915266078586));
#11946=CARTESIAN_POINT('Ctrl Pts',(47.5888977327168,-17.9409424986276,3.30733640465331));
#11947=CARTESIAN_POINT('Ctrl Pts',(47.6276325643063,-17.9409424986276,3.35552014852077));
#11948=CARTESIAN_POINT('',(47.6275991857052,-17.9409424986276,2.70478465104609));
#11949=CARTESIAN_POINT('Ctrl Pts',(47.6275991857052,-17.9409424986276,2.7047846510461));
#11950=CARTESIAN_POINT('Ctrl Pts',(47.5888737772308,-17.9409424986276,2.7519988066731));
#11951=CARTESIAN_POINT('Ctrl Pts',(47.5501483687565,-17.9409424986276,2.79921296230011));
#11952=CARTESIAN_POINT('Ctrl Pts',(47.5280188977718,-17.9409424986276,2.85324551606685));
#11953=CARTESIAN_POINT('Ctrl Pts',(47.5061278580358,-17.9409424986276,2.90669590276452));
#11954=CARTESIAN_POINT('Ctrl Pts',(47.5004770606126,-17.9409424986276,2.96681855115533));
#11955=CARTESIAN_POINT('Ctrl Pts',(47.4948262631893,-17.9409424986276,3.02694119954616));
#11956=CARTESIAN_POINT('',(47.9518484532833,-17.9409424986276,2.56894149327784));
#11957=CARTESIAN_POINT('Ctrl Pts',(47.9518484532833,-17.9409424986276,2.56894149327785));
#11958=CARTESIAN_POINT('Ctrl Pts',(47.8905185973406,-17.9409424986276,2.57455040832808));
#11959=CARTESIAN_POINT('Ctrl Pts',(47.829188741398,-17.9409424986276,2.58015932337831));
#11960=CARTESIAN_POINT('Ctrl Pts',(47.7750467717647,-17.9409424986276,2.60290243173152));
#11961=CARTESIAN_POINT('Ctrl Pts',(47.7211487341444,-17.9409424986276,2.6255430729555));
#11962=CARTESIAN_POINT('Ctrl Pts',(47.6743739599248,-17.9409424986276,2.66516386200079));
#11963=CARTESIAN_POINT('Ctrl Pts',(47.6275991857052,-17.9409424986276,2.7047846510461));
#11964=CARTESIAN_POINT('',(49.3570541799068,-17.9409424986276,2.56894149327784));
#11965=CARTESIAN_POINT('',(39.7377739578967,-17.9409424986276,2.56894149327785));
#11966=CARTESIAN_POINT('',(49.9945949971676,-17.9409424986276,2.7526018812707));
#11967=CARTESIAN_POINT('Ctrl Pts',(49.9945949971676,-17.9409424986276,2.7526018812707));
#11968=CARTESIAN_POINT('Ctrl Pts',(49.8960964667283,-17.9409424986276,2.69903575129465));
#11969=CARTESIAN_POINT('Ctrl Pts',(49.797597936289,-17.9409424986276,2.64546962131859));
#11970=CARTESIAN_POINT('Ctrl Pts',(49.6924519002438,-17.9409424986276,2.61485673928767));
#11971=CARTESIAN_POINT('Ctrl Pts',(49.5852585869546,-17.9409424986276,2.58364780001001));
#11972=CARTESIAN_POINT('Ctrl Pts',(49.4711563834307,-17.9409424986276,2.57629464664393));
#11973=CARTESIAN_POINT('Ctrl Pts',(49.3570541799068,-17.9409424986276,2.56894149327785));
#11974=CARTESIAN_POINT('',(50.4299759328365,-17.9409424986276,3.23601164365321));
#11975=CARTESIAN_POINT('Ctrl Pts',(50.4299759328365,-17.9409424986276,3.23601164365321));
#11976=CARTESIAN_POINT('Ctrl Pts',(50.3742054851948,-17.9409424986276,3.14082913907778));
#11977=CARTESIAN_POINT('Ctrl Pts',(50.318435037553,-17.9409424986276,3.04564663450234));
#11978=CARTESIAN_POINT('Ctrl Pts',(50.2461933553219,-17.9409424986276,2.9652849628976));
#11979=CARTESIAN_POINT('Ctrl Pts',(50.1734584973655,-17.9409424986276,2.88437468245033));
#11980=CARTESIAN_POINT('Ctrl Pts',(50.0840267472665,-17.9409424986276,2.81848828186051));
#11981=CARTESIAN_POINT('Ctrl Pts',(49.9945949971676,-17.9409424986276,2.7526018812707));
#11982=CARTESIAN_POINT('',(51.1716007649898,-17.9409424986276,4.75129880452662));
#11983=CARTESIAN_POINT('',(49.1880809654261,-17.9409424986276,0.698573012038942));
#11984=CARTESIAN_POINT('',(51.390583461523,-17.9409424986276,5.55819131875544));
#11985=CARTESIAN_POINT('Ctrl Pts',(51.390583461523,-17.9409424986276,5.55819131875545));
#11986=CARTESIAN_POINT('Ctrl Pts',(51.3810076961357,-17.9409424986276,5.41827050292904));
#11987=CARTESIAN_POINT('Ctrl Pts',(51.3714319307484,-17.9409424986276,5.27834968710263));
#11988=CARTESIAN_POINT('Ctrl Pts',(51.3358377873897,-17.9409424986276,5.14544345880061));
#11989=CARTESIAN_POINT('Ctrl Pts',(51.2993347975836,-17.9409424986276,5.00914365666741));
#11990=CARTESIAN_POINT('Ctrl Pts',(51.2354677812867,-17.9409424986276,4.88022123059702));
#11991=CARTESIAN_POINT('Ctrl Pts',(51.1716007649898,-17.9409424986276,4.75129880452663));
#11992=CARTESIAN_POINT('',(51.1847233235836,-17.9409424986276,6.39642633939296));
#11993=CARTESIAN_POINT('Ctrl Pts',(51.1847233235836,-17.9409424986276,6.39642633939296));
#11994=CARTESIAN_POINT('Ctrl Pts',(51.2447648478104,-17.9409424986276,6.26421079312393));
#11995=CARTESIAN_POINT('Ctrl Pts',(51.3048063720372,-17.9409424986276,6.1319952468549));
#11996=CARTESIAN_POINT('Ctrl Pts',(51.3391184270382,-17.9409424986276,5.99343456769496));
#11997=CARTESIAN_POINT('Ctrl Pts',(51.3739647615441,-17.9409424986276,5.85271633396535));
#11998=CARTESIAN_POINT('Ctrl Pts',(51.3822741115336,-17.9409424986276,5.7054538263604));
#11999=CARTESIAN_POINT('Ctrl Pts',(51.390583461523,-17.9409424986276,5.55819131875545));
#12000=CARTESIAN_POINT('',(50.447356647253,-17.9409424986276,7.90047564054042));
#12001=CARTESIAN_POINT('',(49.0493209283877,-17.9409424986276,10.7521296594099));
#12002=CARTESIAN_POINT('',(50.0198959767818,-17.9409424986276,8.36856224084407));
#12003=CARTESIAN_POINT('Ctrl Pts',(50.0198959767818,-17.9409424986276,8.36856224084407));
#12004=CARTESIAN_POINT('Ctrl Pts',(50.1094401558485,-17.9409424986276,8.30220864807596));
#12005=CARTESIAN_POINT('Ctrl Pts',(50.1989843349151,-17.9409424986276,8.23585505530786));
#12006=CARTESIAN_POINT('Ctrl Pts',(50.2719425618648,-17.9409424986276,8.15449245715648));
#12007=CARTESIAN_POINT('Ctrl Pts',(50.3400496739573,-17.9409424986276,8.07853979459732));
#12008=CARTESIAN_POINT('Ctrl Pts',(50.3937031606051,-17.9409424986276,7.98950771756887));
#12009=CARTESIAN_POINT('Ctrl Pts',(50.447356647253,-17.9409424986276,7.90047564054042));
#12010=CARTESIAN_POINT('',(49.3245243489742,-17.9409424986276,8.56894173169642));
#12011=CARTESIAN_POINT('Ctrl Pts',(49.3245243489742,-17.9409424986276,8.56894173169642));
#12012=CARTESIAN_POINT('Ctrl Pts',(49.452675900275,-17.9409424986276,8.56037369392106));
#12013=CARTESIAN_POINT('Ctrl Pts',(49.5808274515759,-17.9409424986276,8.55180565614571));
#12014=CARTESIAN_POINT('Ctrl Pts',(49.7008728444576,-17.9409424986276,8.51570584321528));
#12015=CARTESIAN_POINT('Ctrl Pts',(49.8118307789158,-17.9409424986276,8.48233879279434));
#12016=CARTESIAN_POINT('Ctrl Pts',(49.9158633778488,-17.9409424986276,8.42545051681921));
#12017=CARTESIAN_POINT('Ctrl Pts',(50.0198959767818,-17.9409424986276,8.36856224084407));
#12018=CARTESIAN_POINT('',(39.0396390587573,-17.9409424986276,8.56894173169642));
#12019=CARTESIAN_POINT('',(49.3173336446285,-17.9409424986276,7.6441464617303));
#12020=CARTESIAN_POINT('',(49.170181697607,-17.9409424986276,7.6441464617303));
#12021=CARTESIAN_POINT('',(39.7179136902576,-17.9409424986276,7.6441464617303));
#12022=CARTESIAN_POINT('',(49.6128916203976,-17.9409424986276,7.49601729655772));
#12023=CARTESIAN_POINT('Ctrl Pts',(49.6128916203976,-17.9409424986276,7.49601729655772));
#12024=CARTESIAN_POINT('Ctrl Pts',(49.5777397039035,-17.9409424986276,7.53943516785261));
#12025=CARTESIAN_POINT('Ctrl Pts',(49.5425877874094,-17.9409424986276,7.5828530391475));
#12026=CARTESIAN_POINT('Ctrl Pts',(49.4976448476314,-17.9409424986276,7.6076725914529));
#12027=CARTESIAN_POINT('Ctrl Pts',(49.4461202425983,-17.9409424986276,7.63612684112935));
#12028=CARTESIAN_POINT('Ctrl Pts',(49.3817269436134,-17.9409424986276,7.64013665142982));
#12029=CARTESIAN_POINT('Ctrl Pts',(49.3173336446285,-17.9409424986276,7.6441464617303));
#12030=CARTESIAN_POINT('',(50.3706383168697,-17.9409424986276,5.97346939588099));
#12031=CARTESIAN_POINT('',(48.5529345222159,-17.9409424986276,9.62579953402224));
#12032=CARTESIAN_POINT('',(50.4702543675899,-17.9409424986276,5.55393316293269));
#12033=CARTESIAN_POINT('Ctrl Pts',(50.4702543675899,-17.9409424986276,5.55393316293269));
#12034=CARTESIAN_POINT('Ctrl Pts',(50.4663231046432,-17.9409424986276,5.62683532656987));
#12035=CARTESIAN_POINT('Ctrl Pts',(50.4623918416964,-17.9409424986276,5.69973749020705));
#12036=CARTESIAN_POINT('Ctrl Pts',(50.4458021581173,-17.9409424986276,5.76963462377101));
#12037=CARTESIAN_POINT('Ctrl Pts',(50.429199597396,-17.9409424986276,5.83958601245814));
#12038=CARTESIAN_POINT('Ctrl Pts',(50.3999189571329,-17.9409424986276,5.90652770416957));
#12039=CARTESIAN_POINT('Ctrl Pts',(50.3706383168697,-17.9409424986276,5.973469395881));
#12040=CARTESIAN_POINT('',(50.3584932744503,-17.9409424986276,5.14423944497615));
#12041=CARTESIAN_POINT('Ctrl Pts',(50.3584932744503,-17.9409424986276,5.14423944497615));
#12042=CARTESIAN_POINT('Ctrl Pts',(50.3918269965737,-17.9409424986276,5.21695857047568));
#12043=CARTESIAN_POINT('Ctrl Pts',(50.4251607186971,-17.9409424986276,5.28967769597521));
#12044=CARTESIAN_POINT('Ctrl Pts',(50.4439186513424,-17.9409424986276,5.36617137933284));
#12045=CARTESIAN_POINT('Ctrl Pts',(50.4588741697252,-17.9409424986276,5.42715905368147));
#12046=CARTESIAN_POINT('Ctrl Pts',(50.4645642686576,-17.9409424986276,5.49054610830708));
#12047=CARTESIAN_POINT('Ctrl Pts',(50.4702543675899,-17.9409424986276,5.55393316293269));
#12048=CARTESIAN_POINT('',(49.6082138478756,-17.9409424986276,3.56410183454066));
#12049=CARTESIAN_POINT('',(48.0951792370088,-17.9409424986276,0.377551850841875));
#12050=CARTESIAN_POINT('',(49.3319916188717,-17.9409424986276,3.48668612981349));
#12051=CARTESIAN_POINT('Ctrl Pts',(49.3319916188717,-17.9409424986276,3.48668612981349));
#12052=CARTESIAN_POINT('Ctrl Pts',(49.387934276232,-17.9409424986276,3.48791607138477));
#12053=CARTESIAN_POINT('Ctrl Pts',(49.4438769335923,-17.9409424986276,3.48914601295604));
#12054=CARTESIAN_POINT('Ctrl Pts',(49.4950413167477,-17.9409424986276,3.50603975797206));
#12055=CARTESIAN_POINT('Ctrl Pts',(49.5346772012396,-17.9409424986276,3.51912695818431));
#12056=CARTESIAN_POINT('Ctrl Pts',(49.5714455245576,-17.9409424986276,3.54161439636249));
#12057=CARTESIAN_POINT('Ctrl Pts',(49.6082138478756,-17.9409424986276,3.56410183454066));
#12058=CARTESIAN_POINT('',(49.170181697607,-17.9409424986276,3.48480143094569));
#12059=CARTESIAN_POINT('',(39.6545009860098,-17.9409424986276,3.37396649249874));
#12060=CARTESIAN_POINT('',(49.170181697607,-17.9409424986276,6.32620163703471));
#12061=CARTESIAN_POINT('Origin',(49.6082138478756,-18.4409424986276,3.56410183454066));
#12062=CARTESIAN_POINT('',(50.3584932744503,-18.4409424986276,5.14423944497615));
#12063=CARTESIAN_POINT('',(50.3584932744503,-18.4409424986276,5.14423944497615));
#12064=CARTESIAN_POINT('',(49.6082138478756,-18.4409424986276,3.56410183454066));
#12065=CARTESIAN_POINT('',(46.7560849182121,-18.4409424986276,-2.44266848588159));
#12066=CARTESIAN_POINT('',(49.6082138478756,-18.4409424986276,3.56410183454066));
#12067=CARTESIAN_POINT('Ctrl Pts',(50.3584932744503,-18.4409424986276,5.14423944497615));
#12068=CARTESIAN_POINT('Ctrl Pts',(50.3584932744503,-17.4409424986276,5.14423944497615));
#12069=CARTESIAN_POINT('Ctrl Pts',(50.3918269965737,-18.4409424986276,5.21695857047568));
#12070=CARTESIAN_POINT('Ctrl Pts',(50.3918269965737,-17.4409424986276,5.21695857047568));
#12071=CARTESIAN_POINT('Ctrl Pts',(50.4517373731404,-18.4409424986276,5.34765595182867));
#12072=CARTESIAN_POINT('Ctrl Pts',(50.4517373731404,-17.4409424986276,5.34765595182867));
#12073=CARTESIAN_POINT('Ctrl Pts',(50.4645642686576,-18.4409424986276,5.49054610830708));
#12074=CARTESIAN_POINT('Ctrl Pts',(50.4645642686576,-17.4409424986276,5.49054610830708));
#12075=CARTESIAN_POINT('Ctrl Pts',(50.4702543675899,-18.4409424986276,5.55393316293269));
#12076=CARTESIAN_POINT('Ctrl Pts',(50.4702543675899,-17.4409424986276,5.55393316293269));
#12077=CARTESIAN_POINT('',(50.4702543675899,-18.4409424986276,5.55393316293269));
#12078=CARTESIAN_POINT('',(50.4702543675899,-18.4409424986276,5.55393316293269));
#12079=CARTESIAN_POINT('Ctrl Pts',(50.3584932744503,-18.4409424986276,5.14423944497615));
#12080=CARTESIAN_POINT('Ctrl Pts',(50.3918269965737,-18.4409424986276,5.21695857047568));
#12081=CARTESIAN_POINT('Ctrl Pts',(50.4517373731404,-18.4409424986276,5.34765595182867));
#12082=CARTESIAN_POINT('Ctrl Pts',(50.4645642686576,-18.4409424986276,5.49054610830708));
#12083=CARTESIAN_POINT('Ctrl Pts',(50.4702543675899,-18.4409424986276,5.55393316293269));
#12084=CARTESIAN_POINT('Ctrl Pts',(50.4702543675899,-18.4409424986276,5.55393316293269));
#12085=CARTESIAN_POINT('Ctrl Pts',(50.4702543675899,-17.4409424986276,5.55393316293269));
#12086=CARTESIAN_POINT('Ctrl Pts',(50.4663231046432,-18.4409424986276,5.62683532656987));
#12087=CARTESIAN_POINT('Ctrl Pts',(50.4663231046432,-17.4409424986276,5.62683532656987));
#12088=CARTESIAN_POINT('Ctrl Pts',(50.4584575272488,-18.4409424986276,5.77269624151335));
#12089=CARTESIAN_POINT('Ctrl Pts',(50.4584575272488,-17.4409424986276,5.77269624151335));
#12090=CARTESIAN_POINT('Ctrl Pts',(50.3999189571329,-18.4409424986276,5.90652770416957));
#12091=CARTESIAN_POINT('Ctrl Pts',(50.3999189571329,-17.4409424986276,5.90652770416957));
#12092=CARTESIAN_POINT('Ctrl Pts',(50.3706383168697,-18.4409424986276,5.973469395881));
#12093=CARTESIAN_POINT('Ctrl Pts',(50.3706383168697,-17.4409424986276,5.973469395881));
#12094=CARTESIAN_POINT('',(50.3706383168697,-18.4409424986276,5.973469395881));
#12095=CARTESIAN_POINT('',(50.3706383168697,-18.4409424986276,5.973469395881));
#12096=CARTESIAN_POINT('Ctrl Pts',(50.4702543675899,-18.4409424986276,5.55393316293269));
#12097=CARTESIAN_POINT('Ctrl Pts',(50.4663231046432,-18.4409424986276,5.62683532656987));
#12098=CARTESIAN_POINT('Ctrl Pts',(50.4584575272488,-18.4409424986276,5.77269624151335));
#12099=CARTESIAN_POINT('Ctrl Pts',(50.3999189571329,-18.4409424986276,5.90652770416957));
#12100=CARTESIAN_POINT('Ctrl Pts',(50.3706383168697,-18.4409424986276,5.973469395881));
#12101=CARTESIAN_POINT('Origin',(50.3706383168697,-18.4409424986276,5.973469395881));
#12102=CARTESIAN_POINT('',(49.6128916203976,-18.4409424986276,7.49601729655772));
#12103=CARTESIAN_POINT('',(49.6128916203976,-18.4409424986276,7.49601729655772));
#12104=CARTESIAN_POINT('',(44.8365150229069,-18.4409424986276,17.0932378390005));
#12105=CARTESIAN_POINT('Ctrl Pts',(49.6128916203976,-18.4409424986276,7.49601729655772));
#12106=CARTESIAN_POINT('Ctrl Pts',(49.6128916203976,-17.4409424986276,7.49601729655772));
#12107=CARTESIAN_POINT('Ctrl Pts',(49.5777397039035,-18.4409424986276,7.53943516785261));
#12108=CARTESIAN_POINT('Ctrl Pts',(49.5777397039035,-17.4409424986276,7.53943516785261));
#12109=CARTESIAN_POINT('Ctrl Pts',(49.5022880512892,-18.4409424986276,7.63262923716442));
#12110=CARTESIAN_POINT('Ctrl Pts',(49.5022880512892,-17.4409424986276,7.63262923716442));
#12111=CARTESIAN_POINT('Ctrl Pts',(49.3817269436134,-18.4409424986276,7.64013665142982));
#12112=CARTESIAN_POINT('Ctrl Pts',(49.3817269436134,-17.4409424986276,7.64013665142982));
#12113=CARTESIAN_POINT('Ctrl Pts',(49.3173336446285,-18.4409424986276,7.6441464617303));
#12114=CARTESIAN_POINT('Ctrl Pts',(49.3173336446285,-17.4409424986276,7.6441464617303));
#12115=CARTESIAN_POINT('',(49.3173336446285,-18.4409424986276,7.6441464617303));
#12116=CARTESIAN_POINT('',(49.3173336446285,-18.4409424986276,7.6441464617303));
#12117=CARTESIAN_POINT('Ctrl Pts',(49.6128916203976,-18.4409424986276,7.49601729655772));
#12118=CARTESIAN_POINT('Ctrl Pts',(49.5777397039035,-18.4409424986276,7.53943516785261));
#12119=CARTESIAN_POINT('Ctrl Pts',(49.5022880512892,-18.4409424986276,7.63262923716442));
#12120=CARTESIAN_POINT('Ctrl Pts',(49.3817269436134,-18.4409424986276,7.64013665142982));
#12121=CARTESIAN_POINT('Ctrl Pts',(49.3173336446285,-18.4409424986276,7.6441464617303));
#12122=CARTESIAN_POINT('Origin',(49.3570541799068,-18.4409424986276,2.56894149327785));
#12123=CARTESIAN_POINT('',(47.9518484532833,-18.4409424986276,2.56894149327785));
#12124=CARTESIAN_POINT('',(47.9518484532833,-18.4409424986276,2.56894149327785));
#12125=CARTESIAN_POINT('',(49.3570541799068,-18.4409424986276,2.56894149327785));
#12126=CARTESIAN_POINT('',(26.6035270899534,-18.4409424986276,2.56894149327784));
#12127=CARTESIAN_POINT('',(49.3570541799068,-18.4409424986276,2.56894149327785));
#12128=CARTESIAN_POINT('Ctrl Pts',(47.9518484532833,-18.4409424986276,2.56894149327785));
#12129=CARTESIAN_POINT('Ctrl Pts',(47.9518484532833,-17.4409424986276,2.56894149327785));
#12130=CARTESIAN_POINT('Ctrl Pts',(47.8905185973406,-18.4409424986276,2.57455040832808));
#12131=CARTESIAN_POINT('Ctrl Pts',(47.8905185973406,-17.4409424986276,2.57455040832808));
#12132=CARTESIAN_POINT('Ctrl Pts',(47.7681352018751,-18.4409424986276,2.58574296794158));
#12133=CARTESIAN_POINT('Ctrl Pts',(47.7681352018751,-17.4409424986276,2.58574296794158));
#12134=CARTESIAN_POINT('Ctrl Pts',(47.6743739599248,-18.4409424986276,2.66516386200079));
#12135=CARTESIAN_POINT('Ctrl Pts',(47.6743739599248,-17.4409424986276,2.66516386200079));
#12136=CARTESIAN_POINT('Ctrl Pts',(47.6275991857052,-18.4409424986276,2.7047846510461));
#12137=CARTESIAN_POINT('Ctrl Pts',(47.6275991857052,-17.4409424986276,2.7047846510461));
#12138=CARTESIAN_POINT('',(47.6275991857052,-18.4409424986276,2.7047846510461));
#12139=CARTESIAN_POINT('',(47.6275991857052,-18.4409424986276,2.7047846510461));
#12140=CARTESIAN_POINT('Ctrl Pts',(47.9518484532833,-18.4409424986276,2.56894149327785));
#12141=CARTESIAN_POINT('Ctrl Pts',(47.8905185973406,-18.4409424986276,2.57455040832808));
#12142=CARTESIAN_POINT('Ctrl Pts',(47.7681352018751,-18.4409424986276,2.58574296794158));
#12143=CARTESIAN_POINT('Ctrl Pts',(47.6743739599248,-18.4409424986276,2.66516386200079));
#12144=CARTESIAN_POINT('Ctrl Pts',(47.6275991857052,-18.4409424986276,2.7047846510461));
#12145=CARTESIAN_POINT('Ctrl Pts',(47.6275991857052,-18.4409424986276,2.7047846510461));
#12146=CARTESIAN_POINT('Ctrl Pts',(47.6275991857052,-17.4409424986276,2.7047846510461));
#12147=CARTESIAN_POINT('Ctrl Pts',(47.5888737772308,-18.4409424986276,2.7519988066731));
#12148=CARTESIAN_POINT('Ctrl Pts',(47.5888737772308,-17.4409424986276,2.7519988066731));
#12149=CARTESIAN_POINT('Ctrl Pts',(47.5118402024071,-18.4409424986276,2.84591841484566));
#12150=CARTESIAN_POINT('Ctrl Pts',(47.5118402024071,-17.4409424986276,2.84591841484566));
#12151=CARTESIAN_POINT('Ctrl Pts',(47.5004770606126,-18.4409424986276,2.96681855115533));
#12152=CARTESIAN_POINT('Ctrl Pts',(47.5004770606126,-17.4409424986276,2.96681855115533));
#12153=CARTESIAN_POINT('Ctrl Pts',(47.4948262631893,-18.4409424986276,3.02694119954616));
#12154=CARTESIAN_POINT('Ctrl Pts',(47.4948262631893,-17.4409424986276,3.02694119954616));
#12155=CARTESIAN_POINT('',(47.4948262631893,-18.4409424986276,3.02694119954616));
#12156=CARTESIAN_POINT('',(47.4948262631893,-18.4409424986276,3.02694119954616));
#12157=CARTESIAN_POINT('Ctrl Pts',(47.6275991857052,-18.4409424986276,2.7047846510461));
#12158=CARTESIAN_POINT('Ctrl Pts',(47.5888737772308,-18.4409424986276,2.7519988066731));
#12159=CARTESIAN_POINT('Ctrl Pts',(47.5118402024071,-18.4409424986276,2.84591841484566));
#12160=CARTESIAN_POINT('Ctrl Pts',(47.5004770606126,-18.4409424986276,2.96681855115533));
#12161=CARTESIAN_POINT('Ctrl Pts',(47.4948262631893,-18.4409424986276,3.02694119954616));
#12162=CARTESIAN_POINT('Ctrl Pts',(47.4948262631893,-18.4409424986276,3.02694119954616));
#12163=CARTESIAN_POINT('Ctrl Pts',(47.4948262631893,-17.4409424986276,3.02694119954616));
#12164=CARTESIAN_POINT('Ctrl Pts',(47.5004026801477,-18.4409424986276,3.08826662082711));
#12165=CARTESIAN_POINT('Ctrl Pts',(47.5004026801477,-17.4409424986276,3.08826662082711));
#12166=CARTESIAN_POINT('Ctrl Pts',(47.5115770437788,-18.4409424986276,3.21115423169514));
#12167=CARTESIAN_POINT('Ctrl Pts',(47.5115770437788,-17.4409424986276,3.21115423169514));
#12168=CARTESIAN_POINT('Ctrl Pts',(47.5888977327168,-18.4409424986276,3.30733640465331));
#12169=CARTESIAN_POINT('Ctrl Pts',(47.5888977327168,-17.4409424986276,3.30733640465331));
#12170=CARTESIAN_POINT('Ctrl Pts',(47.6276325643063,-18.4409424986276,3.35552014852077));
#12171=CARTESIAN_POINT('Ctrl Pts',(47.6276325643063,-17.4409424986276,3.35552014852077));
#12172=CARTESIAN_POINT('',(47.6276325643063,-18.4409424986276,3.35552014852077));
#12173=CARTESIAN_POINT('',(47.6276325643063,-18.4409424986276,3.35552014852077));
#12174=CARTESIAN_POINT('Ctrl Pts',(47.4948262631893,-18.4409424986276,3.02694119954616));
#12175=CARTESIAN_POINT('Ctrl Pts',(47.5004026801477,-18.4409424986276,3.08826662082711));
#12176=CARTESIAN_POINT('Ctrl Pts',(47.5115770437788,-18.4409424986276,3.21115423169514));
#12177=CARTESIAN_POINT('Ctrl Pts',(47.5888977327168,-18.4409424986276,3.30733640465331));
#12178=CARTESIAN_POINT('Ctrl Pts',(47.6276325643063,-18.4409424986276,3.35552014852077));
#12179=CARTESIAN_POINT('Ctrl Pts',(47.6276325643063,-18.4409424986276,3.35552014852077));
#12180=CARTESIAN_POINT('Ctrl Pts',(47.6276325643063,-17.4409424986276,3.35552014852077));
#12181=CARTESIAN_POINT('Ctrl Pts',(47.6744234825969,-18.4409424986276,3.39583338719114));
#12182=CARTESIAN_POINT('Ctrl Pts',(47.6744234825969,-17.4409424986276,3.39583338719114));
#12183=CARTESIAN_POINT('Ctrl Pts',(47.7681125566291,-18.4409424986276,3.47655225615631));
#12184=CARTESIAN_POINT('Ctrl Pts',(47.7681125566291,-17.4409424986276,3.47655225615631));
#12185=CARTESIAN_POINT('Ctrl Pts',(47.8912555320037,-18.4409424986276,3.48800422486879));
#12186=CARTESIAN_POINT('Ctrl Pts',(47.8912555320037,-17.4409424986276,3.48800422486879));
#12187=CARTESIAN_POINT('Ctrl Pts',(47.9528974950313,-18.4409424986276,3.49373676324397));
#12188=CARTESIAN_POINT('Ctrl Pts',(47.9528974950313,-17.4409424986276,3.49373676324397));
#12189=CARTESIAN_POINT('',(47.9528974950313,-18.4409424986276,3.49373676324397));
#12190=CARTESIAN_POINT('',(47.9528974950313,-18.4409424986276,3.49373676324397));
#12191=CARTESIAN_POINT('Ctrl Pts',(47.6276325643063,-18.4409424986276,3.35552014852077));
#12192=CARTESIAN_POINT('Ctrl Pts',(47.6744234825969,-18.4409424986276,3.39583338719114));
#12193=CARTESIAN_POINT('Ctrl Pts',(47.7681125566291,-18.4409424986276,3.47655225615631));
#12194=CARTESIAN_POINT('Ctrl Pts',(47.8912555320037,-18.4409424986276,3.48800422486879));
#12195=CARTESIAN_POINT('Ctrl Pts',(47.9528974950313,-18.4409424986276,3.49373676324397));
#12196=CARTESIAN_POINT('Origin',(47.9528974950313,-18.4409424986276,3.49373676324397));
#12197=CARTESIAN_POINT('',(48.2498526036739,-18.4409424986276,3.49373676324397));
#12198=CARTESIAN_POINT('',(48.2498526036739,-18.4409424986276,3.49373676324397));
#12199=CARTESIAN_POINT('',(25.9014487475157,-18.4409424986276,3.49373676324397));
#12200=CARTESIAN_POINT('Origin',(48.2498526036739,-18.4409424986276,3.49373676324397));
#12201=CARTESIAN_POINT('',(48.2498526036739,-18.4409424986276,7.6441464617303));
#12202=CARTESIAN_POINT('',(48.2498526036739,-18.4409424986276,7.6441464617303));
#12203=CARTESIAN_POINT('',(48.2498526036739,-18.4409424986276,7.03133948588878));
#12204=CARTESIAN_POINT('Origin',(48.2498526036739,-18.4409424986276,7.6441464617303));
#12205=CARTESIAN_POINT('',(47.9617618978023,-18.4409424986276,7.6441464617303));
#12206=CARTESIAN_POINT('',(47.9617618978023,-18.4409424986276,7.6441464617303));
#12207=CARTESIAN_POINT('',(26.049926301837,-18.4409424986276,7.6441464617303));
#12208=CARTESIAN_POINT('Ctrl Pts',(47.9617618978023,-18.4409424986276,7.6441464617303));
#12209=CARTESIAN_POINT('Ctrl Pts',(47.9617618978023,-17.4409424986276,7.6441464617303));
#12210=CARTESIAN_POINT('Ctrl Pts',(47.8998533750372,-18.4409424986276,7.64977469670352));
#12211=CARTESIAN_POINT('Ctrl Pts',(47.8998533750372,-17.4409424986276,7.64977469670352));
#12212=CARTESIAN_POINT('Ctrl Pts',(47.7765805476314,-18.4409424986276,7.66098169062718));
#12213=CARTESIAN_POINT('Ctrl Pts',(47.7765805476314,-17.4409424986276,7.66098169062718));
#12214=CARTESIAN_POINT('Ctrl Pts',(47.6826590954507,-18.4409424986276,7.74155587241227));
#12215=CARTESIAN_POINT('Ctrl Pts',(47.6826590954507,-17.4409424986276,7.74155587241227));
#12216=CARTESIAN_POINT('Ctrl Pts',(47.6359056890011,-18.4409424986276,7.78166510606319));
#12217=CARTESIAN_POINT('Ctrl Pts',(47.6359056890011,-17.4409424986276,7.78166510606319));
#12218=CARTESIAN_POINT('',(47.6359056890011,-18.4409424986276,7.78166510606319));
#12219=CARTESIAN_POINT('',(47.6359056890011,-18.4409424986276,7.78166510606319));
#12220=CARTESIAN_POINT('Ctrl Pts',(47.9617618978023,-18.4409424986276,7.6441464617303));
#12221=CARTESIAN_POINT('Ctrl Pts',(47.8998533750372,-18.4409424986276,7.64977469670352));
#12222=CARTESIAN_POINT('Ctrl Pts',(47.7765805476314,-18.4409424986276,7.66098169062718));
#12223=CARTESIAN_POINT('Ctrl Pts',(47.6826590954507,-18.4409424986276,7.74155587241227));
#12224=CARTESIAN_POINT('Ctrl Pts',(47.6359056890011,-18.4409424986276,7.78166510606319));
#12225=CARTESIAN_POINT('Ctrl Pts',(47.6359056890011,-18.4409424986276,7.78166510606319));
#12226=CARTESIAN_POINT('Ctrl Pts',(47.6359056890011,-17.4409424986276,7.78166510606319));
#12227=CARTESIAN_POINT('Ctrl Pts',(47.5973635632085,-18.4409424986276,7.82981296221013));
#12228=CARTESIAN_POINT('Ctrl Pts',(47.5973635632085,-17.4409424986276,7.82981296221013));
#12229=CARTESIAN_POINT('Ctrl Pts',(47.5201620719553,-18.4409424986276,7.92625513343854));
#12230=CARTESIAN_POINT('Ctrl Pts',(47.5201620719553,-17.4409424986276,7.92625513343854));
#12231=CARTESIAN_POINT('Ctrl Pts',(47.509234350024,-18.4409424986276,8.04931743317385));
#12232=CARTESIAN_POINT('Ctrl Pts',(47.509234350024,-17.4409424986276,8.04931743317385));
#12233=CARTESIAN_POINT('Ctrl Pts',(47.503762191534,-18.4409424986276,8.11094202542811));
#12234=CARTESIAN_POINT('Ctrl Pts',(47.503762191534,-17.4409424986276,8.11094202542811));
#12235=CARTESIAN_POINT('',(47.503762191534,-18.4409424986276,8.11094202542811));
#12236=CARTESIAN_POINT('',(47.503762191534,-18.4409424986276,8.11094202542811));
#12237=CARTESIAN_POINT('Ctrl Pts',(47.6359056890011,-18.4409424986276,7.78166510606319));
#12238=CARTESIAN_POINT('Ctrl Pts',(47.5973635632085,-18.4409424986276,7.82981296221013));
#12239=CARTESIAN_POINT('Ctrl Pts',(47.5201620719553,-18.4409424986276,7.92625513343854));
#12240=CARTESIAN_POINT('Ctrl Pts',(47.509234350024,-18.4409424986276,8.04931743317385));
#12241=CARTESIAN_POINT('Ctrl Pts',(47.503762191534,-18.4409424986276,8.11094202542811));
#12242=CARTESIAN_POINT('Ctrl Pts',(47.503762191534,-18.4409424986276,8.11094202542811));
#12243=CARTESIAN_POINT('Ctrl Pts',(47.503762191534,-17.4409424986276,8.11094202542811));
#12244=CARTESIAN_POINT('Ctrl Pts',(47.5095184545752,-18.4409424986276,8.17076464107705));
#12245=CARTESIAN_POINT('Ctrl Pts',(47.5095184545752,-17.4409424986276,8.17076464107705));
#12246=CARTESIAN_POINT('Ctrl Pts',(47.5211347091165,-18.4409424986276,8.29148788213245));
#12247=CARTESIAN_POINT('Ctrl Pts',(47.5211347091165,-17.4409424986276,8.29148788213245));
#12248=CARTESIAN_POINT('Ctrl Pts',(47.5982789696907,-18.4409424986276,8.38515090542002));
#12249=CARTESIAN_POINT('Ctrl Pts',(47.5982789696907,-17.4409424986276,8.38515090542002));
#12250=CARTESIAN_POINT('Ctrl Pts',(47.637195533514,-18.4409424986276,8.43240060353786));
#12251=CARTESIAN_POINT('Ctrl Pts',(47.637195533514,-17.4409424986276,8.43240060353786));
#12252=CARTESIAN_POINT('',(47.637195533514,-18.4409424986276,8.43240060353786));
#12253=CARTESIAN_POINT('',(47.637195533514,-18.4409424986276,8.43240060353786));
#12254=CARTESIAN_POINT('Ctrl Pts',(47.503762191534,-18.4409424986276,8.11094202542811));
#12255=CARTESIAN_POINT('Ctrl Pts',(47.5095184545752,-18.4409424986276,8.17076464107705));
#12256=CARTESIAN_POINT('Ctrl Pts',(47.5211347091165,-18.4409424986276,8.29148788213245));
#12257=CARTESIAN_POINT('Ctrl Pts',(47.5982789696907,-18.4409424986276,8.38515090542002));
#12258=CARTESIAN_POINT('Ctrl Pts',(47.637195533514,-18.4409424986276,8.43240060353786));
#12259=CARTESIAN_POINT('Origin',(69.0000010281801,-18.4409424986276,7.00000010430813));
#12260=CARTESIAN_POINT('',(69.0000010281801,-18.4409424986276,7.00000010430813));
#12261=CARTESIAN_POINT('',(64.0000009536743,-18.4409424986276,7.00000010430813));
#12262=CARTESIAN_POINT('',(36.4250005140901,-18.4409424986276,7.00000010430813));
#12263=CARTESIAN_POINT('',(69.0000010281801,-17.9409424986276,7.00000010430813));
#12264=CARTESIAN_POINT('',(69.0000010281801,-18.4409424986276,7.00000010430813));
#12265=CARTESIAN_POINT('',(64.0000009536743,-17.9409424986276,7.00000010430813));
#12266=CARTESIAN_POINT('',(64.0000009536743,-17.9409424986276,7.00000010430813));
#12267=CARTESIAN_POINT('',(64.0000009536743,-18.4409424986276,7.00000010430813));
#12268=CARTESIAN_POINT('Origin',(69.0000010281801,-18.4409424986276,8.00000011920929));
#12269=CARTESIAN_POINT('',(69.0000010281801,-18.4409424986276,8.00000011920929));
#12270=CARTESIAN_POINT('',(69.0000010281801,-18.4409424986276,9.28447116387144));
#12271=CARTESIAN_POINT('',(69.0000010281801,-17.9409424986276,8.00000011920929));
#12272=CARTESIAN_POINT('',(69.0000010281801,-18.4409424986276,8.00000011920929));
#12273=CARTESIAN_POINT('',(69.0000010281801,-17.9409424986276,7.00000010430813));
#12274=CARTESIAN_POINT('Origin',(64.0000009536743,-18.4409424986276,8.00000011920929));
#12275=CARTESIAN_POINT('',(64.0000009536743,-18.4409424986276,8.00000011920929));
#12276=CARTESIAN_POINT('',(33.9250004768372,-18.4409424986276,8.00000011920929));
#12277=CARTESIAN_POINT('',(64.0000009536743,-17.9409424986276,8.00000011920929));
#12278=CARTESIAN_POINT('',(64.0000009536743,-18.4409424986276,8.00000011920929));
#12279=CARTESIAN_POINT('',(69.0000010281801,-17.9409424986276,8.00000011920929));
#12280=CARTESIAN_POINT('Origin',(64.0000009536743,-18.4409424986276,7.00000010430813));
#12281=CARTESIAN_POINT('',(64.0000009536743,-18.4409424986276,8.78447115642085));
#12282=CARTESIAN_POINT('',(64.0000009536743,-17.9409424986276,8.00000011920929));
#12283=CARTESIAN_POINT('Origin',(66.5000009909272,-17.9409424986276,7.50000011175871));
#12284=CARTESIAN_POINT('Origin',(71.7653991882585,-18.4409424986276,5.00000007450581));
#12285=CARTESIAN_POINT('',(70.5153991882585,-18.4409424986276,5.00000007450581));
#12286=CARTESIAN_POINT('Origin',(71.7653991882585,-18.4409424986276,5.00000007450581));
#12287=CARTESIAN_POINT('',(70.5153991882585,-17.9409424986276,5.00000007450581));
#12288=CARTESIAN_POINT('',(70.5153991882585,-18.4409424986276,5.00000007450581));
#12289=CARTESIAN_POINT('Origin',(71.7653991882585,-17.9409424986276,5.00000007450581));
#12290=CARTESIAN_POINT('Origin',(71.7653991882585,-17.9409424986276,5.00000007450581));
#12291=CARTESIAN_POINT('Origin',(66.0000009834766,-18.4409424986276,5.00000007450581));
#12292=CARTESIAN_POINT('',(66.0000009834766,-18.4409424986276,5.00000007450581));
#12293=CARTESIAN_POINT('',(62.000000923872,-18.4409424986276,5.00000007450581));
#12294=CARTESIAN_POINT('',(34.9250004917383,-18.4409424986276,5.00000007450581));
#12295=CARTESIAN_POINT('',(66.0000009834766,-17.9409424986276,5.00000007450581));
#12296=CARTESIAN_POINT('',(66.0000009834766,-18.4409424986276,5.00000007450581));
#12297=CARTESIAN_POINT('',(62.000000923872,-17.9409424986276,5.00000007450581));
#12298=CARTESIAN_POINT('',(62.000000923872,-17.9409424986276,5.00000007450581));
#12299=CARTESIAN_POINT('',(62.000000923872,-18.4409424986276,5.00000007450581));
#12300=CARTESIAN_POINT('Origin',(66.0000009834766,-18.4409424986276,6.00000008940697));
#12301=CARTESIAN_POINT('',(66.0000009834766,-18.4409424986276,6.00000008940697));
#12302=CARTESIAN_POINT('',(66.0000009834766,-18.4409424986276,8.28447114897027));
#12303=CARTESIAN_POINT('',(66.0000009834766,-17.9409424986276,6.00000008940697));
#12304=CARTESIAN_POINT('',(66.0000009834766,-18.4409424986276,6.00000008940697));
#12305=CARTESIAN_POINT('',(66.0000009834766,-17.9409424986276,5.00000007450581));
#12306=CARTESIAN_POINT('Origin',(62.000000923872,-18.4409424986276,6.00000008940697));
#12307=CARTESIAN_POINT('',(62.000000923872,-18.4409424986276,6.00000008940697));
#12308=CARTESIAN_POINT('',(32.925000461936,-18.4409424986276,6.00000008940697));
#12309=CARTESIAN_POINT('',(62.000000923872,-17.9409424986276,6.00000008940697));
#12310=CARTESIAN_POINT('',(62.000000923872,-18.4409424986276,6.00000008940697));
#12311=CARTESIAN_POINT('',(66.0000009834766,-17.9409424986276,6.00000008940697));
#12312=CARTESIAN_POINT('Origin',(62.000000923872,-18.4409424986276,5.00000007450581));
#12313=CARTESIAN_POINT('',(62.000000923872,-18.4409424986276,7.78447114151969));
#12314=CARTESIAN_POINT('',(62.000000923872,-17.9409424986276,6.00000008940697));
#12315=CARTESIAN_POINT('Origin',(64.0000009536743,-17.9409424986276,5.50000008195639));
#12316=CARTESIAN_POINT('Origin',(66.7071077646632,-18.4409424986276,2.29289326351694));
#12317=CARTESIAN_POINT('',(66.7071077646632,-18.4409424986276,2.29289326351694));
#12318=CARTESIAN_POINT('',(66.0000009834766,-18.4409424986276,3.00000004470348));
#12319=CARTESIAN_POINT('',(48.9238185872432,-18.4409424986276,20.0761824409369));
#12320=CARTESIAN_POINT('',(66.7071077646632,-17.9409424986276,2.29289326351694));
#12321=CARTESIAN_POINT('',(66.7071077646632,-18.4409424986276,2.29289326351694));
#12322=CARTESIAN_POINT('',(66.0000009834766,-17.9409424986276,3.00000004470348));
#12323=CARTESIAN_POINT('',(66.0000009834766,-17.9409424986276,3.00000004470348));
#12324=CARTESIAN_POINT('',(66.0000009834766,-18.4409424986276,3.00000004470348));
#12325=CARTESIAN_POINT('Origin',(72.7175154047488,-18.4409424986276,8.30330090360258));
#12326=CARTESIAN_POINT('',(72.7175154047488,-18.4409424986276,8.30330090360258));
#12327=CARTESIAN_POINT('',(56.0670468797944,-18.4409424986276,-8.34716762135188));
#12328=CARTESIAN_POINT('',(72.7175154047488,-17.9409424986276,8.30330090360258));
#12329=CARTESIAN_POINT('',(72.7175154047488,-18.4409424986276,8.30330090360258));
#12330=CARTESIAN_POINT('',(66.7071077646632,-17.9409424986276,2.29289326351694));
#12331=CARTESIAN_POINT('Origin',(72.0104086235623,-18.4409424986276,9.01040768478913));
#12332=CARTESIAN_POINT('',(72.0104086235623,-18.4409424986276,9.01040768478913));
#12333=CARTESIAN_POINT('',(54.5806728367358,-18.4409424986276,26.4401434716158));
#12334=CARTESIAN_POINT('',(72.0104086235623,-17.9409424986276,9.01040768478913));
#12335=CARTESIAN_POINT('',(72.0104086235623,-18.4409424986276,9.01040768478913));
#12336=CARTESIAN_POINT('',(72.7175154047488,-17.9409424986276,8.30330090360258));
#12337=CARTESIAN_POINT('Origin',(66.0000009834766,-18.4409424986276,3.00000004470348));
#12338=CARTESIAN_POINT('',(52.354736278565,-18.4409424986276,-10.6452646602082));
#12339=CARTESIAN_POINT('',(72.0104086235623,-17.9409424986276,9.01040768478913));
#12340=CARTESIAN_POINT('Origin',(69.3587581941127,-17.9409424986276,5.65165047415303));
#12341=CARTESIAN_POINT('Origin',(65.0000009685755,-18.4409424986276,3.00000004470348));
#12342=CARTESIAN_POINT('',(65.0000009685755,-18.4409424986276,3.00000004470348));
#12343=CARTESIAN_POINT('',(60.0000008940697,-18.4409424986276,3.00000004470348));
#12344=CARTESIAN_POINT('',(34.4250004842877,-18.4409424986276,3.00000004470348));
#12345=CARTESIAN_POINT('',(65.0000009685755,-17.9409424986276,3.00000004470348));
#12346=CARTESIAN_POINT('',(65.0000009685755,-18.4409424986276,3.00000004470348));
#12347=CARTESIAN_POINT('',(60.0000008940697,-17.9409424986276,3.00000004470348));
#12348=CARTESIAN_POINT('',(60.0000008940697,-17.9409424986276,3.00000004470348));
#12349=CARTESIAN_POINT('',(60.0000008940697,-18.4409424986276,3.00000004470348));
#12350=CARTESIAN_POINT('Origin',(65.0000009685755,-18.4409424986276,4.00000005960464));
#12351=CARTESIAN_POINT('',(65.0000009685755,-18.4409424986276,4.00000005960464));
#12352=CARTESIAN_POINT('',(65.0000009685755,-18.4409424986276,7.28447113406911));
#12353=CARTESIAN_POINT('',(65.0000009685755,-17.9409424986276,4.00000005960464));
#12354=CARTESIAN_POINT('',(65.0000009685755,-18.4409424986276,4.00000005960464));
#12355=CARTESIAN_POINT('',(65.0000009685755,-17.9409424986276,3.00000004470348));
#12356=CARTESIAN_POINT('Origin',(60.0000008940697,-18.4409424986276,4.00000005960464));
#12357=CARTESIAN_POINT('',(60.0000008940697,-18.4409424986276,4.00000005960464));
#12358=CARTESIAN_POINT('',(31.9250004470348,-18.4409424986276,4.00000005960464));
#12359=CARTESIAN_POINT('',(60.0000008940697,-17.9409424986276,4.00000005960464));
#12360=CARTESIAN_POINT('',(60.0000008940697,-18.4409424986276,4.00000005960464));
#12361=CARTESIAN_POINT('',(65.0000009685755,-17.9409424986276,4.00000005960464));
#12362=CARTESIAN_POINT('Origin',(60.0000008940697,-18.4409424986276,3.00000004470348));
#12363=CARTESIAN_POINT('',(60.0000008940697,-18.4409424986276,6.78447112661853));
#12364=CARTESIAN_POINT('',(60.0000008940697,-17.9409424986276,4.00000005960464));
#12365=CARTESIAN_POINT('Origin',(62.5000009313226,-17.9409424986276,3.50000005215406));
#12366=CARTESIAN_POINT('Origin',(5.725,-15.0659424986276,0.943942208533582));
#12367=CARTESIAN_POINT('',(80.8895792953397,-15.4409424986276,0.568942208533582));
#12368=CARTESIAN_POINT('',(8.4604207046603,-15.4409424986276,0.568942208533582));
#12369=CARTESIAN_POINT('',(5.725,-15.4409424986276,0.568942208533582));
#12370=CARTESIAN_POINT('',(10.5670018656691,-14.6909424986276,1.31894220853358));
#12371=CARTESIAN_POINT('',(8.4604207046603,-15.4409424986276,0.568942208533582));
#12372=CARTESIAN_POINT('',(78.7829981343309,-14.6909424986276,1.31894220853359));
#12373=CARTESIAN_POINT('',(5.725,-14.6909424986276,1.31894220853358));
#12374=CARTESIAN_POINT('',(80.8895792953397,-15.4409424986276,0.568942208533582));
#12375=CARTESIAN_POINT('Origin',(7.39446372896093,-16.7940024156243,0.943942208533581));
#12376=CARTESIAN_POINT('',(44.675,14.0888605241386,0.568942208533579));
#12377=CARTESIAN_POINT('',(7.15748207817878,-16.5033743075677,0.568942208533582));
#12378=CARTESIAN_POINT('',(44.675,13.1211289379521,1.31894220853358));
#12379=CARTESIAN_POINT('',(44.675,14.0888605241386,0.568942208533579));
#12380=CARTESIAN_POINT('',(7.63144537974309,-17.0846305236809,1.31894220853358));
#12381=CARTESIAN_POINT('Origin',(40.3804971122367,17.1067839779156,0.94394220853358));
#12382=CARTESIAN_POINT('',(40.1435154614546,16.8161558698589,1.31894220853358));
#12383=CARTESIAN_POINT('',(40.6174787630189,17.3974120859722,0.568942208533579));
#12384=CARTESIAN_POINT('Origin',(44.675,13.1211289379521,0.568942208533585));
#12385=CARTESIAN_POINT('',(78.7829981343309,-14.6909424986276,3.56894220853358));
#12386=CARTESIAN_POINT('',(78.7829981343309,-14.6909424986276,2.4439422085336));
#12387=CARTESIAN_POINT('',(44.675,13.1211289379521,3.56894220853358));
#12388=CARTESIAN_POINT('',(28.4385332371487,26.360538993846,3.56894220853358));
#12389=CARTESIAN_POINT('',(44.675,13.1211289379521,0.568942208533585));
#12390=CARTESIAN_POINT('Origin',(7.6,-14.6909424986276,0.568942208533578));
#12391=CARTESIAN_POINT('',(10.5670018656691,-14.6909424986276,3.56894220853358));
#12392=CARTESIAN_POINT('',(10.5670018656691,-14.6909424986276,2.44394220853358));
#12393=CARTESIAN_POINT('',(9.38020111940147,-14.6909424986276,4.31894220853358));
#12394=CARTESIAN_POINT('',(13.148289976249,-14.6909424986276,1.93769442829471));
#12395=CARTESIAN_POINT('',(4.6,-14.6909424986276,4.31894220853358));
#12396=CARTESIAN_POINT('',(3.85,-14.6909424986276,4.31894220853358));
#12397=CARTESIAN_POINT('',(4.6,-14.6909424986276,8.17992873050548));
#12398=CARTESIAN_POINT('',(4.6,-14.6909424986276,20.2522036398209));
#12399=CARTESIAN_POINT('',(84.75,-14.6909424986276,8.17992873050548));
#12400=CARTESIAN_POINT('',(26.1375,-14.6909424986276,8.17992873050548));
#12401=CARTESIAN_POINT('',(84.75,-14.6909424986276,4.31894220853358));
#12402=CARTESIAN_POINT('',(84.75,-14.6909424986276,4.77592289487651));
#12403=CARTESIAN_POINT('',(79.9697988805985,-14.6909424986276,4.31894220853358));
#12404=CARTESIAN_POINT('',(3.85,-14.6909424986276,4.31894220853358));
#12405=CARTESIAN_POINT('',(34.8524999975544,-14.6909424986276,-24.1929830398279));
#12406=CARTESIAN_POINT('Origin',(3.85,-18.4409424986276,0.568942208533583));
#12407=CARTESIAN_POINT('',(84.75,48.7718583054642,0.568942208533575));
#12408=CARTESIAN_POINT('',(4.6,48.7718583054642,0.568942208533575));
#12409=CARTESIAN_POINT('',(3.85,48.7718583054642,0.568942208533575));
#12410=CARTESIAN_POINT('',(84.75,-17.6909424986276,0.568942208533583));
#12411=CARTESIAN_POINT('',(84.75,-18.0711515196045,0.568942208533583));
#12412=CARTESIAN_POINT('',(4.6,-17.6909424986276,0.568942208533583));
#12413=CARTESIAN_POINT('',(3.85,-17.6909424986276,0.568942208533583));
#12414=CARTESIAN_POINT('',(4.6,15.1178396416776,0.568942208533579));
#12415=CARTESIAN_POINT('',(6.85,-13.8509041295039,0.568942208533582));
#12416=CARTESIAN_POINT('',(6.85,44.9318199363405,0.568942208533576));
#12417=CARTESIAN_POINT('',(6.85,13.6654579034183,0.568942208533579));
#12418=CARTESIAN_POINT('',(42.8947988805985,15.5404579034183,0.568942208533579));
#12419=CARTESIAN_POINT('',(22.4909985617275,-1.09704599848817,0.568942208533581));
#12420=CARTESIAN_POINT('',(22.0799787630189,32.5131122869951,0.568942208533577));
#12421=CARTESIAN_POINT('',(82.5,44.9318199363406,0.568942208533576));
#12422=CARTESIAN_POINT('',(82.5,-13.8509041295039,0.568942208533582));
#12423=CARTESIAN_POINT('',(82.5,-16.5659424986276,0.568942208533582));
#12424=CARTESIAN_POINT('',(46.4552011194015,15.5404579034183,0.568942208533579));
#12425=CARTESIAN_POINT('',(25.6949820781788,-1.38767410654477,0.568942208533581));
#12426=CARTESIAN_POINT('',(59.3919604138011,4.99166895847204,0.56894220853358));
#12427=CARTESIAN_POINT('',(8.46042070466028,46.5218583054642,0.568942208533575));
#12428=CARTESIAN_POINT('',(80.8895792953397,46.5218583054642,0.568942208533575));
#12429=CARTESIAN_POINT('',(42.8,46.5218583054642,0.568942208533575));
#12430=CARTESIAN_POINT('',(44.675,16.992055282698,0.568942208533579));
#12431=CARTESIAN_POINT('',(40.854460413801,20.107369159495,0.568942208533578));
#12432=CARTESIAN_POINT('',(41.0284985617275,14.0186542025348,0.568942208533579));
#12433=CARTESIAN_POINT('Origin',(25.9319637289609,-1.67830221460138,0.94394220853358));
#12434=CARTESIAN_POINT('',(81.75,43.352529339998,1.31894220853358));
#12435=CARTESIAN_POINT('',(60.3259719377498,-1.76049206598844,22.742970270784));
#12436=CARTESIAN_POINT('',(47.6420018656691,15.5404579034183,1.31894220853358));
#12437=CARTESIAN_POINT('',(26.1689453797431,-1.96893032265799,1.31894220853358));
#12438=CARTESIAN_POINT('',(47.6420018656691,15.5404579034183,1.31894220853358));
#12439=CARTESIAN_POINT('Origin',(59.6289420645832,5.28229706652865,0.943942208533579));
#12440=CARTESIAN_POINT('',(81.75,-12.2716135331614,1.31894220853358));
#12441=CARTESIAN_POINT('',(59.8659237153654,5.57292517458526,1.31894220853358));
#12442=CARTESIAN_POINT('',(77.9485873454915,-4.26689985571766,5.12035486304217));
#12443=CARTESIAN_POINT('Origin',(42.8,46.1468583054642,0.943942208533571));
#12444=CARTESIAN_POINT('',(78.7829981343309,45.7718583054642,1.31894220853357));
#12445=CARTESIAN_POINT('',(80.8895792953397,46.5218583054642,0.568942208533575));
#12446=CARTESIAN_POINT('',(10.5670018656691,45.7718583054642,1.31894220853358));
#12447=CARTESIAN_POINT('',(42.8,45.7718583054642,1.31894220853357));
#12448=CARTESIAN_POINT('',(8.46042070466028,46.5218583054642,0.568942208533575));
#12449=CARTESIAN_POINT('Origin',(41.0914420645832,20.3979972675516,0.943942208533579));
#12450=CARTESIAN_POINT('',(44.675,17.9597868688845,1.31894220853359));
#12451=CARTESIAN_POINT('',(41.3284237153654,20.6886253756082,1.31894220853358));
#12452=CARTESIAN_POINT('',(44.675,17.9597868688845,1.31894220853358));
#12453=CARTESIAN_POINT('Origin',(40.7915169109453,14.3092823105914,0.943942208533583));
#12454=CARTESIAN_POINT('',(40.5545352601632,14.599910418648,1.31894220853359));
#12455=CARTESIAN_POINT('Origin',(44.675,17.9597868688845,0.568942208533578));
#12456=CARTESIAN_POINT('',(10.5670018656691,45.7718583054642,3.56894220853358));
#12457=CARTESIAN_POINT('',(10.5670018656691,45.7718583054642,18.4715689937436));
#12458=CARTESIAN_POINT('',(44.675,17.9597868688845,3.56894220853358));
#12459=CARTESIAN_POINT('',(29.6234414910595,30.2330084995953,3.56894220853358));
#12460=CARTESIAN_POINT('',(44.675,17.9597868688845,0.568942208533578));
#12461=CARTESIAN_POINT('Origin',(81.75,45.7718583054642,0.568942208533585));
#12462=CARTESIAN_POINT('',(78.7829981343309,45.7718583054642,3.56894220853359));
#12463=CARTESIAN_POINT('',(78.7829981343309,45.7718583054642,18.4715689937436));
#12464=CARTESIAN_POINT('',(42.8,45.7718583054642,3.56894220853357));
#12465=CARTESIAN_POINT('Origin',(22.2540169109454,-0.806417890431559,0.943942208533581));
#12466=CARTESIAN_POINT('',(7.6,-12.2716135331614,1.31894220853358));
#12467=CARTESIAN_POINT('',(14.7718127841028,2.83022178505514,8.49075499263636));
#12468=CARTESIAN_POINT('',(41.7079981343309,15.5404579034183,1.31894220853357));
#12469=CARTESIAN_POINT('',(22.0170352601632,-0.515789782374952,1.31894220853358));
#12470=CARTESIAN_POINT('',(41.7079981343309,15.5404579034183,1.31894220853357));
#12471=CARTESIAN_POINT('Origin',(21.8429971122367,32.2224841789385,0.943942208533574));
#12472=CARTESIAN_POINT('',(7.6,43.352529339998,1.31894220853357));
#12473=CARTESIAN_POINT('',(21.6060154614546,31.9318560708819,1.31894220853357));
#12474=CARTESIAN_POINT('',(15.2986729449996,27.1412736248587,9.01761515353312));
#12475=CARTESIAN_POINT('Origin',(7.225,49.1468583054642,0.568942208533576));
#12476=CARTESIAN_POINT('',(6.85,49.5218583054642,35.122849497035));
#12477=CARTESIAN_POINT('',(7.6,48.7718583054642,34.372849497035));
#12478=CARTESIAN_POINT('',(18.8506512147502,37.5212070907141,23.1221982822844));
#12479=CARTESIAN_POINT('',(7.6,48.7718583054642,6.73260856154425));
#12480=CARTESIAN_POINT('',(7.6,48.7718583054642,0.568942208533576));
#12481=CARTESIAN_POINT('',(6.85,49.5218583054642,5.15917356541413));
#12482=CARTESIAN_POINT('',(9.51245931686424,46.8593989886,10.7447824519833));
#12483=CARTESIAN_POINT('',(6.85,49.5218583054642,0.568942208533576));
#12484=CARTESIAN_POINT('Origin',(7.6,45.7718583054642,0.568942208533585));
#12485=CARTESIAN_POINT('',(7.6,46.5218583054643,34.372849497035));
#12486=CARTESIAN_POINT('',(7.6,49.5218583054643,34.372849497035));
#12487=CARTESIAN_POINT('',(7.6,46.5218583054643,20.4229475133781));
#12488=CARTESIAN_POINT('',(7.6,46.5218583054643,0.568942208533585));
#12489=CARTESIAN_POINT('',(7.6,32.0088432582895,5.90993246620332));
#12490=CARTESIAN_POINT('',(7.6,41.2610220221981,15.1621112301119));
#12491=CARTESIAN_POINT('',(7.6,15.6095126926924,22.3092630318004));
#12492=CARTESIAN_POINT('',(7.6,36.5196795415557,1.39909618293717));
#12493=CARTESIAN_POINT('',(7.6,13.4394493382234,21.29734587093));
#12494=CARTESIAN_POINT('',(7.6,24.1952588418016,26.3128622121048));
#12495=CARTESIAN_POINT('',(7.6,31.1678530006198,3.56894220853357));
#12496=CARTESIAN_POINT('',(7.6,26.6081403128328,8.12865489632056));
#12497=CARTESIAN_POINT('',(7.6,-12.2716135331614,3.56894220853358));
#12498=CARTESIAN_POINT('',(7.6,37.5645255671521,3.56894220853358));
#12499=CARTESIAN_POINT('',(7.6,-12.2716135331614,0.568942208533583));
#12500=CARTESIAN_POINT('',(7.6,13.6654579034183,1.31894220853358));
#12501=CARTESIAN_POINT('',(7.6,43.352529339998,3.56894220853357));
#12502=CARTESIAN_POINT('',(7.6,43.352529339998,0.568942208533576));
#12503=CARTESIAN_POINT('',(7.6,32.8498335159592,3.56894220853358));
#12504=CARTESIAN_POINT('',(7.6,37.5645255671521,3.56894220853358));
#12505=CARTESIAN_POINT('',(7.6,45.7718583054642,16.4909669980386));
#12506=CARTESIAN_POINT('',(7.6,35.9705047562804,6.68961344885479));
#12507=CARTESIAN_POINT('',(7.60000000000001,45.7718583054642,5.76714202033998));
#12508=CARTESIAN_POINT('',(7.6,45.7718583054642,35.3735226379943));
#12509=CARTESIAN_POINT('',(7.6,46.5218583054642,6.73260856154425));
#12510=CARTESIAN_POINT('',(7.60000000000001,52.1914681237534,14.0310333365325));
#12511=CARTESIAN_POINT('',(7.6,47.6468583054643,6.73260856154425));
#12512=CARTESIAN_POINT('Origin',(85.125,-15.0659424986276,4.77592289487651));
#12513=CARTESIAN_POINT('',(81.5040267784834,-11.4449692771109,7.56491543005024));
#12514=CARTESIAN_POINT('',(82.5031143572985,-12.4440568559261,6.74850470810502));
#12515=CARTESIAN_POINT('Origin',(4.225,39.0169073054114,3.94394220853358));
#12516=CARTESIAN_POINT('',(4.6,34.6604936877391,4.31894220853359));
#12517=CARTESIAN_POINT('',(5.07606893627873,35.1365626240178,4.79501114481231));
#12518=CARTESIAN_POINT('',(4.6,45.7718583054642,4.31894220853358));
#12519=CARTESIAN_POINT('',(4.6,39.0169073054114,4.31894220853358));
#12520=CARTESIAN_POINT('',(4.6,45.7718583054642,4.31894220853358));
#12521=CARTESIAN_POINT('Origin',(4.225,46.1468583054642,20.2522036398209));
#12522=CARTESIAN_POINT('',(4.6,45.7718583054643,15.4303068262588));
#12523=CARTESIAN_POINT('',(4.6,45.7718583054642,20.2522036398209));
#12524=CARTESIAN_POINT('',(7.25013873698136,43.1217195684829,12.7801680892774));
#12525=CARTESIAN_POINT('Origin',(4.225,32.7688808766704,30.7245745447015));
#12526=CARTESIAN_POINT('',(4.6,45.7718583054642,36.3741957789537));
#12527=CARTESIAN_POINT('',(4.6,16.3328671441821,22.6465687520906));
#12528=CARTESIAN_POINT('',(4.6,32.9273627248232,30.3847091245628));
#12529=CARTESIAN_POINT('',(4.6,16.3328671441821,22.6465687520906));
#12530=CARTESIAN_POINT('',(3.85,46.5218583054642,37.5514599617918));
#12531=CARTESIAN_POINT('Origin',(4.225,27.6694047379866,10.7797010723961));
#12532=CARTESIAN_POINT('',(4.6,32.0088432582895,6.97059263798315));
#12533=CARTESIAN_POINT('',(4.6,27.9345697809316,11.0448661153411));
#12534=CARTESIAN_POINT('',(4.6,32.0088432582895,6.97059263798315));
#12535=CARTESIAN_POINT('Origin',(4.225,51.5636785640265,25.9950978578302));
#12536=CARTESIAN_POINT('',(4.6,45.7718583054643,20.7336076851579));
#12537=CARTESIAN_POINT('',(4.6,51.2985135210815,26.2602629007751));
#12538=CARTESIAN_POINT('',(4.6,45.7718583054643,20.7336076851579));
#12539=CARTESIAN_POINT('Origin',(4.225,46.1468583054642,20.2522036398209));
#12540=CARTESIAN_POINT('',(4.6,45.7718583054642,20.2522036398209));
#12541=CARTESIAN_POINT('Origin',(3.85,32.0088432582895,6.97059263798315));
#12542=CARTESIAN_POINT('',(6.85,16.3328671441821,22.6465687520906));
#12543=CARTESIAN_POINT('',(24.2625,16.3328671441821,22.6465687520906));
#12544=CARTESIAN_POINT('',(6.85,32.0088432582895,6.97059263798315));
#12545=CARTESIAN_POINT('',(6.85,37.0500096274456,1.92942626882708));
#12546=CARTESIAN_POINT('',(3.85,32.0088432582895,6.97059263798315));
#12547=CARTESIAN_POINT('Origin',(44.675,16.3328671441821,22.6465687520906));
#12548=CARTESIAN_POINT('',(84.75,45.7718583054642,36.3741957789537));
#12549=CARTESIAN_POINT('',(24.2625,45.7718583054642,36.3741957789537));
#12550=CARTESIAN_POINT('',(84.75,16.3328671441821,22.6465687520906));
#12551=CARTESIAN_POINT('',(84.75,-0.261628436458929,14.9084283796184));
#12552=CARTESIAN_POINT('',(82.5,16.3328671441821,22.6465687520906));
#12553=CARTESIAN_POINT('',(24.2625,16.3328671441821,22.6465687520906));
#12554=CARTESIAN_POINT('',(81.75,15.6095126926925,22.3092630318004));
#12555=CARTESIAN_POINT('',(74.1313739648221,8.26155661698419,18.8828548419111));
#12556=CARTESIAN_POINT('',(81.75,13.4394493382234,21.29734587093));
#12557=CARTESIAN_POINT('',(81.75,-0.636626160175238,14.7335640692587));
#12558=CARTESIAN_POINT('',(82.5,12.7160948867337,20.9600401506398));
#12559=CARTESIAN_POINT('',(72.6712891409164,22.1956172231646,25.3804140117689));
#12560=CARTESIAN_POINT('',(84.75,12.7160948867337,20.9600401506398));
#12561=CARTESIAN_POINT('',(24.2625,12.7160948867337,20.9600401506398));
#12562=CARTESIAN_POINT('',(84.75,-0.261628436458929,14.9084283796184));
#12563=CARTESIAN_POINT('',(4.6,12.7160948867337,20.9600401506398));
#12564=CARTESIAN_POINT('',(4.6,32.9273627248232,30.3847091245628));
#12565=CARTESIAN_POINT('',(6.85,12.7160948867337,20.9600401506398));
#12566=CARTESIAN_POINT('',(24.2625,12.7160948867337,20.9600401506398));
#12567=CARTESIAN_POINT('',(18.5030069511198,23.955100821844,26.2008746882312));
#12568=CARTESIAN_POINT('',(13.394329943142,10.0210402156635,19.7033155183734));
#12569=CARTESIAN_POINT('',(10.35,-10.9651234013618,9.91730670846069));
#12570=CARTESIAN_POINT('',(79.,-10.9651234013618,9.91730670846069));
#12571=CARTESIAN_POINT('',(10.35,-10.9651234013618,9.91730670846069));
#12572=CARTESIAN_POINT('Origin',(4.225,32.7688808766704,30.7245745447015));
#12573=CARTESIAN_POINT('',(4.6,-14.6909424986276,8.17992873050548));
#12574=CARTESIAN_POINT('',(3.85,12.8750838487441,21.8617113604093));
#12575=CARTESIAN_POINT('Origin',(4.225,-15.0659424986276,20.2522036398209));
#12576=CARTESIAN_POINT('',(4.6,-14.6909424986276,4.31894220853358));
#12577=CARTESIAN_POINT('Origin',(4.225,39.0169073054114,3.94394220853358));
#12578=CARTESIAN_POINT('',(4.6,29.35719282884,4.31894220853359));
#12579=CARTESIAN_POINT('',(4.6,39.0169073054114,4.31894220853358));
#12580=CARTESIAN_POINT('',(4.6,29.35719282884,4.31894220853359));
#12581=CARTESIAN_POINT('Origin',(4.225,17.2275354233739,16.9789296998896));
#12582=CARTESIAN_POINT('',(4.6,16.9623703804289,16.7137646569447));
#12583=CARTESIAN_POINT('Origin',(7.225,13.6654579034183,0.943942208533579));
#12584=CARTESIAN_POINT('Origin',(7.225,37.5645255671521,3.94394220853358));
#12585=CARTESIAN_POINT('',(6.85,29.35719282884,4.31894220853359));
#12586=CARTESIAN_POINT('',(6.85,-13.8509041295039,4.31894220853358));
#12587=CARTESIAN_POINT('',(6.85,37.5645255671521,4.31894220853358));
#12588=CARTESIAN_POINT('',(21.1540621844257,16.2694570669784,-9.98511997589209));
#12589=CARTESIAN_POINT('',(7.6,31.1678530006198,3.56894220853357));
#12590=CARTESIAN_POINT('Origin',(7.225,26.3429752698879,7.8634898533756));
#12591=CARTESIAN_POINT('',(6.85,26.0778102269429,7.59832481043065));
#12592=CARTESIAN_POINT('Origin',(3.85,29.35719282884,4.31894220853358));
#12593=CARTESIAN_POINT('',(6.85,34.6604936877391,4.31894220853359));
#12594=CARTESIAN_POINT('',(3.85,34.6604936877391,4.31894220853359));
#12595=CARTESIAN_POINT('',(6.85,44.9318199363405,4.31894220853358));
#12596=CARTESIAN_POINT('',(6.85,37.5645255671521,4.31894220853358));
#12597=CARTESIAN_POINT('',(42.8947988805985,15.5404579034183,4.31894220853358));
#12598=CARTESIAN_POINT('',(10.374996538713,42.0574954109822,4.31894220853358));
#12599=CARTESIAN_POINT('',(34.1959807860334,8.44733712549893,4.31894220853358));
#12600=CARTESIAN_POINT('',(3.85,29.35719282884,4.31894220853359));
#12601=CARTESIAN_POINT('',(44.675,14.0888605241386,4.31894220853358));
#12602=CARTESIAN_POINT('',(18.8624643024847,-6.95899118358063,4.31894220853358));
#12603=CARTESIAN_POINT('',(28.912496538713,26.9417952099593,4.31894220853358));
#12604=CARTESIAN_POINT('',(84.75,29.35719282884,4.31894220853359));
#12605=CARTESIAN_POINT('',(84.75,5.8279161441293,4.31894220853358));
#12606=CARTESIAN_POINT('',(82.5,29.35719282884,4.31894220853359));
#12607=CARTESIAN_POINT('',(3.85,29.35719282884,4.31894220853359));
#12608=CARTESIAN_POINT('',(82.5,-13.8509041295039,4.31894220853358));
#12609=CARTESIAN_POINT('',(82.5,7.33312516510619,4.31894220853358));
#12610=CARTESIAN_POINT('',(46.4552011194015,15.5404579034183,4.31894220853358));
#12611=CARTESIAN_POINT('',(47.6869781894952,14.5360520824591,4.31894220853358));
#12612=CARTESIAN_POINT('',(82.5,44.9318199363406,4.31894220853358));
#12613=CARTESIAN_POINT('',(37.3999643024847,8.15670901744233,4.31894220853358));
#12614=CARTESIAN_POINT('',(82.5,34.6604936877391,4.31894220853359));
#12615=CARTESIAN_POINT('',(82.5,7.33312516510619,4.31894220853358));
#12616=CARTESIAN_POINT('',(84.75,34.6604936877391,4.31894220853359));
#12617=CARTESIAN_POINT('',(3.85,34.6604936877391,4.31894220853359));
#12618=CARTESIAN_POINT('',(84.75,45.7718583054642,4.31894220853358));
#12619=CARTESIAN_POINT('',(84.75,5.8279161441293,4.31894220853358));
#12620=CARTESIAN_POINT('',(79.9697988805985,45.7718583054642,4.31894220853358));
#12621=CARTESIAN_POINT('',(3.85,45.7718583054642,4.31894220853358));
#12622=CARTESIAN_POINT('',(44.675,16.9920552826981,4.31894220853358));
#12623=CARTESIAN_POINT('',(52.7334807860334,23.5630373265219,4.31894220853358));
#12624=CARTESIAN_POINT('',(9.38020111940147,45.7718583054642,4.31894220853358));
#12625=CARTESIAN_POINT('',(29.1494781894952,29.6517522834821,4.31894220853358));
#12626=CARTESIAN_POINT('',(24.2625,45.7718583054642,4.31894220853358));
#12627=CARTESIAN_POINT('Origin',(3.85,12.7160948867337,20.9600401506398));
#12628=CARTESIAN_POINT('Origin',(7.225,37.5645255671521,3.94394220853358));
#12629=CARTESIAN_POINT('',(8.91642354467677,40.5805089067822,2.25251866385682));
#12630=CARTESIAN_POINT('',(6.85,34.6604936877391,4.31894220853359));
#12631=CARTESIAN_POINT('Origin',(7.225,36.2356697992254,6.42444840590983));
#12632=CARTESIAN_POINT('',(6.85,45.7718583054643,15.4303068262588));
#12633=CARTESIAN_POINT('',(6.85,36.5008348421704,6.15928336296488));
#12634=CARTESIAN_POINT('',(13.7702749138954,45.7718583054642,25.2170534648399));
#12635=CARTESIAN_POINT('Origin',(7.225,36.7848445845006,1.66426122588213));
#12636=CARTESIAN_POINT('',(7.6,32.0088432582895,5.90993246620332));
#12637=CARTESIAN_POINT('Origin',(7.225,40.9958569792531,15.4272762730568));
#12638=CARTESIAN_POINT('',(6.85,45.7718583054643,20.7336076851579));
#12639=CARTESIAN_POINT('',(6.85,40.7306919363082,15.6924413160018));
#12640=CARTESIAN_POINT('',(7.6,46.5218583054643,20.4229475133781));
#12641=CARTESIAN_POINT('Origin',(7.225,46.1468583054642,0.568942208533585));
#12642=CARTESIAN_POINT('',(6.85,45.7718583054642,34.372849497035));
#12643=CARTESIAN_POINT('',(26.6999999999993,65.6218583054643,34.372849497035));
#12644=CARTESIAN_POINT('',(6.85,45.7718583054642,0.568942208533585));
#12645=CARTESIAN_POINT('Origin',(3.85,45.7718583054643,20.7336076851579));
#12646=CARTESIAN_POINT('',(3.85,45.7718583054643,20.7336076851579));
#12647=CARTESIAN_POINT('Origin',(81.75,45.7718583054642,0.568942208533585));
#12648=CARTESIAN_POINT('',(9.38375377862601,45.7718583054642,4.31669710173973));
#12649=CARTESIAN_POINT('',(43.3181118797681,45.7718583054642,-17.1281567677043));
#12650=CARTESIAN_POINT('',(44.675,45.7718583054642,32.9246496852285));
#12651=CARTESIAN_POINT('',(30.6628882771827,45.7718583054642,21.5660871327357));
#12652=CARTESIAN_POINT('',(79.966246221374,45.7718583054642,4.31669710173973));
#12653=CARTESIAN_POINT('',(64.0116392262769,45.7718583054642,17.2498941200843));
#12654=CARTESIAN_POINT('',(69.8580859412903,45.7718583054642,-2.0711655903799));
#12655=CARTESIAN_POINT('',(84.75,45.7718583054643,15.4303068262588));
#12656=CARTESIAN_POINT('',(84.75,45.7718583054642,4.77592289487651));
#12657=CARTESIAN_POINT('',(82.5,45.7718583054643,15.4303068262588));
#12658=CARTESIAN_POINT('',(3.85,45.7718583054643,15.4303068262588));
#12659=CARTESIAN_POINT('',(82.5,45.7718583054642,5.15917356541413));
#12660=CARTESIAN_POINT('',(82.5,45.7718583054642,0.568942208533583));
#12661=CARTESIAN_POINT('',(46.4615233797159,45.7718583054642,34.372849497035));
#12662=CARTESIAN_POINT('',(82.785282231619,45.7718583054642,4.92791676864722));
#12663=CARTESIAN_POINT('',(82.5,45.7718583054642,34.372849497035));
#12664=CARTESIAN_POINT('',(42.8,45.7718583054642,34.372849497035));
#12665=CARTESIAN_POINT('',(82.5,45.7718583054643,20.7336076851579));
#12666=CARTESIAN_POINT('',(82.5,45.7718583054642,0.568942208533583));
#12667=CARTESIAN_POINT('',(84.75,45.7718583054643,20.7336076851579));
#12668=CARTESIAN_POINT('',(3.85,45.7718583054643,20.7336076851579));
#12669=CARTESIAN_POINT('',(84.75,45.7718583054642,4.77592289487651));
#12670=CARTESIAN_POINT('',(42.8884766202841,45.7718583054642,34.372849497035));
#12671=CARTESIAN_POINT('',(42.8,45.7718583054642,34.372849497035));
#12672=CARTESIAN_POINT('',(45.9867063056475,45.7718583054642,36.8843507167893));
#12673=CARTESIAN_POINT('',(3.85,45.7718583054643,15.4303068262588));
#12674=CARTESIAN_POINT('Origin',(59.5166808028912,49.1468583054642,24.2727509177949));
#12675=CARTESIAN_POINT('',(81.75,48.7718583054642,6.73260856154422));
#12676=CARTESIAN_POINT('',(82.5,49.5218583054642,5.15917356541412));
#12677=CARTESIAN_POINT('',(78.2369949028934,45.2588532083576,14.1025887767058));
#12678=CARTESIAN_POINT('',(45.536310902913,49.5218583054642,35.122849497035));
#12679=CARTESIAN_POINT('',(59.2805377975491,49.5218583054642,23.9814409779919));
#12680=CARTESIAN_POINT('',(47.6525389661932,48.7718583054642,34.372849497035));
#12681=CARTESIAN_POINT('',(51.7255798734499,47.3283557201581,32.9293469117287));
#12682=CARTESIAN_POINT('',(59.7528238082333,48.7718583054642,24.5640608575978));
#12683=CARTESIAN_POINT('Origin',(3.85,49.5218583054642,0.568942208533567));
#12684=CARTESIAN_POINT('',(4.6,49.5218583054642,1.31894220853357));
#12685=CARTESIAN_POINT('',(4.6,49.5218583054642,20.2522036398209));
#12686=CARTESIAN_POINT('',(84.75,49.5218583054642,1.31894220853357));
#12687=CARTESIAN_POINT('',(84.75,49.5218583054642,4.7759228948765));
#12688=CARTESIAN_POINT('',(3.85,49.5218583054642,1.31894220853357));
#12689=CARTESIAN_POINT('',(43.813689097087,49.5218583054642,35.122849497035));
#12690=CARTESIAN_POINT('',(22.4819618715776,49.5218583054642,17.8308265074447));
#12691=CARTESIAN_POINT('',(42.8,49.5218583054642,35.122849497035));
#12692=CARTESIAN_POINT('',(44.675,49.5218583054642,32.9246496852285));
#12693=CARTESIAN_POINT('',(80.888689097087,49.5218583054642,3.56894220853357));
#12694=CARTESIAN_POINT('',(40.506894792207,49.5218583054642,36.3034183294289));
#12695=CARTESIAN_POINT('',(8.46131090291297,49.5218583054642,3.56894220853357));
#12696=CARTESIAN_POINT('',(7.15814384311288,49.5218583054642,2.512562923391));
#12697=CARTESIAN_POINT('',(3.85,49.5218583054642,3.56894220853357));
#12698=CARTESIAN_POINT('',(82.5,49.5218583054642,35.122849497035));
#12699=CARTESIAN_POINT('',(42.8,49.5218583054642,35.122849497035));
#12700=CARTESIAN_POINT('',(82.5,49.5218583054642,0.568942208533569));
#12701=CARTESIAN_POINT('Origin',(42.8,49.1468583054642,34.747849497035));
#12702=CARTESIAN_POINT('',(41.6974610338068,48.7718583054642,34.372849497035));
#12703=CARTESIAN_POINT('',(42.8,48.7718583054642,34.372849497035));
#12704=CARTESIAN_POINT('',(43.813689097087,49.5218583054642,35.122849497035));
#12705=CARTESIAN_POINT('Origin',(22.2458188662355,49.1468583054642,18.1221364472476));
#12706=CARTESIAN_POINT('',(22.0096758608935,48.7718583054642,18.4134463870506));
#12707=CARTESIAN_POINT('Origin',(81.75,49.5218583054643,34.372849497035));
#12708=CARTESIAN_POINT('',(41.6974610338068,46.5218583054642,34.372849497035));
#12709=CARTESIAN_POINT('',(41.6974610338068,49.5218583054643,34.372849497035));
#12710=CARTESIAN_POINT('',(56.8966757300464,36.9506896729053,34.372849497035));
#12711=CARTESIAN_POINT('Origin',(41.6974610338068,49.5218583054643,34.372849497035));
#12712=CARTESIAN_POINT('',(45.5144202949633,46.5218583054642,37.4669705963953));
#12713=CARTESIAN_POINT('Origin',(45.7505633003054,46.1468583054642,37.1756606565923));
#12714=CARTESIAN_POINT('Origin',(40.2707517868649,49.1468583054642,36.0121083896259));
#12715=CARTESIAN_POINT('',(78.7724610338068,48.7718583054642,4.31894220853358));
#12716=CARTESIAN_POINT('',(80.888689097087,49.5218583054642,3.56894220853357));
#12717=CARTESIAN_POINT('',(44.675,48.7718583054642,31.9591831440243));
#12718=CARTESIAN_POINT('',(40.0346087815229,48.7718583054642,35.720798449823));
#12719=CARTESIAN_POINT('',(44.675,48.7718583054642,31.9591831440243));
#12720=CARTESIAN_POINT('Origin',(3.85,49.1468583054642,3.94394220853357));
#12721=CARTESIAN_POINT('',(10.5775389661932,48.7718583054642,4.31894220853358));
#12722=CARTESIAN_POINT('',(3.85,48.7718583054642,4.31894220853358));
#12723=CARTESIAN_POINT('',(8.46131090291297,49.5218583054642,3.56894220853357));
#12724=CARTESIAN_POINT('Origin',(7.39428684845496,49.1468583054642,2.22125298358803));
#12725=CARTESIAN_POINT('',(7.63042985379703,48.7718583054642,1.92994304378506));
#12726=CARTESIAN_POINT('Origin',(10.5775389661932,49.5218583054642,4.31894220853358));
#12727=CARTESIAN_POINT('',(44.675,46.5218583054643,31.9591831440243));
#12728=CARTESIAN_POINT('',(44.675,49.5218583054642,31.9591831440243));
#12729=CARTESIAN_POINT('',(10.5775389661932,46.5218583054642,4.31894220853358));
#12730=CARTESIAN_POINT('',(31.1351742878669,46.5218583054642,20.9834672531297));
#12731=CARTESIAN_POINT('',(10.5775389661932,39.4395255671521,4.31894220853358));
#12732=CARTESIAN_POINT('Origin',(44.675,49.5218583054642,31.9591831440243));
#12733=CARTESIAN_POINT('',(78.7724610338068,46.5218583054643,4.31894220853358));
#12734=CARTESIAN_POINT('',(78.7724610338068,39.4395255671521,4.31894220853358));
#12735=CARTESIAN_POINT('',(63.5393532155927,46.5218583054643,16.6672742404783));
#12736=CARTESIAN_POINT('Origin',(33.9589991352512,8.73796523355554,3.94394220853358));
#12737=CARTESIAN_POINT('',(41.7079981343309,15.5404579034183,3.56894220853358));
#12738=CARTESIAN_POINT('',(33.7220174844691,9.02859334161215,3.56894220853358));
#12739=CARTESIAN_POINT('',(42.8947988805985,15.5404579034183,4.31894220853358));
#12740=CARTESIAN_POINT('Origin',(10.1380148879308,41.7668673029256,3.94394220853358));
#12741=CARTESIAN_POINT('',(9.90103323714869,41.476239194869,3.56894220853357));
#12742=CARTESIAN_POINT('Origin',(41.7079981343309,15.5404579034183,0.568942208533583));
#12743=CARTESIAN_POINT('',(41.7079981343309,15.5404579034183,0.56894220853358));
#12744=CARTESIAN_POINT('Origin',(7.6,43.352529339998,0.568942208533572));
#12745=CARTESIAN_POINT('Origin',(28.6755148879308,26.6511671019027,3.94394220853358));
#12746=CARTESIAN_POINT('',(44.675,14.0888605241386,4.31894220853358));
#12747=CARTESIAN_POINT('Origin',(19.0994459532668,-7.24961929163724,3.94394220853358));
#12748=CARTESIAN_POINT('',(19.336427604049,-7.54024739969385,3.56894220853358));
#12749=CARTESIAN_POINT('Origin',(10.5670018656691,-14.6909424986276,0.568942208533578));
#12750=CARTESIAN_POINT('Origin',(42.8,46.1468583054642,3.94394220853357));
#12751=CARTESIAN_POINT('',(9.51656158351419,46.1458435219839,3.94292742505328));
#12752=CARTESIAN_POINT('',(33.0190053326735,37.7783364265399,-4.42457967039044));
#12753=CARTESIAN_POINT('',(79.8334384164858,46.1458435219839,3.94292742505327));
#12754=CARTESIAN_POINT('',(50.9920734963343,35.8775357584437,-6.32538033848648));
#12755=CARTESIAN_POINT('',(80.888689097087,45.7718583054642,3.56894220853357));
#12756=CARTESIAN_POINT('',(42.8,46.5218583054643,4.31894220853358));
#12757=CARTESIAN_POINT('',(8.46131090291296,45.7718583054642,3.56894220853357));
#12758=CARTESIAN_POINT('Origin',(63.7754962209348,46.1468583054642,16.9585841802813));
#12759=CARTESIAN_POINT('',(81.4954257284741,41.4657067992189,8.62036683293988));
#12760=CARTESIAN_POINT('',(44.675,45.7718583054642,32.9246496852285));
#12761=CARTESIAN_POINT('Origin',(30.8990312825248,46.1468583054642,21.2747771929327));
#12762=CARTESIAN_POINT('',(7.93931663060539,41.704340285673,8.38187087871868));
#12763=CARTESIAN_POINT('Origin',(3.85,29.35719282884,4.31894220853358));
#12764=CARTESIAN_POINT('Origin',(83.0214252369611,46.1468583054642,5.21922670845019));
#12765=CARTESIAN_POINT('',(81.75,46.5218583054642,6.73260856154422));
#12766=CARTESIAN_POINT('',(47.6525389661932,46.5218583054642,34.372849497035));
#12767=CARTESIAN_POINT('',(83.2575682423031,46.5218583054642,5.51053664825316));
#12768=CARTESIAN_POINT('',(73.115224903592,62.5560854557015,34.372849497035));
#12769=CARTESIAN_POINT('',(82.5,45.7718583054642,5.15917356541413));
#12770=CARTESIAN_POINT('Origin',(82.125,46.1468583054642,0.568942208533583));
#12771=CARTESIAN_POINT('',(81.75,46.5218583054643,16.1803068262588));
#12772=CARTESIAN_POINT('',(75.4473489755304,52.8245093299344,22.4829578507289));
#12773=CARTESIAN_POINT('',(81.75,46.5218583054643,0.568942208533583));
#12774=CARTESIAN_POINT('Origin',(81.75,49.5218583054643,6.73260856154424));
#12775=CARTESIAN_POINT('',(47.6525389661932,49.5218583054643,34.372849497035));
#12776=CARTESIAN_POINT('',(81.75,17.4154579034183,6.73260856154422));
#12777=CARTESIAN_POINT('Origin',(81.75,-14.6909424986276,0.568942208533578));
#12778=CARTESIAN_POINT('',(81.75,33.9104936877391,3.56894220853358));
#12779=CARTESIAN_POINT('',(81.75,21.3851346411474,-8.95641683805808));
#12780=CARTESIAN_POINT('',(81.75,43.352529339998,3.56894220853358));
#12781=CARTESIAN_POINT('',(81.75,7.33312516510619,3.56894220853358));
#12782=CARTESIAN_POINT('',(81.75,43.352529339998,0.568942208533572));
#12783=CARTESIAN_POINT('',(81.75,-16.5659424986276,1.31894220853358));
#12784=CARTESIAN_POINT('',(81.75,-12.2716135331614,3.56894220853358));
#12785=CARTESIAN_POINT('',(81.75,-12.2716135331614,0.56894220853358));
#12786=CARTESIAN_POINT('',(81.75,31.1678530006198,3.56894220853358));
#12787=CARTESIAN_POINT('',(81.75,7.33312516510619,3.56894220853358));
#12788=CARTESIAN_POINT('',(81.75,11.4924401118099,23.2443550973435));
#12789=CARTESIAN_POINT('',(81.75,32.0088432582895,5.90993246620332));
#12790=CARTESIAN_POINT('',(81.75,21.4039793405327,16.5147963839601));
#12791=CARTESIAN_POINT('',(81.75,46.5218583054643,20.4229475133781));
#12792=CARTESIAN_POINT('',(81.75,26.1453218211751,0.0464110290889197));
#12793=CARTESIAN_POINT('',(81.75,46.5218583054643,34.372849497035));
#12794=CARTESIAN_POINT('',(81.75,46.5218583054643,0.568942208533583));
#12795=CARTESIAN_POINT('',(81.75,48.7718583054642,34.372849497035));
#12796=CARTESIAN_POINT('',(81.75,49.5218583054643,34.372849497035));
#12797=CARTESIAN_POINT('',(81.75,48.7718583054642,0.568942208533569));
#12798=CARTESIAN_POINT('Origin',(42.8,49.1468583054642,34.747849497035));
#12799=CARTESIAN_POINT('',(42.8,48.7718583054642,34.372849497035));
#12800=CARTESIAN_POINT('',(82.5,49.5218583054642,35.122849497035));
#12801=CARTESIAN_POINT('Origin',(82.125,49.1468583054642,0.568942208533569));
#12802=CARTESIAN_POINT('Origin',(81.75,49.5218583054643,34.372849497035));
#12803=CARTESIAN_POINT('',(81.1875,47.0843583054643,34.372849497035));
#12804=CARTESIAN_POINT('Origin',(29.3864598402773,29.9423803915387,3.94394220853358));
#12805=CARTESIAN_POINT('',(44.675,16.9920552826981,4.31894220853358));
#12806=CARTESIAN_POINT('Origin',(52.4964991352512,23.8536654345785,3.94394220853358));
#12807=CARTESIAN_POINT('',(52.2595174844691,24.1442935426351,3.56894220853359));
#12808=CARTESIAN_POINT('Origin',(78.7829981343309,45.7718583054642,0.568942208533585));
#12809=CARTESIAN_POINT('Origin',(82.125,46.1468583054642,0.568942208533583));
#12810=CARTESIAN_POINT('',(81.75,46.5218583054643,20.4229475133781));
#12811=CARTESIAN_POINT('Origin',(82.125,25.8801567782302,0.311576072033875));
#12812=CARTESIAN_POINT('',(82.5,32.0088432582895,6.97059263798315));
#12813=CARTESIAN_POINT('',(81.75,32.0088432582895,5.90993246620332));
#12814=CARTESIAN_POINT('',(82.5,25.6149917352852,0.57674111497883));
#12815=CARTESIAN_POINT('Origin',(82.125,21.6691443834777,16.7799614269051));
#12816=CARTESIAN_POINT('',(82.5,21.9343094264226,17.04512646985));
#12817=CARTESIAN_POINT('Origin',(3.85,45.7718583054643,20.7336076851579));
#12818=CARTESIAN_POINT('',(84.75,32.0088432582895,6.97059263798315));
#12819=CARTESIAN_POINT('',(3.85,32.0088432582895,6.97059263798315));
#12820=CARTESIAN_POINT('',(84.75,26.9658775679682,1.92762694766185));
#12821=CARTESIAN_POINT('Origin',(3.85,32.0088432582895,6.97059263798315));
#12822=CARTESIAN_POINT('',(84.75,19.0782145727627,19.90122132351));
#12823=CARTESIAN_POINT('Origin',(82.125,-16.5659424986276,0.943942208533582));
#12824=CARTESIAN_POINT('Origin',(82.125,7.33312516510619,3.94394220853358));
#12825=CARTESIAN_POINT('',(64.7121052462281,16.8725989339669,-13.4689525452386));
#12826=CARTESIAN_POINT('',(82.5,44.9318199363405,4.31894220853358));
#12827=CARTESIAN_POINT('Origin',(37.6369459532668,7.86608090938572,3.94394220853358));
#12828=CARTESIAN_POINT('',(47.6420018656691,15.5404579034183,3.56894220853357));
#12829=CARTESIAN_POINT('',(46.4552011194015,15.5404579034183,4.31894220853358));
#12830=CARTESIAN_POINT('',(37.873927604049,7.57545280132911,3.56894220853357));
#12831=CARTESIAN_POINT('Origin',(47.9239598402773,14.8266801905157,3.94394220853358));
#12832=CARTESIAN_POINT('',(82.5,-13.8509041295039,4.31894220853358));
#12833=CARTESIAN_POINT('',(48.1609414910595,15.1173082985724,3.56894220853358));
#12834=CARTESIAN_POINT('Origin',(82.125,11.2272750688649,22.9791900543986));
#12835=CARTESIAN_POINT('',(82.5,10.96211002592,22.7140250114536));
#12836=CARTESIAN_POINT('',(81.75,31.1678530006198,3.56894220853358));
#12837=CARTESIAN_POINT('Origin',(82.125,7.33312516510619,3.94394220853358));
#12838=CARTESIAN_POINT('Origin',(47.6420018656691,15.5404579034183,0.568942208533576));
#12839=CARTESIAN_POINT('',(47.6420018656691,15.5404579034183,0.568942208533576));
#12840=CARTESIAN_POINT('Origin',(81.75,-12.2716135331614,0.568942208533578));
#12841=CARTESIAN_POINT('Origin',(85.125,46.1468583054642,4.77592289487651));
#12842=CARTESIAN_POINT('',(85.5,46.5218583054642,17.2409669980386));
#12843=CARTESIAN_POINT('',(85.5,46.5218583054642,3.56894220853358));
#12844=CARTESIAN_POINT('Origin',(85.125,22.4708554308855,-7.34036596243011));
#12845=CARTESIAN_POINT('',(85.5,32.8498335159592,3.56894220853358));
#12846=CARTESIAN_POINT('',(84.75,22.7360204738304,-7.60553100537506));
#12847=CARTESIAN_POINT('Origin',(85.125,5.8279161441293,3.94394220853358));
#12848=CARTESIAN_POINT('Origin',(85.125,5.8279161441293,3.94394220853358));
#12849=CARTESIAN_POINT('',(85.5,31.1678530006198,3.56894220853358));
#12850=CARTESIAN_POINT('Origin',(85.125,-0.420110284611691,15.2482937997571));
#12851=CARTESIAN_POINT('',(84.75,12.7160948867337,20.9600401506398));
#12852=CARTESIAN_POINT('Origin',(85.125,8.371180215205,25.8352849080585));
#12853=CARTESIAN_POINT('',(84.75,8.10601517226005,25.5701198651135));
#12854=CARTESIAN_POINT('Origin',(3.85,12.7160948867337,20.9600401506398));
#12855=CARTESIAN_POINT('Origin',(85.125,27.2310426109132,1.6624619047169));
#12856=CARTESIAN_POINT('',(85.5,46.5218583054642,20.422947513378));
#12857=CARTESIAN_POINT('',(85.5,32.0088432582895,5.90993246620333));
#12858=CARTESIAN_POINT('Origin',(85.125,-0.420110284611691,15.2482937997571));
#12859=CARTESIAN_POINT('',(84.75,45.7718583054642,36.3741957789537));
#12860=CARTESIAN_POINT('',(85.5,15.0451472032132,22.8736285212797));
#12861=CARTESIAN_POINT('Origin',(85.125,46.1468583054642,4.77592289487651));
#12862=CARTESIAN_POINT('Origin',(85.125,18.8130495298178,19.636056280565));
#12863=CARTESIAN_POINT('Origin',(84.75,-17.6909424986276,0.568942208533583));
#12864=CARTESIAN_POINT('',(84.75,-18.4409424986276,1.31894220853358));
#12865=CARTESIAN_POINT('',(84.75,-18.4409424986276,1.31894220853358));
#12866=CARTESIAN_POINT('',(84.75,-17.6909424986276,0.568942208533583));
#12867=CARTESIAN_POINT('',(85.5,-17.6909424986276,1.31894220853358));
#12868=CARTESIAN_POINT('Origin',(84.75,49.5218583054642,1.31894220853357));
#12869=CARTESIAN_POINT('',(84.75,48.7718583054642,0.568942208533575));
#12870=CARTESIAN_POINT('',(84.75,49.5218583054642,1.31894220853357));
#12871=CARTESIAN_POINT('',(85.5,48.7718583054642,1.31894220853358));
#12872=CARTESIAN_POINT('Origin',(4.6,-17.6909424986276,0.568942208533583));
#12873=CARTESIAN_POINT('',(4.6,-18.4409424986276,1.31894220853358));
#12874=CARTESIAN_POINT('',(3.85,-17.6909424986276,1.31894220853358));
#12875=CARTESIAN_POINT('',(4.6,-17.6909424986276,0.568942208533583));
#12876=CARTESIAN_POINT('',(4.6,-18.4409424986276,1.31894220853358));
#12877=CARTESIAN_POINT('Origin',(4.6,49.5218583054642,1.31894220853357));
#12878=CARTESIAN_POINT('',(3.85,48.7718583054642,1.31894220853358));
#12879=CARTESIAN_POINT('',(4.6,49.5218583054642,1.31894220853357));
#12880=CARTESIAN_POINT('',(4.6,48.7718583054642,0.568942208533575));
#12881=CARTESIAN_POINT('Origin',(4.225,49.1468583054642,20.2522036398209));
#12882=CARTESIAN_POINT('Origin',(3.85,49.1468583054642,0.943942208533571));
#12883=CARTESIAN_POINT('Origin',(4.225,15.1178396416776,0.943942208533579));
#12884=CARTESIAN_POINT('Origin',(3.85,-18.0659424986276,0.943942208533583));
#12885=CARTESIAN_POINT('',(3.85,-18.4409424986276,1.31894220853358));
#12886=CARTESIAN_POINT('Origin',(4.225,-18.0659424986276,25.2522036398209));
#12887=CARTESIAN_POINT('',(4.6,-18.4409424986276,25.2522036398209));
#12888=CARTESIAN_POINT('Origin',(85.125,49.1468583054642,4.7759228948765));
#12889=CARTESIAN_POINT('Origin',(85.125,-18.0711515196045,0.943942208533583));
#12890=CARTESIAN_POINT('Origin',(85.125,-18.0659424986276,9.77592289487651));
#12891=CARTESIAN_POINT('',(84.75,-18.4409424986276,9.77592289487651));
#12892=CARTESIAN_POINT('Origin',(3.85,-18.4409424986276,10.5689422085336));
#12893=CARTESIAN_POINT('',(14.7574364602566,-18.4409424986276,3.49373676324397));
#12894=CARTESIAN_POINT('Ctrl Pts',(14.4344776332378,-18.4409424986276,3.36215176129848));
#12895=CARTESIAN_POINT('Ctrl Pts',(14.4814870971979,-18.4409424986276,3.40053061295119));
#12896=CARTESIAN_POINT('Ctrl Pts',(14.575669125191,-18.4409424986276,3.47742147228461));
#12897=CARTESIAN_POINT('Ctrl Pts',(14.6967774386459,-18.4409424986276,3.48829205786535));
#12898=CARTESIAN_POINT('Ctrl Pts',(14.7574364602566,-18.4409424986276,3.49373676324397));
#12899=CARTESIAN_POINT('',(15.7971333920956,-18.4409424986276,3.49373676324397));
#12900=CARTESIAN_POINT('',(9.30371823012829,-18.4409424986276,3.49373676324397));
#12901=CARTESIAN_POINT('',(15.7971333920956,-18.4409424986276,7.65308179402858));
#12902=CARTESIAN_POINT('',(15.7971333920956,-18.4409424986276,7.03133948588878));
#12903=CARTESIAN_POINT('',(14.7752373874187,-18.4409424986276,7.65308179402858));
#12904=CARTESIAN_POINT('',(9.82356669604778,-18.4409424986276,7.65308179402858));
#12905=CARTESIAN_POINT('',(14.4506376445293,-18.4409424986276,7.78574862027675));
#12906=CARTESIAN_POINT('Ctrl Pts',(14.7752373874187,-18.4409424986276,7.65308179402858));
#12907=CARTESIAN_POINT('Ctrl Pts',(14.7137980174804,-18.4409424986276,7.65844516393011));
#12908=CARTESIAN_POINT('Ctrl Pts',(14.5918163428783,-18.4409424986276,7.66909359412653));
#12909=CARTESIAN_POINT('Ctrl Pts',(14.4974659232128,-18.4409424986276,7.74705472283843));
#12910=CARTESIAN_POINT('Ctrl Pts',(14.4506376445293,-18.4409424986276,7.78574862027675));
#12911=CARTESIAN_POINT('',(14.3183546721935,-18.4409424986276,8.1110117628625));
#12912=CARTESIAN_POINT('Ctrl Pts',(14.4506376445293,-18.4409424986276,7.78574862027675));
#12913=CARTESIAN_POINT('Ctrl Pts',(14.4120556201254,-18.4409424986276,7.83271350105741));
#12914=CARTESIAN_POINT('Ctrl Pts',(14.3342886798308,-18.4409424986276,7.92737714652557));
#12915=CARTESIAN_POINT('Ctrl Pts',(14.3236933882211,-18.4409424986276,8.04948467615783));
#12916=CARTESIAN_POINT('Ctrl Pts',(14.3183546721935,-18.4409424986276,8.1110117628625));
#12917=CARTESIAN_POINT('',(14.4514405190945,-18.4409424986276,8.43557693505794));
#12918=CARTESIAN_POINT('Ctrl Pts',(14.3183546721935,-18.4409424986276,8.1110117628625));
#12919=CARTESIAN_POINT('Ctrl Pts',(14.3238080375558,-18.4409424986276,8.17224253884592));
#12920=CARTESIAN_POINT('Ctrl Pts',(14.3346699448265,-18.4409424986276,8.2942008098693));
#12921=CARTESIAN_POINT('Ctrl Pts',(14.4126242247412,-18.4409424986276,8.38858138567187));
#12922=CARTESIAN_POINT('Ctrl Pts',(14.4514405190945,-18.4409424986276,8.43557693505794));
#12923=CARTESIAN_POINT('',(14.7755866706371,-18.4409424986276,8.56894173169642));
#12924=CARTESIAN_POINT('Ctrl Pts',(14.4514405190945,-18.4409424986276,8.43557693505794));
#12925=CARTESIAN_POINT('Ctrl Pts',(14.4983421258802,-18.4409424986276,8.47447475575643));
#12926=CARTESIAN_POINT('Ctrl Pts',(14.592515111262,-18.4409424986276,8.55257706719234));
#12927=CARTESIAN_POINT('Ctrl Pts',(14.7144032855236,-18.4409424986276,8.56347258305299));
#12928=CARTESIAN_POINT('Ctrl Pts',(14.7755866706371,-18.4409424986276,8.56894173169642));
#12929=CARTESIAN_POINT('',(16.7174612939358,-18.4409424986276,8.56894173169642));
#12930=CARTESIAN_POINT('',(9.31279333531857,-18.4409424986276,8.56894173169642));
#12931=CARTESIAN_POINT('',(16.7174612939358,-18.4409424986276,3.49373676324397));
#12932=CARTESIAN_POINT('',(16.7174612939358,-18.4409424986276,9.568941970115));
#12933=CARTESIAN_POINT('',(10.2837306469679,-18.4409424986276,3.49373676324397));
#12934=CARTESIAN_POINT('',(26.8678712308407,-18.4409424986276,6.19370855832606));
#12935=CARTESIAN_POINT('Ctrl Pts',(27.0009564816952,-18.4409424986276,5.87200619721919));
#12936=CARTESIAN_POINT('Ctrl Pts',(26.9621403021907,-18.4409424986276,5.91911634680193));
#12937=CARTESIAN_POINT('Ctrl Pts',(26.8849416340139,-18.4409424986276,6.01281028710805));
#12938=CARTESIAN_POINT('Ctrl Pts',(26.8735400143543,-18.4409424986276,6.13363539384874));
#12939=CARTESIAN_POINT('Ctrl Pts',(26.8678712308407,-18.4409424986276,6.19370855832606));
#12940=CARTESIAN_POINT('',(26.8678712308407,-18.4409424986276,6.35237850690394));
#12941=CARTESIAN_POINT('',(26.8678712308407,-18.4409424986276,8.38132538342982));
#12942=CARTESIAN_POINT('',(26.2915491521358,-18.4409424986276,7.38055743718654));
#12943=CARTESIAN_POINT('',(23.2171466461865,-18.4409424986276,12.8654000219595));
#12944=CARTESIAN_POINT('',(26.2915491521358,-18.4409424986276,3.02638270402461));
#12945=CARTESIAN_POINT('',(26.2915491521358,-18.4409424986276,8.97474982286006));
#12946=CARTESIAN_POINT('',(26.157555526495,-18.4409424986276,2.70276047730952));
#12947=CARTESIAN_POINT('Ctrl Pts',(26.2915491521358,-18.4409424986276,3.02638270402461));
#12948=CARTESIAN_POINT('Ctrl Pts',(26.2859805986554,-18.4409424986276,2.96546198695969));
#12949=CARTESIAN_POINT('Ctrl Pts',(26.2748505700059,-18.4409424986276,2.84369799049806));
#12950=CARTESIAN_POINT('Ctrl Pts',(26.1966372940239,-18.4409424986276,2.74971972606947));
#12951=CARTESIAN_POINT('Ctrl Pts',(26.157555526495,-18.4409424986276,2.70276047730952));
#12952=CARTESIAN_POINT('',(25.829151815176,-18.4409424986276,2.56894149327785));
#12953=CARTESIAN_POINT('Ctrl Pts',(26.157555526495,-18.4409424986276,2.70276047730952));
#12954=CARTESIAN_POINT('Ctrl Pts',(26.1101376828352,-18.4409424986276,2.66373061535296));
#12955=CARTESIAN_POINT('Ctrl Pts',(26.014598090732,-18.4409424986276,2.58509150392623));
#12956=CARTESIAN_POINT('Ctrl Pts',(25.891270120547,-18.4409424986276,2.57435120717042));
#12957=CARTESIAN_POINT('Ctrl Pts',(25.829151815176,-18.4409424986276,2.56894149327785));
#12958=CARTESIAN_POINT('',(25.504307693243,-18.4409424986276,2.70447053456813));
#12959=CARTESIAN_POINT('Ctrl Pts',(25.829151815176,-18.4409424986276,2.56894149327785));
#12960=CARTESIAN_POINT('Ctrl Pts',(25.7677362372805,-18.4409424986276,2.57452779690962));
#12961=CARTESIAN_POINT('Ctrl Pts',(25.6452331714981,-18.4409424986276,2.58567056141227));
#12962=CARTESIAN_POINT('Ctrl Pts',(25.5511989045488,-18.4409424986276,2.66494131165293));
#12963=CARTESIAN_POINT('Ctrl Pts',(25.504307693243,-18.4409424986276,2.70447053456813));
#12964=CARTESIAN_POINT('',(25.3712212502956,-18.4409424986276,3.02624322915584));
#12965=CARTESIAN_POINT('Ctrl Pts',(25.504307693243,-18.4409424986276,2.70447053456813));
#12966=CARTESIAN_POINT('Ctrl Pts',(25.4654910037356,-18.4409424986276,2.75158694287506));
#12967=CARTESIAN_POINT('Ctrl Pts',(25.3882834595456,-18.4409424986276,2.84530287338293));
#12968=CARTESIAN_POINT('Ctrl Pts',(25.3768877024461,-18.4409424986276,2.96615195650475));
#12969=CARTESIAN_POINT('Ctrl Pts',(25.3712212502956,-18.4409424986276,3.02624322915584));
#12970=CARTESIAN_POINT('',(25.3712212502956,-18.4409424986276,8.56894173169642));
#12971=CARTESIAN_POINT('',(25.3712212502956,-18.4409424986276,6.79759271884471));
#12972=CARTESIAN_POINT('',(26.4613878190517,-18.4409424986276,8.56894173169642));
#12973=CARTESIAN_POINT('',(14.6106106251478,-18.4409424986276,8.56894173169642));
#12974=CARTESIAN_POINT('',(27.3180519998074,-18.4409424986276,7.2505084469369));
#12975=CARTESIAN_POINT('',(22.6483332186882,-18.4409424986276,14.4373534321721));
#12976=CARTESIAN_POINT('',(24.4376425143333,-18.4409424986276,2.96247180846492));
#12977=CARTESIAN_POINT('',(35.6601261556148,-18.4409424986276,1.44757189298183));
#12978=CARTESIAN_POINT('',(35.6601261556148,-18.4409424986276,6.47065438771754));
#12979=CARTESIAN_POINT('',(19.7550630778074,-18.4409424986276,1.44757189298182));
#12980=CARTESIAN_POINT('',(42.0141148030758,-18.4409424986276,3.22191037679225));
#12981=CARTESIAN_POINT('Ctrl Pts',(41.9817947804928,-18.4409424986276,3.03503908658534));
#12982=CARTESIAN_POINT('Ctrl Pts',(41.9834679999823,-18.4409424986276,3.06466268141807));
#12983=CARTESIAN_POINT('Ctrl Pts',(41.9870544358266,-18.4409424986276,3.12815890711511));
#12984=CARTESIAN_POINT('Ctrl Pts',(42.004701055567,-18.4409424986276,3.18929616073273));
#12985=CARTESIAN_POINT('Ctrl Pts',(42.0141148030758,-18.4409424986276,3.22191037679225));
#12986=CARTESIAN_POINT('',(43.4900330960751,-18.4409424986276,8.19135882401973));
#12987=CARTESIAN_POINT('',(41.4699515814713,-18.4409424986276,1.38970117560026));
#12988=CARTESIAN_POINT('',(43.9481019437313,-18.4409424986276,8.56894173169642));
#12989=CARTESIAN_POINT('Ctrl Pts',(43.4900330960751,-18.4409424986276,8.19135882401973));
#12990=CARTESIAN_POINT('Ctrl Pts',(43.5344006579043,-18.4409424986276,8.30142292292498));
#12991=CARTESIAN_POINT('Ctrl Pts',(43.6193793928405,-18.4409424986276,8.51223252122667));
#12992=CARTESIAN_POINT('Ctrl Pts',(43.8418051191983,-18.4409424986276,8.55060405155136));
#12993=CARTESIAN_POINT('Ctrl Pts',(43.9481019437313,-18.4409424986276,8.56894173169642));
#12994=CARTESIAN_POINT('',(44.3709182202816,-18.4409424986276,8.30144383454829));
#12995=CARTESIAN_POINT('Ctrl Pts',(43.9481019437313,-18.4409424986276,8.56894173169642));
#12996=CARTESIAN_POINT('Ctrl Pts',(44.0501129048641,-18.4409424986276,8.56120522824584));
#12997=CARTESIAN_POINT('Ctrl Pts',(44.2409949129868,-18.4409424986276,8.54672875142319));
#12998=CARTESIAN_POINT('Ctrl Pts',(44.329644603652,-18.4409424986276,8.37936515470954));
#12999=CARTESIAN_POINT('Ctrl Pts',(44.3709182202816,-18.4409424986276,8.30144383454829));
#13000=CARTESIAN_POINT('',(45.8448814809322,-18.4409424986276,3.18093456769496));
#13001=CARTESIAN_POINT('',(42.5192069218913,-18.4409424986276,14.7342397637759));
#13002=CARTESIAN_POINT('',(45.8730840146542,-18.4409424986276,3.02624322915584));
#13003=CARTESIAN_POINT('Ctrl Pts',(45.8448814809322,-18.4409424986276,3.18093456769496));
#13004=CARTESIAN_POINT('Ctrl Pts',(45.8530785261162,-18.4409424986276,3.15302603287236));
#13005=CARTESIAN_POINT('Ctrl Pts',(45.8679432452634,-18.4409424986276,3.10241602370029));
#13006=CARTESIAN_POINT('Ctrl Pts',(45.8714921351988,-18.4409424986276,3.04983073084608));
#13007=CARTESIAN_POINT('Ctrl Pts',(45.8730840146542,-18.4409424986276,3.02624322915584));
#13008=CARTESIAN_POINT('',(45.741078799963,-18.4409424986276,2.70373739743739));
#13009=CARTESIAN_POINT('Ctrl Pts',(45.8730840146542,-18.4409424986276,3.02624322915584));
#13010=CARTESIAN_POINT('Ctrl Pts',(45.8675533257367,-18.4409424986276,2.96584608266075));
#13011=CARTESIAN_POINT('Ctrl Pts',(45.8564761221631,-18.4409424986276,2.84487896681323));
#13012=CARTESIAN_POINT('Ctrl Pts',(45.7795811933517,-18.4409424986276,2.75082937603798));
#13013=CARTESIAN_POINT('Ctrl Pts',(45.741078799963,-18.4409424986276,2.70373739743739));
#13014=CARTESIAN_POINT('Ctrl Pts',(45.741078799963,-18.4409424986276,2.70373739743739));
#13015=CARTESIAN_POINT('Ctrl Pts',(45.695866687271,-18.4409424986276,2.66442667980506));
#13016=CARTESIAN_POINT('Ctrl Pts',(45.607218949298,-18.4409424986276,2.58734985262955));
#13017=CARTESIAN_POINT('Ctrl Pts',(45.4905425221082,-18.4409424986276,2.57499508382203));
#13018=CARTESIAN_POINT('Ctrl Pts',(45.4333733975887,-18.4409424986276,2.56894149327785));
#13019=CARTESIAN_POINT('',(36.4508938252926,-18.4409424986276,3.02624322915584));
#13020=CARTESIAN_POINT('Ctrl Pts',(36.5867375791073,-18.4409424986276,2.70181812787562));
#13021=CARTESIAN_POINT('Ctrl Pts',(36.5471162438561,-18.4409424986276,2.74862631386045));
#13022=CARTESIAN_POINT('Ctrl Pts',(36.4676948624377,-18.4409424986276,2.84245381283385));
#13023=CARTESIAN_POINT('Ctrl Pts',(36.4565025658317,-18.4409424986276,2.96488825796655));
#13024=CARTESIAN_POINT('Ctrl Pts',(36.4508938252926,-18.4409424986276,3.02624322915584));
#13025=CARTESIAN_POINT('',(36.4508938252926,-18.4409424986276,8.56894173169642));
#13026=CARTESIAN_POINT('',(36.4508938252926,-18.4409424986276,6.79759271884471));
#13027=CARTESIAN_POINT('',(39.152681773901,-18.4409424986276,8.56894173169642));
#13028=CARTESIAN_POINT('',(20.1504469126463,-18.4409424986276,8.56894173169642));
#13029=CARTESIAN_POINT('',(39.9974417150021,-18.4409424986276,8.21313836122066));
#13030=CARTESIAN_POINT('Ctrl Pts',(39.152681773901,-18.4409424986276,8.56894173169642));
#13031=CARTESIAN_POINT('Ctrl Pts',(39.3110008295867,-18.4409424986276,8.55376407772955));
#13032=CARTESIAN_POINT('Ctrl Pts',(39.6295492419354,-18.4409424986276,8.52322563399398));
#13033=CARTESIAN_POINT('Ctrl Pts',(39.8743215993745,-18.4409424986276,8.31691319673234));
#13034=CARTESIAN_POINT('Ctrl Pts',(39.9974417150021,-18.4409424986276,8.21313836122066));
#13035=CARTESIAN_POINT('',(40.3511166036129,-18.4409424986276,7.36694492841273));
#13036=CARTESIAN_POINT('Ctrl Pts',(39.9974417150021,-18.4409424986276,8.21313836122066));
#13037=CARTESIAN_POINT('Ctrl Pts',(40.1005962795625,-18.4409424986276,8.08945777060821));
#13038=CARTESIAN_POINT('Ctrl Pts',(40.3055961577985,-18.4409424986276,7.84366635920768));
#13039=CARTESIAN_POINT('Ctrl Pts',(40.3360078640764,-18.4409424986276,7.52517404503249));
#13040=CARTESIAN_POINT('Ctrl Pts',(40.3511166036129,-18.4409424986276,7.36694492841273));
#13041=CARTESIAN_POINT('',(40.3511166036129,-18.4409424986276,8.96794356847316));
#13042=CARTESIAN_POINT('',(47.960784381628,-18.4409424986276,8.56894173169642));
#13043=CARTESIAN_POINT('Ctrl Pts',(47.637195533514,-18.4409424986276,8.43240060353786));
#13044=CARTESIAN_POINT('Ctrl Pts',(47.6840021499906,-18.4409424986276,8.47222508454995));
#13045=CARTESIAN_POINT('Ctrl Pts',(47.7775091578793,-18.4409424986276,8.55178366708557));
#13046=CARTESIAN_POINT('Ctrl Pts',(47.8997389251978,-18.4409424986276,8.56322670997006));
#13047=CARTESIAN_POINT('Ctrl Pts',(47.960784381628,-18.4409424986276,8.56894173169642));
#13048=CARTESIAN_POINT('',(49.3245243489742,-18.4409424986276,8.56894173169642));
#13049=CARTESIAN_POINT('',(25.905392190814,-18.4409424986276,8.56894173169642));
#13050=CARTESIAN_POINT('',(50.0198959767818,-18.4409424986276,8.36856224084407));
#13051=CARTESIAN_POINT('Ctrl Pts',(49.3245243489742,-18.4409424986276,8.56894173169642));
#13052=CARTESIAN_POINT('Ctrl Pts',(49.452675900275,-18.4409424986276,8.56037369392106));
#13053=CARTESIAN_POINT('Ctrl Pts',(49.6992779067629,-18.4409424986276,8.54388622041317));
#13054=CARTESIAN_POINT('Ctrl Pts',(49.9158633778488,-18.4409424986276,8.42545051681921));
#13055=CARTESIAN_POINT('Ctrl Pts',(50.0198959767818,-18.4409424986276,8.36856224084407));
#13056=CARTESIAN_POINT('',(50.447356647253,-18.4409424986276,7.90047564054042));
#13057=CARTESIAN_POINT('Ctrl Pts',(50.0198959767818,-18.4409424986276,8.36856224084407));
#13058=CARTESIAN_POINT('Ctrl Pts',(50.1094401558485,-18.4409424986276,8.30220864807596));
#13059=CARTESIAN_POINT('Ctrl Pts',(50.2825745713543,-18.4409424986276,8.17391342419467));
#13060=CARTESIAN_POINT('Ctrl Pts',(50.3937031606051,-18.4409424986276,7.98950771756887));
#13061=CARTESIAN_POINT('Ctrl Pts',(50.447356647253,-18.4409424986276,7.90047564054042));
#13062=CARTESIAN_POINT('',(51.1847233235836,-18.4409424986276,6.39642633939296));
#13063=CARTESIAN_POINT('',(45.4052812089789,-18.4409424986276,18.1850874662438));
#13064=CARTESIAN_POINT('',(51.390583461523,-18.4409424986276,5.55819131875545));
#13065=CARTESIAN_POINT('Ctrl Pts',(51.1847233235836,-18.4409424986276,6.39642633939296));
#13066=CARTESIAN_POINT('Ctrl Pts',(51.2447648478104,-18.4409424986276,6.26421079312393));
#13067=CARTESIAN_POINT('Ctrl Pts',(51.3657828142057,-18.4409424986276,5.99772094728181));
#13068=CARTESIAN_POINT('Ctrl Pts',(51.3822741115336,-18.4409424986276,5.7054538263604));
#13069=CARTESIAN_POINT('Ctrl Pts',(51.390583461523,-18.4409424986276,5.55819131875545));
#13070=CARTESIAN_POINT('',(51.1716007649898,-18.4409424986276,4.75129880452663));
#13071=CARTESIAN_POINT('Ctrl Pts',(51.390583461523,-18.4409424986276,5.55819131875545));
#13072=CARTESIAN_POINT('Ctrl Pts',(51.3810076961357,-18.4409424986276,5.41827050292904));
#13073=CARTESIAN_POINT('Ctrl Pts',(51.3616116616441,-18.4409424986276,5.1348561898068));
#13074=CARTESIAN_POINT('Ctrl Pts',(51.2354677812867,-18.4409424986276,4.88022123059702));
#13075=CARTESIAN_POINT('Ctrl Pts',(51.1716007649898,-18.4409424986276,4.75129880452663));
#13076=CARTESIAN_POINT('',(50.4299759328365,-18.4409424986276,3.23601164365321));
#13077=CARTESIAN_POINT('',(47.7477061747114,-18.4409424986276,-2.24439940823268));
#13078=CARTESIAN_POINT('',(49.9945949971676,-18.4409424986276,2.7526018812707));
#13079=CARTESIAN_POINT('Ctrl Pts',(50.4299759328365,-18.4409424986276,3.23601164365321));
#13080=CARTESIAN_POINT('Ctrl Pts',(50.3742054851948,-18.4409424986276,3.14082913907778));
#13081=CARTESIAN_POINT('Ctrl Pts',(50.262283859146,-18.4409424986276,2.94981434299961));
#13082=CARTESIAN_POINT('Ctrl Pts',(50.0840267472665,-18.4409424986276,2.81848828186051));
#13083=CARTESIAN_POINT('Ctrl Pts',(49.9945949971676,-18.4409424986276,2.7526018812707));
#13084=CARTESIAN_POINT('Ctrl Pts',(49.9945949971676,-18.4409424986276,2.7526018812707));
#13085=CARTESIAN_POINT('Ctrl Pts',(49.8960964667283,-18.4409424986276,2.69903575129465));
#13086=CARTESIAN_POINT('Ctrl Pts',(49.6971815608457,-18.4409424986276,2.59086051603821));
#13087=CARTESIAN_POINT('Ctrl Pts',(49.4711563834307,-18.4409424986276,2.57629464664393));
#13088=CARTESIAN_POINT('Ctrl Pts',(49.3570541799068,-18.4409424986276,2.56894149327785));
#13089=CARTESIAN_POINT('',(23.7494790017605,-18.4409424986276,5.59225716138392));
#13090=CARTESIAN_POINT('Ctrl Pts',(23.6062359273434,-18.4409424986276,5.91996349835902));
#13091=CARTESIAN_POINT('Ctrl Pts',(23.6480139436879,-18.4409424986276,5.87373472157391));
#13092=CARTESIAN_POINT('Ctrl Pts',(23.7322488102735,-18.4409424986276,5.78052601552151));
#13093=CARTESIAN_POINT('Ctrl Pts',(23.7437048305841,-18.4409424986276,5.65534970401727));
#13094=CARTESIAN_POINT('Ctrl Pts',(23.7494790017605,-18.4409424986276,5.59225716138392));
#13095=CARTESIAN_POINT('',(23.7494790017605,-18.4409424986276,5.26842512631923));
#13096=CARTESIAN_POINT('',(23.7494790017605,-18.4409424986276,8.08059968495875));
#13097=CARTESIAN_POINT('',(23.6161136090755,-18.4409424986276,4.94131245160609));
#13098=CARTESIAN_POINT('Ctrl Pts',(23.7494790017605,-18.4409424986276,5.26842512631923));
#13099=CARTESIAN_POINT('Ctrl Pts',(23.7438000413797,-18.4409424986276,5.20753239208595));
#13100=CARTESIAN_POINT('Ctrl Pts',(23.7323789535823,-18.4409424986276,5.08506961417086));
#13101=CARTESIAN_POINT('Ctrl Pts',(23.6550113571938,-18.4409424986276,4.98940786579299));
#13102=CARTESIAN_POINT('Ctrl Pts',(23.6161136090755,-18.4409424986276,4.94131245160609));
#13103=CARTESIAN_POINT('',(23.287500089407,-18.4409424986276,4.8027465536645));
#13104=CARTESIAN_POINT('Ctrl Pts',(23.6161136090755,-18.4409424986276,4.94131245160609));
#13105=CARTESIAN_POINT('Ctrl Pts',(23.5689425017583,-18.4409424986276,4.90089768231789));
#13106=CARTESIAN_POINT('Ctrl Pts',(23.4741953876857,-18.4409424986276,4.8197212382243));
#13107=CARTESIAN_POINT('Ctrl Pts',(23.3499089005716,-18.4409424986276,4.80842087911907));
#13108=CARTESIAN_POINT('Ctrl Pts',(23.287500089407,-18.4409424986276,4.8027465536645));
#13109=CARTESIAN_POINT('',(20.3157019078732,-18.4409424986276,4.8027465536645));
#13110=CARTESIAN_POINT('',(13.5687500447035,-18.4409424986276,4.8027465536645));
#13111=CARTESIAN_POINT('Ctrl Pts',(20.3157019078732,-18.4409424986276,4.8027465536645));
#13112=CARTESIAN_POINT('Ctrl Pts',(20.2538809571105,-18.4409424986276,4.80836112141377));
#13113=CARTESIAN_POINT('Ctrl Pts',(20.1307848206947,-18.4409424986276,4.81954069062216));
#13114=CARTESIAN_POINT('Ctrl Pts',(20.0369426210842,-18.4409424986276,4.89993309513192));
#13115=CARTESIAN_POINT('Ctrl Pts',(19.9902295529842,-18.4409424986276,4.93995108151942));
#13116=CARTESIAN_POINT('',(10.8064642012119,-18.4409424986276,4.74459805036098));
#13117=CARTESIAN_POINT('',(9.23092152627073,-18.4409424986276,7.49712596461111));
#13118=CARTESIAN_POINT('',(9.6770663022995,-18.4409424986276,2.74450459027797));
#13119=CARTESIAN_POINT('',(11.2124008468396,-18.4409424986276,5.46348661116831));
#13120=CARTESIAN_POINT('',(9.32014608979225,-18.4409424986276,2.56894149327785));
#13121=CARTESIAN_POINT('Ctrl Pts',(9.6770663022995,-18.4409424986276,2.74450459027797));
#13122=CARTESIAN_POINT('Ctrl Pts',(9.63581106420434,-18.4409424986276,2.69340778310633));
#13123=CARTESIAN_POINT('Ctrl Pts',(9.54511800553442,-18.4409424986276,2.58107960504629));
#13124=CARTESIAN_POINT('Ctrl Pts',(9.39951561394546,-18.4409424986276,2.57322378847901));
#13125=CARTESIAN_POINT('Ctrl Pts',(9.32014608979225,-18.4409424986276,2.56894149327785));
#13126=CARTESIAN_POINT('',(8.98716958463192,-18.4409424986276,2.70890333200007));
#13127=CARTESIAN_POINT('Ctrl Pts',(9.32014608979225,-18.4409424986276,2.56894149327785));
#13128=CARTESIAN_POINT('Ctrl Pts',(9.2573149179977,-18.4409424986276,2.57477868445345));
#13129=CARTESIAN_POINT('Ctrl Pts',(9.13162280769182,-18.4409424986276,2.58645583221571));
#13130=CARTESIAN_POINT('Ctrl Pts',(9.03532826055624,-18.4409424986276,2.66808105517615));
#13131=CARTESIAN_POINT('Ctrl Pts',(8.98716958463192,-18.4409424986276,2.70890333200007));
#13132=CARTESIAN_POINT('',(8.85,-18.4409424986276,3.02184559846431));
#13133=CARTESIAN_POINT('Ctrl Pts',(8.98716958463192,-18.4409424986276,2.70890333200007));
#13134=CARTESIAN_POINT('Ctrl Pts',(8.94717617486693,-18.4409424986276,2.75585805200075));
#13135=CARTESIAN_POINT('Ctrl Pts',(8.86988569639082,-18.4409424986276,2.84660182195911));
#13136=CARTESIAN_POINT('Ctrl Pts',(8.85647258976095,-18.4409424986276,2.96480555062358));
#13137=CARTESIAN_POINT('Ctrl Pts',(8.85,-18.4409424986276,3.02184559846431));
#13138=CARTESIAN_POINT('',(8.91568789482117,-18.4409424986276,3.15007962728053));
#13139=CARTESIAN_POINT('Ctrl Pts',(8.85,-18.4409424986276,3.02184559846431));
#13140=CARTESIAN_POINT('Ctrl Pts',(8.84861649682241,-18.4409424986276,3.05852207866478));
#13141=CARTESIAN_POINT('Ctrl Pts',(8.84640401025014,-18.4409424986276,3.11717479538896));
#13142=CARTESIAN_POINT('Ctrl Pts',(8.89680387148611,-18.4409424986276,3.14111108261645));
#13143=CARTESIAN_POINT('Ctrl Pts',(8.91568789482117,-18.4409424986276,3.15007962728053));
#13144=CARTESIAN_POINT('',(10.2858480274677,-18.4409424986276,5.57117499852687));
#13145=CARTESIAN_POINT('',(9.89129281324192,-18.4409424986276,4.87398947976705));
#13146=CARTESIAN_POINT('',(8.95317385196686,-18.4409424986276,7.82948233628779));
#13147=CARTESIAN_POINT('',(8.36092632584504,-18.4409424986276,8.8330861868006));
#13148=CARTESIAN_POINT('',(8.86340284943581,-18.4409424986276,8.12476374650508));
#13149=CARTESIAN_POINT('Ctrl Pts',(8.95317385196686,-18.4409424986276,7.82948233628779));
#13150=CARTESIAN_POINT('Ctrl Pts',(8.9269676832261,-18.4409424986276,7.87876008945921));
#13151=CARTESIAN_POINT('Ctrl Pts',(8.87766251697039,-18.4409424986276,7.97147290974442));
#13152=CARTESIAN_POINT('Ctrl Pts',(8.86795209091298,-18.4409424986276,8.07585958860864));
#13153=CARTESIAN_POINT('Ctrl Pts',(8.86340284943581,-18.4409424986276,8.12476374650508));
#13154=CARTESIAN_POINT('',(8.9998743891716,-18.4409424986276,8.43536712670833));
#13155=CARTESIAN_POINT('Ctrl Pts',(8.86340284943581,-18.4409424986276,8.12476374650508));
#13156=CARTESIAN_POINT('Ctrl Pts',(8.86955918596666,-18.4409424986276,8.18241623674616));
#13157=CARTESIAN_POINT('Ctrl Pts',(8.88214026221933,-18.4409424986276,8.30023474329521));
#13158=CARTESIAN_POINT('Ctrl Pts',(8.96007546009334,-18.4409424986276,8.38968687848416));
#13159=CARTESIAN_POINT('Ctrl Pts',(8.9998743891716,-18.4409424986276,8.43536712670833));
#13160=CARTESIAN_POINT('',(9.31686515212059,-18.4409424986276,8.56894173169642));
#13161=CARTESIAN_POINT('Ctrl Pts',(8.9998743891716,-18.4409424986276,8.43536712670833));
#13162=CARTESIAN_POINT('Ctrl Pts',(9.04671247935228,-18.4409424986276,8.47432350961362));
#13163=CARTESIAN_POINT('Ctrl Pts',(9.13893710839381,-18.4409424986276,8.55102898475962));
#13164=CARTESIAN_POINT('Ctrl Pts',(9.25818141159185,-18.4409424986276,8.56303379851524));
#13165=CARTESIAN_POINT('Ctrl Pts',(9.31686515212059,-18.4409424986276,8.56894173169642));
#13166=CARTESIAN_POINT('Ctrl Pts',(9.31686515212059,-18.4409424986276,8.56894173169642));
#13167=CARTESIAN_POINT('Ctrl Pts',(9.40038385231598,-18.4409424986276,8.56054144971623));
#13168=CARTESIAN_POINT('Ctrl Pts',(9.56422979052627,-18.4409424986276,8.54406188191818));
#13169=CARTESIAN_POINT('Ctrl Pts',(9.6642565809196,-18.4409424986276,8.4136739248373));
#13170=CARTESIAN_POINT('Ctrl Pts',(9.71329579353332,-18.4409424986276,8.34974982286006));
#13171=CARTESIAN_POINT('Origin',(16.7174612939358,-18.4409424986276,3.49373676324397));
#13172=CARTESIAN_POINT('',(16.7174612939358,-18.4409424986276,3.49373676324397));
#13173=CARTESIAN_POINT('Origin',(16.7174612939358,-18.4409424986276,8.56894173169642));
#13174=CARTESIAN_POINT('',(16.7174612939358,-18.4409424986276,8.56894173169642));
#13175=CARTESIAN_POINT('Origin',(14.7755866706371,-18.4409424986276,8.56894173169642));
#13176=CARTESIAN_POINT('',(14.7755866706371,-18.4409424986276,8.56894173169642));
#13177=CARTESIAN_POINT('Ctrl Pts',(14.4514405190945,-18.4409424986276,8.43557693505794));
#13178=CARTESIAN_POINT('Ctrl Pts',(14.4514405190945,-17.4409424986276,8.43557693505794));
#13179=CARTESIAN_POINT('Ctrl Pts',(14.4983421258802,-18.4409424986276,8.47447475575643));
#13180=CARTESIAN_POINT('Ctrl Pts',(14.4983421258802,-17.4409424986276,8.47447475575643));
#13181=CARTESIAN_POINT('Ctrl Pts',(14.592515111262,-18.4409424986276,8.55257706719234));
#13182=CARTESIAN_POINT('Ctrl Pts',(14.592515111262,-17.4409424986276,8.55257706719234));
#13183=CARTESIAN_POINT('Ctrl Pts',(14.7144032855236,-18.4409424986276,8.56347258305299));
#13184=CARTESIAN_POINT('Ctrl Pts',(14.7144032855236,-17.4409424986276,8.56347258305299));
#13185=CARTESIAN_POINT('Ctrl Pts',(14.7755866706371,-18.4409424986276,8.56894173169642));
#13186=CARTESIAN_POINT('Ctrl Pts',(14.7755866706371,-17.4409424986276,8.56894173169642));
#13187=CARTESIAN_POINT('',(14.4514405190945,-18.4409424986276,8.43557693505794));
#13188=CARTESIAN_POINT('Ctrl Pts',(14.3183546721935,-18.4409424986276,8.1110117628625));
#13189=CARTESIAN_POINT('Ctrl Pts',(14.3183546721935,-17.4409424986276,8.1110117628625));
#13190=CARTESIAN_POINT('Ctrl Pts',(14.3238080375558,-18.4409424986276,8.17224253884592));
#13191=CARTESIAN_POINT('Ctrl Pts',(14.3238080375558,-17.4409424986276,8.17224253884592));
#13192=CARTESIAN_POINT('Ctrl Pts',(14.3346699448265,-18.4409424986276,8.2942008098693));
#13193=CARTESIAN_POINT('Ctrl Pts',(14.3346699448265,-17.4409424986276,8.2942008098693));
#13194=CARTESIAN_POINT('Ctrl Pts',(14.4126242247412,-18.4409424986276,8.38858138567187));
#13195=CARTESIAN_POINT('Ctrl Pts',(14.4126242247412,-17.4409424986276,8.38858138567187));
#13196=CARTESIAN_POINT('Ctrl Pts',(14.4514405190945,-18.4409424986276,8.43557693505794));
#13197=CARTESIAN_POINT('Ctrl Pts',(14.4514405190945,-17.4409424986276,8.43557693505794));
#13198=CARTESIAN_POINT('',(14.3183546721935,-18.4409424986276,8.1110117628625));
#13199=CARTESIAN_POINT('Ctrl Pts',(14.4506376445293,-18.4409424986276,7.78574862027675));
#13200=CARTESIAN_POINT('Ctrl Pts',(14.4506376445293,-17.4409424986276,7.78574862027675));
#13201=CARTESIAN_POINT('Ctrl Pts',(14.4120556201254,-18.4409424986276,7.83271350105741));
#13202=CARTESIAN_POINT('Ctrl Pts',(14.4120556201254,-17.4409424986276,7.83271350105741));
#13203=CARTESIAN_POINT('Ctrl Pts',(14.3342886798308,-18.4409424986276,7.92737714652557));
#13204=CARTESIAN_POINT('Ctrl Pts',(14.3342886798308,-17.4409424986276,7.92737714652557));
#13205=CARTESIAN_POINT('Ctrl Pts',(14.3236933882211,-18.4409424986276,8.04948467615783));
#13206=CARTESIAN_POINT('Ctrl Pts',(14.3236933882211,-17.4409424986276,8.04948467615783));
#13207=CARTESIAN_POINT('Ctrl Pts',(14.3183546721935,-18.4409424986276,8.1110117628625));
#13208=CARTESIAN_POINT('Ctrl Pts',(14.3183546721935,-17.4409424986276,8.1110117628625));
#13209=CARTESIAN_POINT('',(14.4506376445293,-18.4409424986276,7.78574862027675));
#13210=CARTESIAN_POINT('Ctrl Pts',(14.7752373874187,-18.4409424986276,7.65308179402858));
#13211=CARTESIAN_POINT('Ctrl Pts',(14.7752373874187,-17.4409424986276,7.65308179402858));
#13212=CARTESIAN_POINT('Ctrl Pts',(14.7137980174804,-18.4409424986276,7.65844516393011));
#13213=CARTESIAN_POINT('Ctrl Pts',(14.7137980174804,-17.4409424986276,7.65844516393011));
#13214=CARTESIAN_POINT('Ctrl Pts',(14.5918163428783,-18.4409424986276,7.66909359412653));
#13215=CARTESIAN_POINT('Ctrl Pts',(14.5918163428783,-17.4409424986276,7.66909359412653));
#13216=CARTESIAN_POINT('Ctrl Pts',(14.4974659232128,-18.4409424986276,7.74705472283843));
#13217=CARTESIAN_POINT('Ctrl Pts',(14.4974659232128,-17.4409424986276,7.74705472283843));
#13218=CARTESIAN_POINT('Ctrl Pts',(14.4506376445293,-18.4409424986276,7.78574862027675));
#13219=CARTESIAN_POINT('Ctrl Pts',(14.4506376445293,-17.4409424986276,7.78574862027675));
#13220=CARTESIAN_POINT('',(14.7752373874187,-18.4409424986276,7.65308179402858));
#13221=CARTESIAN_POINT('Origin',(15.7971333920956,-18.4409424986276,7.65308179402858));
#13222=CARTESIAN_POINT('',(15.7971333920956,-18.4409424986276,7.65308179402858));
#13223=CARTESIAN_POINT('Origin',(15.7971333920956,-18.4409424986276,3.49373676324397));
#13224=CARTESIAN_POINT('',(15.7971333920956,-18.4409424986276,3.49373676324397));
#13225=CARTESIAN_POINT('Origin',(14.7574364602566,-18.4409424986276,3.49373676324397));
#13226=CARTESIAN_POINT('',(14.7574364602566,-18.4409424986276,3.49373676324397));
#13227=CARTESIAN_POINT('Ctrl Pts',(14.4344776332378,-18.4409424986276,3.36215176129848));
#13228=CARTESIAN_POINT('Ctrl Pts',(14.4344776332378,-17.4409424986276,3.36215176129848));
#13229=CARTESIAN_POINT('Ctrl Pts',(14.4814870971979,-18.4409424986276,3.40053061295119));
#13230=CARTESIAN_POINT('Ctrl Pts',(14.4814870971979,-17.4409424986276,3.40053061295119));
#13231=CARTESIAN_POINT('Ctrl Pts',(14.575669125191,-18.4409424986276,3.47742147228461));
#13232=CARTESIAN_POINT('Ctrl Pts',(14.575669125191,-17.4409424986276,3.47742147228461));
#13233=CARTESIAN_POINT('Ctrl Pts',(14.6967774386459,-18.4409424986276,3.48829205786535));
#13234=CARTESIAN_POINT('Ctrl Pts',(14.6967774386459,-17.4409424986276,3.48829205786535));
#13235=CARTESIAN_POINT('Ctrl Pts',(14.7574364602566,-18.4409424986276,3.49373676324397));
#13236=CARTESIAN_POINT('Ctrl Pts',(14.7574364602566,-17.4409424986276,3.49373676324397));
#13237=CARTESIAN_POINT('Origin',(27.3180519998074,-18.4409424986276,7.2505084469369));
#13238=CARTESIAN_POINT('',(27.3180519998074,-18.4409424986276,7.2505084469369));
#13239=CARTESIAN_POINT('Origin',(26.4613878190517,-18.4409424986276,8.56894173169642));
#13240=CARTESIAN_POINT('',(26.4613878190517,-18.4409424986276,8.56894173169642));
#13241=CARTESIAN_POINT('Origin',(25.3712212502956,-18.4409424986276,8.56894173169642));
#13242=CARTESIAN_POINT('',(25.3712212502956,-18.4409424986276,8.56894173169642));
#13243=CARTESIAN_POINT('Origin',(25.3712212502956,-18.4409424986276,3.02624322915584));
#13244=CARTESIAN_POINT('',(25.3712212502956,-18.4409424986276,3.02624322915584));
#13245=CARTESIAN_POINT('Ctrl Pts',(25.504307693243,-18.4409424986276,2.70447053456813));
#13246=CARTESIAN_POINT('Ctrl Pts',(25.504307693243,-17.4409424986276,2.70447053456813));
#13247=CARTESIAN_POINT('Ctrl Pts',(25.4654910037356,-18.4409424986276,2.75158694287506));
#13248=CARTESIAN_POINT('Ctrl Pts',(25.4654910037356,-17.4409424986276,2.75158694287506));
#13249=CARTESIAN_POINT('Ctrl Pts',(25.3882834595456,-18.4409424986276,2.84530287338293));
#13250=CARTESIAN_POINT('Ctrl Pts',(25.3882834595456,-17.4409424986276,2.84530287338293));
#13251=CARTESIAN_POINT('Ctrl Pts',(25.3768877024461,-18.4409424986276,2.96615195650475));
#13252=CARTESIAN_POINT('Ctrl Pts',(25.3768877024461,-17.4409424986276,2.96615195650475));
#13253=CARTESIAN_POINT('Ctrl Pts',(25.3712212502956,-18.4409424986276,3.02624322915584));
#13254=CARTESIAN_POINT('Ctrl Pts',(25.3712212502956,-17.4409424986276,3.02624322915584));
#13255=CARTESIAN_POINT('',(25.504307693243,-18.4409424986276,2.70447053456813));
#13256=CARTESIAN_POINT('Ctrl Pts',(25.829151815176,-18.4409424986276,2.56894149327785));
#13257=CARTESIAN_POINT('Ctrl Pts',(25.829151815176,-17.4409424986276,2.56894149327785));
#13258=CARTESIAN_POINT('Ctrl Pts',(25.7677362372805,-18.4409424986276,2.57452779690962));
#13259=CARTESIAN_POINT('Ctrl Pts',(25.7677362372805,-17.4409424986276,2.57452779690962));
#13260=CARTESIAN_POINT('Ctrl Pts',(25.6452331714981,-18.4409424986276,2.58567056141227));
#13261=CARTESIAN_POINT('Ctrl Pts',(25.6452331714981,-17.4409424986276,2.58567056141227));
#13262=CARTESIAN_POINT('Ctrl Pts',(25.5511989045488,-18.4409424986276,2.66494131165293));
#13263=CARTESIAN_POINT('Ctrl Pts',(25.5511989045488,-17.4409424986276,2.66494131165293));
#13264=CARTESIAN_POINT('Ctrl Pts',(25.504307693243,-18.4409424986276,2.70447053456813));
#13265=CARTESIAN_POINT('Ctrl Pts',(25.504307693243,-17.4409424986276,2.70447053456813));
#13266=CARTESIAN_POINT('',(25.829151815176,-18.4409424986276,2.56894149327785));
#13267=CARTESIAN_POINT('Ctrl Pts',(26.157555526495,-18.4409424986276,2.70276047730952));
#13268=CARTESIAN_POINT('Ctrl Pts',(26.157555526495,-17.4409424986276,2.70276047730952));
#13269=CARTESIAN_POINT('Ctrl Pts',(26.1101376828352,-18.4409424986276,2.66373061535296));
#13270=CARTESIAN_POINT('Ctrl Pts',(26.1101376828352,-17.4409424986276,2.66373061535296));
#13271=CARTESIAN_POINT('Ctrl Pts',(26.014598090732,-18.4409424986276,2.58509150392623));
#13272=CARTESIAN_POINT('Ctrl Pts',(26.014598090732,-17.4409424986276,2.58509150392623));
#13273=CARTESIAN_POINT('Ctrl Pts',(25.891270120547,-18.4409424986276,2.57435120717042));
#13274=CARTESIAN_POINT('Ctrl Pts',(25.891270120547,-17.4409424986276,2.57435120717042));
#13275=CARTESIAN_POINT('Ctrl Pts',(25.829151815176,-18.4409424986276,2.56894149327785));
#13276=CARTESIAN_POINT('Ctrl Pts',(25.829151815176,-17.4409424986276,2.56894149327785));
#13277=CARTESIAN_POINT('',(26.157555526495,-18.4409424986276,2.70276047730952));
#13278=CARTESIAN_POINT('Ctrl Pts',(26.2915491521358,-18.4409424986276,3.02638270402461));
#13279=CARTESIAN_POINT('Ctrl Pts',(26.2915491521358,-17.4409424986276,3.02638270402461));
#13280=CARTESIAN_POINT('Ctrl Pts',(26.2859805986554,-18.4409424986276,2.96546198695969));
#13281=CARTESIAN_POINT('Ctrl Pts',(26.2859805986554,-17.4409424986276,2.96546198695969));
#13282=CARTESIAN_POINT('Ctrl Pts',(26.2748505700059,-18.4409424986276,2.84369799049806));
#13283=CARTESIAN_POINT('Ctrl Pts',(26.2748505700059,-17.4409424986276,2.84369799049806));
#13284=CARTESIAN_POINT('Ctrl Pts',(26.1966372940239,-18.4409424986276,2.74971972606947));
#13285=CARTESIAN_POINT('Ctrl Pts',(26.1966372940239,-17.4409424986276,2.74971972606947));
#13286=CARTESIAN_POINT('Ctrl Pts',(26.157555526495,-18.4409424986276,2.70276047730952));
#13287=CARTESIAN_POINT('Ctrl Pts',(26.157555526495,-17.4409424986276,2.70276047730952));
#13288=CARTESIAN_POINT('',(26.2915491521358,-18.4409424986276,3.02638270402461));
#13289=CARTESIAN_POINT('Origin',(26.2915491521358,-18.4409424986276,7.38055743718654));
#13290=CARTESIAN_POINT('',(26.2915491521358,-18.4409424986276,7.38055743718654));
#13291=CARTESIAN_POINT('Origin',(26.8678712308407,-18.4409424986276,6.35237850690394));
#13292=CARTESIAN_POINT('',(26.8678712308407,-18.4409424986276,6.35237850690394));
#13293=CARTESIAN_POINT('Origin',(26.8678712308407,-18.4409424986276,6.19370855832606));
#13294=CARTESIAN_POINT('',(26.8678712308407,-18.4409424986276,6.19370855832606));
#13295=CARTESIAN_POINT('Ctrl Pts',(27.0009564816952,-18.4409424986276,5.87200619721919));
#13296=CARTESIAN_POINT('Ctrl Pts',(27.0009564816952,-17.4409424986276,5.87200619721919));
#13297=CARTESIAN_POINT('Ctrl Pts',(26.9621403021907,-18.4409424986276,5.91911634680193));
#13298=CARTESIAN_POINT('Ctrl Pts',(26.9621403021907,-17.4409424986276,5.91911634680193));
#13299=CARTESIAN_POINT('Ctrl Pts',(26.8849416340139,-18.4409424986276,6.01281028710805));
#13300=CARTESIAN_POINT('Ctrl Pts',(26.8849416340139,-17.4409424986276,6.01281028710805));
#13301=CARTESIAN_POINT('Ctrl Pts',(26.8735400143543,-18.4409424986276,6.13363539384874));
#13302=CARTESIAN_POINT('Ctrl Pts',(26.8735400143543,-17.4409424986276,6.13363539384874));
#13303=CARTESIAN_POINT('Ctrl Pts',(26.8678712308407,-18.4409424986276,6.19370855832606));
#13304=CARTESIAN_POINT('Ctrl Pts',(26.8678712308407,-17.4409424986276,6.19370855832606));
#13305=CARTESIAN_POINT('Origin',(35.6601261556148,-18.4409424986276,1.44757189298183));
#13306=CARTESIAN_POINT('',(35.6601261556148,-18.4409424986276,1.44757189298183));
#13307=CARTESIAN_POINT('Origin',(35.6601261556148,-18.4409424986276,2.3723665669015));
#13308=CARTESIAN_POINT('Origin',(44.4682287633419,-18.4409424986276,4.75807048821956));
#13309=CARTESIAN_POINT('',(42.3347456986175,-18.4409424986276,12.6051446008822));
#13310=CARTESIAN_POINT('Ctrl Pts',(45.741078799963,-18.4409424986276,2.70373739743739));
#13311=CARTESIAN_POINT('Ctrl Pts',(45.741078799963,-17.4409424986276,2.70373739743739));
#13312=CARTESIAN_POINT('Ctrl Pts',(45.695866687271,-18.4409424986276,2.66442667980506));
#13313=CARTESIAN_POINT('Ctrl Pts',(45.695866687271,-17.4409424986276,2.66442667980506));
#13314=CARTESIAN_POINT('Ctrl Pts',(45.607218949298,-18.4409424986276,2.58734985262955));
#13315=CARTESIAN_POINT('Ctrl Pts',(45.607218949298,-17.4409424986276,2.58734985262955));
#13316=CARTESIAN_POINT('Ctrl Pts',(45.4905425221082,-18.4409424986276,2.57499508382203));
#13317=CARTESIAN_POINT('Ctrl Pts',(45.4905425221082,-17.4409424986276,2.57499508382203));
#13318=CARTESIAN_POINT('Ctrl Pts',(45.4333733975887,-18.4409424986276,2.56894149327785));
#13319=CARTESIAN_POINT('Ctrl Pts',(45.4333733975887,-17.4409424986276,2.56894149327785));
#13320=CARTESIAN_POINT('',(45.741078799963,-18.4409424986276,2.70373739743739));
#13321=CARTESIAN_POINT('Ctrl Pts',(45.8730840146542,-18.4409424986276,3.02624322915584));
#13322=CARTESIAN_POINT('Ctrl Pts',(45.8730840146542,-17.4409424986276,3.02624322915584));
#13323=CARTESIAN_POINT('Ctrl Pts',(45.8675533257367,-18.4409424986276,2.96584608266075));
#13324=CARTESIAN_POINT('Ctrl Pts',(45.8675533257367,-17.4409424986276,2.96584608266075));
#13325=CARTESIAN_POINT('Ctrl Pts',(45.8564761221631,-18.4409424986276,2.84487896681323));
#13326=CARTESIAN_POINT('Ctrl Pts',(45.8564761221631,-17.4409424986276,2.84487896681323));
#13327=CARTESIAN_POINT('Ctrl Pts',(45.7795811933517,-18.4409424986276,2.75082937603798));
#13328=CARTESIAN_POINT('Ctrl Pts',(45.7795811933517,-17.4409424986276,2.75082937603798));
#13329=CARTESIAN_POINT('Ctrl Pts',(45.741078799963,-18.4409424986276,2.70373739743739));
#13330=CARTESIAN_POINT('Ctrl Pts',(45.741078799963,-17.4409424986276,2.70373739743739));
#13331=CARTESIAN_POINT('',(45.8730840146542,-18.4409424986276,3.02624322915584));
#13332=CARTESIAN_POINT('Ctrl Pts',(45.8448814809322,-18.4409424986276,3.18093456769496));
#13333=CARTESIAN_POINT('Ctrl Pts',(45.8448814809322,-17.4409424986276,3.18093456769496));
#13334=CARTESIAN_POINT('Ctrl Pts',(45.8530785261162,-18.4409424986276,3.15302603287236));
#13335=CARTESIAN_POINT('Ctrl Pts',(45.8530785261162,-17.4409424986276,3.15302603287236));
#13336=CARTESIAN_POINT('Ctrl Pts',(45.8679432452634,-18.4409424986276,3.10241602370029));
#13337=CARTESIAN_POINT('Ctrl Pts',(45.8679432452634,-17.4409424986276,3.10241602370029));
#13338=CARTESIAN_POINT('Ctrl Pts',(45.8714921351988,-18.4409424986276,3.04983073084608));
#13339=CARTESIAN_POINT('Ctrl Pts',(45.8714921351988,-17.4409424986276,3.04983073084608));
#13340=CARTESIAN_POINT('Ctrl Pts',(45.8730840146542,-18.4409424986276,3.02624322915584));
#13341=CARTESIAN_POINT('Ctrl Pts',(45.8730840146542,-17.4409424986276,3.02624322915584));
#13342=CARTESIAN_POINT('',(45.8448814809322,-18.4409424986276,3.18093456769496));
#13343=CARTESIAN_POINT('Origin',(44.3709182202816,-18.4409424986276,8.30144383454829));
#13344=CARTESIAN_POINT('',(44.3709182202816,-18.4409424986276,8.30144383454829));
#13345=CARTESIAN_POINT('Ctrl Pts',(43.9481019437313,-18.4409424986276,8.56894173169642));
#13346=CARTESIAN_POINT('Ctrl Pts',(43.9481019437313,-17.4409424986276,8.56894173169642));
#13347=CARTESIAN_POINT('Ctrl Pts',(44.0501129048641,-18.4409424986276,8.56120522824584));
#13348=CARTESIAN_POINT('Ctrl Pts',(44.0501129048641,-17.4409424986276,8.56120522824584));
#13349=CARTESIAN_POINT('Ctrl Pts',(44.2409949129868,-18.4409424986276,8.54672875142319));
#13350=CARTESIAN_POINT('Ctrl Pts',(44.2409949129868,-17.4409424986276,8.54672875142319));
#13351=CARTESIAN_POINT('Ctrl Pts',(44.329644603652,-18.4409424986276,8.37936515470954));
#13352=CARTESIAN_POINT('Ctrl Pts',(44.329644603652,-17.4409424986276,8.37936515470954));
#13353=CARTESIAN_POINT('Ctrl Pts',(44.3709182202816,-18.4409424986276,8.30144383454829));
#13354=CARTESIAN_POINT('Ctrl Pts',(44.3709182202816,-17.4409424986276,8.30144383454829));
#13355=CARTESIAN_POINT('',(43.9481019437313,-18.4409424986276,8.56894173169642));
#13356=CARTESIAN_POINT('Ctrl Pts',(43.4900330960751,-18.4409424986276,8.19135882401973));
#13357=CARTESIAN_POINT('Ctrl Pts',(43.4900330960751,-17.4409424986276,8.19135882401973));
#13358=CARTESIAN_POINT('Ctrl Pts',(43.5344006579043,-18.4409424986276,8.30142292292498));
#13359=CARTESIAN_POINT('Ctrl Pts',(43.5344006579043,-17.4409424986276,8.30142292292498));
#13360=CARTESIAN_POINT('Ctrl Pts',(43.6193793928405,-18.4409424986276,8.51223252122667));
#13361=CARTESIAN_POINT('Ctrl Pts',(43.6193793928405,-17.4409424986276,8.51223252122667));
#13362=CARTESIAN_POINT('Ctrl Pts',(43.8418051191983,-18.4409424986276,8.55060405155136));
#13363=CARTESIAN_POINT('Ctrl Pts',(43.8418051191983,-17.4409424986276,8.55060405155136));
#13364=CARTESIAN_POINT('Ctrl Pts',(43.9481019437313,-18.4409424986276,8.56894173169642));
#13365=CARTESIAN_POINT('Ctrl Pts',(43.9481019437313,-17.4409424986276,8.56894173169642));
#13366=CARTESIAN_POINT('',(43.4900330960751,-18.4409424986276,8.19135882401973));
#13367=CARTESIAN_POINT('Origin',(42.0141148030758,-18.4409424986276,3.22191037679225));
#13368=CARTESIAN_POINT('',(42.0141148030758,-18.4409424986276,3.22191037679225));
#13369=CARTESIAN_POINT('Ctrl Pts',(41.9817947804928,-18.4409424986276,3.03503908658534));
#13370=CARTESIAN_POINT('Ctrl Pts',(41.9817947804928,-17.4409424986276,3.03503908658534));
#13371=CARTESIAN_POINT('Ctrl Pts',(41.9834679999823,-18.4409424986276,3.06466268141807));
#13372=CARTESIAN_POINT('Ctrl Pts',(41.9834679999823,-17.4409424986276,3.06466268141807));
#13373=CARTESIAN_POINT('Ctrl Pts',(41.9870544358266,-18.4409424986276,3.12815890711511));
#13374=CARTESIAN_POINT('Ctrl Pts',(41.9870544358266,-17.4409424986276,3.12815890711511));
#13375=CARTESIAN_POINT('Ctrl Pts',(42.004701055567,-18.4409424986276,3.18929616073273));
#13376=CARTESIAN_POINT('Ctrl Pts',(42.004701055567,-17.4409424986276,3.18929616073273));
#13377=CARTESIAN_POINT('Ctrl Pts',(42.0141148030758,-18.4409424986276,3.22191037679225));
#13378=CARTESIAN_POINT('Ctrl Pts',(42.0141148030758,-17.4409424986276,3.22191037679225));
#13379=CARTESIAN_POINT('Ctrl Pts',(39.3481039464474,-18.4409424986276,5.79061188245326));
#13380=CARTESIAN_POINT('Ctrl Pts',(39.3481039464474,-17.4409424986276,5.79061188245326));
#13381=CARTESIAN_POINT('Ctrl Pts',(39.3722209648639,-18.4409424986276,5.81909301393592));
#13382=CARTESIAN_POINT('Ctrl Pts',(39.3722209648639,-17.4409424986276,5.81909301393592));
#13383=CARTESIAN_POINT('Ctrl Pts',(39.4205238711663,-18.4409424986276,5.87613660869673));
#13384=CARTESIAN_POINT('Ctrl Pts',(39.4205238711663,-17.4409424986276,5.87613660869673));
#13385=CARTESIAN_POINT('Ctrl Pts',(39.4273646351505,-18.4409424986276,5.9505765661399));
#13386=CARTESIAN_POINT('Ctrl Pts',(39.4273646351505,-17.4409424986276,5.9505765661399));
#13387=CARTESIAN_POINT('Ctrl Pts',(39.4307898938656,-18.4409424986276,5.98784961247951));
#13388=CARTESIAN_POINT('Ctrl Pts',(39.4307898938656,-17.4409424986276,5.98784961247951));
#13389=CARTESIAN_POINT('',(39.3481039464474,-18.4409424986276,5.79061188245326));
#13390=CARTESIAN_POINT('Ctrl Pts',(39.3481039464474,-18.4409424986276,5.79061188245326));
#13391=CARTESIAN_POINT('Ctrl Pts',(39.3722209648639,-18.4409424986276,5.81909301393592));
#13392=CARTESIAN_POINT('Ctrl Pts',(39.4205238711663,-18.4409424986276,5.87613660869673));
#13393=CARTESIAN_POINT('Ctrl Pts',(39.4273646351505,-18.4409424986276,5.9505765661399));
#13394=CARTESIAN_POINT('Ctrl Pts',(39.4307898938656,-18.4409424986276,5.98784961247951));
#13395=CARTESIAN_POINT('',(39.3481039464474,-18.4409424986276,5.79061188245326));
#13396=CARTESIAN_POINT('Ctrl Pts',(39.1521930158138,-18.4409424986276,5.70967115903407));
#13397=CARTESIAN_POINT('Ctrl Pts',(39.1521930158138,-17.4409424986276,5.70967115903407));
#13398=CARTESIAN_POINT('Ctrl Pts',(39.1887441456635,-18.4409424986276,5.71312480389094));
#13399=CARTESIAN_POINT('Ctrl Pts',(39.1887441456635,-17.4409424986276,5.71312480389094));
#13400=CARTESIAN_POINT('Ctrl Pts',(39.2622943407225,-18.4409424986276,5.72007441814176));
#13401=CARTESIAN_POINT('Ctrl Pts',(39.2622943407225,-17.4409424986276,5.72007441814176));
#13402=CARTESIAN_POINT('Ctrl Pts',(39.3193848470152,-18.4409424986276,5.76700412392617));
#13403=CARTESIAN_POINT('Ctrl Pts',(39.3193848470152,-17.4409424986276,5.76700412392617));
#13404=CARTESIAN_POINT('Ctrl Pts',(39.3481039464474,-18.4409424986276,5.79061188245326));
#13405=CARTESIAN_POINT('Ctrl Pts',(39.3481039464474,-17.4409424986276,5.79061188245326));
#13406=CARTESIAN_POINT('',(39.1521930158138,-18.4409424986276,5.70967115903407));
#13407=CARTESIAN_POINT('Ctrl Pts',(39.1521930158138,-18.4409424986276,5.70967115903407));
#13408=CARTESIAN_POINT('Ctrl Pts',(39.1887441456635,-18.4409424986276,5.71312480389094));
#13409=CARTESIAN_POINT('Ctrl Pts',(39.2622943407225,-18.4409424986276,5.72007441814176));
#13410=CARTESIAN_POINT('Ctrl Pts',(39.3193848470152,-18.4409424986276,5.76700412392617));
#13411=CARTESIAN_POINT('Ctrl Pts',(39.3481039464474,-18.4409424986276,5.79061188245326));
#13412=CARTESIAN_POINT('',(39.1521930158138,-18.4409424986276,5.70967115903407));
#13413=CARTESIAN_POINT('Origin',(37.3801564633846,-18.4409424986276,5.70967115903407));
#13414=CARTESIAN_POINT('',(37.3801564633846,-18.4409424986276,5.70967115903407));
#13415=CARTESIAN_POINT('',(20.6150782316923,-18.4409424986276,5.70967115903407));
#13416=CARTESIAN_POINT('',(37.3801564633846,-18.4409424986276,5.70967115903407));
#13417=CARTESIAN_POINT('Origin',(37.3801564633846,-18.4409424986276,7.6441464617303));
#13418=CARTESIAN_POINT('',(37.3801564633846,-18.4409424986276,9.10654433513194));
#13419=CARTESIAN_POINT('Origin',(40.3511166036129,-18.4409424986276,7.36694492841273));
#13420=CARTESIAN_POINT('',(40.3511166036129,-18.4409424986276,7.36694492841273));
#13421=CARTESIAN_POINT('Ctrl Pts',(39.9974417150021,-18.4409424986276,8.21313836122066));
#13422=CARTESIAN_POINT('Ctrl Pts',(39.9974417150021,-17.4409424986276,8.21313836122066));
#13423=CARTESIAN_POINT('Ctrl Pts',(40.1005962795625,-18.4409424986276,8.08945777060821));
#13424=CARTESIAN_POINT('Ctrl Pts',(40.1005962795625,-17.4409424986276,8.08945777060821));
#13425=CARTESIAN_POINT('Ctrl Pts',(40.3055961577985,-18.4409424986276,7.84366635920768));
#13426=CARTESIAN_POINT('Ctrl Pts',(40.3055961577985,-17.4409424986276,7.84366635920768));
#13427=CARTESIAN_POINT('Ctrl Pts',(40.3360078640764,-18.4409424986276,7.52517404503249));
#13428=CARTESIAN_POINT('Ctrl Pts',(40.3360078640764,-17.4409424986276,7.52517404503249));
#13429=CARTESIAN_POINT('Ctrl Pts',(40.3511166036129,-18.4409424986276,7.36694492841273));
#13430=CARTESIAN_POINT('Ctrl Pts',(40.3511166036129,-17.4409424986276,7.36694492841273));
#13431=CARTESIAN_POINT('',(39.9974417150021,-18.4409424986276,8.21313836122066));
#13432=CARTESIAN_POINT('Ctrl Pts',(39.152681773901,-18.4409424986276,8.56894173169642));
#13433=CARTESIAN_POINT('Ctrl Pts',(39.152681773901,-17.4409424986276,8.56894173169642));
#13434=CARTESIAN_POINT('Ctrl Pts',(39.3110008295867,-18.4409424986276,8.55376407772955));
#13435=CARTESIAN_POINT('Ctrl Pts',(39.3110008295867,-17.4409424986276,8.55376407772955));
#13436=CARTESIAN_POINT('Ctrl Pts',(39.6295492419354,-18.4409424986276,8.52322563399398));
#13437=CARTESIAN_POINT('Ctrl Pts',(39.6295492419354,-17.4409424986276,8.52322563399398));
#13438=CARTESIAN_POINT('Ctrl Pts',(39.8743215993745,-18.4409424986276,8.31691319673234));
#13439=CARTESIAN_POINT('Ctrl Pts',(39.8743215993745,-17.4409424986276,8.31691319673234));
#13440=CARTESIAN_POINT('Ctrl Pts',(39.9974417150021,-18.4409424986276,8.21313836122066));
#13441=CARTESIAN_POINT('Ctrl Pts',(39.9974417150021,-17.4409424986276,8.21313836122066));
#13442=CARTESIAN_POINT('',(39.152681773901,-18.4409424986276,8.56894173169642));
#13443=CARTESIAN_POINT('Origin',(36.4508938252926,-18.4409424986276,8.56894173169642));
#13444=CARTESIAN_POINT('',(36.4508938252926,-18.4409424986276,8.56894173169642));
#13445=CARTESIAN_POINT('Origin',(36.4508938252926,-18.4409424986276,3.02624322915584));
#13446=CARTESIAN_POINT('',(36.4508938252926,-18.4409424986276,3.02624322915584));
#13447=CARTESIAN_POINT('Ctrl Pts',(36.5867375791073,-18.4409424986276,2.70181812787562));
#13448=CARTESIAN_POINT('Ctrl Pts',(36.5867375791073,-17.4409424986276,2.70181812787562));
#13449=CARTESIAN_POINT('Ctrl Pts',(36.5471162438561,-18.4409424986276,2.74862631386045));
#13450=CARTESIAN_POINT('Ctrl Pts',(36.5471162438561,-17.4409424986276,2.74862631386045));
#13451=CARTESIAN_POINT('Ctrl Pts',(36.4676948624377,-18.4409424986276,2.84245381283385));
#13452=CARTESIAN_POINT('Ctrl Pts',(36.4676948624377,-17.4409424986276,2.84245381283385));
#13453=CARTESIAN_POINT('Ctrl Pts',(36.4565025658317,-18.4409424986276,2.96488825796655));
#13454=CARTESIAN_POINT('Ctrl Pts',(36.4565025658317,-17.4409424986276,2.96488825796655));
#13455=CARTESIAN_POINT('Ctrl Pts',(36.4508938252926,-18.4409424986276,3.02624322915584));
#13456=CARTESIAN_POINT('Ctrl Pts',(36.4508938252926,-17.4409424986276,3.02624322915584));
#13457=CARTESIAN_POINT('Ctrl Pts',(49.3319916188717,-18.4409424986276,3.48668612981349));
#13458=CARTESIAN_POINT('Ctrl Pts',(49.3319916188717,-17.4409424986276,3.48668612981349));
#13459=CARTESIAN_POINT('Ctrl Pts',(49.387934276232,-18.4409424986276,3.48791607138477));
#13460=CARTESIAN_POINT('Ctrl Pts',(49.387934276232,-17.4409424986276,3.48791607138477));
#13461=CARTESIAN_POINT('Ctrl Pts',(49.4872144384846,-18.4409424986276,3.4900988207306));
#13462=CARTESIAN_POINT('Ctrl Pts',(49.4872144384846,-17.4409424986276,3.4900988207306));
#13463=CARTESIAN_POINT('Ctrl Pts',(49.5714455245576,-18.4409424986276,3.54161439636249));
#13464=CARTESIAN_POINT('Ctrl Pts',(49.5714455245576,-17.4409424986276,3.54161439636249));
#13465=CARTESIAN_POINT('Ctrl Pts',(49.6082138478756,-18.4409424986276,3.56410183454066));
#13466=CARTESIAN_POINT('Ctrl Pts',(49.6082138478756,-17.4409424986276,3.56410183454066));
#13467=CARTESIAN_POINT('',(49.3319916188717,-18.4409424986276,3.48668612981349));
#13468=CARTESIAN_POINT('Ctrl Pts',(49.3319916188717,-18.4409424986276,3.48668612981349));
#13469=CARTESIAN_POINT('Ctrl Pts',(49.387934276232,-18.4409424986276,3.48791607138477));
#13470=CARTESIAN_POINT('Ctrl Pts',(49.4872144384846,-18.4409424986276,3.4900988207306));
#13471=CARTESIAN_POINT('Ctrl Pts',(49.5714455245576,-18.4409424986276,3.54161439636249));
#13472=CARTESIAN_POINT('Ctrl Pts',(49.6082138478756,-18.4409424986276,3.56410183454066));
#13473=CARTESIAN_POINT('',(49.3319916188717,-18.4409424986276,3.48668612981349));
#13474=CARTESIAN_POINT('Origin',(49.170181697607,-18.4409424986276,3.48480143094569));
#13475=CARTESIAN_POINT('',(49.170181697607,-18.4409424986276,3.48480143094569));
#13476=CARTESIAN_POINT('',(26.5544157125797,-18.4409424986276,3.22138180739462));
#13477=CARTESIAN_POINT('',(49.170181697607,-18.4409424986276,3.48480143094569));
#13478=CARTESIAN_POINT('Origin',(49.170181697607,-18.4409424986276,7.6441464617303));
#13479=CARTESIAN_POINT('',(49.170181697607,-18.4409424986276,7.6441464617303));
#13480=CARTESIAN_POINT('',(49.170181697607,-18.4409424986276,9.10654433513194));
#13481=CARTESIAN_POINT('',(49.170181697607,-18.4409424986276,7.6441464617303));
#13482=CARTESIAN_POINT('Origin',(49.3173336446285,-18.4409424986276,7.6441464617303));
#13483=CARTESIAN_POINT('',(26.5836668223143,-18.4409424986276,7.6441464617303));
#13484=CARTESIAN_POINT('Ctrl Pts',(49.9945949971676,-18.4409424986276,2.7526018812707));
#13485=CARTESIAN_POINT('Ctrl Pts',(49.9945949971676,-17.4409424986276,2.7526018812707));
#13486=CARTESIAN_POINT('Ctrl Pts',(49.8960964667283,-18.4409424986276,2.69903575129465));
#13487=CARTESIAN_POINT('Ctrl Pts',(49.8960964667283,-17.4409424986276,2.69903575129465));
#13488=CARTESIAN_POINT('Ctrl Pts',(49.6971815608457,-18.4409424986276,2.59086051603821));
#13489=CARTESIAN_POINT('Ctrl Pts',(49.6971815608457,-17.4409424986276,2.59086051603821));
#13490=CARTESIAN_POINT('Ctrl Pts',(49.4711563834307,-18.4409424986276,2.57629464664393));
#13491=CARTESIAN_POINT('Ctrl Pts',(49.4711563834307,-17.4409424986276,2.57629464664393));
#13492=CARTESIAN_POINT('Ctrl Pts',(49.3570541799068,-18.4409424986276,2.56894149327785));
#13493=CARTESIAN_POINT('Ctrl Pts',(49.3570541799068,-17.4409424986276,2.56894149327785));
#13494=CARTESIAN_POINT('',(49.9945949971676,-18.4409424986276,2.7526018812707));
#13495=CARTESIAN_POINT('Ctrl Pts',(50.4299759328365,-18.4409424986276,3.23601164365321));
#13496=CARTESIAN_POINT('Ctrl Pts',(50.4299759328365,-17.4409424986276,3.23601164365321));
#13497=CARTESIAN_POINT('Ctrl Pts',(50.3742054851948,-18.4409424986276,3.14082913907778));
#13498=CARTESIAN_POINT('Ctrl Pts',(50.3742054851948,-17.4409424986276,3.14082913907778));
#13499=CARTESIAN_POINT('Ctrl Pts',(50.262283859146,-18.4409424986276,2.94981434299961));
#13500=CARTESIAN_POINT('Ctrl Pts',(50.262283859146,-17.4409424986276,2.94981434299961));
#13501=CARTESIAN_POINT('Ctrl Pts',(50.0840267472665,-18.4409424986276,2.81848828186051));
#13502=CARTESIAN_POINT('Ctrl Pts',(50.0840267472665,-17.4409424986276,2.81848828186051));
#13503=CARTESIAN_POINT('Ctrl Pts',(49.9945949971676,-18.4409424986276,2.7526018812707));
#13504=CARTESIAN_POINT('Ctrl Pts',(49.9945949971676,-17.4409424986276,2.7526018812707));
#13505=CARTESIAN_POINT('',(50.4299759328365,-18.4409424986276,3.23601164365321));
#13506=CARTESIAN_POINT('Origin',(51.1716007649898,-18.4409424986276,4.75129880452663));
#13507=CARTESIAN_POINT('',(51.1716007649898,-18.4409424986276,4.75129880452663));
#13508=CARTESIAN_POINT('Ctrl Pts',(51.390583461523,-18.4409424986276,5.55819131875545));
#13509=CARTESIAN_POINT('Ctrl Pts',(51.390583461523,-17.4409424986276,5.55819131875545));
#13510=CARTESIAN_POINT('Ctrl Pts',(51.3810076961357,-18.4409424986276,5.41827050292904));
#13511=CARTESIAN_POINT('Ctrl Pts',(51.3810076961357,-17.4409424986276,5.41827050292904));
#13512=CARTESIAN_POINT('Ctrl Pts',(51.3616116616441,-18.4409424986276,5.1348561898068));
#13513=CARTESIAN_POINT('Ctrl Pts',(51.3616116616441,-17.4409424986276,5.1348561898068));
#13514=CARTESIAN_POINT('Ctrl Pts',(51.2354677812867,-18.4409424986276,4.88022123059702));
#13515=CARTESIAN_POINT('Ctrl Pts',(51.2354677812867,-17.4409424986276,4.88022123059702));
#13516=CARTESIAN_POINT('Ctrl Pts',(51.1716007649898,-18.4409424986276,4.75129880452663));
#13517=CARTESIAN_POINT('Ctrl Pts',(51.1716007649898,-17.4409424986276,4.75129880452663));
#13518=CARTESIAN_POINT('',(51.390583461523,-18.4409424986276,5.55819131875545));
#13519=CARTESIAN_POINT('Ctrl Pts',(51.1847233235836,-18.4409424986276,6.39642633939296));
#13520=CARTESIAN_POINT('Ctrl Pts',(51.1847233235836,-17.4409424986276,6.39642633939296));
#13521=CARTESIAN_POINT('Ctrl Pts',(51.2447648478104,-18.4409424986276,6.26421079312393));
#13522=CARTESIAN_POINT('Ctrl Pts',(51.2447648478104,-17.4409424986276,6.26421079312393));
#13523=CARTESIAN_POINT('Ctrl Pts',(51.3657828142057,-18.4409424986276,5.99772094728181));
#13524=CARTESIAN_POINT('Ctrl Pts',(51.3657828142057,-17.4409424986276,5.99772094728181));
#13525=CARTESIAN_POINT('Ctrl Pts',(51.3822741115336,-18.4409424986276,5.7054538263604));
#13526=CARTESIAN_POINT('Ctrl Pts',(51.3822741115336,-17.4409424986276,5.7054538263604));
#13527=CARTESIAN_POINT('Ctrl Pts',(51.390583461523,-18.4409424986276,5.55819131875545));
#13528=CARTESIAN_POINT('Ctrl Pts',(51.390583461523,-17.4409424986276,5.55819131875545));
#13529=CARTESIAN_POINT('',(51.1847233235836,-18.4409424986276,6.39642633939296));
#13530=CARTESIAN_POINT('Origin',(50.447356647253,-18.4409424986276,7.90047564054042));
#13531=CARTESIAN_POINT('',(50.447356647253,-18.4409424986276,7.90047564054042));
#13532=CARTESIAN_POINT('Ctrl Pts',(50.0198959767818,-18.4409424986276,8.36856224084407));
#13533=CARTESIAN_POINT('Ctrl Pts',(50.0198959767818,-17.4409424986276,8.36856224084407));
#13534=CARTESIAN_POINT('Ctrl Pts',(50.1094401558485,-18.4409424986276,8.30220864807596));
#13535=CARTESIAN_POINT('Ctrl Pts',(50.1094401558485,-17.4409424986276,8.30220864807596));
#13536=CARTESIAN_POINT('Ctrl Pts',(50.2825745713543,-18.4409424986276,8.17391342419467));
#13537=CARTESIAN_POINT('Ctrl Pts',(50.2825745713543,-17.4409424986276,8.17391342419467));
#13538=CARTESIAN_POINT('Ctrl Pts',(50.3937031606051,-18.4409424986276,7.98950771756887));
#13539=CARTESIAN_POINT('Ctrl Pts',(50.3937031606051,-17.4409424986276,7.98950771756887));
#13540=CARTESIAN_POINT('Ctrl Pts',(50.447356647253,-18.4409424986276,7.90047564054042));
#13541=CARTESIAN_POINT('Ctrl Pts',(50.447356647253,-17.4409424986276,7.90047564054042));
#13542=CARTESIAN_POINT('',(50.0198959767818,-18.4409424986276,8.36856224084407));
#13543=CARTESIAN_POINT('Ctrl Pts',(49.3245243489742,-18.4409424986276,8.56894173169642));
#13544=CARTESIAN_POINT('Ctrl Pts',(49.3245243489742,-17.4409424986276,8.56894173169642));
#13545=CARTESIAN_POINT('Ctrl Pts',(49.452675900275,-18.4409424986276,8.56037369392106));
#13546=CARTESIAN_POINT('Ctrl Pts',(49.452675900275,-17.4409424986276,8.56037369392106));
#13547=CARTESIAN_POINT('Ctrl Pts',(49.6992779067629,-18.4409424986276,8.54388622041317));
#13548=CARTESIAN_POINT('Ctrl Pts',(49.6992779067629,-17.4409424986276,8.54388622041317));
#13549=CARTESIAN_POINT('Ctrl Pts',(49.9158633778488,-18.4409424986276,8.42545051681921));
#13550=CARTESIAN_POINT('Ctrl Pts',(49.9158633778488,-17.4409424986276,8.42545051681921));
#13551=CARTESIAN_POINT('Ctrl Pts',(50.0198959767818,-18.4409424986276,8.36856224084407));
#13552=CARTESIAN_POINT('Ctrl Pts',(50.0198959767818,-17.4409424986276,8.36856224084407));
#13553=CARTESIAN_POINT('',(49.3245243489742,-18.4409424986276,8.56894173169642));
#13554=CARTESIAN_POINT('Origin',(47.960784381628,-18.4409424986276,8.56894173169642));
#13555=CARTESIAN_POINT('',(47.960784381628,-18.4409424986276,8.56894173169642));
#13556=CARTESIAN_POINT('Ctrl Pts',(47.637195533514,-18.4409424986276,8.43240060353786));
#13557=CARTESIAN_POINT('Ctrl Pts',(47.637195533514,-17.4409424986276,8.43240060353786));
#13558=CARTESIAN_POINT('Ctrl Pts',(47.6840021499906,-18.4409424986276,8.47222508454995));
#13559=CARTESIAN_POINT('Ctrl Pts',(47.6840021499906,-17.4409424986276,8.47222508454995));
#13560=CARTESIAN_POINT('Ctrl Pts',(47.7775091578793,-18.4409424986276,8.55178366708557));
#13561=CARTESIAN_POINT('Ctrl Pts',(47.7775091578793,-17.4409424986276,8.55178366708557));
#13562=CARTESIAN_POINT('Ctrl Pts',(47.8997389251978,-18.4409424986276,8.56322670997006));
#13563=CARTESIAN_POINT('Ctrl Pts',(47.8997389251978,-17.4409424986276,8.56322670997006));
#13564=CARTESIAN_POINT('Ctrl Pts',(47.960784381628,-18.4409424986276,8.56894173169642));
#13565=CARTESIAN_POINT('Ctrl Pts',(47.960784381628,-17.4409424986276,8.56894173169642));
#13566=CARTESIAN_POINT('Ctrl Pts',(20.3157019078732,-18.4409424986276,4.8027465536645));
#13567=CARTESIAN_POINT('Ctrl Pts',(20.3157019078732,-17.4409424986276,4.8027465536645));
#13568=CARTESIAN_POINT('Ctrl Pts',(20.2538809571105,-18.4409424986276,4.80836112141377));
#13569=CARTESIAN_POINT('Ctrl Pts',(20.2538809571105,-17.4409424986276,4.80836112141377));
#13570=CARTESIAN_POINT('Ctrl Pts',(20.1307848206947,-18.4409424986276,4.81954069062216));
#13571=CARTESIAN_POINT('Ctrl Pts',(20.1307848206947,-17.4409424986276,4.81954069062216));
#13572=CARTESIAN_POINT('Ctrl Pts',(20.0369426210842,-18.4409424986276,4.89993309513192));
#13573=CARTESIAN_POINT('Ctrl Pts',(20.0369426210842,-17.4409424986276,4.89993309513192));
#13574=CARTESIAN_POINT('Ctrl Pts',(19.9902295529842,-18.4409424986276,4.93995108151942));
#13575=CARTESIAN_POINT('Ctrl Pts',(19.9902295529842,-17.4409424986276,4.93995108151942));
#13576=CARTESIAN_POINT('',(20.3157019078732,-18.4409424986276,4.8027465536645));
#13577=CARTESIAN_POINT('Origin',(23.287500089407,-18.4409424986276,4.8027465536645));
#13578=CARTESIAN_POINT('',(23.287500089407,-18.4409424986276,4.8027465536645));
#13579=CARTESIAN_POINT('Ctrl Pts',(23.6161136090755,-18.4409424986276,4.94131245160609));
#13580=CARTESIAN_POINT('Ctrl Pts',(23.6161136090755,-17.4409424986276,4.94131245160609));
#13581=CARTESIAN_POINT('Ctrl Pts',(23.5689425017583,-18.4409424986276,4.90089768231789));
#13582=CARTESIAN_POINT('Ctrl Pts',(23.5689425017583,-17.4409424986276,4.90089768231789));
#13583=CARTESIAN_POINT('Ctrl Pts',(23.4741953876857,-18.4409424986276,4.8197212382243));
#13584=CARTESIAN_POINT('Ctrl Pts',(23.4741953876857,-17.4409424986276,4.8197212382243));
#13585=CARTESIAN_POINT('Ctrl Pts',(23.3499089005716,-18.4409424986276,4.80842087911907));
#13586=CARTESIAN_POINT('Ctrl Pts',(23.3499089005716,-17.4409424986276,4.80842087911907));
#13587=CARTESIAN_POINT('Ctrl Pts',(23.287500089407,-18.4409424986276,4.8027465536645));
#13588=CARTESIAN_POINT('Ctrl Pts',(23.287500089407,-17.4409424986276,4.8027465536645));
#13589=CARTESIAN_POINT('',(23.6161136090755,-18.4409424986276,4.94131245160609));
#13590=CARTESIAN_POINT('Ctrl Pts',(23.7494790017605,-18.4409424986276,5.26842512631923));
#13591=CARTESIAN_POINT('Ctrl Pts',(23.7494790017605,-17.4409424986276,5.26842512631923));
#13592=CARTESIAN_POINT('Ctrl Pts',(23.7438000413797,-18.4409424986276,5.20753239208595));
#13593=CARTESIAN_POINT('Ctrl Pts',(23.7438000413797,-17.4409424986276,5.20753239208595));
#13594=CARTESIAN_POINT('Ctrl Pts',(23.7323789535823,-18.4409424986276,5.08506961417086));
#13595=CARTESIAN_POINT('Ctrl Pts',(23.7323789535823,-17.4409424986276,5.08506961417086));
#13596=CARTESIAN_POINT('Ctrl Pts',(23.6550113571938,-18.4409424986276,4.98940786579299));
#13597=CARTESIAN_POINT('Ctrl Pts',(23.6550113571938,-17.4409424986276,4.98940786579299));
#13598=CARTESIAN_POINT('Ctrl Pts',(23.6161136090755,-18.4409424986276,4.94131245160609));
#13599=CARTESIAN_POINT('Ctrl Pts',(23.6161136090755,-17.4409424986276,4.94131245160609));
#13600=CARTESIAN_POINT('',(23.7494790017605,-18.4409424986276,5.26842512631923));
#13601=CARTESIAN_POINT('Origin',(23.7494790017605,-18.4409424986276,5.59225716138392));
#13602=CARTESIAN_POINT('',(23.7494790017605,-18.4409424986276,5.59225716138392));
#13603=CARTESIAN_POINT('Ctrl Pts',(23.6062359273434,-18.4409424986276,5.91996349835902));
#13604=CARTESIAN_POINT('Ctrl Pts',(23.6062359273434,-17.4409424986276,5.91996349835902));
#13605=CARTESIAN_POINT('Ctrl Pts',(23.6480139436879,-18.4409424986276,5.87373472157391));
#13606=CARTESIAN_POINT('Ctrl Pts',(23.6480139436879,-17.4409424986276,5.87373472157391));
#13607=CARTESIAN_POINT('Ctrl Pts',(23.7322488102735,-18.4409424986276,5.78052601552151));
#13608=CARTESIAN_POINT('Ctrl Pts',(23.7322488102735,-17.4409424986276,5.78052601552151));
#13609=CARTESIAN_POINT('Ctrl Pts',(23.7437048305841,-18.4409424986276,5.65534970401727));
#13610=CARTESIAN_POINT('Ctrl Pts',(23.7437048305841,-17.4409424986276,5.65534970401727));
#13611=CARTESIAN_POINT('Ctrl Pts',(23.7494790017605,-18.4409424986276,5.59225716138392));
#13612=CARTESIAN_POINT('Ctrl Pts',(23.7494790017605,-17.4409424986276,5.59225716138392));
#13613=CARTESIAN_POINT('Ctrl Pts',(9.31686515212059,-18.4409424986276,8.56894173169642));
#13614=CARTESIAN_POINT('Ctrl Pts',(9.31686515212059,-17.4409424986276,8.56894173169642));
#13615=CARTESIAN_POINT('Ctrl Pts',(9.40038385231598,-18.4409424986276,8.56054144971623));
#13616=CARTESIAN_POINT('Ctrl Pts',(9.40038385231598,-17.4409424986276,8.56054144971623));
#13617=CARTESIAN_POINT('Ctrl Pts',(9.56422979052627,-18.4409424986276,8.54406188191818));
#13618=CARTESIAN_POINT('Ctrl Pts',(9.56422979052627,-17.4409424986276,8.54406188191818));
#13619=CARTESIAN_POINT('Ctrl Pts',(9.6642565809196,-18.4409424986276,8.4136739248373));
#13620=CARTESIAN_POINT('Ctrl Pts',(9.6642565809196,-17.4409424986276,8.4136739248373));
#13621=CARTESIAN_POINT('Ctrl Pts',(9.71329579353332,-18.4409424986276,8.34974982286006));
#13622=CARTESIAN_POINT('Ctrl Pts',(9.71329579353332,-17.4409424986276,8.34974982286006));
#13623=CARTESIAN_POINT('',(9.31686515212059,-18.4409424986276,8.56894173169642));
#13624=CARTESIAN_POINT('Ctrl Pts',(8.9998743891716,-18.4409424986276,8.43536712670833));
#13625=CARTESIAN_POINT('Ctrl Pts',(8.9998743891716,-17.4409424986276,8.43536712670833));
#13626=CARTESIAN_POINT('Ctrl Pts',(9.04671247935228,-18.4409424986276,8.47432350961362));
#13627=CARTESIAN_POINT('Ctrl Pts',(9.04671247935228,-17.4409424986276,8.47432350961362));
#13628=CARTESIAN_POINT('Ctrl Pts',(9.13893710839381,-18.4409424986276,8.55102898475962));
#13629=CARTESIAN_POINT('Ctrl Pts',(9.13893710839381,-17.4409424986276,8.55102898475962));
#13630=CARTESIAN_POINT('Ctrl Pts',(9.25818141159185,-18.4409424986276,8.56303379851524));
#13631=CARTESIAN_POINT('Ctrl Pts',(9.25818141159185,-17.4409424986276,8.56303379851524));
#13632=CARTESIAN_POINT('Ctrl Pts',(9.31686515212059,-18.4409424986276,8.56894173169642));
#13633=CARTESIAN_POINT('Ctrl Pts',(9.31686515212059,-17.4409424986276,8.56894173169642));
#13634=CARTESIAN_POINT('',(8.9998743891716,-18.4409424986276,8.43536712670833));
#13635=CARTESIAN_POINT('Ctrl Pts',(8.86340284943581,-18.4409424986276,8.12476374650508));
#13636=CARTESIAN_POINT('Ctrl Pts',(8.86340284943581,-17.4409424986276,8.12476374650508));
#13637=CARTESIAN_POINT('Ctrl Pts',(8.86955918596666,-18.4409424986276,8.18241623674616));
#13638=CARTESIAN_POINT('Ctrl Pts',(8.86955918596666,-17.4409424986276,8.18241623674616));
#13639=CARTESIAN_POINT('Ctrl Pts',(8.88214026221933,-18.4409424986276,8.30023474329521));
#13640=CARTESIAN_POINT('Ctrl Pts',(8.88214026221933,-17.4409424986276,8.30023474329521));
#13641=CARTESIAN_POINT('Ctrl Pts',(8.96007546009334,-18.4409424986276,8.38968687848416));
#13642=CARTESIAN_POINT('Ctrl Pts',(8.96007546009334,-17.4409424986276,8.38968687848416));
#13643=CARTESIAN_POINT('Ctrl Pts',(8.9998743891716,-18.4409424986276,8.43536712670833));
#13644=CARTESIAN_POINT('Ctrl Pts',(8.9998743891716,-17.4409424986276,8.43536712670833));
#13645=CARTESIAN_POINT('',(8.86340284943581,-18.4409424986276,8.12476374650508));
#13646=CARTESIAN_POINT('Ctrl Pts',(8.95317385196686,-18.4409424986276,7.82948233628779));
#13647=CARTESIAN_POINT('Ctrl Pts',(8.95317385196686,-17.4409424986276,7.82948233628779));
#13648=CARTESIAN_POINT('Ctrl Pts',(8.9269676832261,-18.4409424986276,7.87876008945921));
#13649=CARTESIAN_POINT('Ctrl Pts',(8.9269676832261,-17.4409424986276,7.87876008945921));
#13650=CARTESIAN_POINT('Ctrl Pts',(8.87766251697039,-18.4409424986276,7.97147290974442));
#13651=CARTESIAN_POINT('Ctrl Pts',(8.87766251697039,-17.4409424986276,7.97147290974442));
#13652=CARTESIAN_POINT('Ctrl Pts',(8.86795209091298,-18.4409424986276,8.07585958860864));
#13653=CARTESIAN_POINT('Ctrl Pts',(8.86795209091298,-17.4409424986276,8.07585958860864));
#13654=CARTESIAN_POINT('Ctrl Pts',(8.86340284943581,-18.4409424986276,8.12476374650508));
#13655=CARTESIAN_POINT('Ctrl Pts',(8.86340284943581,-17.4409424986276,8.12476374650508));
#13656=CARTESIAN_POINT('',(8.95317385196686,-18.4409424986276,7.82948233628779));
#13657=CARTESIAN_POINT('Origin',(10.2858480274677,-18.4409424986276,5.57117499852687));
#13658=CARTESIAN_POINT('',(10.2858480274677,-18.4409424986276,5.57117499852687));
#13659=CARTESIAN_POINT('Origin',(8.91568789482117,-18.4409424986276,3.15007962728053));
#13660=CARTESIAN_POINT('',(8.91568789482117,-18.4409424986276,3.15007962728053));
#13661=CARTESIAN_POINT('Ctrl Pts',(8.85,-18.4409424986276,3.02184559846431));
#13662=CARTESIAN_POINT('Ctrl Pts',(8.85,-17.4409424986276,3.02184559846431));
#13663=CARTESIAN_POINT('Ctrl Pts',(8.84861649682241,-18.4409424986276,3.05852207866478));
#13664=CARTESIAN_POINT('Ctrl Pts',(8.84861649682241,-17.4409424986276,3.05852207866478));
#13665=CARTESIAN_POINT('Ctrl Pts',(8.84640401025014,-18.4409424986276,3.11717479538896));
#13666=CARTESIAN_POINT('Ctrl Pts',(8.84640401025014,-17.4409424986276,3.11717479538896));
#13667=CARTESIAN_POINT('Ctrl Pts',(8.89680387148611,-18.4409424986276,3.14111108261645));
#13668=CARTESIAN_POINT('Ctrl Pts',(8.89680387148611,-17.4409424986276,3.14111108261645));
#13669=CARTESIAN_POINT('Ctrl Pts',(8.91568789482117,-18.4409424986276,3.15007962728053));
#13670=CARTESIAN_POINT('Ctrl Pts',(8.91568789482117,-17.4409424986276,3.15007962728053));
#13671=CARTESIAN_POINT('',(8.85,-18.4409424986276,3.02184559846431));
#13672=CARTESIAN_POINT('Ctrl Pts',(8.98716958463192,-18.4409424986276,2.70890333200007));
#13673=CARTESIAN_POINT('Ctrl Pts',(8.98716958463192,-17.4409424986276,2.70890333200008));
#13674=CARTESIAN_POINT('Ctrl Pts',(8.94717617486693,-18.4409424986276,2.75585805200075));
#13675=CARTESIAN_POINT('Ctrl Pts',(8.94717617486693,-17.4409424986276,2.75585805200075));
#13676=CARTESIAN_POINT('Ctrl Pts',(8.86988569639082,-18.4409424986276,2.84660182195911));
#13677=CARTESIAN_POINT('Ctrl Pts',(8.86988569639082,-17.4409424986276,2.84660182195911));
#13678=CARTESIAN_POINT('Ctrl Pts',(8.85647258976095,-18.4409424986276,2.96480555062358));
#13679=CARTESIAN_POINT('Ctrl Pts',(8.85647258976095,-17.4409424986276,2.96480555062358));
#13680=CARTESIAN_POINT('Ctrl Pts',(8.85,-18.4409424986276,3.02184559846431));
#13681=CARTESIAN_POINT('Ctrl Pts',(8.85,-17.4409424986276,3.02184559846431));
#13682=CARTESIAN_POINT('',(8.98716958463192,-18.4409424986276,2.70890333200007));
#13683=CARTESIAN_POINT('Ctrl Pts',(9.32014608979225,-18.4409424986276,2.56894149327785));
#13684=CARTESIAN_POINT('Ctrl Pts',(9.32014608979225,-17.4409424986276,2.56894149327785));
#13685=CARTESIAN_POINT('Ctrl Pts',(9.2573149179977,-18.4409424986276,2.57477868445345));
#13686=CARTESIAN_POINT('Ctrl Pts',(9.2573149179977,-17.4409424986276,2.57477868445345));
#13687=CARTESIAN_POINT('Ctrl Pts',(9.13162280769182,-18.4409424986276,2.58645583221571));
#13688=CARTESIAN_POINT('Ctrl Pts',(9.13162280769182,-17.4409424986276,2.58645583221571));
#13689=CARTESIAN_POINT('Ctrl Pts',(9.03532826055624,-18.4409424986276,2.66808105517615));
#13690=CARTESIAN_POINT('Ctrl Pts',(9.03532826055624,-17.4409424986276,2.66808105517615));
#13691=CARTESIAN_POINT('Ctrl Pts',(8.98716958463192,-18.4409424986276,2.70890333200007));
#13692=CARTESIAN_POINT('Ctrl Pts',(8.98716958463192,-17.4409424986276,2.70890333200008));
#13693=CARTESIAN_POINT('',(9.32014608979225,-18.4409424986276,2.56894149327785));
#13694=CARTESIAN_POINT('Ctrl Pts',(9.6770663022995,-18.4409424986276,2.74450459027797));
#13695=CARTESIAN_POINT('Ctrl Pts',(9.6770663022995,-17.4409424986276,2.74450459027797));
#13696=CARTESIAN_POINT('Ctrl Pts',(9.63581106420434,-18.4409424986276,2.69340778310633));
#13697=CARTESIAN_POINT('Ctrl Pts',(9.63581106420434,-17.4409424986276,2.69340778310633));
#13698=CARTESIAN_POINT('Ctrl Pts',(9.54511800553442,-18.4409424986276,2.58107960504629));
#13699=CARTESIAN_POINT('Ctrl Pts',(9.54511800553442,-17.4409424986276,2.58107960504629));
#13700=CARTESIAN_POINT('Ctrl Pts',(9.39951561394546,-18.4409424986276,2.57322378847901));
#13701=CARTESIAN_POINT('Ctrl Pts',(9.39951561394546,-17.4409424986276,2.57322378847901));
#13702=CARTESIAN_POINT('Ctrl Pts',(9.32014608979225,-18.4409424986276,2.56894149327785));
#13703=CARTESIAN_POINT('Ctrl Pts',(9.32014608979225,-17.4409424986276,2.56894149327785));
#13704=CARTESIAN_POINT('',(9.6770663022995,-18.4409424986276,2.74450459027797));
#13705=CARTESIAN_POINT('Origin',(10.8064642012119,-18.4409424986276,4.74459805036098));
#13706=CARTESIAN_POINT('',(10.8064642012119,-18.4409424986276,4.74459805036098));
#13707=CARTESIAN_POINT('Origin',(11.8832277715206,-18.4409424986276,2.86345459962398));
#13708=CARTESIAN_POINT('Origin',(3.85,-18.4409424986276,10.5689422085336));
#13709=CARTESIAN_POINT('Origin',(3.85,-18.4409424986276,10.5689422085336));
#13710=CARTESIAN_POINT('Origin',(81.7,45.0513906338362,38.2449920241455));
#13711=CARTESIAN_POINT('',(81.7,-14.2573909498421,10.5888529758341));
#13712=CARTESIAN_POINT('',(81.7,45.2326521912436,38.3295156764936));
#13713=CARTESIAN_POINT('Origin',(81.5,-14.2573909498421,10.5888529758341));
#13714=CARTESIAN_POINT('',(7.65000000000001,-14.2573909498421,10.5888529758341));
#13715=CARTESIAN_POINT('Origin',(10.35,42.7856211662446,37.1884463697937));
#13716=CARTESIAN_POINT('',(10.35,-11.8103599248432,11.729922282534));
#13717=CARTESIAN_POINT('Origin',(10.35,-11.8103599248432,11.729922282534));
#13718=CARTESIAN_POINT('Origin',(7.85,45.2326521912436,38.3295156764936));
#13719=CARTESIAN_POINT('',(7.65,45.2326521912436,38.3295156764936));
#13720=CARTESIAN_POINT('Origin',(3.85,34.6604936877391,4.31894220853359));
#13721=CARTESIAN_POINT('Origin',(3.85,34.6604936877391,4.31894220853359));
#13722=CARTESIAN_POINT('Origin',(3.85,-18.4409424986276,10.5689422085336));
#13723=CARTESIAN_POINT('Origin',(7.65,-14.0761293924348,10.6733766281822));
#13724=CARTESIAN_POINT('',(0.,0.,0.));
#13725=UNCERTAINTY_MEASURE_WITH_UNIT(LENGTH_MEASURE(0.01),#13731,
'DISTANCE_ACCURACY_VALUE',
'Maximum model space distance between geometric entities at asserted c
onnectivities');
#13726=UNCERTAINTY_MEASURE_WITH_UNIT(LENGTH_MEASURE(0.01),#13731,
'DISTANCE_ACCURACY_VALUE',
'Maximum model space distance between geometric entities at asserted c
onnectivities');
#13727=UNCERTAINTY_MEASURE_WITH_UNIT(LENGTH_MEASURE(0.01),#13731,
'DISTANCE_ACCURACY_VALUE',
'Maximum model space distance between geometric entities at asserted c
onnectivities');
#13728=(
GEOMETRIC_REPRESENTATION_CONTEXT(3)
GLOBAL_UNCERTAINTY_ASSIGNED_CONTEXT((#13725))
GLOBAL_UNIT_ASSIGNED_CONTEXT((#13731,#13733,#13734))
REPRESENTATION_CONTEXT('','3D')
);
#13729=(
GEOMETRIC_REPRESENTATION_CONTEXT(3)
GLOBAL_UNCERTAINTY_ASSIGNED_CONTEXT((#13726))
GLOBAL_UNIT_ASSIGNED_CONTEXT((#13731,#13733,#13734))
REPRESENTATION_CONTEXT('','3D')
);
#13730=(
GEOMETRIC_REPRESENTATION_CONTEXT(3)
GLOBAL_UNCERTAINTY_ASSIGNED_CONTEXT((#13727))
GLOBAL_UNIT_ASSIGNED_CONTEXT((#13731,#13733,#13734))
REPRESENTATION_CONTEXT('','3D')
);
#13731=(
LENGTH_UNIT()
NAMED_UNIT(*)
SI_UNIT(.MILLI.,.METRE.)
);
#13732=(
LENGTH_UNIT()
NAMED_UNIT(*)
SI_UNIT($,.METRE.)
);
#13733=(
NAMED_UNIT(*)
PLANE_ANGLE_UNIT()
SI_UNIT($,.RADIAN.)
);
#13734=(
NAMED_UNIT(*)
SI_UNIT($,.STERADIAN.)
SOLID_ANGLE_UNIT()
);
#13735=SHAPE_DEFINITION_REPRESENTATION(#13737,#13740);
#13736=SHAPE_DEFINITION_REPRESENTATION(#13738,#13741);
#13737=PRODUCT_DEFINITION_SHAPE('',$,#13743);
#13738=PRODUCT_DEFINITION_SHAPE('',$,#13744);
#13739=PRODUCT_DEFINITION_SHAPE($,$,#14);
#13740=SHAPE_REPRESENTATION('',(#7747,#8169),#13728);
#13741=SHAPE_REPRESENTATION('',(#7748),#13729);
#13742=PRODUCT_DEFINITION_CONTEXT('part definition',#13750,'design');
#13743=PRODUCT_DEFINITION('marcopad 1','marcopad v7',#13745,#13742);
#13744=PRODUCT_DEFINITION('marcopad_PCB','marcopad_PCB',#13746,#13742);
#13745=PRODUCT_DEFINITION_FORMATION('',$,#13752);
#13746=PRODUCT_DEFINITION_FORMATION('',$,#13753);
#13747=PRODUCT_RELATED_PRODUCT_CATEGORY('marcopad v7','marcopad v7',(#13752));
#13748=PRODUCT_RELATED_PRODUCT_CATEGORY('marcopad_PCB','marcopad_PCB',(#13753));
#13749=APPLICATION_PROTOCOL_DEFINITION('international standard',
'automotive_design',2009,#13750);
#13750=APPLICATION_CONTEXT(
'Core Data for Automotive Mechanical Design Process');
#13751=PRODUCT_CONTEXT('part definition',#13750,'mechanical');
#13752=PRODUCT('marcopad 1','marcopad v7','KiCad electronic assembly',(#13751));
#13753=PRODUCT('marcopad_PCB','marcopad_PCB',$,(#13751));
#13754=PRESENTATION_STYLE_ASSIGNMENT((#13756));
#13755=PRESENTATION_STYLE_ASSIGNMENT((#13757));
#13756=SURFACE_STYLE_USAGE(.BOTH.,#13758);
#13757=SURFACE_STYLE_USAGE(.BOTH.,#13759);
#13758=SURFACE_SIDE_STYLE('',(#13760));
#13759=SURFACE_SIDE_STYLE('',(#13761));
#13760=SURFACE_STYLE_FILL_AREA(#13762);
#13761=SURFACE_STYLE_FILL_AREA(#13763);
#13762=FILL_AREA_STYLE('Steel - Satin',(#13764));
#13763=FILL_AREA_STYLE('Opaque(80,124,105)',(#13765));
#13764=FILL_AREA_STYLE_COLOUR('Steel - Satin',#13766);
#13765=FILL_AREA_STYLE_COLOUR('Opaque(80,124,105)',#13767);
#13766=COLOUR_RGB('Steel - Satin',0.627450980392157,0.627450980392157,0.627450980392157);
#13767=COLOUR_RGB('Opaque(80,124,105)',0.313725490196078,0.486274509803922,
0.411764705882353);
ENDSEC;
END-ISO-10303-21;
