ISO-10303-21;
HEADER;
/* Generated by software containing ST-Developer
 * from STEP Tools, Inc. (www.steptools.com) 
 */

FILE_DESCRIPTION(
/* description */ ('KiCad electronic assembly'),
/* implementation_level */ '2;1');

FILE_NAME(
/* name */ 'marcopad.step',
/* time_stamp */ '2025-12-07T01:28:11+01:00',
/* author */ (''),
/* organization */ (''),
/* preprocessor_version */ 'ST-DEVELOPER v20.1',
/* originating_system */ 'Autodesk Translation Framework v14.17.0.0',
/* authorisation */ '');

FILE_SCHEMA (('AUTOMOTIVE_DESIGN { 1 0 10303 214 3 1 1 }'));
ENDSEC;

DATA;
#10=MECHANICAL_DESIGN_GEOMETRIC_PRESENTATION_REPRESENTATION('',(#292,#293),
#13379);
#11=ITEM_DEFINED_TRANSFORMATION($,$,#7529,#7935);
#12=(
REPRESENTATION_RELATIONSHIP($,$,#13390,#13389)
REPRESENTATION_RELATIONSHIP_WITH_TRANSFORMATION(#11)
SHAPE_REPRESENTATION_RELATIONSHIP()
);
#13=CONTEXT_DEPENDENT_SHAPE_REPRESENTATION(#12,#13388);
#14=NEXT_ASSEMBLY_USAGE_OCCURRENCE('marcopad_PCB:1','marcopad_PCB:1',
'marcopad_PCB:1',#13392,#13393,'marcopad_PCB:1');
#15=B_SPLINE_SURFACE_WITH_KNOTS('',3,1,((#10108,#10109),(#10110,#10111),
(#10112,#10113),(#10114,#10115),(#10116,#10117)),.UNSPECIFIED.,.F.,.F.,
 .F.,(4,1,4),(2,2),(0.,0.0290832889863667,0.0532574955967692),(0.,0.1),
 .UNSPECIFIED.);
#16=B_SPLINE_SURFACE_WITH_KNOTS('',3,1,((#10139,#10140),(#10141,#10142),
(#10143,#10144),(#10145,#10146),(#10147,#10148)),.UNSPECIFIED.,.F.,.F.,
 .F.,(4,1,4),(2,2),(0.,0.010036587460286,0.0229523561310035),(0.,0.1),
 .UNSPECIFIED.);
#17=B_SPLINE_SURFACE_WITH_KNOTS('',3,1,((#10156,#10157),(#10158,#10159),
(#10160,#10161),(#10162,#10163),(#10164,#10165)),.UNSPECIFIED.,.F.,.F.,
 .F.,(4,1,4),(2,2),(0.,0.0142899339000154,0.0282718417248171),(0.,0.1),
 .UNSPECIFIED.);
#18=B_SPLINE_SURFACE_WITH_KNOTS('',3,1,((#10173,#10174),(#10175,#10176),
(#10177,#10178),(#10179,#10180),(#10181,#10182)),.UNSPECIFIED.,.F.,.F.,
 .F.,(4,1,4),(2,2),(0.,0.0187838786160857,0.0367599441004521),(0.,0.1),
 .UNSPECIFIED.);
#19=B_SPLINE_SURFACE_WITH_KNOTS('',3,1,((#10190,#10191),(#10192,#10193),
(#10194,#10195),(#10196,#10197),(#10198,#10199)),.UNSPECIFIED.,.F.,.F.,
 .F.,(4,1,4),(2,2),(0.,0.0179290195807207,0.0362889929921029),(0.,0.1),
 .UNSPECIFIED.);
#20=B_SPLINE_SURFACE_WITH_KNOTS('',3,1,((#10338,#10339),(#10340,#10341),
(#10342,#10343),(#10344,#10345),(#10346,#10347)),.UNSPECIFIED.,.F.,.F.,
 .F.,(4,1,4),(2,2),(0.,0.0179788351286167,0.0360502436031009),(0.,0.1),
 .UNSPECIFIED.);
#21=B_SPLINE_SURFACE_WITH_KNOTS('',3,1,((#10355,#10356),(#10357,#10358),
(#10359,#10360),(#10361,#10362),(#10363,#10364)),.UNSPECIFIED.,.F.,.F.,
 .F.,(4,1,4),(2,2),(0.,0.0182376446936831,0.0365200394936313),(0.,0.1),
 .UNSPECIFIED.);
#22=B_SPLINE_SURFACE_WITH_KNOTS('',3,1,((#10372,#10373),(#10374,#10375),
(#10376,#10377),(#10378,#10379),(#10380,#10381)),.UNSPECIFIED.,.F.,.F.,
 .F.,(4,1,4),(2,2),(0.,0.0178083673050937,0.0357443784310486),(0.,0.1),
 .UNSPECIFIED.);
#23=B_SPLINE_SURFACE_WITH_KNOTS('',3,1,((#10389,#10390),(#10391,#10392),
(#10393,#10394),(#10395,#10396),(#10397,#10398)),.UNSPECIFIED.,.F.,.F.,
 .F.,(4,1,4),(2,2),(0.,0.0179297833417746,0.0357282734778125),(0.,0.1),
 .UNSPECIFIED.);
#24=B_SPLINE_SURFACE_WITH_KNOTS('',3,1,((#10418,#10419),(#10420,#10421),
(#10422,#10423),(#10424,#10425),(#10426,#10427)),.UNSPECIFIED.,.F.,.F.,
 .F.,(4,1,4),(2,2),(0.,0.0176309352965109,0.0356392357290413),(0.,0.1),
 .UNSPECIFIED.);
#25=B_SPLINE_SURFACE_WITH_KNOTS('',3,1,((#10435,#10436),(#10437,#10438),
(#10439,#10440),(#10441,#10442),(#10443,#10444)),.UNSPECIFIED.,.F.,.F.,
 .F.,(4,1,4),(2,2),(0.,0.018108899575178,0.0360845654083847),(0.,0.1),
 .UNSPECIFIED.);
#26=B_SPLINE_SURFACE_WITH_KNOTS('',3,1,((#10452,#10453),(#10454,#10455),
(#10456,#10457),(#10458,#10459),(#10460,#10461)),.UNSPECIFIED.,.F.,.F.,
 .F.,(4,1,4),(2,2),(0.,0.0180301284918581,0.0359643558960267),(0.,0.1),
 .UNSPECIFIED.);
#27=B_SPLINE_SURFACE_WITH_KNOTS('',3,1,((#10606,#10607),(#10608,#10609),
(#10610,#10611),(#10612,#10613),(#10614,#10615)),.UNSPECIFIED.,.F.,.F.,
 .F.,(4,1,4),(2,2),(0.,0.0175994033660366,0.035522540354118),(0.,0.1),
 .UNSPECIFIED.);
#28=B_SPLINE_SURFACE_WITH_KNOTS('',3,1,((#10623,#10624),(#10625,#10626),
(#10627,#10628),(#10629,#10630),(#10631,#10632)),.UNSPECIFIED.,.F.,.F.,
 .F.,(4,1,4),(2,2),(0.,0.0179849292433062,0.0359379268164974),(0.,0.1),
 .UNSPECIFIED.);
#29=B_SPLINE_SURFACE_WITH_KNOTS('',3,1,((#10640,#10641),(#10642,#10643),
(#10644,#10645),(#10646,#10647),(#10648,#10649)),.UNSPECIFIED.,.F.,.F.,
 .F.,(4,1,4),(2,2),(0.,0.0181581502258607,0.0361808531794282),(0.,0.1),
 .UNSPECIFIED.);
#30=B_SPLINE_SURFACE_WITH_KNOTS('',3,1,((#10657,#10658),(#10659,#10660),
(#10661,#10662),(#10663,#10664),(#10665,#10666)),.UNSPECIFIED.,.F.,.F.,
 .F.,(4,1,4),(2,2),(0.,0.0179280973009602,0.0357513247510042),(0.,0.1),
 .UNSPECIFIED.);
#31=B_SPLINE_SURFACE_WITH_KNOTS('',3,1,((#10678,#10679),(#10680,#10681),
(#10682,#10683),(#10684,#10685),(#10686,#10687)),.UNSPECIFIED.,.F.,.F.,
 .F.,(4,1,4),(2,2),(0.,0.0179000713189117,0.0357732433257759),(0.,0.1),
 .UNSPECIFIED.);
#32=B_SPLINE_SURFACE_WITH_KNOTS('',3,1,((#10695,#10696),(#10697,#10698),
(#10699,#10700),(#10701,#10702),(#10703,#10704)),.UNSPECIFIED.,.F.,.F.,
 .F.,(4,1,4),(2,2),(0.,0.0179572027651327,0.0361706970980714),(0.,0.1),
 .UNSPECIFIED.);
#33=B_SPLINE_SURFACE_WITH_KNOTS('',3,1,((#10716,#10717),(#10718,#10719),
(#10720,#10721),(#10722,#10723),(#10724,#10725)),.UNSPECIFIED.,.F.,.F.,
 .F.,(4,1,4),(2,2),(0.,0.0181321586878126,0.0361084120027584),(0.,0.1),
 .UNSPECIFIED.);
#34=B_SPLINE_SURFACE_WITH_KNOTS('',3,1,((#10733,#10734),(#10735,#10736),
(#10737,#10738),(#10739,#10740),(#10741,#10742)),.UNSPECIFIED.,.F.,.F.,
 .F.,(4,1,4),(2,2),(0.,0.0180541574776654,0.0361710255346588),(0.,0.1),
 .UNSPECIFIED.);
#35=B_SPLINE_SURFACE_WITH_KNOTS('',3,1,((#10750,#10751),(#10752,#10753),
(#10754,#10755),(#10756,#10757),(#10758,#10759)),.UNSPECIFIED.,.F.,.F.,
 .F.,(4,1,4),(2,2),(0.,0.0175593779597362,0.0352162709274621),(0.,0.1),
 .UNSPECIFIED.);
#36=B_SPLINE_SURFACE_WITH_KNOTS('',3,1,((#10922,#10923),(#10924,#10925),
(#10926,#10927),(#10928,#10929),(#10930,#10931)),.UNSPECIFIED.,.F.,.F.,
 .F.,(4,1,4),(2,2),(0.,0.0255993598227692,0.0491815820122207),(0.,0.1),
 .UNSPECIFIED.);
#37=B_SPLINE_SURFACE_WITH_KNOTS('',3,1,((#10939,#10940),(#10941,#10942),
(#10943,#10944),(#10945,#10946),(#10947,#10948)),.UNSPECIFIED.,.F.,.F.,
 .F.,(4,1,4),(2,2),(0.,0.0181828565321378,0.0366494133172836),(0.,0.1),
 .UNSPECIFIED.);
#38=B_SPLINE_SURFACE_WITH_KNOTS('',3,1,((#10956,#10957),(#10958,#10959),
(#10960,#10961),(#10962,#10963),(#10964,#10965)),.UNSPECIFIED.,.F.,.F.,
 .F.,(4,1,4),(2,2),(0.,0.0181829694521351,0.0358854778029079),(0.,0.1),
 .UNSPECIFIED.);
#39=B_SPLINE_SURFACE_WITH_KNOTS('',3,1,((#10973,#10974),(#10975,#10976),
(#10977,#10978),(#10979,#10980),(#10981,#10982)),.UNSPECIFIED.,.F.,.F.,
 .F.,(4,1,4),(2,2),(0.,0.0124625702050863,0.0256071080119605),(0.,0.1),
 .UNSPECIFIED.);
#40=B_SPLINE_SURFACE_WITH_KNOTS('',3,1,((#10998,#10999),(#11000,#11001),
(#11002,#11003),(#11004,#11005),(#11006,#11007)),.UNSPECIFIED.,.F.,.F.,
 .F.,(4,1,4),(2,2),(0.,0.00988075904522499,0.0210838984057925),(0.,0.1),
 .UNSPECIFIED.);
#41=B_SPLINE_SURFACE_WITH_KNOTS('',3,1,((#11015,#11016),(#11017,#11018),
(#11019,#11020),(#11021,#11022),(#11023,#11024)),.UNSPECIFIED.,.F.,.F.,
 .F.,(4,1,4),(2,2),(0.,0.0179900109981896,0.0357726060208421),(0.,0.1),
 .UNSPECIFIED.);
#42=B_SPLINE_SURFACE_WITH_KNOTS('',3,1,((#11032,#11033),(#11034,#11035),
(#11036,#11037),(#11038,#11039),(#11040,#11041)),.UNSPECIFIED.,.F.,.F.,
 .F.,(4,1,4),(2,2),(0.,0.017866514649051,0.0359432239077122),(0.,0.1),
 .UNSPECIFIED.);
#43=B_SPLINE_SURFACE_WITH_KNOTS('',3,1,((#11049,#11050),(#11051,#11052),
(#11053,#11054),(#11055,#11056),(#11057,#11058)),.UNSPECIFIED.,.F.,.F.,
 .F.,(4,1,4),(2,2),(0.,0.0246417344379285,0.0527761732899964),(0.,0.1),
 .UNSPECIFIED.);
#44=B_SPLINE_SURFACE_WITH_KNOTS('',3,1,((#11139,#11140),(#11141,#11142),
(#11143,#11144),(#11145,#11146),(#11147,#11148)),.UNSPECIFIED.,.F.,.F.,
 .F.,(4,1,4),(2,2),(0.,0.0180343261269847,0.0361135176084395),(0.,0.1),
 .UNSPECIFIED.);
#45=B_SPLINE_SURFACE_WITH_KNOTS('',3,1,((#11162,#11163),(#11164,#11165),
(#11166,#11167),(#11168,#11169),(#11170,#11171)),.UNSPECIFIED.,.F.,.F.,
 .F.,(4,1,4),(2,2),(0.,0.0179560199784932,0.0357711120423546),(0.,0.1),
 .UNSPECIFIED.);
#46=B_SPLINE_SURFACE_WITH_KNOTS('',3,1,((#11179,#11180),(#11181,#11182),
(#11183,#11184),(#11185,#11186),(#11187,#11188)),.UNSPECIFIED.,.F.,.F.,
 .F.,(4,1,4),(2,2),(0.,0.0178221560915005,0.0357926564515477),(0.,0.1),
 .UNSPECIFIED.);
#47=B_SPLINE_SURFACE_WITH_KNOTS('',3,1,((#11200,#11201),(#11202,#11203),
(#11204,#11205),(#11206,#11207),(#11208,#11209)),.UNSPECIFIED.,.F.,.F.,
 .F.,(4,1,4),(2,2),(0.,0.0170519866813249,0.0350213116329914),(0.,0.1),
 .UNSPECIFIED.);
#48=B_SPLINE_SURFACE_WITH_KNOTS('',3,1,((#11338,#11339),(#11340,#11341),
(#11342,#11343),(#11344,#11345),(#11346,#11347)),.UNSPECIFIED.,.F.,.F.,
 .F.,(4,1,4),(2,2),(0.,0.0108605274071241,0.0218161868821888),(0.,0.1),
 .UNSPECIFIED.);
#49=B_SPLINE_SURFACE_WITH_KNOTS('',3,1,((#11355,#11356),(#11357,#11358),
(#11359,#11360),(#11361,#11362),(#11363,#11364)),.UNSPECIFIED.,.F.,.F.,
 .F.,(4,1,4),(2,2),(0.,0.010926191896249,0.0215950550059219),(0.,0.1),
 .UNSPECIFIED.);
#50=B_SPLINE_SURFACE_WITH_KNOTS('',3,1,((#11376,#11377),(#11378,#11379),
(#11380,#11381),(#11382,#11383),(#11384,#11385)),.UNSPECIFIED.,.F.,.F.,
 .F.,(4,1,4),(2,2),(0.,0.0464998562224248,0.093209290378638),(0.,0.1),
 .UNSPECIFIED.);
#51=B_SPLINE_SURFACE_WITH_KNOTS('',3,1,((#11395,#11396),(#11397,#11398),
(#11399,#11400),(#11401,#11402),(#11403,#11404)),.UNSPECIFIED.,.F.,.F.,
 .F.,(4,1,4),(2,2),(0.,0.0468066251143873,0.0936479997310852),(0.,0.1),
 .UNSPECIFIED.);
#52=B_SPLINE_SURFACE_WITH_KNOTS('',3,1,((#11420,#11421),(#11422,#11423),
(#11424,#11425),(#11426,#11427),(#11428,#11429)),.UNSPECIFIED.,.F.,.F.,
 .F.,(4,1,4),(2,2),(0.,0.0178904345849703,0.0357618416735406),(0.,0.1),
 .UNSPECIFIED.);
#53=B_SPLINE_SURFACE_WITH_KNOTS('',3,1,((#11437,#11438),(#11439,#11440),
(#11441,#11442),(#11443,#11444),(#11445,#11446)),.UNSPECIFIED.,.F.,.F.,
 .F.,(4,1,4),(2,2),(0.,0.0179731068657221,0.0362094375227745),(0.,0.1),
 .UNSPECIFIED.);
#54=B_SPLINE_SURFACE_WITH_KNOTS('',3,1,((#11454,#11455),(#11456,#11457),
(#11458,#11459),(#11460,#11461),(#11462,#11463)),.UNSPECIFIED.,.F.,.F.,
 .F.,(4,1,4),(2,2),(0.,0.0183326879281068,0.0363964172222275),(0.,0.1),
 .UNSPECIFIED.);
#55=B_SPLINE_SURFACE_WITH_KNOTS('',3,1,((#11646,#11647),(#11648,#11649),
(#11650,#11651),(#11652,#11653),(#11654,#11655)),.UNSPECIFIED.,.F.,.F.,
 .F.,(4,1,4),(2,2),(0.,0.0237805127161837,0.0427404856409719),(0.,0.1),
 .UNSPECIFIED.);
#56=B_SPLINE_SURFACE_WITH_KNOTS('',3,1,((#11663,#11664),(#11665,#11666),
(#11667,#11668),(#11669,#11670),(#11671,#11672)),.UNSPECIFIED.,.F.,.F.,
 .F.,(4,1,4),(2,2),(0.,0.021708300429992,0.0434334511434434),(0.,0.1),
 .UNSPECIFIED.);
#57=B_SPLINE_SURFACE_WITH_KNOTS('',3,1,((#11684,#11685),(#11686,#11687),
(#11688,#11689),(#11690,#11691),(#11692,#11693)),.UNSPECIFIED.,.F.,.F.,
 .F.,(4,1,4),(2,2),(0.,0.0160464087917303,0.0344427326477013),(0.,0.1),
 .UNSPECIFIED.);
#58=B_SPLINE_SURFACE_WITH_KNOTS('',3,1,((#11707,#11708),(#11709,#11710),
(#11711,#11712),(#11713,#11714),(#11715,#11716)),.UNSPECIFIED.,.F.,.F.,
 .F.,(4,1,4),(2,2),(0.,0.0180033829955491,0.0359256532890297),(0.,0.1),
 .UNSPECIFIED.);
#59=B_SPLINE_SURFACE_WITH_KNOTS('',3,1,((#11724,#11725),(#11726,#11727),
(#11728,#11729),(#11730,#11731),(#11732,#11733)),.UNSPECIFIED.,.F.,.F.,
 .F.,(4,1,4),(2,2),(0.,0.0178764823686313,0.0355603567885295),(0.,0.1),
 .UNSPECIFIED.);
#60=B_SPLINE_SURFACE_WITH_KNOTS('',3,1,((#11741,#11742),(#11743,#11744),
(#11745,#11746),(#11747,#11748),(#11749,#11750)),.UNSPECIFIED.,.F.,.F.,
 .F.,(4,1,4),(2,2),(0.,0.0180407191782265,0.0361510908827946),(0.,0.1),
 .UNSPECIFIED.);
#61=B_SPLINE_SURFACE_WITH_KNOTS('',3,1,((#11758,#11759),(#11760,#11761),
(#11762,#11763),(#11764,#11765),(#11766,#11767)),.UNSPECIFIED.,.F.,.F.,
 .F.,(4,1,4),(2,2),(0.,0.0180463162190908,0.0361339917664218),(0.,0.1),
 .UNSPECIFIED.);
#62=B_SPLINE_SURFACE_WITH_KNOTS('',3,1,((#11787,#11788),(#11789,#11790),
(#11791,#11792),(#11793,#11794),(#11795,#11796)),.UNSPECIFIED.,.F.,.F.,
 .F.,(4,1,4),(2,2),(0.,0.0181606717259626,0.0361616987654378),(0.,0.1),
 .UNSPECIFIED.);
#63=B_SPLINE_SURFACE_WITH_KNOTS('',3,1,((#11804,#11805),(#11806,#11807),
(#11808,#11809),(#11810,#11811),(#11812,#11813)),.UNSPECIFIED.,.F.,.F.,
 .F.,(4,1,4),(2,2),(0.,0.0180685148682112,0.036191991590343),(0.,0.1),
 .UNSPECIFIED.);
#64=B_SPLINE_SURFACE_WITH_KNOTS('',3,1,((#11821,#11822),(#11823,#11824),
(#11825,#11826),(#11827,#11828),(#11829,#11830)),.UNSPECIFIED.,.F.,.F.,
 .F.,(4,1,4),(2,2),(0.,0.0176013272558061,0.0355198322598857),(0.,0.1),
 .UNSPECIFIED.);
#65=B_SPLINE_SURFACE_WITH_KNOTS('',3,1,((#12826,#12827),(#12828,#12829),
(#12830,#12831),(#12832,#12833),(#12834,#12835)),.UNSPECIFIED.,.F.,.F.,
 .F.,(4,1,4),(2,2),(0.,0.0178281641425753,0.0357968853573307),(0.,0.1),
 .UNSPECIFIED.);
#66=B_SPLINE_SURFACE_WITH_KNOTS('',3,1,((#12837,#12838),(#12839,#12840),
(#12841,#12842),(#12843,#12844),(#12845,#12846)),.UNSPECIFIED.,.F.,.F.,
 .F.,(4,1,4),(2,2),(0.,0.0179845378772067,0.0358212534371995),(0.,0.1),
 .UNSPECIFIED.);
#67=B_SPLINE_SURFACE_WITH_KNOTS('',3,1,((#12848,#12849),(#12850,#12851),
(#12852,#12853),(#12854,#12855),(#12856,#12857)),.UNSPECIFIED.,.F.,.F.,
 .F.,(4,1,4),(2,2),(0.,0.0177886321775334,0.0358552335665811),(0.,0.1),
 .UNSPECIFIED.);
#68=B_SPLINE_SURFACE_WITH_KNOTS('',3,1,((#12859,#12860),(#12861,#12862),
(#12863,#12864),(#12865,#12866),(#12867,#12868)),.UNSPECIFIED.,.F.,.F.,
 .F.,(4,1,4),(2,2),(0.,0.018038367753128,0.0358133605182482),(0.,0.1),
 .UNSPECIFIED.);
#69=B_SPLINE_SURFACE_WITH_KNOTS('',3,1,((#12876,#12877),(#12878,#12879),
(#12880,#12881),(#12882,#12883),(#12884,#12885)),.UNSPECIFIED.,.F.,.F.,
 .F.,(4,1,4),(2,2),(0.,0.0177667001714298,0.0355950421878659),(0.,0.1),
 .UNSPECIFIED.);
#70=B_SPLINE_SURFACE_WITH_KNOTS('',3,1,((#12894,#12895),(#12896,#12897),
(#12898,#12899),(#12900,#12901),(#12902,#12903)),.UNSPECIFIED.,.F.,.F.,
 .F.,(4,1,4),(2,2),(0.,0.0178685580564415,0.0355410907848695),(0.,0.1),
 .UNSPECIFIED.);
#71=B_SPLINE_SURFACE_WITH_KNOTS('',3,1,((#12905,#12906),(#12907,#12908),
(#12909,#12910),(#12911,#12912),(#12913,#12914)),.UNSPECIFIED.,.F.,.F.,
 .F.,(4,1,4),(2,2),(0.,0.0180303514618708,0.0359643824400665),(0.,0.1),
 .UNSPECIFIED.);
#72=B_SPLINE_SURFACE_WITH_KNOTS('',3,1,((#12916,#12917),(#12918,#12919),
(#12920,#12921),(#12922,#12923),(#12924,#12925)),.UNSPECIFIED.,.F.,.F.,
 .F.,(4,1,4),(2,2),(0.,0.017973133627323,0.0362130734558927),(0.,0.1),
 .UNSPECIFIED.);
#73=B_SPLINE_SURFACE_WITH_KNOTS('',3,1,((#12927,#12928),(#12929,#12930),
(#12931,#12932),(#12933,#12934),(#12935,#12936)),.UNSPECIFIED.,.F.,.F.,
 .F.,(4,1,4),(2,2),(0.,0.0178969724684193,0.0357711957000796),(0.,0.1),
 .UNSPECIFIED.);
#74=B_SPLINE_SURFACE_WITH_KNOTS('',3,1,((#12944,#12945),(#12946,#12947),
(#12948,#12949),(#12950,#12951),(#12952,#12953)),.UNSPECIFIED.,.F.,.F.,
 .F.,(4,1,4),(2,2),(0.,0.0178670083478288,0.0355343896892146),(0.,0.1),
 .UNSPECIFIED.);
#75=B_SPLINE_SURFACE_WITH_KNOTS('',3,1,((#12959,#12960),(#12961,#12962),
(#12963,#12964),(#12965,#12966),(#12967,#12968)),.UNSPECIFIED.,.F.,.F.,
 .F.,(4,1,4),(2,2),(0.,0.017506771399615,0.0343256616729786),(0.,0.1),
 .UNSPECIFIED.);
#76=B_SPLINE_SURFACE_WITH_KNOTS('',3,1,((#12970,#12971),(#12972,#12973),
(#12974,#12975),(#12976,#12977),(#12978,#12979)),.UNSPECIFIED.,.F.,.F.,
 .F.,(4,1,4),(2,2),(0.,0.0177574442270175,0.0355657003289126),(0.,0.1),
 .UNSPECIFIED.);
#77=B_SPLINE_SURFACE_WITH_KNOTS('',3,1,((#12981,#12982),(#12983,#12984),
(#12985,#12986),(#12987,#12988),(#12989,#12990)),.UNSPECIFIED.,.F.,.F.,
 .F.,(4,1,4),(2,2),(0.,0.00869381768332439,0.0157655783612511),(0.,0.1),
 .UNSPECIFIED.);
#78=B_SPLINE_SURFACE_WITH_KNOTS('',3,1,((#12994,#12995),(#12996,#12997),
(#12998,#12999),(#13000,#13001),(#13002,#13003)),.UNSPECIFIED.,.F.,.F.,
 .F.,(4,1,4),(2,2),(0.,0.0284797845762018,0.053291120978012),(0.,0.1),
 .UNSPECIFIED.);
#79=B_SPLINE_SURFACE_WITH_KNOTS('',3,1,((#13005,#13006),(#13007,#13008),
(#13009,#13010),(#13011,#13012),(#13013,#13014)),.UNSPECIFIED.,.F.,.F.,
 .F.,(4,1,4),(2,2),(0.,0.0330588854520893,0.0633188335867426),(0.,0.1),
 .UNSPECIFIED.);
#80=B_SPLINE_SURFACE_WITH_KNOTS('',3,1,((#13018,#13019),(#13020,#13021),
(#13022,#13023),(#13024,#13025),(#13026,#13027)),.UNSPECIFIED.,.F.,.F.,
 .F.,(4,1,4),(2,2),(0.,0.0088726006020699,0.0190178353953963),(0.,0.1),
 .UNSPECIFIED.);
#81=B_SPLINE_SURFACE_WITH_KNOTS('',3,1,((#13028,#13029),(#13030,#13031),
(#13032,#13033),(#13034,#13035),(#13036,#13037)),.UNSPECIFIED.,.F.,.F.,
 .F.,(4,1,4),(2,2),(0.,0.0109116140918135,0.0218543878012228),(0.,0.1),
 .UNSPECIFIED.);
#82=B_SPLINE_SURFACE_WITH_KNOTS('',3,1,((#13045,#13046),(#13047,#13048),
(#13049,#13050),(#13051,#13052),(#13053,#13054)),.UNSPECIFIED.,.F.,.F.,
 .F.,(4,1,4),(2,2),(0.,0.0107509796139935,0.0216337128547635),(0.,0.1),
 .UNSPECIFIED.);
#83=B_SPLINE_SURFACE_WITH_KNOTS('',3,1,((#13070,#13071),(#13072,#13073),
(#13074,#13075),(#13076,#13077),(#13078,#13079)),.UNSPECIFIED.,.F.,.F.,
 .F.,(4,1,4),(2,2),(0.,0.0471203444953074,0.0936426315708004),(0.,0.1),
 .UNSPECIFIED.);
#84=B_SPLINE_SURFACE_WITH_KNOTS('',3,1,((#13081,#13082),(#13083,#13084),
(#13085,#13086),(#13087,#13088),(#13089,#13090)),.UNSPECIFIED.,.F.,.F.,
 .F.,(4,1,4),(2,2),(0.,0.0465314898674396,0.0936244355253917),(0.,0.1),
 .UNSPECIFIED.);
#85=B_SPLINE_SURFACE_WITH_KNOTS('',3,1,((#13096,#13097),(#13098,#13099),
(#13100,#13101),(#13102,#13103),(#13104,#13105)),.UNSPECIFIED.,.F.,.F.,
 .F.,(4,1,4),(2,2),(0.,0.0179302828801355,0.0359414397958874),(0.,0.1),
 .UNSPECIFIED.);
#86=B_SPLINE_SURFACE_WITH_KNOTS('',3,1,((#13106,#13107),(#13108,#13109),
(#13110,#13111),(#13112,#13113),(#13114,#13115)),.UNSPECIFIED.,.F.,.F.,
 .F.,(4,1,4),(2,2),(0.,0.016419429618701,0.0291391884754406),(0.,0.1),
 .UNSPECIFIED.);
#87=B_SPLINE_SURFACE_WITH_KNOTS('',3,1,((#13133,#13134),(#13135,#13136),
(#13137,#13138),(#13139,#13140),(#13141,#13142)),.UNSPECIFIED.,.F.,.F.,
 .F.,(4,1,4),(2,2),(0.,0.0332060499244712,0.0670586481443039),(0.,0.1),
 .UNSPECIFIED.);
#88=B_SPLINE_SURFACE_WITH_KNOTS('',3,1,((#13144,#13145),(#13146,#13147),
(#13148,#13149),(#13150,#13151),(#13152,#13153)),.UNSPECIFIED.,.F.,.F.,
 .F.,(4,1,4),(2,2),(0.,0.0327213953661638,0.0656661714370751),(0.,0.1),
 .UNSPECIFIED.);
#89=B_SPLINE_SURFACE_WITH_KNOTS('',3,1,((#13157,#13158),(#13159,#13160),
(#13161,#13162),(#13163,#13164),(#13165,#13166)),.UNSPECIFIED.,.F.,.F.,
 .F.,(4,1,4),(2,2),(0.,0.0416362684127198,0.0843356604481512),(0.,0.1),
 .UNSPECIFIED.);
#90=B_SPLINE_SURFACE_WITH_KNOTS('',3,1,((#13168,#13169),(#13170,#13171),
(#13172,#13173),(#13174,#13175),(#13176,#13177)),.UNSPECIFIED.,.F.,.F.,
 .F.,(4,1,4),(2,2),(0.,0.0431555576985219,0.0869830987568509),(0.,0.1),
 .UNSPECIFIED.);
#91=B_SPLINE_SURFACE_WITH_KNOTS('',3,1,((#13181,#13182),(#13183,#13184),
(#13185,#13186),(#13187,#13188),(#13189,#13190)),.UNSPECIFIED.,.F.,.F.,
 .F.,(4,1,4),(2,2),(0.,0.0330686185589991,0.0639384492155365),(0.,0.1),
 .UNSPECIFIED.);
#92=B_SPLINE_SURFACE_WITH_KNOTS('',3,1,((#13192,#13193),(#13194,#13195),
(#13196,#13197),(#13198,#13199),(#13200,#13201)),.UNSPECIFIED.,.F.,.F.,
 .F.,(4,1,4),(2,2),(0.,0.0380095053736554,0.0731416841669973),(0.,0.1),
 .UNSPECIFIED.);
#93=B_SPLINE_SURFACE_WITH_KNOTS('',3,1,((#13205,#13206),(#13207,#13208),
(#13209,#13210),(#13211,#13212),(#13213,#13214)),.UNSPECIFIED.,.F.,.F.,
 .F.,(4,1,4),(2,2),(0.,0.0179659944437592,0.0358912160425705),(0.,0.1),
 .UNSPECIFIED.);
#94=B_SPLINE_SURFACE_WITH_KNOTS('',3,1,((#13215,#13216),(#13217,#13218),
(#13219,#13220),(#13221,#13222),(#13223,#13224)),.UNSPECIFIED.,.F.,.F.,
 .F.,(4,1,4),(2,2),(0.,0.0181357605471239,0.0361114157380959),(0.,0.1),
 .UNSPECIFIED.);
#95=B_SPLINE_SURFACE_WITH_KNOTS('',3,1,((#13228,#13229),(#13230,#13231),
(#13232,#13233),(#13234,#13235),(#13236,#13237)),.UNSPECIFIED.,.F.,.F.,
 .F.,(4,1,4),(2,2),(0.,0.0181527315510216,0.0364612794740797),(0.,0.1),
 .UNSPECIFIED.);
#96=B_SPLINE_SURFACE_WITH_KNOTS('',3,1,((#13239,#13240),(#13241,#13242),
(#13243,#13244),(#13245,#13246),(#13247,#13248)),.UNSPECIFIED.,.F.,.F.,
 .F.,(4,1,4),(2,2),(0.,0.0179181251950725,0.036035553568886),(0.,0.1),
 .UNSPECIFIED.);
#97=B_SPLINE_SURFACE_WITH_KNOTS('',3,1,((#13252,#13253),(#13254,#13255),
(#13256,#13257),(#13258,#13259),(#13260,#13261)),.UNSPECIFIED.,.F.,.F.,
 .F.,(4,1,4),(2,2),(0.,0.0181709639741965,0.0366371805084215),(0.,0.1),
 .UNSPECIFIED.);
#98=B_SPLINE_SURFACE_WITH_KNOTS('',3,1,((#13262,#13263),(#13264,#13265),
(#13266,#13267),(#13268,#13269),(#13270,#13271)),.UNSPECIFIED.,.F.,.F.,
 .F.,(4,1,4),(2,2),(0.,0.0240305081963675,0.0471427494907412),(0.,0.1),
 .UNSPECIFIED.);
#99=B_SPLINE_SURFACE_WITH_KNOTS('',3,1,((#13273,#13274),(#13275,#13276),
(#13277,#13278),(#13279,#13280),(#13281,#13282)),.UNSPECIFIED.,.F.,.F.,
 .F.,(4,1,4),(2,2),(0.,0.0178290705805679,0.0351056034544766),(0.,0.1),
 .UNSPECIFIED.);
#100=B_SPLINE_SURFACE_WITH_KNOTS('',3,1,((#13284,#13285),(#13286,#13287),
(#13288,#13289),(#13290,#13291),(#13292,#13293)),.UNSPECIFIED.,.F.,.F.,
 .F.,(4,1,4),(2,2),(0.,0.016963169537207,0.0346658972206543),(0.,0.1),
 .UNSPECIFIED.);
#101=B_SPLINE_SURFACE_WITH_KNOTS('',3,1,((#13295,#13296),(#13297,#13298),
(#13299,#13300),(#13301,#13302),(#13303,#13304)),.UNSPECIFIED.,.F.,.F.,
 .F.,(4,1,4),(2,2),(0.,0.0165492660889455,0.0311363451864184),(0.,0.1),
 .UNSPECIFIED.);
#102=B_SPLINE_SURFACE_WITH_KNOTS('',3,1,((#13310,#13311),(#13312,#13313),
(#13314,#13315),(#13316,#13317),(#13318,#13319)),.UNSPECIFIED.,.F.,.F.,
 .F.,(4,1,4),(2,2),(0.,0.0097842603243297,0.0156469063013086),(0.,0.1),
 .UNSPECIFIED.);
#103=B_SPLINE_SURFACE_WITH_KNOTS('',3,1,((#13321,#13322),(#13323,#13324),
(#13325,#13326),(#13327,#13328),(#13329,#13330)),.UNSPECIFIED.,.F.,.F.,
 .F.,(4,1,4),(2,2),(0.,0.0180421323909201,0.0348678708171694),(0.,0.1),
 .UNSPECIFIED.);
#104=B_SPLINE_SURFACE_WITH_KNOTS('',3,1,((#13332,#13333),(#13334,#13335),
(#13336,#13337),(#13338,#13339),(#13340,#13341)),.UNSPECIFIED.,.F.,.F.,
 .F.,(4,1,4),(2,2),(0.,0.0184496007283157,0.0369079420868598),(0.,0.1),
 .UNSPECIFIED.);
#105=B_SPLINE_SURFACE_WITH_KNOTS('',3,1,((#13343,#13344),(#13345,#13346),
(#13347,#13348),(#13349,#13350),(#13351,#13352)),.UNSPECIFIED.,.F.,.F.,
 .F.,(4,1,4),(2,2),(0.,0.018867217255697,0.0414765668679955),(0.,0.1),
 .UNSPECIFIED.);
#106=B_SPLINE_CURVE_WITH_KNOTS('',3,(#9996,#9997,#9998,#9999,#10000,#10001,
#10002),.UNSPECIFIED.,.F.,.F.,(4,3,4),(-0.0191653138858677,-0.0102239085162654,
0.),.UNSPECIFIED.);
#107=B_SPLINE_CURVE_WITH_KNOTS('',3,(#10004,#10005,#10006,#10007,#10008,
#10009,#10010),.UNSPECIFIED.,.F.,.F.,(4,3,4),(-0.0371831744387194,-0.0188123736085549,
0.),.UNSPECIFIED.);
#108=B_SPLINE_CURVE_WITH_KNOTS('',3,(#10012,#10013,#10014,#10015,#10016,
#10017,#10018),.UNSPECIFIED.,.F.,.F.,(4,3,4),(-0.0391787479641755,-0.0191588903692278,
0.),.UNSPECIFIED.);
#109=B_SPLINE_CURVE_WITH_KNOTS('',3,(#10020,#10021,#10022,#10023,#10024,
#10025,#10026),.UNSPECIFIED.,.F.,.F.,(4,3,4),(-0.029234706274602,-0.0144580948208205,
0.),.UNSPECIFIED.);
#110=B_SPLINE_CURVE_WITH_KNOTS('',3,(#10028,#10029,#10030,#10031,#10032,
#10033,#10034),.UNSPECIFIED.,.F.,.F.,(4,3,4),(-0.023900287432788,-0.0134491893504812,
0.),.UNSPECIFIED.);
#111=B_SPLINE_CURVE_WITH_KNOTS('',3,(#10042,#10043,#10044,#10045,#10046,
#10047,#10048),.UNSPECIFIED.,.F.,.F.,(4,3,4),(-0.06699411675529,-0.0304094212838287,
0.),.UNSPECIFIED.);
#112=B_SPLINE_CURVE_WITH_KNOTS('',3,(#10050,#10051,#10052,#10053,#10054,
#10055,#10056),.UNSPECIFIED.,.F.,.F.,(4,3,4),(-0.0364614593373344,-0.0178653885726574,
0.),.UNSPECIFIED.);
#113=B_SPLINE_CURVE_WITH_KNOTS('',3,(#10058,#10059,#10060,#10061,#10062,
#10063,#10064),.UNSPECIFIED.,.F.,.F.,(4,3,4),(-0.0364450190133951,-0.01824854357504,
0.),.UNSPECIFIED.);
#114=B_SPLINE_CURVE_WITH_KNOTS('',3,(#10066,#10067,#10068,#10069,#10070,
#10071,#10072),.UNSPECIFIED.,.F.,.F.,(4,3,4),(-0.0176143555951576,-0.00790104266463264,
0.),.UNSPECIFIED.);
#115=B_SPLINE_CURVE_WITH_KNOTS('',3,(#10076,#10077,#10078,#10079,#10080,
#10081,#10082),.UNSPECIFIED.,.F.,.F.,(4,3,4),(-0.0571071103714968,-0.0265879887748492,
0.),.UNSPECIFIED.);
#116=B_SPLINE_CURVE_WITH_KNOTS('',3,(#10084,#10085,#10086,#10087,#10088,
#10089,#10090),.UNSPECIFIED.,.F.,.F.,(4,3,4),(-0.0706644368355664,-0.0337703977234419,
0.),.UNSPECIFIED.);
#117=B_SPLINE_CURVE_WITH_KNOTS('',3,(#10121,#10122,#10123,#10124,#10125),
 .UNSPECIFIED.,.F.,.F.,(4,1,4),(0.,0.0290832889863667,0.0532574955967692),
 .UNSPECIFIED.);
#118=B_SPLINE_CURVE_WITH_KNOTS('',3,(#10151,#10152,#10153,#10154,#10155),
 .UNSPECIFIED.,.F.,.F.,(4,1,4),(0.,0.010036587460286,0.0229523561310035),
 .UNSPECIFIED.);
#119=B_SPLINE_CURVE_WITH_KNOTS('',3,(#10168,#10169,#10170,#10171,#10172),
 .UNSPECIFIED.,.F.,.F.,(4,1,4),(0.,0.0142899339000154,0.0282718417248171),
 .UNSPECIFIED.);
#120=B_SPLINE_CURVE_WITH_KNOTS('',3,(#10185,#10186,#10187,#10188,#10189),
 .UNSPECIFIED.,.F.,.F.,(4,1,4),(0.,0.0187838786160857,0.0367599441004521),
 .UNSPECIFIED.);
#121=B_SPLINE_CURVE_WITH_KNOTS('',3,(#10202,#10203,#10204,#10205,#10206),
 .UNSPECIFIED.,.F.,.F.,(4,1,4),(0.,0.0179290195807207,0.0362889929921029),
 .UNSPECIFIED.);
#122=B_SPLINE_CURVE_WITH_KNOTS('',3,(#10210,#10211,#10212,#10213,#10214,
#10215,#10216),.UNSPECIFIED.,.F.,.F.,(4,3,4),(-0.0368051755188624,-0.0182992047117033,
0.),.UNSPECIFIED.);
#123=B_SPLINE_CURVE_WITH_KNOTS('',3,(#10218,#10219,#10220,#10221,#10222,
#10223,#10224),.UNSPECIFIED.,.F.,.F.,(4,3,4),(-0.0370905364446175,-0.0184958161648563,
0.),.UNSPECIFIED.);
#124=B_SPLINE_CURVE_WITH_KNOTS('',3,(#10226,#10227,#10228,#10229,#10230,
#10231,#10232),.UNSPECIFIED.,.F.,.F.,(4,3,4),(-0.0372616347262415,-0.0185620274667986,
0.),.UNSPECIFIED.);
#125=B_SPLINE_CURVE_WITH_KNOTS('',3,(#10234,#10235,#10236,#10237,#10238,
#10239,#10240),.UNSPECIFIED.,.F.,.F.,(4,3,4),(-0.0365612510083316,-0.0184741894397774,
6.93889390390723E-18),.UNSPECIFIED.);
#126=B_SPLINE_CURVE_WITH_KNOTS('',3,(#10248,#10249,#10250,#10251,#10252,
#10253,#10254),.UNSPECIFIED.,.F.,.F.,(4,3,4),(-0.0368971700768824,-0.0183807907221973,
0.),.UNSPECIFIED.);
#127=B_SPLINE_CURVE_WITH_KNOTS('',3,(#10256,#10257,#10258,#10259,#10260,
#10261,#10262),.UNSPECIFIED.,.F.,.F.,(4,3,4),(-0.0366537324418284,-0.0183923117911418,
0.),.UNSPECIFIED.);
#128=B_SPLINE_CURVE_WITH_KNOTS('',3,(#10264,#10265,#10266,#10267,#10268,
#10269,#10270),.UNSPECIFIED.,.F.,.F.,(4,3,4),(-0.037397318811861,-0.0187215719494828,
0.),.UNSPECIFIED.);
#129=B_SPLINE_CURVE_WITH_KNOTS('',3,(#10272,#10273,#10274,#10275,#10276,
#10277,#10278),.UNSPECIFIED.,.F.,.F.,(4,3,4),(-0.0370204752601677,-0.0185577700309488,
-6.93889390390723E-18),.UNSPECIFIED.);
#130=B_SPLINE_CURVE_WITH_KNOTS('',3,(#10292,#10293,#10294,#10295,#10296,
#10297,#10298),.UNSPECIFIED.,.F.,.F.,(4,3,4),(-0.0368052370613149,-0.0183011196949686,
0.),.UNSPECIFIED.);
#131=B_SPLINE_CURVE_WITH_KNOTS('',3,(#10300,#10301,#10302,#10303,#10304,
#10305,#10306),.UNSPECIFIED.,.F.,.F.,(4,3,4),(-0.0370914447203921,-0.0184960528586882,
0.),.UNSPECIFIED.);
#132=B_SPLINE_CURVE_WITH_KNOTS('',3,(#10308,#10309,#10310,#10311,#10312,
#10313,#10314),.UNSPECIFIED.,.F.,.F.,(4,3,4),(-0.0371404142141271,-0.0187070263809271,
6.93889390390723E-18),.UNSPECIFIED.);
#133=B_SPLINE_CURVE_WITH_KNOTS('',3,(#10316,#10317,#10318,#10319,#10320,
#10321,#10322),.UNSPECIFIED.,.F.,.F.,(4,3,4),(-0.0367266056592476,-0.0183516244074863,
0.),.UNSPECIFIED.);
#134=B_SPLINE_CURVE_WITH_KNOTS('',3,(#10350,#10351,#10352,#10353,#10354),
 .UNSPECIFIED.,.F.,.F.,(4,1,4),(0.,0.0179788351286167,0.0360502436031009),
 .UNSPECIFIED.);
#135=B_SPLINE_CURVE_WITH_KNOTS('',3,(#10367,#10368,#10369,#10370,#10371),
 .UNSPECIFIED.,.F.,.F.,(4,1,4),(0.,0.0182376446936831,0.0365200394936313),
 .UNSPECIFIED.);
#136=B_SPLINE_CURVE_WITH_KNOTS('',3,(#10384,#10385,#10386,#10387,#10388),
 .UNSPECIFIED.,.F.,.F.,(4,1,4),(0.,0.0178083673050937,0.0357443784310486),
 .UNSPECIFIED.);
#137=B_SPLINE_CURVE_WITH_KNOTS('',3,(#10401,#10402,#10403,#10404,#10405),
 .UNSPECIFIED.,.F.,.F.,(4,1,4),(0.,0.0179297833417746,0.0357282734778125),
 .UNSPECIFIED.);
#138=B_SPLINE_CURVE_WITH_KNOTS('',3,(#10430,#10431,#10432,#10433,#10434),
 .UNSPECIFIED.,.F.,.F.,(4,1,4),(0.,0.0176309352965109,0.0356392357290413),
 .UNSPECIFIED.);
#139=B_SPLINE_CURVE_WITH_KNOTS('',3,(#10447,#10448,#10449,#10450,#10451),
 .UNSPECIFIED.,.F.,.F.,(4,1,4),(0.,0.018108899575178,0.0360845654083847),
 .UNSPECIFIED.);
#140=B_SPLINE_CURVE_WITH_KNOTS('',3,(#10464,#10465,#10466,#10467,#10468),
 .UNSPECIFIED.,.F.,.F.,(4,1,4),(0.,0.0180301284918581,0.0359643558960267),
 .UNSPECIFIED.);
#141=B_SPLINE_CURVE_WITH_KNOTS('',3,(#10472,#10473,#10474,#10475,#10476,
#10477,#10478),.UNSPECIFIED.,.F.,.F.,(4,3,4),(-0.036478669706091,-0.0182709208881483,
0.),.UNSPECIFIED.);
#142=B_SPLINE_CURVE_WITH_KNOTS('',3,(#10480,#10481,#10482,#10483,#10484,
#10485,#10486),.UNSPECIFIED.,.F.,.F.,(4,3,4),(-0.0361352863351351,-0.0181176730634492,
0.),.UNSPECIFIED.);
#143=B_SPLINE_CURVE_WITH_KNOTS('',3,(#10488,#10489,#10490,#10491,#10492,
#10493,#10494),.UNSPECIFIED.,.F.,.F.,(4,3,4),(-0.0370399517344026,-0.0185520843960198,
0.),.UNSPECIFIED.);
#144=B_SPLINE_CURVE_WITH_KNOTS('',3,(#10496,#10497,#10498,#10499,#10500,
#10501,#10502),.UNSPECIFIED.,.F.,.F.,(4,3,4),(-0.0373852442131801,-0.0186119129294829,
0.),.UNSPECIFIED.);
#145=B_SPLINE_CURVE_WITH_KNOTS('',3,(#10506,#10507,#10508,#10509,#10510,
#10511,#10512),.UNSPECIFIED.,.F.,.F.,(4,3,4),(-0.0371007374199605,-0.018681809446861,
0.),.UNSPECIFIED.);
#146=B_SPLINE_CURVE_WITH_KNOTS('',3,(#10514,#10515,#10516,#10517,#10518,
#10519,#10520),.UNSPECIFIED.,.F.,.F.,(4,3,4),(-0.036732864725024,-0.0183526219179062,
-6.93889390390723E-18),.UNSPECIFIED.);
#147=B_SPLINE_CURVE_WITH_KNOTS('',3,(#10524,#10525,#10526,#10527,#10528,
#10529,#10530),.UNSPECIFIED.,.F.,.F.,(4,3,4),(-0.0368675293964333,-0.0183796926835657,
0.),.UNSPECIFIED.);
#148=B_SPLINE_CURVE_WITH_KNOTS('',3,(#10532,#10533,#10534,#10535,#10536,
#10537,#10538),.UNSPECIFIED.,.F.,.F.,(4,3,4),(-0.0373668604549003,-0.0186134866125542,
0.),.UNSPECIFIED.);
#149=B_SPLINE_CURVE_WITH_KNOTS('',3,(#10540,#10541,#10542,#10543,#10544,
#10545,#10546),.UNSPECIFIED.,.F.,.F.,(4,3,4),(-0.0369385495384601,-0.0184528643960829,
0.),.UNSPECIFIED.);
#150=B_SPLINE_CURVE_WITH_KNOTS('',3,(#10548,#10549,#10550,#10551,#10552,
#10553,#10554),.UNSPECIFIED.,.F.,.F.,(4,3,4),(-0.0364128017703902,-0.0183723243817752,
6.93889390390723E-18),.UNSPECIFIED.);
#151=B_SPLINE_CURVE_WITH_KNOTS('',3,(#10564,#10565,#10566,#10567,#10568,
#10569,#10570),.UNSPECIFIED.,.F.,.F.,(4,3,4),(-0.036712814817706,-0.0184284841511555,
0.),.UNSPECIFIED.);
#152=B_SPLINE_CURVE_WITH_KNOTS('',3,(#10572,#10573,#10574,#10575,#10576,
#10577,#10578),.UNSPECIFIED.,.F.,.F.,(4,3,4),(-0.0370197177743206,-0.0184334748980629,
0.),.UNSPECIFIED.);
#153=B_SPLINE_CURVE_WITH_KNOTS('',3,(#10580,#10581,#10582,#10583,#10584,
#10585,#10586),.UNSPECIFIED.,.F.,.F.,(4,3,4),(-0.0367720797856314,-0.0185285784430775,
6.93889390390723E-18),.UNSPECIFIED.);
#154=B_SPLINE_CURVE_WITH_KNOTS('',3,(#10588,#10589,#10590,#10591,#10592,
#10593,#10594),.UNSPECIFIED.,.F.,.F.,(4,3,4),(-0.0372363792110754,-0.0184812696015748,
0.),.UNSPECIFIED.);
#155=B_SPLINE_CURVE_WITH_KNOTS('',3,(#10618,#10619,#10620,#10621,#10622),
 .UNSPECIFIED.,.F.,.F.,(4,1,4),(0.,0.0175994033660366,0.035522540354118),
 .UNSPECIFIED.);
#156=B_SPLINE_CURVE_WITH_KNOTS('',3,(#10635,#10636,#10637,#10638,#10639),
 .UNSPECIFIED.,.F.,.F.,(4,1,4),(0.,0.0179849292433062,0.0359379268164974),
 .UNSPECIFIED.);
#157=B_SPLINE_CURVE_WITH_KNOTS('',3,(#10652,#10653,#10654,#10655,#10656),
 .UNSPECIFIED.,.F.,.F.,(4,1,4),(0.,0.0181581502258607,0.0361808531794282),
 .UNSPECIFIED.);
#158=B_SPLINE_CURVE_WITH_KNOTS('',3,(#10669,#10670,#10671,#10672,#10673),
 .UNSPECIFIED.,.F.,.F.,(4,1,4),(0.,0.0179280973009602,0.0357513247510042),
 .UNSPECIFIED.);
#159=B_SPLINE_CURVE_WITH_KNOTS('',3,(#10690,#10691,#10692,#10693,#10694),
 .UNSPECIFIED.,.F.,.F.,(4,1,4),(0.,0.0179000713189117,0.0357732433257759),
 .UNSPECIFIED.);
#160=B_SPLINE_CURVE_WITH_KNOTS('',3,(#10707,#10708,#10709,#10710,#10711),
 .UNSPECIFIED.,.F.,.F.,(4,1,4),(0.,0.0179572027651327,0.0361706970980714),
 .UNSPECIFIED.);
#161=B_SPLINE_CURVE_WITH_KNOTS('',3,(#10728,#10729,#10730,#10731,#10732),
 .UNSPECIFIED.,.F.,.F.,(4,1,4),(0.,0.0181321586878126,0.0361084120027584),
 .UNSPECIFIED.);
#162=B_SPLINE_CURVE_WITH_KNOTS('',3,(#10745,#10746,#10747,#10748,#10749),
 .UNSPECIFIED.,.F.,.F.,(4,1,4),(0.,0.0180541574776654,0.0361710255346588),
 .UNSPECIFIED.);
#163=B_SPLINE_CURVE_WITH_KNOTS('',3,(#10762,#10763,#10764,#10765,#10766),
 .UNSPECIFIED.,.F.,.F.,(4,1,4),(0.,0.0175593779597362,0.0352162709274621),
 .UNSPECIFIED.);
#164=B_SPLINE_CURVE_WITH_KNOTS('',3,(#10772,#10773,#10774,#10775,#10776,
#10777,#10778),.UNSPECIFIED.,.F.,.F.,(4,3,4),(-0.0466725835886645,-0.024880677532795,
0.),.UNSPECIFIED.);
#165=B_SPLINE_CURVE_WITH_KNOTS('',3,(#10780,#10781,#10782,#10783,#10784,
#10785,#10786),.UNSPECIFIED.,.F.,.F.,(4,3,4),(-0.0368256615756456,-0.0185205083236276,
0.),.UNSPECIFIED.);
#166=B_SPLINE_CURVE_WITH_KNOTS('',3,(#10788,#10789,#10790,#10791,#10792,
#10793,#10794),.UNSPECIFIED.,.F.,.F.,(4,3,4),(-0.0371241338275734,-0.0184544407258969,
0.),.UNSPECIFIED.);
#167=B_SPLINE_CURVE_WITH_KNOTS('',3,(#10796,#10797,#10798,#10799,#10800,
#10801,#10802),.UNSPECIFIED.,.F.,.F.,(4,3,4),(-0.0214600432237432,-0.0114030076550428,
-3.46944695195361E-18),.UNSPECIFIED.);
#168=B_SPLINE_CURVE_WITH_KNOTS('',3,(#10808,#10809,#10810,#10811,#10812,
#10813,#10814),.UNSPECIFIED.,.F.,.F.,(4,3,4),(-0.025920396177645,-0.0133053536294326,
0.),.UNSPECIFIED.);
#169=B_SPLINE_CURVE_WITH_KNOTS('',3,(#10816,#10817,#10818,#10819,#10820,
#10821,#10822),.UNSPECIFIED.,.F.,.F.,(4,3,4),(-0.0377949496956401,-0.0186444615919226,
0.),.UNSPECIFIED.);
#170=B_SPLINE_CURVE_WITH_KNOTS('',3,(#10824,#10825,#10826,#10827,#10828,
#10829,#10830),.UNSPECIFIED.,.F.,.F.,(4,3,4),(-0.0374948342864598,-0.0188925394386603,
0.),.UNSPECIFIED.);
#171=B_SPLINE_CURVE_WITH_KNOTS('',3,(#10832,#10833,#10834,#10835,#10836,
#10837,#10838),.UNSPECIFIED.,.F.,.F.,(4,3,4),(-0.0466756224281585,-0.0223806322183429,
0.),.UNSPECIFIED.);
#172=B_SPLINE_CURVE_WITH_KNOTS('',3,(#10844,#10845,#10846,#10847,#10848,
#10849,#10850),.UNSPECIFIED.,.F.,.F.,(4,3,4),(-0.0415639054539206,-0.0203771528467218,
0.),.UNSPECIFIED.);
#173=B_SPLINE_CURVE_WITH_KNOTS('',3,(#10852,#10853,#10854,#10855,#10856,
#10857,#10858),.UNSPECIFIED.,.F.,.F.,(4,3,4),(-0.0369917201651604,-0.0182047481486699,
0.),.UNSPECIFIED.);
#174=B_SPLINE_CURVE_WITH_KNOTS('',3,(#10860,#10861,#10862,#10863,#10864,
#10865,#10866),.UNSPECIFIED.,.F.,.F.,(4,3,4),(-0.0356077006306224,-0.0181836755496423,
0.),.UNSPECIFIED.);
#175=B_SPLINE_CURVE_WITH_KNOTS('',3,(#10868,#10869,#10870,#10871,#10872,
#10873,#10874),.UNSPECIFIED.,.F.,.F.,(4,3,4),(-0.0342339734707777,-0.0160382882399713,
0.),.UNSPECIFIED.);
#176=B_SPLINE_CURVE_WITH_KNOTS('',3,(#10880,#10881,#10882,#10883,#10884,
#10885,#10886),.UNSPECIFIED.,.F.,.F.,(4,3,4),(-0.0195682075881422,-0.00733189496275795,
0.),.UNSPECIFIED.);
#177=B_SPLINE_CURVE_WITH_KNOTS('',3,(#10888,#10889,#10890,#10891,#10892,
#10893,#10894),.UNSPECIFIED.,.F.,.F.,(4,3,4),(-0.037740276062311,-0.0182118379550207,
-6.93889390390723E-18),.UNSPECIFIED.);
#178=B_SPLINE_CURVE_WITH_KNOTS('',3,(#10896,#10897,#10898,#10899,#10900,
#10901,#10902),.UNSPECIFIED.,.F.,.F.,(4,3,4),(-0.037870551562126,-0.0189397600799569,
0.),.UNSPECIFIED.);
#179=B_SPLINE_CURVE_WITH_KNOTS('',3,(#10904,#10905,#10906,#10907,#10908,
#10909,#10910),.UNSPECIFIED.,.F.,.F.,(4,3,4),(-0.0371482254060944,-0.0202499213195716,
0.),.UNSPECIFIED.);
#180=B_SPLINE_CURVE_WITH_KNOTS('',3,(#10934,#10935,#10936,#10937,#10938),
 .UNSPECIFIED.,.F.,.F.,(4,1,4),(0.,0.0255993598227692,0.0491815820122207),
 .UNSPECIFIED.);
#181=B_SPLINE_CURVE_WITH_KNOTS('',3,(#10951,#10952,#10953,#10954,#10955),
 .UNSPECIFIED.,.F.,.F.,(4,1,4),(0.,0.0181828565321378,0.0366494133172836),
 .UNSPECIFIED.);
#182=B_SPLINE_CURVE_WITH_KNOTS('',3,(#10968,#10969,#10970,#10971,#10972),
 .UNSPECIFIED.,.F.,.F.,(4,1,4),(0.,0.0181829694521351,0.0358854778029079),
 .UNSPECIFIED.);
#183=B_SPLINE_CURVE_WITH_KNOTS('',3,(#10985,#10986,#10987,#10988,#10989),
 .UNSPECIFIED.,.F.,.F.,(4,1,4),(0.,0.0124625702050863,0.0256071080119605),
 .UNSPECIFIED.);
#184=B_SPLINE_CURVE_WITH_KNOTS('',3,(#11010,#11011,#11012,#11013,#11014),
 .UNSPECIFIED.,.F.,.F.,(4,1,4),(0.,0.00988075904522499,0.0210838984057925),
 .UNSPECIFIED.);
#185=B_SPLINE_CURVE_WITH_KNOTS('',3,(#11027,#11028,#11029,#11030,#11031),
 .UNSPECIFIED.,.F.,.F.,(4,1,4),(0.,0.0179900109981896,0.0357726060208421),
 .UNSPECIFIED.);
#186=B_SPLINE_CURVE_WITH_KNOTS('',3,(#11044,#11045,#11046,#11047,#11048),
 .UNSPECIFIED.,.F.,.F.,(4,1,4),(0.,0.017866514649051,0.0359432239077122),
 .UNSPECIFIED.);
#187=B_SPLINE_CURVE_WITH_KNOTS('',3,(#11061,#11062,#11063,#11064,#11065),
 .UNSPECIFIED.,.F.,.F.,(4,1,4),(0.,0.0246417344379285,0.0527761732899964),
 .UNSPECIFIED.);
#188=B_SPLINE_CURVE_WITH_KNOTS('',3,(#11069,#11070,#11071,#11072,#11073,
#11074,#11075),.UNSPECIFIED.,.F.,.F.,(4,3,4),(-0.037712242379577,-0.0190080793365736,
0.),.UNSPECIFIED.);
#189=B_SPLINE_CURVE_WITH_KNOTS('',3,(#11077,#11078,#11079,#11080,#11081,
#11082,#11083),.UNSPECIFIED.,.F.,.F.,(4,3,4),(-0.0358374514550851,-0.0183880837298324,
0.),.UNSPECIFIED.);
#190=B_SPLINE_CURVE_WITH_KNOTS('',3,(#11087,#11088,#11089,#11090,#11091,
#11092,#11093),.UNSPECIFIED.,.F.,.F.,(4,3,4),(-0.0367042960503038,-0.0184282093250093,
0.),.UNSPECIFIED.);
#191=B_SPLINE_CURVE_WITH_KNOTS('',3,(#11095,#11096,#11097,#11098,#11099,
#11100,#11101),.UNSPECIFIED.,.F.,.F.,(4,3,4),(-0.0369594716794624,-0.0184069309844682,
0.),.UNSPECIFIED.);
#192=B_SPLINE_CURVE_WITH_KNOTS('',3,(#11105,#11106,#11107,#11108,#11109,
#11110,#11111),.UNSPECIFIED.,.F.,.F.,(4,3,4),(-0.0369851411003487,-0.0185155446548238,
0.),.UNSPECIFIED.);
#193=B_SPLINE_CURVE_WITH_KNOTS('',3,(#11113,#11114,#11115,#11116,#11117,
#11118,#11119),.UNSPECIFIED.,.F.,.F.,(4,3,4),(-0.0373914899696185,-0.0186128546065691,
0.),.UNSPECIFIED.);
#194=B_SPLINE_CURVE_WITH_KNOTS('',3,(#11123,#11124,#11125,#11126,#11127,
#11128,#11129),.UNSPECIFIED.,.F.,.F.,(4,3,4),(-0.03744042433975,-0.0188002125315227,
0.),.UNSPECIFIED.);
#195=B_SPLINE_CURVE_WITH_KNOTS('',3,(#11131,#11132,#11133,#11134,#11135,
#11136,#11137),.UNSPECIFIED.,.F.,.F.,(4,3,4),(-0.0369107679459089,-0.0185574558527069,
-6.93889390390723E-18),.UNSPECIFIED.);
#196=B_SPLINE_CURVE_WITH_KNOTS('',3,(#11152,#11153,#11154,#11155,#11156),
 .UNSPECIFIED.,.F.,.F.,(4,1,4),(0.,0.0180343261269847,0.0361135176084395),
 .UNSPECIFIED.);
#197=B_SPLINE_CURVE_WITH_KNOTS('',3,(#11174,#11175,#11176,#11177,#11178),
 .UNSPECIFIED.,.F.,.F.,(4,1,4),(0.,0.0179560199784932,0.0357711120423546),
 .UNSPECIFIED.);
#198=B_SPLINE_CURVE_WITH_KNOTS('',3,(#11191,#11192,#11193,#11194,#11195),
 .UNSPECIFIED.,.F.,.F.,(4,1,4),(0.,0.0178221560915005,0.0357926564515477),
 .UNSPECIFIED.);
#199=B_SPLINE_CURVE_WITH_KNOTS('',3,(#11212,#11213,#11214,#11215,#11216),
 .UNSPECIFIED.,.F.,.F.,(4,1,4),(0.,0.0170519866813249,0.0350213116329914),
 .UNSPECIFIED.);
#200=B_SPLINE_CURVE_WITH_KNOTS('',3,(#11220,#11221,#11222,#11223,#11224,
#11225,#11226),.UNSPECIFIED.,.F.,.F.,(4,3,4),(-0.0368836710686176,-0.0184833326382731,
0.),.UNSPECIFIED.);
#201=B_SPLINE_CURVE_WITH_KNOTS('',3,(#11228,#11229,#11230,#11231,#11232,
#11233,#11234),.UNSPECIFIED.,.F.,.F.,(4,3,4),(-0.0378141914883081,-0.0187673779633367,
0.),.UNSPECIFIED.);
#202=B_SPLINE_CURVE_WITH_KNOTS('',3,(#11236,#11237,#11238,#11239,#11240,
#11241,#11242),.UNSPECIFIED.,.F.,.F.,(4,3,4),(-0.0371352723753392,-0.0187026132524276,
0.),.UNSPECIFIED.);
#203=B_SPLINE_CURVE_WITH_KNOTS('',3,(#11244,#11245,#11246,#11247,#11248,
#11249,#11250),.UNSPECIFIED.,.F.,.F.,(4,3,4),(-0.0367108322138255,-0.0183456498980838,
0.),.UNSPECIFIED.);
#204=B_SPLINE_CURVE_WITH_KNOTS('',3,(#11256,#11257,#11258,#11259,#11260,
#11261,#11262),.UNSPECIFIED.,.F.,.F.,(4,3,4),(-0.0960252399280197,-0.0480304357705745,
0.),.UNSPECIFIED.);
#205=B_SPLINE_CURVE_WITH_KNOTS('',3,(#11264,#11265,#11266,#11267,#11268,
#11269,#11270),.UNSPECIFIED.,.F.,.F.,(4,3,4),(-0.0955829463688558,-0.0478989306938886,
0.),.UNSPECIFIED.);
#206=B_SPLINE_CURVE_WITH_KNOTS('',3,(#11274,#11275,#11276,#11277,#11278,
#11279,#11280),.UNSPECIFIED.,.F.,.F.,(4,3,4),(-0.0971659168258475,-0.0482726788077055,
0.),.UNSPECIFIED.);
#207=B_SPLINE_CURVE_WITH_KNOTS('',3,(#11282,#11283,#11284,#11285,#11286,
#11287,#11288),.UNSPECIFIED.,.F.,.F.,(4,3,4),(-0.0960401223860535,-0.0483080323969789,
0.),.UNSPECIFIED.);
#208=B_SPLINE_CURVE_WITH_KNOTS('',3,(#11298,#11299,#11300,#11301,#11302,
#11303,#11304),.UNSPECIFIED.,.F.,.F.,(4,3,4),(-0.0226135652436699,-0.0111720498947658,
-3.46944695195361E-18),.UNSPECIFIED.);
#209=B_SPLINE_CURVE_WITH_KNOTS('',3,(#11306,#11307,#11308,#11309,#11310,
#11311,#11312),.UNSPECIFIED.,.F.,.F.,(4,3,4),(-0.0223890383185025,-0.0112433341865047,
0.),.UNSPECIFIED.);
#210=B_SPLINE_CURVE_WITH_KNOTS('',3,(#11316,#11317,#11318,#11319,#11320,
#11321,#11322),.UNSPECIFIED.,.F.,.F.,(4,3,4),(-0.0224261306827126,-0.0112290527408337,
0.),.UNSPECIFIED.);
#211=B_SPLINE_CURVE_WITH_KNOTS('',3,(#11324,#11325,#11326,#11327,#11328,
#11329,#11330),.UNSPECIFIED.,.F.,.F.,(4,3,4),(-0.0221718540806389,-0.0111534425474146,
0.),.UNSPECIFIED.);
#212=B_SPLINE_CURVE_WITH_KNOTS('',3,(#11350,#11351,#11352,#11353,#11354),
 .UNSPECIFIED.,.F.,.F.,(4,1,4),(0.,0.0108605274071241,0.0218161868821888),
 .UNSPECIFIED.);
#213=B_SPLINE_CURVE_WITH_KNOTS('',3,(#11367,#11368,#11369,#11370,#11371),
 .UNSPECIFIED.,.F.,.F.,(4,1,4),(0.,0.010926191896249,0.0215950550059219),
 .UNSPECIFIED.);
#214=B_SPLINE_CURVE_WITH_KNOTS('',3,(#11389,#11390,#11391,#11392,#11393),
 .UNSPECIFIED.,.F.,.F.,(4,1,4),(0.,0.0464998562224248,0.093209290378638),
 .UNSPECIFIED.);
#215=B_SPLINE_CURVE_WITH_KNOTS('',3,(#11407,#11408,#11409,#11410,#11411),
 .UNSPECIFIED.,.F.,.F.,(4,1,4),(0.,0.0468066251143873,0.0936479997310852),
 .UNSPECIFIED.);
#216=B_SPLINE_CURVE_WITH_KNOTS('',3,(#11432,#11433,#11434,#11435,#11436),
 .UNSPECIFIED.,.F.,.F.,(4,1,4),(0.,0.0178904345849703,0.0357618416735406),
 .UNSPECIFIED.);
#217=B_SPLINE_CURVE_WITH_KNOTS('',3,(#11449,#11450,#11451,#11452,#11453),
 .UNSPECIFIED.,.F.,.F.,(4,1,4),(0.,0.0179731068657221,0.0362094375227745),
 .UNSPECIFIED.);
#218=B_SPLINE_CURVE_WITH_KNOTS('',3,(#11466,#11467,#11468,#11469,#11470),
 .UNSPECIFIED.,.F.,.F.,(4,1,4),(0.,0.0183326879281068,0.0363964172222275),
 .UNSPECIFIED.);
#219=B_SPLINE_CURVE_WITH_KNOTS('',3,(#11474,#11475,#11476,#11477,#11478,
#11479,#11480),.UNSPECIFIED.,.F.,.F.,(4,3,4),(-0.036912428430945,-0.0184352477383366,
0.),.UNSPECIFIED.);
#220=B_SPLINE_CURVE_WITH_KNOTS('',3,(#11482,#11483,#11484,#11485,#11486,
#11487,#11488),.UNSPECIFIED.,.F.,.F.,(4,3,4),(-0.0364055974941467,-0.0183653423840091,
0.),.UNSPECIFIED.);
#221=B_SPLINE_CURVE_WITH_KNOTS('',3,(#11490,#11491,#11492,#11493,#11494,
#11495,#11496),.UNSPECIFIED.,.F.,.F.,(4,3,4),(-0.0370640437905487,-0.0185601649798493,
0.),.UNSPECIFIED.);
#222=B_SPLINE_CURVE_WITH_KNOTS('',3,(#11498,#11499,#11500,#11501,#11502,
#11503,#11504),.UNSPECIFIED.,.F.,.F.,(4,3,4),(-0.0374441606001468,-0.0186394270857074,
0.),.UNSPECIFIED.);
#223=B_SPLINE_CURVE_WITH_KNOTS('',3,(#11512,#11513,#11514,#11515,#11516,
#11517,#11518),.UNSPECIFIED.,.F.,.F.,(4,3,4),(-0.0371023475834593,-0.0185724076507246,
0.),.UNSPECIFIED.);
#224=B_SPLINE_CURVE_WITH_KNOTS('',3,(#11520,#11521,#11522,#11523,#11524,
#11525,#11526),.UNSPECIFIED.,.F.,.F.,(4,3,4),(-0.0370224942053316,-0.0185469128348733,
0.),.UNSPECIFIED.);
#225=B_SPLINE_CURVE_WITH_KNOTS('',3,(#11528,#11529,#11530,#11531,#11532,
#11533,#11534),.UNSPECIFIED.,.F.,.F.,(4,3,4),(-0.0368129274278623,-0.0183067675483259,
0.),.UNSPECIFIED.);
#226=B_SPLINE_CURVE_WITH_KNOTS('',3,(#11536,#11537,#11538,#11539,#11540,
#11541,#11542),.UNSPECIFIED.,.F.,.F.,(4,3,4),(-0.0370276158191284,-0.0184720075566787,
0.),.UNSPECIFIED.);
#227=B_SPLINE_CURVE_WITH_KNOTS('',3,(#11546,#11547,#11548,#11549,#11550,
#11551,#11552),.UNSPECIFIED.,.F.,.F.,(4,3,4),(-0.0679544057503975,-0.0343047952619829,
0.),.UNSPECIFIED.);
#228=B_SPLINE_CURVE_WITH_KNOTS('',3,(#11554,#11555,#11556,#11557,#11558,
#11559,#11560),.UNSPECIFIED.,.F.,.F.,(4,3,4),(-0.066423590130847,-0.0333247736969667,
0.),.UNSPECIFIED.);
#229=B_SPLINE_CURVE_WITH_KNOTS('',3,(#11564,#11565,#11566,#11567,#11568,
#11569,#11570),.UNSPECIFIED.,.F.,.F.,(4,3,4),(-0.085263502293521,-0.0431691610808364,
0.),.UNSPECIFIED.);
#230=B_SPLINE_CURVE_WITH_KNOTS('',3,(#11572,#11573,#11574,#11575,#11576,
#11577,#11578),.UNSPECIFIED.,.F.,.F.,(4,3,4),(-0.0878247661761389,-0.0442516258966885,
0.),.UNSPECIFIED.);
#231=B_SPLINE_CURVE_WITH_KNOTS('',3,(#11582,#11583,#11584,#11585,#11586,
#11587,#11588),.UNSPECIFIED.,.F.,.F.,(4,3,4),(-0.0682610386447174,-0.0329568003174175,
0.),.UNSPECIFIED.);
#232=B_SPLINE_CURVE_WITH_KNOTS('',3,(#11590,#11591,#11592,#11593,#11594,
#11595,#11596),.UNSPECIFIED.,.F.,.F.,(4,3,4),(-0.0787375659556758,-0.0378200512664093,
1.38777878078145E-17),.UNSPECIFIED.);
#233=B_SPLINE_CURVE_WITH_KNOTS('',3,(#11602,#11603,#11604,#11605,#11606,
#11607,#11608),.UNSPECIFIED.,.F.,.F.,(4,3,4),(-0.0305208879275054,-0.0163016141729874,
0.),.UNSPECIFIED.);
#234=B_SPLINE_CURVE_WITH_KNOTS('',3,(#11612,#11613,#11614,#11615,#11616,
#11617,#11618),.UNSPECIFIED.,.F.,.F.,(4,3,4),(-0.0438222180013723,-0.0219196095547028,
0.),.UNSPECIFIED.);
#235=B_SPLINE_CURVE_WITH_KNOTS('',3,(#11620,#11621,#11622,#11623,#11624,
#11625,#11626),.UNSPECIFIED.,.F.,.F.,(4,3,4),(-0.0481003100018418,-0.0213376278166244,
0.),.UNSPECIFIED.);
#236=B_SPLINE_CURVE_WITH_KNOTS('',3,(#11630,#11631,#11632,#11633,#11634,
#11635,#11636),.UNSPECIFIED.,.F.,.F.,(4,3,4),(-0.03320571923954,-0.0144948697438,
0.),.UNSPECIFIED.);
#237=B_SPLINE_CURVE_WITH_KNOTS('',3,(#11658,#11659,#11660,#11661,#11662),
 .UNSPECIFIED.,.F.,.F.,(4,1,4),(0.,0.0237805127161837,0.0427404856409719),
 .UNSPECIFIED.);
#238=B_SPLINE_CURVE_WITH_KNOTS('',3,(#11675,#11676,#11677,#11678,#11679),
 .UNSPECIFIED.,.F.,.F.,(4,1,4),(0.,0.021708300429992,0.0434334511434434),
 .UNSPECIFIED.);
#239=B_SPLINE_CURVE_WITH_KNOTS('',3,(#11696,#11697,#11698,#11699,#11700),
 .UNSPECIFIED.,.F.,.F.,(4,1,4),(0.,0.0160464087917303,0.0344427326477013),
 .UNSPECIFIED.);
#240=B_SPLINE_CURVE_WITH_KNOTS('',3,(#11719,#11720,#11721,#11722,#11723),
 .UNSPECIFIED.,.F.,.F.,(4,1,4),(0.,0.0180033829955491,0.0359256532890297),
 .UNSPECIFIED.);
#241=B_SPLINE_CURVE_WITH_KNOTS('',3,(#11736,#11737,#11738,#11739,#11740),
 .UNSPECIFIED.,.F.,.F.,(4,1,4),(0.,0.0178764823686313,0.0355603567885295),
 .UNSPECIFIED.);
#242=B_SPLINE_CURVE_WITH_KNOTS('',3,(#11753,#11754,#11755,#11756,#11757),
 .UNSPECIFIED.,.F.,.F.,(4,1,4),(0.,0.0180407191782265,0.0361510908827946),
 .UNSPECIFIED.);
#243=B_SPLINE_CURVE_WITH_KNOTS('',3,(#11770,#11771,#11772,#11773,#11774),
 .UNSPECIFIED.,.F.,.F.,(4,1,4),(0.,0.0180463162190908,0.0361339917664218),
 .UNSPECIFIED.);
#244=B_SPLINE_CURVE_WITH_KNOTS('',3,(#11799,#11800,#11801,#11802,#11803),
 .UNSPECIFIED.,.F.,.F.,(4,1,4),(0.,0.0181606717259626,0.0361616987654378),
 .UNSPECIFIED.);
#245=B_SPLINE_CURVE_WITH_KNOTS('',3,(#11816,#11817,#11818,#11819,#11820),
 .UNSPECIFIED.,.F.,.F.,(4,1,4),(0.,0.0180685148682112,0.036191991590343),
 .UNSPECIFIED.);
#246=B_SPLINE_CURVE_WITH_KNOTS('',3,(#11833,#11834,#11835,#11836,#11837),
 .UNSPECIFIED.,.F.,.F.,(4,1,4),(0.,0.0176013272558061,0.0355198322598857),
 .UNSPECIFIED.);
#247=B_SPLINE_CURVE_WITH_KNOTS('',3,(#12543,#12544,#12545,#12546,#12547),
 .UNSPECIFIED.,.F.,.F.,(4,1,4),(0.,0.0177667001714298,0.0355950421878659),
 .UNSPECIFIED.);
#248=B_SPLINE_CURVE_WITH_KNOTS('',3,(#12555,#12556,#12557,#12558,#12559),
 .UNSPECIFIED.,.F.,.F.,(4,1,4),(0.,0.018038367753128,0.0358133605182482),
 .UNSPECIFIED.);
#249=B_SPLINE_CURVE_WITH_KNOTS('',3,(#12561,#12562,#12563,#12564,#12565),
 .UNSPECIFIED.,.F.,.F.,(4,1,4),(0.,0.0177886321775334,0.0358552335665811),
 .UNSPECIFIED.);
#250=B_SPLINE_CURVE_WITH_KNOTS('',3,(#12567,#12568,#12569,#12570,#12571),
 .UNSPECIFIED.,.F.,.F.,(4,1,4),(0.,0.0179845378772067,0.0358212534371995),
 .UNSPECIFIED.);
#251=B_SPLINE_CURVE_WITH_KNOTS('',3,(#12573,#12574,#12575,#12576,#12577),
 .UNSPECIFIED.,.F.,.F.,(4,1,4),(0.,0.0178281641425753,0.0357968853573307),
 .UNSPECIFIED.);
#252=B_SPLINE_CURVE_WITH_KNOTS('',3,(#12584,#12585,#12586,#12587,#12588),
 .UNSPECIFIED.,.F.,.F.,(4,1,4),(0.,0.0178670083478288,0.0355343896892146),
 .UNSPECIFIED.);
#253=B_SPLINE_CURVE_WITH_KNOTS('',3,(#12596,#12597,#12598,#12599,#12600),
 .UNSPECIFIED.,.F.,.F.,(4,1,4),(0.,0.0178969724684193,0.0357711957000796),
 .UNSPECIFIED.);
#254=B_SPLINE_CURVE_WITH_KNOTS('',3,(#12602,#12603,#12604,#12605,#12606),
 .UNSPECIFIED.,.F.,.F.,(4,1,4),(0.,0.017973133627323,0.0362130734558927),
 .UNSPECIFIED.);
#255=B_SPLINE_CURVE_WITH_KNOTS('',3,(#12608,#12609,#12610,#12611,#12612),
 .UNSPECIFIED.,.F.,.F.,(4,1,4),(0.,0.0180303514618708,0.0359643824400665),
 .UNSPECIFIED.);
#256=B_SPLINE_CURVE_WITH_KNOTS('',3,(#12614,#12615,#12616,#12617,#12618),
 .UNSPECIFIED.,.F.,.F.,(4,1,4),(0.,0.0178685580564415,0.0355410907848695),
 .UNSPECIFIED.);
#257=B_SPLINE_CURVE_WITH_KNOTS('',3,(#12630,#12631,#12632,#12633,#12634),
 .UNSPECIFIED.,.F.,.F.,(4,1,4),(0.,0.0088726006020699,0.0190178353953963),
 .UNSPECIFIED.);
#258=B_SPLINE_CURVE_WITH_KNOTS('',3,(#12638,#12639,#12640,#12641,#12642),
 .UNSPECIFIED.,.F.,.F.,(4,1,4),(0.,0.0330588854520893,0.0633188335867426),
 .UNSPECIFIED.);
#259=B_SPLINE_CURVE_WITH_KNOTS('',3,(#12644,#12645,#12646,#12647,#12648),
 .UNSPECIFIED.,.F.,.F.,(4,1,4),(0.,0.0284797845762018,0.053291120978012),
 .UNSPECIFIED.);
#260=B_SPLINE_CURVE_WITH_KNOTS('',3,(#12652,#12653,#12654,#12655,#12656),
 .UNSPECIFIED.,.F.,.F.,(4,1,4),(0.,0.00869381768332439,0.0157655783612511),
 .UNSPECIFIED.);
#261=B_SPLINE_CURVE_WITH_KNOTS('',3,(#12658,#12659,#12660,#12661,#12662),
 .UNSPECIFIED.,.F.,.F.,(4,1,4),(0.,0.0177574442270175,0.0355657003289126),
 .UNSPECIFIED.);
#262=B_SPLINE_CURVE_WITH_KNOTS('',3,(#12663,#12664,#12665,#12666,#12667),
 .UNSPECIFIED.,.F.,.F.,(4,1,4),(0.,0.017506771399615,0.0343256616729786),
 .UNSPECIFIED.);
#263=B_SPLINE_CURVE_WITH_KNOTS('',3,(#12669,#12670,#12671,#12672,#12673),
 .UNSPECIFIED.,.F.,.F.,(4,1,4),(0.,0.0179302828801355,0.0359414397958874),
 .UNSPECIFIED.);
#264=B_SPLINE_CURVE_WITH_KNOTS('',3,(#12679,#12680,#12681,#12682,#12683),
 .UNSPECIFIED.,.F.,.F.,(4,1,4),(0.,0.0465314898674396,0.0936244355253917),
 .UNSPECIFIED.);
#265=B_SPLINE_CURVE_WITH_KNOTS('',3,(#12685,#12686,#12687,#12688,#12689),
 .UNSPECIFIED.,.F.,.F.,(4,1,4),(0.,0.0471203444953074,0.0936426315708004),
 .UNSPECIFIED.);
#266=B_SPLINE_CURVE_WITH_KNOTS('',3,(#12692,#12693,#12694,#12695,#12696),
 .UNSPECIFIED.,.F.,.F.,(4,1,4),(0.,0.0179659944437592,0.0358912160425705),
 .UNSPECIFIED.);
#267=B_SPLINE_CURVE_WITH_KNOTS('',3,(#12700,#12701,#12702,#12703,#12704),
 .UNSPECIFIED.,.F.,.F.,(4,1,4),(0.,0.0380095053736554,0.0731416841669973),
 .UNSPECIFIED.);
#268=B_SPLINE_CURVE_WITH_KNOTS('',3,(#12706,#12707,#12708,#12709,#12710),
 .UNSPECIFIED.,.F.,.F.,(4,1,4),(0.,0.0330686185589991,0.0639384492155365),
 .UNSPECIFIED.);
#269=B_SPLINE_CURVE_WITH_KNOTS('',3,(#12714,#12715,#12716,#12717,#12718),
 .UNSPECIFIED.,.F.,.F.,(4,1,4),(0.,0.0431555576985219,0.0869830987568509),
 .UNSPECIFIED.);
#270=B_SPLINE_CURVE_WITH_KNOTS('',3,(#12720,#12721,#12722,#12723,#12724),
 .UNSPECIFIED.,.F.,.F.,(4,1,4),(0.,0.0416362684127198,0.0843356604481512),
 .UNSPECIFIED.);
#271=B_SPLINE_CURVE_WITH_KNOTS('',3,(#12728,#12729,#12730,#12731,#12732),
 .UNSPECIFIED.,.F.,.F.,(4,1,4),(0.,0.0327213953661638,0.0656661714370751),
 .UNSPECIFIED.);
#272=B_SPLINE_CURVE_WITH_KNOTS('',3,(#12733,#12734,#12735,#12736,#12737),
 .UNSPECIFIED.,.F.,.F.,(4,1,4),(0.,0.0332060499244712,0.0670586481443039),
 .UNSPECIFIED.);
#273=B_SPLINE_CURVE_WITH_KNOTS('',3,(#12739,#12740,#12741,#12742,#12743),
 .UNSPECIFIED.,.F.,.F.,(4,1,4),(0.,0.0181709639741965,0.0366371805084215),
 .UNSPECIFIED.);
#274=B_SPLINE_CURVE_WITH_KNOTS('',3,(#12747,#12748,#12749,#12750,#12751),
 .UNSPECIFIED.,.F.,.F.,(4,1,4),(0.,0.0179181251950725,0.036035553568886),
 .UNSPECIFIED.);
#275=B_SPLINE_CURVE_WITH_KNOTS('',3,(#12753,#12754,#12755,#12756,#12757),
 .UNSPECIFIED.,.F.,.F.,(4,1,4),(0.,0.0181527315510216,0.0364612794740797),
 .UNSPECIFIED.);
#276=B_SPLINE_CURVE_WITH_KNOTS('',3,(#12760,#12761,#12762,#12763,#12764),
 .UNSPECIFIED.,.F.,.F.,(4,1,4),(0.,0.0181357605471239,0.0361114157380959),
 .UNSPECIFIED.);
#277=B_SPLINE_CURVE_WITH_KNOTS('',3,(#12770,#12771,#12772,#12773,#12774),
 .UNSPECIFIED.,.F.,.F.,(4,1,4),(0.,0.018867217255697,0.0414765668679955),
 .UNSPECIFIED.);
#278=B_SPLINE_CURVE_WITH_KNOTS('',3,(#12776,#12777,#12778,#12779,#12780),
 .UNSPECIFIED.,.F.,.F.,(4,1,4),(0.,0.0184496007283157,0.0369079420868598),
 .UNSPECIFIED.);
#279=B_SPLINE_CURVE_WITH_KNOTS('',3,(#12782,#12783,#12784,#12785,#12786),
 .UNSPECIFIED.,.F.,.F.,(4,1,4),(0.,0.0180421323909201,0.0348678708171694),
 .UNSPECIFIED.);
#280=B_SPLINE_CURVE_WITH_KNOTS('',3,(#12788,#12789,#12790,#12791,#12792),
 .UNSPECIFIED.,.F.,.F.,(4,1,4),(0.,0.0097842603243297,0.0156469063013086),
 .UNSPECIFIED.);
#281=B_SPLINE_CURVE_WITH_KNOTS('',3,(#12798,#12799,#12800,#12801,#12802),
 .UNSPECIFIED.,.F.,.F.,(4,1,4),(0.,0.0165492660889455,0.0311363451864184),
 .UNSPECIFIED.);
#282=B_SPLINE_CURVE_WITH_KNOTS('',3,(#12804,#12805,#12806,#12807,#12808),
 .UNSPECIFIED.,.F.,.F.,(4,1,4),(0.,0.016963169537207,0.0346658972206543),
 .UNSPECIFIED.);
#283=B_SPLINE_CURVE_WITH_KNOTS('',3,(#12810,#12811,#12812,#12813,#12814),
 .UNSPECIFIED.,.F.,.F.,(4,1,4),(0.,0.0178290705805679,0.0351056034544766),
 .UNSPECIFIED.);
#284=B_SPLINE_CURVE_WITH_KNOTS('',3,(#12815,#12816,#12817,#12818,#12819),
 .UNSPECIFIED.,.F.,.F.,(4,1,4),(0.,0.0240305081963675,0.0471427494907412),
 .UNSPECIFIED.);
#285=B_SPLINE_CURVE_WITH_KNOTS('',3,(#13039,#13040,#13041,#13042,#13043),
 .UNSPECIFIED.,.F.,.F.,(4,1,4),(0.,0.0109116140918135,0.0218543878012228),
 .UNSPECIFIED.);
#286=B_SPLINE_CURVE_WITH_KNOTS('',3,(#13056,#13057,#13058,#13059,#13060),
 .UNSPECIFIED.,.F.,.F.,(4,1,4),(0.,0.0107509796139935,0.0216337128547635),
 .UNSPECIFIED.);
#287=B_SPLINE_CURVE_WITH_KNOTS('',3,(#13117,#13118,#13119,#13120,#13121),
 .UNSPECIFIED.,.F.,.F.,(4,1,4),(0.,0.016419429618701,0.0291391884754406),
 .UNSPECIFIED.);
#288=SHAPE_REPRESENTATION_RELATIONSHIP('SRR','None',#13390,#290);
#289=SHAPE_REPRESENTATION_RELATIONSHIP('SRR','None',#13389,#291);
#290=ADVANCED_BREP_SHAPE_REPRESENTATION('',(#294),#13378);
#291=ADVANCED_BREP_SHAPE_REPRESENTATION('',(#295),#13377);
#292=STYLED_ITEM('',(#13404),#294);
#293=STYLED_ITEM('',(#13403),#295);
#294=MANIFOLD_SOLID_BREP('Body1',#7514);
#295=MANIFOLD_SOLID_BREP('Body1',#7515);
#296=CYLINDRICAL_SURFACE('',#7584,0.75);
#297=CYLINDRICAL_SURFACE('',#7587,0.75);
#298=CYLINDRICAL_SURFACE('',#7646,0.85);
#299=CYLINDRICAL_SURFACE('',#7647,2.);
#300=CYLINDRICAL_SURFACE('',#7648,0.75);
#301=CYLINDRICAL_SURFACE('',#7649,0.85);
#302=CYLINDRICAL_SURFACE('',#7650,0.75);
#303=CYLINDRICAL_SURFACE('',#7651,0.85);
#304=CYLINDRICAL_SURFACE('',#7652,0.75);
#305=CYLINDRICAL_SURFACE('',#7653,2.);
#306=CYLINDRICAL_SURFACE('',#7654,0.85);
#307=CYLINDRICAL_SURFACE('',#7655,0.75);
#308=CYLINDRICAL_SURFACE('',#7656,0.85);
#309=CYLINDRICAL_SURFACE('',#7657,2.);
#310=CYLINDRICAL_SURFACE('',#7658,0.75);
#311=CYLINDRICAL_SURFACE('',#7659,0.85);
#312=CYLINDRICAL_SURFACE('',#7660,0.75);
#313=CYLINDRICAL_SURFACE('',#7661,0.85);
#314=CYLINDRICAL_SURFACE('',#7662,0.75);
#315=CYLINDRICAL_SURFACE('',#7663,2.);
#316=CYLINDRICAL_SURFACE('',#7664,0.85);
#317=CYLINDRICAL_SURFACE('',#7665,0.75);
#318=CYLINDRICAL_SURFACE('',#7666,0.5);
#319=CYLINDRICAL_SURFACE('',#7667,0.5);
#320=CYLINDRICAL_SURFACE('',#7668,0.5);
#321=CYLINDRICAL_SURFACE('',#7669,0.75);
#322=CYLINDRICAL_SURFACE('',#7671,0.5);
#323=CYLINDRICAL_SURFACE('',#7672,0.75);
#324=CYLINDRICAL_SURFACE('',#7674,0.5);
#325=CYLINDRICAL_SURFACE('',#7675,0.85);
#326=CYLINDRICAL_SURFACE('',#7676,2.);
#327=CYLINDRICAL_SURFACE('',#7677,0.85);
#328=CYLINDRICAL_SURFACE('',#7678,0.85);
#329=CYLINDRICAL_SURFACE('',#7679,2.);
#330=CYLINDRICAL_SURFACE('',#7680,0.85);
#331=CYLINDRICAL_SURFACE('',#7681,0.75);
#332=CYLINDRICAL_SURFACE('',#7682,0.75);
#333=CYLINDRICAL_SURFACE('',#7683,0.75);
#334=CYLINDRICAL_SURFACE('',#7684,0.75);
#335=CYLINDRICAL_SURFACE('',#7685,0.4445);
#336=CYLINDRICAL_SURFACE('',#7686,0.4445);
#337=CYLINDRICAL_SURFACE('',#7687,0.4445);
#338=CYLINDRICAL_SURFACE('',#7688,0.4445);
#339=CYLINDRICAL_SURFACE('',#7689,0.4445);
#340=CYLINDRICAL_SURFACE('',#7690,0.4445);
#341=CYLINDRICAL_SURFACE('',#7691,0.4445);
#342=CYLINDRICAL_SURFACE('',#7692,0.4445);
#343=CYLINDRICAL_SURFACE('',#7693,0.4445);
#344=CYLINDRICAL_SURFACE('',#7694,0.4445);
#345=CYLINDRICAL_SURFACE('',#7695,0.4445);
#346=CYLINDRICAL_SURFACE('',#7696,0.4445);
#347=CYLINDRICAL_SURFACE('',#7697,0.4445);
#348=CYLINDRICAL_SURFACE('',#7698,0.4445);
#349=CYLINDRICAL_SURFACE('',#7753,1.25);
#350=FACE_BOUND('',#980,.T.);
#351=FACE_BOUND('',#981,.T.);
#352=FACE_BOUND('',#982,.T.);
#353=FACE_BOUND('',#983,.T.);
#354=FACE_BOUND('',#984,.T.);
#355=FACE_BOUND('',#985,.T.);
#356=FACE_BOUND('',#986,.T.);
#357=FACE_BOUND('',#987,.T.);
#358=FACE_BOUND('',#988,.T.);
#359=FACE_BOUND('',#989,.T.);
#360=FACE_BOUND('',#990,.T.);
#361=FACE_BOUND('',#991,.T.);
#362=FACE_BOUND('',#992,.T.);
#363=FACE_BOUND('',#993,.T.);
#364=FACE_BOUND('',#994,.T.);
#365=FACE_BOUND('',#995,.T.);
#366=FACE_BOUND('',#996,.T.);
#367=FACE_BOUND('',#997,.T.);
#368=FACE_BOUND('',#998,.T.);
#369=FACE_BOUND('',#999,.T.);
#370=FACE_BOUND('',#1000,.T.);
#371=FACE_BOUND('',#1001,.T.);
#372=FACE_BOUND('',#1002,.T.);
#373=FACE_BOUND('',#1003,.T.);
#374=FACE_BOUND('',#1004,.T.);
#375=FACE_BOUND('',#1005,.T.);
#376=FACE_BOUND('',#1006,.T.);
#377=FACE_BOUND('',#1007,.T.);
#378=FACE_BOUND('',#1008,.T.);
#379=FACE_BOUND('',#1009,.T.);
#380=FACE_BOUND('',#1010,.T.);
#381=FACE_BOUND('',#1011,.T.);
#382=FACE_BOUND('',#1012,.T.);
#383=FACE_BOUND('',#1013,.T.);
#384=FACE_BOUND('',#1014,.T.);
#385=FACE_BOUND('',#1015,.T.);
#386=FACE_BOUND('',#1016,.T.);
#387=FACE_BOUND('',#1017,.T.);
#388=FACE_BOUND('',#1018,.T.);
#389=FACE_BOUND('',#1019,.T.);
#390=FACE_BOUND('',#1020,.T.);
#391=FACE_BOUND('',#1021,.T.);
#392=FACE_BOUND('',#1022,.T.);
#393=FACE_BOUND('',#1023,.T.);
#394=FACE_BOUND('',#1024,.T.);
#395=FACE_BOUND('',#1025,.T.);
#396=FACE_BOUND('',#1026,.T.);
#397=FACE_BOUND('',#1027,.T.);
#398=FACE_BOUND('',#1028,.T.);
#399=FACE_BOUND('',#1029,.T.);
#400=FACE_BOUND('',#1030,.T.);
#401=FACE_BOUND('',#1039,.T.);
#402=FACE_BOUND('',#1040,.T.);
#403=FACE_BOUND('',#1041,.T.);
#404=FACE_BOUND('',#1042,.T.);
#405=FACE_BOUND('',#1043,.T.);
#406=FACE_BOUND('',#1044,.T.);
#407=FACE_BOUND('',#1045,.T.);
#408=FACE_BOUND('',#1046,.T.);
#409=FACE_BOUND('',#1047,.T.);
#410=FACE_BOUND('',#1048,.T.);
#411=FACE_BOUND('',#1049,.T.);
#412=FACE_BOUND('',#1050,.T.);
#413=FACE_BOUND('',#1051,.T.);
#414=FACE_BOUND('',#1052,.T.);
#415=FACE_BOUND('',#1053,.T.);
#416=FACE_BOUND('',#1054,.T.);
#417=FACE_BOUND('',#1055,.T.);
#418=FACE_BOUND('',#1056,.T.);
#419=FACE_BOUND('',#1057,.T.);
#420=FACE_BOUND('',#1058,.T.);
#421=FACE_BOUND('',#1059,.T.);
#422=FACE_BOUND('',#1060,.T.);
#423=FACE_BOUND('',#1061,.T.);
#424=FACE_BOUND('',#1062,.T.);
#425=FACE_BOUND('',#1063,.T.);
#426=FACE_BOUND('',#1064,.T.);
#427=FACE_BOUND('',#1065,.T.);
#428=FACE_BOUND('',#1066,.T.);
#429=FACE_BOUND('',#1067,.T.);
#430=FACE_BOUND('',#1068,.T.);
#431=FACE_BOUND('',#1069,.T.);
#432=FACE_BOUND('',#1070,.T.);
#433=FACE_BOUND('',#1071,.T.);
#434=FACE_BOUND('',#1072,.T.);
#435=FACE_BOUND('',#1073,.T.);
#436=FACE_BOUND('',#1074,.T.);
#437=FACE_BOUND('',#1075,.T.);
#438=FACE_BOUND('',#1076,.T.);
#439=FACE_BOUND('',#1077,.T.);
#440=FACE_BOUND('',#1078,.T.);
#441=FACE_BOUND('',#1079,.T.);
#442=FACE_BOUND('',#1080,.T.);
#443=FACE_BOUND('',#1081,.T.);
#444=FACE_BOUND('',#1082,.T.);
#445=FACE_BOUND('',#1083,.T.);
#446=FACE_BOUND('',#1084,.T.);
#447=FACE_BOUND('',#1085,.T.);
#448=FACE_BOUND('',#1086,.T.);
#449=FACE_BOUND('',#1087,.T.);
#450=FACE_BOUND('',#1088,.T.);
#451=FACE_BOUND('',#1089,.T.);
#452=FACE_BOUND('',#1152,.T.);
#453=FACE_BOUND('',#1159,.T.);
#454=FACE_BOUND('',#1217,.T.);
#455=FACE_BOUND('',#1230,.T.);
#456=FACE_BOUND('',#1275,.T.);
#457=FACE_BOUND('',#1276,.T.);
#458=FACE_BOUND('',#1277,.T.);
#459=FACE_BOUND('',#1278,.T.);
#460=FACE_BOUND('',#1294,.T.);
#461=FACE_BOUND('',#1295,.T.);
#462=FACE_BOUND('',#1296,.T.);
#463=FACE_BOUND('',#1303,.T.);
#464=FACE_BOUND('',#1322,.T.);
#465=FACE_BOUND('',#1323,.T.);
#466=FACE_BOUND('',#1324,.T.);
#467=FACE_BOUND('',#1373,.T.);
#468=FACE_BOUND('',#1374,.T.);
#469=FACE_BOUND('',#1375,.T.);
#470=FACE_BOUND('',#1400,.T.);
#471=FACE_BOUND('',#1401,.T.);
#472=FACE_BOUND('',#1402,.T.);
#473=FACE_BOUND('',#1403,.T.);
#474=FACE_BOUND('',#1404,.T.);
#475=FACE_BOUND('',#1405,.T.);
#476=FACE_BOUND('',#1406,.T.);
#477=FACE_BOUND('',#1407,.T.);
#478=FACE_BOUND('',#1408,.T.);
#479=FACE_BOUND('',#1409,.T.);
#480=FACE_BOUND('',#1410,.T.);
#481=FACE_BOUND('',#1411,.T.);
#482=FACE_BOUND('',#1412,.T.);
#483=CIRCLE('',#7531,0.85);
#484=CIRCLE('',#7532,2.);
#485=CIRCLE('',#7533,0.75);
#486=CIRCLE('',#7534,0.85);
#487=CIRCLE('',#7535,0.75);
#488=CIRCLE('',#7536,0.85);
#489=CIRCLE('',#7537,0.75);
#490=CIRCLE('',#7538,2.);
#491=CIRCLE('',#7539,0.85);
#492=CIRCLE('',#7540,0.75);
#493=CIRCLE('',#7541,0.85);
#494=CIRCLE('',#7542,2.);
#495=CIRCLE('',#7543,0.75);
#496=CIRCLE('',#7544,0.85);
#497=CIRCLE('',#7545,0.75);
#498=CIRCLE('',#7546,0.85);
#499=CIRCLE('',#7547,0.75);
#500=CIRCLE('',#7548,2.);
#501=CIRCLE('',#7549,0.85);
#502=CIRCLE('',#7550,0.75);
#503=CIRCLE('',#7551,0.5);
#504=CIRCLE('',#7552,0.5);
#505=CIRCLE('',#7553,0.5);
#506=CIRCLE('',#7554,0.75);
#507=CIRCLE('',#7555,0.75);
#508=CIRCLE('',#7556,0.5);
#509=CIRCLE('',#7557,0.75);
#510=CIRCLE('',#7558,0.75);
#511=CIRCLE('',#7559,0.5);
#512=CIRCLE('',#7560,0.85);
#513=CIRCLE('',#7561,2.);
#514=CIRCLE('',#7562,0.85);
#515=CIRCLE('',#7563,0.85);
#516=CIRCLE('',#7564,2.);
#517=CIRCLE('',#7565,0.85);
#518=CIRCLE('',#7566,0.75);
#519=CIRCLE('',#7567,0.75);
#520=CIRCLE('',#7568,0.75);
#521=CIRCLE('',#7569,0.75);
#522=CIRCLE('',#7570,0.4445);
#523=CIRCLE('',#7571,0.4445);
#524=CIRCLE('',#7572,0.4445);
#525=CIRCLE('',#7573,0.4445);
#526=CIRCLE('',#7574,0.4445);
#527=CIRCLE('',#7575,0.4445);
#528=CIRCLE('',#7576,0.4445);
#529=CIRCLE('',#7577,0.4445);
#530=CIRCLE('',#7578,0.4445);
#531=CIRCLE('',#7579,0.4445);
#532=CIRCLE('',#7580,0.4445);
#533=CIRCLE('',#7581,0.4445);
#534=CIRCLE('',#7582,0.4445);
#535=CIRCLE('',#7583,0.4445);
#536=CIRCLE('',#7585,0.75);
#537=CIRCLE('',#7588,0.75);
#538=CIRCLE('',#7594,0.85);
#539=CIRCLE('',#7595,2.);
#540=CIRCLE('',#7596,0.75);
#541=CIRCLE('',#7597,0.85);
#542=CIRCLE('',#7598,0.75);
#543=CIRCLE('',#7599,0.85);
#544=CIRCLE('',#7600,0.75);
#545=CIRCLE('',#7601,2.);
#546=CIRCLE('',#7602,0.85);
#547=CIRCLE('',#7603,0.75);
#548=CIRCLE('',#7604,0.85);
#549=CIRCLE('',#7605,2.);
#550=CIRCLE('',#7606,0.75);
#551=CIRCLE('',#7607,0.85);
#552=CIRCLE('',#7608,0.75);
#553=CIRCLE('',#7609,0.85);
#554=CIRCLE('',#7610,0.75);
#555=CIRCLE('',#7611,2.);
#556=CIRCLE('',#7612,0.85);
#557=CIRCLE('',#7613,0.75);
#558=CIRCLE('',#7614,0.5);
#559=CIRCLE('',#7615,0.5);
#560=CIRCLE('',#7616,0.5);
#561=CIRCLE('',#7617,0.75);
#562=CIRCLE('',#7618,0.5);
#563=CIRCLE('',#7619,0.75);
#564=CIRCLE('',#7620,0.5);
#565=CIRCLE('',#7621,0.85);
#566=CIRCLE('',#7622,2.);
#567=CIRCLE('',#7623,0.85);
#568=CIRCLE('',#7624,0.85);
#569=CIRCLE('',#7625,2.);
#570=CIRCLE('',#7626,0.85);
#571=CIRCLE('',#7627,0.75);
#572=CIRCLE('',#7628,0.75);
#573=CIRCLE('',#7629,0.75);
#574=CIRCLE('',#7630,0.75);
#575=CIRCLE('',#7631,0.4445);
#576=CIRCLE('',#7632,0.4445);
#577=CIRCLE('',#7633,0.4445);
#578=CIRCLE('',#7634,0.4445);
#579=CIRCLE('',#7635,0.4445);
#580=CIRCLE('',#7636,0.4445);
#581=CIRCLE('',#7637,0.4445);
#582=CIRCLE('',#7638,0.4445);
#583=CIRCLE('',#7639,0.4445);
#584=CIRCLE('',#7640,0.4445);
#585=CIRCLE('',#7641,0.4445);
#586=CIRCLE('',#7642,0.4445);
#587=CIRCLE('',#7643,0.4445);
#588=CIRCLE('',#7644,0.4445);
#589=CIRCLE('',#7754,1.25);
#590=CIRCLE('',#7755,1.25);
#591=FACE_OUTER_BOUND('',#979,.T.);
#592=FACE_OUTER_BOUND('',#1031,.T.);
#593=FACE_OUTER_BOUND('',#1032,.T.);
#594=FACE_OUTER_BOUND('',#1033,.T.);
#595=FACE_OUTER_BOUND('',#1034,.T.);
#596=FACE_OUTER_BOUND('',#1035,.T.);
#597=FACE_OUTER_BOUND('',#1036,.T.);
#598=FACE_OUTER_BOUND('',#1037,.T.);
#599=FACE_OUTER_BOUND('',#1038,.T.);
#600=FACE_OUTER_BOUND('',#1090,.T.);
#601=FACE_OUTER_BOUND('',#1091,.T.);
#602=FACE_OUTER_BOUND('',#1092,.T.);
#603=FACE_OUTER_BOUND('',#1093,.T.);
#604=FACE_OUTER_BOUND('',#1094,.T.);
#605=FACE_OUTER_BOUND('',#1095,.T.);
#606=FACE_OUTER_BOUND('',#1096,.T.);
#607=FACE_OUTER_BOUND('',#1097,.T.);
#608=FACE_OUTER_BOUND('',#1098,.T.);
#609=FACE_OUTER_BOUND('',#1099,.T.);
#610=FACE_OUTER_BOUND('',#1100,.T.);
#611=FACE_OUTER_BOUND('',#1101,.T.);
#612=FACE_OUTER_BOUND('',#1102,.T.);
#613=FACE_OUTER_BOUND('',#1103,.T.);
#614=FACE_OUTER_BOUND('',#1104,.T.);
#615=FACE_OUTER_BOUND('',#1105,.T.);
#616=FACE_OUTER_BOUND('',#1106,.T.);
#617=FACE_OUTER_BOUND('',#1107,.T.);
#618=FACE_OUTER_BOUND('',#1108,.T.);
#619=FACE_OUTER_BOUND('',#1109,.T.);
#620=FACE_OUTER_BOUND('',#1110,.T.);
#621=FACE_OUTER_BOUND('',#1111,.T.);
#622=FACE_OUTER_BOUND('',#1112,.T.);
#623=FACE_OUTER_BOUND('',#1113,.T.);
#624=FACE_OUTER_BOUND('',#1114,.T.);
#625=FACE_OUTER_BOUND('',#1115,.T.);
#626=FACE_OUTER_BOUND('',#1116,.T.);
#627=FACE_OUTER_BOUND('',#1117,.T.);
#628=FACE_OUTER_BOUND('',#1118,.T.);
#629=FACE_OUTER_BOUND('',#1119,.T.);
#630=FACE_OUTER_BOUND('',#1120,.T.);
#631=FACE_OUTER_BOUND('',#1121,.T.);
#632=FACE_OUTER_BOUND('',#1122,.T.);
#633=FACE_OUTER_BOUND('',#1123,.T.);
#634=FACE_OUTER_BOUND('',#1124,.T.);
#635=FACE_OUTER_BOUND('',#1125,.T.);
#636=FACE_OUTER_BOUND('',#1126,.T.);
#637=FACE_OUTER_BOUND('',#1127,.T.);
#638=FACE_OUTER_BOUND('',#1128,.T.);
#639=FACE_OUTER_BOUND('',#1129,.T.);
#640=FACE_OUTER_BOUND('',#1130,.T.);
#641=FACE_OUTER_BOUND('',#1131,.T.);
#642=FACE_OUTER_BOUND('',#1132,.T.);
#643=FACE_OUTER_BOUND('',#1133,.T.);
#644=FACE_OUTER_BOUND('',#1134,.T.);
#645=FACE_OUTER_BOUND('',#1135,.T.);
#646=FACE_OUTER_BOUND('',#1136,.T.);
#647=FACE_OUTER_BOUND('',#1137,.T.);
#648=FACE_OUTER_BOUND('',#1138,.T.);
#649=FACE_OUTER_BOUND('',#1139,.T.);
#650=FACE_OUTER_BOUND('',#1140,.T.);
#651=FACE_OUTER_BOUND('',#1141,.T.);
#652=FACE_OUTER_BOUND('',#1142,.T.);
#653=FACE_OUTER_BOUND('',#1143,.T.);
#654=FACE_OUTER_BOUND('',#1144,.T.);
#655=FACE_OUTER_BOUND('',#1145,.T.);
#656=FACE_OUTER_BOUND('',#1146,.T.);
#657=FACE_OUTER_BOUND('',#1147,.T.);
#658=FACE_OUTER_BOUND('',#1148,.T.);
#659=FACE_OUTER_BOUND('',#1149,.T.);
#660=FACE_OUTER_BOUND('',#1150,.T.);
#661=FACE_OUTER_BOUND('',#1151,.T.);
#662=FACE_OUTER_BOUND('',#1153,.T.);
#663=FACE_OUTER_BOUND('',#1154,.T.);
#664=FACE_OUTER_BOUND('',#1155,.T.);
#665=FACE_OUTER_BOUND('',#1156,.T.);
#666=FACE_OUTER_BOUND('',#1157,.T.);
#667=FACE_OUTER_BOUND('',#1158,.T.);
#668=FACE_OUTER_BOUND('',#1160,.T.);
#669=FACE_OUTER_BOUND('',#1161,.T.);
#670=FACE_OUTER_BOUND('',#1162,.T.);
#671=FACE_OUTER_BOUND('',#1163,.T.);
#672=FACE_OUTER_BOUND('',#1164,.T.);
#673=FACE_OUTER_BOUND('',#1165,.T.);
#674=FACE_OUTER_BOUND('',#1166,.T.);
#675=FACE_OUTER_BOUND('',#1167,.T.);
#676=FACE_OUTER_BOUND('',#1168,.T.);
#677=FACE_OUTER_BOUND('',#1169,.T.);
#678=FACE_OUTER_BOUND('',#1170,.T.);
#679=FACE_OUTER_BOUND('',#1171,.T.);
#680=FACE_OUTER_BOUND('',#1172,.T.);
#681=FACE_OUTER_BOUND('',#1173,.T.);
#682=FACE_OUTER_BOUND('',#1174,.T.);
#683=FACE_OUTER_BOUND('',#1175,.T.);
#684=FACE_OUTER_BOUND('',#1176,.T.);
#685=FACE_OUTER_BOUND('',#1177,.T.);
#686=FACE_OUTER_BOUND('',#1178,.T.);
#687=FACE_OUTER_BOUND('',#1179,.T.);
#688=FACE_OUTER_BOUND('',#1180,.T.);
#689=FACE_OUTER_BOUND('',#1181,.T.);
#690=FACE_OUTER_BOUND('',#1182,.T.);
#691=FACE_OUTER_BOUND('',#1183,.T.);
#692=FACE_OUTER_BOUND('',#1184,.T.);
#693=FACE_OUTER_BOUND('',#1185,.T.);
#694=FACE_OUTER_BOUND('',#1186,.T.);
#695=FACE_OUTER_BOUND('',#1187,.T.);
#696=FACE_OUTER_BOUND('',#1188,.T.);
#697=FACE_OUTER_BOUND('',#1189,.T.);
#698=FACE_OUTER_BOUND('',#1190,.T.);
#699=FACE_OUTER_BOUND('',#1191,.T.);
#700=FACE_OUTER_BOUND('',#1192,.T.);
#701=FACE_OUTER_BOUND('',#1193,.T.);
#702=FACE_OUTER_BOUND('',#1194,.T.);
#703=FACE_OUTER_BOUND('',#1195,.T.);
#704=FACE_OUTER_BOUND('',#1196,.T.);
#705=FACE_OUTER_BOUND('',#1197,.T.);
#706=FACE_OUTER_BOUND('',#1198,.T.);
#707=FACE_OUTER_BOUND('',#1199,.T.);
#708=FACE_OUTER_BOUND('',#1200,.T.);
#709=FACE_OUTER_BOUND('',#1201,.T.);
#710=FACE_OUTER_BOUND('',#1202,.T.);
#711=FACE_OUTER_BOUND('',#1203,.T.);
#712=FACE_OUTER_BOUND('',#1204,.T.);
#713=FACE_OUTER_BOUND('',#1205,.T.);
#714=FACE_OUTER_BOUND('',#1206,.T.);
#715=FACE_OUTER_BOUND('',#1207,.T.);
#716=FACE_OUTER_BOUND('',#1208,.T.);
#717=FACE_OUTER_BOUND('',#1209,.T.);
#718=FACE_OUTER_BOUND('',#1210,.T.);
#719=FACE_OUTER_BOUND('',#1211,.T.);
#720=FACE_OUTER_BOUND('',#1212,.T.);
#721=FACE_OUTER_BOUND('',#1213,.T.);
#722=FACE_OUTER_BOUND('',#1214,.T.);
#723=FACE_OUTER_BOUND('',#1215,.T.);
#724=FACE_OUTER_BOUND('',#1216,.T.);
#725=FACE_OUTER_BOUND('',#1218,.T.);
#726=FACE_OUTER_BOUND('',#1219,.T.);
#727=FACE_OUTER_BOUND('',#1220,.T.);
#728=FACE_OUTER_BOUND('',#1221,.T.);
#729=FACE_OUTER_BOUND('',#1222,.T.);
#730=FACE_OUTER_BOUND('',#1223,.T.);
#731=FACE_OUTER_BOUND('',#1224,.T.);
#732=FACE_OUTER_BOUND('',#1225,.T.);
#733=FACE_OUTER_BOUND('',#1226,.T.);
#734=FACE_OUTER_BOUND('',#1227,.T.);
#735=FACE_OUTER_BOUND('',#1228,.T.);
#736=FACE_OUTER_BOUND('',#1229,.T.);
#737=FACE_OUTER_BOUND('',#1231,.T.);
#738=FACE_OUTER_BOUND('',#1232,.T.);
#739=FACE_OUTER_BOUND('',#1233,.T.);
#740=FACE_OUTER_BOUND('',#1234,.T.);
#741=FACE_OUTER_BOUND('',#1235,.T.);
#742=FACE_OUTER_BOUND('',#1236,.T.);
#743=FACE_OUTER_BOUND('',#1237,.T.);
#744=FACE_OUTER_BOUND('',#1238,.T.);
#745=FACE_OUTER_BOUND('',#1239,.T.);
#746=FACE_OUTER_BOUND('',#1240,.T.);
#747=FACE_OUTER_BOUND('',#1241,.T.);
#748=FACE_OUTER_BOUND('',#1242,.T.);
#749=FACE_OUTER_BOUND('',#1243,.T.);
#750=FACE_OUTER_BOUND('',#1244,.T.);
#751=FACE_OUTER_BOUND('',#1245,.T.);
#752=FACE_OUTER_BOUND('',#1246,.T.);
#753=FACE_OUTER_BOUND('',#1247,.T.);
#754=FACE_OUTER_BOUND('',#1248,.T.);
#755=FACE_OUTER_BOUND('',#1249,.T.);
#756=FACE_OUTER_BOUND('',#1250,.T.);
#757=FACE_OUTER_BOUND('',#1251,.T.);
#758=FACE_OUTER_BOUND('',#1252,.T.);
#759=FACE_OUTER_BOUND('',#1253,.T.);
#760=FACE_OUTER_BOUND('',#1254,.T.);
#761=FACE_OUTER_BOUND('',#1255,.T.);
#762=FACE_OUTER_BOUND('',#1256,.T.);
#763=FACE_OUTER_BOUND('',#1257,.T.);
#764=FACE_OUTER_BOUND('',#1258,.T.);
#765=FACE_OUTER_BOUND('',#1259,.T.);
#766=FACE_OUTER_BOUND('',#1260,.T.);
#767=FACE_OUTER_BOUND('',#1261,.T.);
#768=FACE_OUTER_BOUND('',#1262,.T.);
#769=FACE_OUTER_BOUND('',#1263,.T.);
#770=FACE_OUTER_BOUND('',#1264,.T.);
#771=FACE_OUTER_BOUND('',#1265,.T.);
#772=FACE_OUTER_BOUND('',#1266,.T.);
#773=FACE_OUTER_BOUND('',#1267,.T.);
#774=FACE_OUTER_BOUND('',#1268,.T.);
#775=FACE_OUTER_BOUND('',#1269,.T.);
#776=FACE_OUTER_BOUND('',#1270,.T.);
#777=FACE_OUTER_BOUND('',#1271,.T.);
#778=FACE_OUTER_BOUND('',#1272,.T.);
#779=FACE_OUTER_BOUND('',#1273,.T.);
#780=FACE_OUTER_BOUND('',#1274,.T.);
#781=FACE_OUTER_BOUND('',#1279,.T.);
#782=FACE_OUTER_BOUND('',#1280,.T.);
#783=FACE_OUTER_BOUND('',#1281,.T.);
#784=FACE_OUTER_BOUND('',#1282,.T.);
#785=FACE_OUTER_BOUND('',#1283,.T.);
#786=FACE_OUTER_BOUND('',#1284,.T.);
#787=FACE_OUTER_BOUND('',#1285,.T.);
#788=FACE_OUTER_BOUND('',#1286,.T.);
#789=FACE_OUTER_BOUND('',#1287,.T.);
#790=FACE_OUTER_BOUND('',#1288,.T.);
#791=FACE_OUTER_BOUND('',#1289,.T.);
#792=FACE_OUTER_BOUND('',#1290,.T.);
#793=FACE_OUTER_BOUND('',#1291,.T.);
#794=FACE_OUTER_BOUND('',#1292,.T.);
#795=FACE_OUTER_BOUND('',#1293,.T.);
#796=FACE_OUTER_BOUND('',#1297,.T.);
#797=FACE_OUTER_BOUND('',#1298,.T.);
#798=FACE_OUTER_BOUND('',#1299,.T.);
#799=FACE_OUTER_BOUND('',#1300,.T.);
#800=FACE_OUTER_BOUND('',#1301,.T.);
#801=FACE_OUTER_BOUND('',#1302,.T.);
#802=FACE_OUTER_BOUND('',#1304,.T.);
#803=FACE_OUTER_BOUND('',#1305,.T.);
#804=FACE_OUTER_BOUND('',#1306,.T.);
#805=FACE_OUTER_BOUND('',#1307,.T.);
#806=FACE_OUTER_BOUND('',#1308,.T.);
#807=FACE_OUTER_BOUND('',#1309,.T.);
#808=FACE_OUTER_BOUND('',#1310,.T.);
#809=FACE_OUTER_BOUND('',#1311,.T.);
#810=FACE_OUTER_BOUND('',#1312,.T.);
#811=FACE_OUTER_BOUND('',#1313,.T.);
#812=FACE_OUTER_BOUND('',#1314,.T.);
#813=FACE_OUTER_BOUND('',#1315,.T.);
#814=FACE_OUTER_BOUND('',#1316,.T.);
#815=FACE_OUTER_BOUND('',#1317,.T.);
#816=FACE_OUTER_BOUND('',#1318,.T.);
#817=FACE_OUTER_BOUND('',#1319,.T.);
#818=FACE_OUTER_BOUND('',#1320,.T.);
#819=FACE_OUTER_BOUND('',#1321,.T.);
#820=FACE_OUTER_BOUND('',#1325,.T.);
#821=FACE_OUTER_BOUND('',#1326,.T.);
#822=FACE_OUTER_BOUND('',#1327,.T.);
#823=FACE_OUTER_BOUND('',#1328,.T.);
#824=FACE_OUTER_BOUND('',#1329,.T.);
#825=FACE_OUTER_BOUND('',#1330,.T.);
#826=FACE_OUTER_BOUND('',#1331,.T.);
#827=FACE_OUTER_BOUND('',#1332,.T.);
#828=FACE_OUTER_BOUND('',#1333,.T.);
#829=FACE_OUTER_BOUND('',#1334,.T.);
#830=FACE_OUTER_BOUND('',#1335,.T.);
#831=FACE_OUTER_BOUND('',#1336,.T.);
#832=FACE_OUTER_BOUND('',#1337,.T.);
#833=FACE_OUTER_BOUND('',#1338,.T.);
#834=FACE_OUTER_BOUND('',#1339,.T.);
#835=FACE_OUTER_BOUND('',#1340,.T.);
#836=FACE_OUTER_BOUND('',#1341,.T.);
#837=FACE_OUTER_BOUND('',#1342,.T.);
#838=FACE_OUTER_BOUND('',#1343,.T.);
#839=FACE_OUTER_BOUND('',#1344,.T.);
#840=FACE_OUTER_BOUND('',#1345,.T.);
#841=FACE_OUTER_BOUND('',#1346,.T.);
#842=FACE_OUTER_BOUND('',#1347,.T.);
#843=FACE_OUTER_BOUND('',#1348,.T.);
#844=FACE_OUTER_BOUND('',#1349,.T.);
#845=FACE_OUTER_BOUND('',#1350,.T.);
#846=FACE_OUTER_BOUND('',#1351,.T.);
#847=FACE_OUTER_BOUND('',#1352,.T.);
#848=FACE_OUTER_BOUND('',#1353,.T.);
#849=FACE_OUTER_BOUND('',#1354,.T.);
#850=FACE_OUTER_BOUND('',#1355,.T.);
#851=FACE_OUTER_BOUND('',#1356,.T.);
#852=FACE_OUTER_BOUND('',#1357,.T.);
#853=FACE_OUTER_BOUND('',#1358,.T.);
#854=FACE_OUTER_BOUND('',#1359,.T.);
#855=FACE_OUTER_BOUND('',#1360,.T.);
#856=FACE_OUTER_BOUND('',#1361,.T.);
#857=FACE_OUTER_BOUND('',#1362,.T.);
#858=FACE_OUTER_BOUND('',#1363,.T.);
#859=FACE_OUTER_BOUND('',#1364,.T.);
#860=FACE_OUTER_BOUND('',#1365,.T.);
#861=FACE_OUTER_BOUND('',#1366,.T.);
#862=FACE_OUTER_BOUND('',#1367,.T.);
#863=FACE_OUTER_BOUND('',#1368,.T.);
#864=FACE_OUTER_BOUND('',#1369,.T.);
#865=FACE_OUTER_BOUND('',#1370,.T.);
#866=FACE_OUTER_BOUND('',#1371,.T.);
#867=FACE_OUTER_BOUND('',#1372,.T.);
#868=FACE_OUTER_BOUND('',#1376,.T.);
#869=FACE_OUTER_BOUND('',#1377,.T.);
#870=FACE_OUTER_BOUND('',#1378,.T.);
#871=FACE_OUTER_BOUND('',#1379,.T.);
#872=FACE_OUTER_BOUND('',#1380,.T.);
#873=FACE_OUTER_BOUND('',#1381,.T.);
#874=FACE_OUTER_BOUND('',#1382,.T.);
#875=FACE_OUTER_BOUND('',#1383,.T.);
#876=FACE_OUTER_BOUND('',#1384,.T.);
#877=FACE_OUTER_BOUND('',#1385,.T.);
#878=FACE_OUTER_BOUND('',#1386,.T.);
#879=FACE_OUTER_BOUND('',#1387,.T.);
#880=FACE_OUTER_BOUND('',#1388,.T.);
#881=FACE_OUTER_BOUND('',#1389,.T.);
#882=FACE_OUTER_BOUND('',#1390,.T.);
#883=FACE_OUTER_BOUND('',#1391,.T.);
#884=FACE_OUTER_BOUND('',#1392,.T.);
#885=FACE_OUTER_BOUND('',#1393,.T.);
#886=FACE_OUTER_BOUND('',#1394,.T.);
#887=FACE_OUTER_BOUND('',#1395,.T.);
#888=FACE_OUTER_BOUND('',#1396,.T.);
#889=FACE_OUTER_BOUND('',#1397,.T.);
#890=FACE_OUTER_BOUND('',#1398,.T.);
#891=FACE_OUTER_BOUND('',#1399,.T.);
#892=FACE_OUTER_BOUND('',#1413,.T.);
#893=FACE_OUTER_BOUND('',#1414,.T.);
#894=FACE_OUTER_BOUND('',#1415,.T.);
#895=FACE_OUTER_BOUND('',#1416,.T.);
#896=FACE_OUTER_BOUND('',#1417,.T.);
#897=FACE_OUTER_BOUND('',#1418,.T.);
#898=FACE_OUTER_BOUND('',#1419,.T.);
#899=FACE_OUTER_BOUND('',#1420,.T.);
#900=FACE_OUTER_BOUND('',#1421,.T.);
#901=FACE_OUTER_BOUND('',#1422,.T.);
#902=FACE_OUTER_BOUND('',#1423,.T.);
#903=FACE_OUTER_BOUND('',#1424,.T.);
#904=FACE_OUTER_BOUND('',#1425,.T.);
#905=FACE_OUTER_BOUND('',#1426,.T.);
#906=FACE_OUTER_BOUND('',#1427,.T.);
#907=FACE_OUTER_BOUND('',#1428,.T.);
#908=FACE_OUTER_BOUND('',#1429,.T.);
#909=FACE_OUTER_BOUND('',#1430,.T.);
#910=FACE_OUTER_BOUND('',#1431,.T.);
#911=FACE_OUTER_BOUND('',#1432,.T.);
#912=FACE_OUTER_BOUND('',#1433,.T.);
#913=FACE_OUTER_BOUND('',#1434,.T.);
#914=FACE_OUTER_BOUND('',#1435,.T.);
#915=FACE_OUTER_BOUND('',#1436,.T.);
#916=FACE_OUTER_BOUND('',#1437,.T.);
#917=FACE_OUTER_BOUND('',#1438,.T.);
#918=FACE_OUTER_BOUND('',#1439,.T.);
#919=FACE_OUTER_BOUND('',#1440,.T.);
#920=FACE_OUTER_BOUND('',#1441,.T.);
#921=FACE_OUTER_BOUND('',#1442,.T.);
#922=FACE_OUTER_BOUND('',#1443,.T.);
#923=FACE_OUTER_BOUND('',#1444,.T.);
#924=FACE_OUTER_BOUND('',#1445,.T.);
#925=FACE_OUTER_BOUND('',#1446,.T.);
#926=FACE_OUTER_BOUND('',#1447,.T.);
#927=FACE_OUTER_BOUND('',#1448,.T.);
#928=FACE_OUTER_BOUND('',#1449,.T.);
#929=FACE_OUTER_BOUND('',#1450,.T.);
#930=FACE_OUTER_BOUND('',#1451,.T.);
#931=FACE_OUTER_BOUND('',#1452,.T.);
#932=FACE_OUTER_BOUND('',#1453,.T.);
#933=FACE_OUTER_BOUND('',#1454,.T.);
#934=FACE_OUTER_BOUND('',#1455,.T.);
#935=FACE_OUTER_BOUND('',#1456,.T.);
#936=FACE_OUTER_BOUND('',#1457,.T.);
#937=FACE_OUTER_BOUND('',#1458,.T.);
#938=FACE_OUTER_BOUND('',#1459,.T.);
#939=FACE_OUTER_BOUND('',#1460,.T.);
#940=FACE_OUTER_BOUND('',#1461,.T.);
#941=FACE_OUTER_BOUND('',#1462,.T.);
#942=FACE_OUTER_BOUND('',#1463,.T.);
#943=FACE_OUTER_BOUND('',#1464,.T.);
#944=FACE_OUTER_BOUND('',#1465,.T.);
#945=FACE_OUTER_BOUND('',#1466,.T.);
#946=FACE_OUTER_BOUND('',#1467,.T.);
#947=FACE_OUTER_BOUND('',#1468,.T.);
#948=FACE_OUTER_BOUND('',#1469,.T.);
#949=FACE_OUTER_BOUND('',#1470,.T.);
#950=FACE_OUTER_BOUND('',#1471,.T.);
#951=FACE_OUTER_BOUND('',#1472,.T.);
#952=FACE_OUTER_BOUND('',#1473,.T.);
#953=FACE_OUTER_BOUND('',#1474,.T.);
#954=FACE_OUTER_BOUND('',#1475,.T.);
#955=FACE_OUTER_BOUND('',#1476,.T.);
#956=FACE_OUTER_BOUND('',#1477,.T.);
#957=FACE_OUTER_BOUND('',#1478,.T.);
#958=FACE_OUTER_BOUND('',#1479,.T.);
#959=FACE_OUTER_BOUND('',#1480,.T.);
#960=FACE_OUTER_BOUND('',#1481,.T.);
#961=FACE_OUTER_BOUND('',#1482,.T.);
#962=FACE_OUTER_BOUND('',#1483,.T.);
#963=FACE_OUTER_BOUND('',#1484,.T.);
#964=FACE_OUTER_BOUND('',#1485,.T.);
#965=FACE_OUTER_BOUND('',#1486,.T.);
#966=FACE_OUTER_BOUND('',#1487,.T.);
#967=FACE_OUTER_BOUND('',#1488,.T.);
#968=FACE_OUTER_BOUND('',#1489,.T.);
#969=FACE_OUTER_BOUND('',#1490,.T.);
#970=FACE_OUTER_BOUND('',#1491,.T.);
#971=FACE_OUTER_BOUND('',#1492,.T.);
#972=FACE_OUTER_BOUND('',#1493,.T.);
#973=FACE_OUTER_BOUND('',#1494,.T.);
#974=FACE_OUTER_BOUND('',#1495,.T.);
#975=FACE_OUTER_BOUND('',#1496,.T.);
#976=FACE_OUTER_BOUND('',#1497,.T.);
#977=FACE_OUTER_BOUND('',#1498,.T.);
#978=FACE_OUTER_BOUND('',#1499,.T.);
#979=EDGE_LOOP('',(#4769,#4770,#4771,#4772));
#980=EDGE_LOOP('',(#4773));
#981=EDGE_LOOP('',(#4774));
#982=EDGE_LOOP('',(#4775));
#983=EDGE_LOOP('',(#4776));
#984=EDGE_LOOP('',(#4777));
#985=EDGE_LOOP('',(#4778));
#986=EDGE_LOOP('',(#4779));
#987=EDGE_LOOP('',(#4780));
#988=EDGE_LOOP('',(#4781));
#989=EDGE_LOOP('',(#4782));
#990=EDGE_LOOP('',(#4783));
#991=EDGE_LOOP('',(#4784));
#992=EDGE_LOOP('',(#4785));
#993=EDGE_LOOP('',(#4786));
#994=EDGE_LOOP('',(#4787));
#995=EDGE_LOOP('',(#4788));
#996=EDGE_LOOP('',(#4789));
#997=EDGE_LOOP('',(#4790));
#998=EDGE_LOOP('',(#4791));
#999=EDGE_LOOP('',(#4792));
#1000=EDGE_LOOP('',(#4793));
#1001=EDGE_LOOP('',(#4794));
#1002=EDGE_LOOP('',(#4795));
#1003=EDGE_LOOP('',(#4796,#4797,#4798,#4799));
#1004=EDGE_LOOP('',(#4800));
#1005=EDGE_LOOP('',(#4801,#4802,#4803,#4804));
#1006=EDGE_LOOP('',(#4805));
#1007=EDGE_LOOP('',(#4806));
#1008=EDGE_LOOP('',(#4807));
#1009=EDGE_LOOP('',(#4808));
#1010=EDGE_LOOP('',(#4809));
#1011=EDGE_LOOP('',(#4810));
#1012=EDGE_LOOP('',(#4811));
#1013=EDGE_LOOP('',(#4812));
#1014=EDGE_LOOP('',(#4813));
#1015=EDGE_LOOP('',(#4814));
#1016=EDGE_LOOP('',(#4815));
#1017=EDGE_LOOP('',(#4816));
#1018=EDGE_LOOP('',(#4817));
#1019=EDGE_LOOP('',(#4818));
#1020=EDGE_LOOP('',(#4819));
#1021=EDGE_LOOP('',(#4820));
#1022=EDGE_LOOP('',(#4821));
#1023=EDGE_LOOP('',(#4822));
#1024=EDGE_LOOP('',(#4823));
#1025=EDGE_LOOP('',(#4824));
#1026=EDGE_LOOP('',(#4825));
#1027=EDGE_LOOP('',(#4826));
#1028=EDGE_LOOP('',(#4827));
#1029=EDGE_LOOP('',(#4828));
#1030=EDGE_LOOP('',(#4829));
#1031=EDGE_LOOP('',(#4830,#4831,#4832,#4833));
#1032=EDGE_LOOP('',(#4834,#4835,#4836,#4837));
#1033=EDGE_LOOP('',(#4838,#4839,#4840,#4841));
#1034=EDGE_LOOP('',(#4842,#4843,#4844,#4845));
#1035=EDGE_LOOP('',(#4846,#4847,#4848,#4849));
#1036=EDGE_LOOP('',(#4850,#4851,#4852,#4853));
#1037=EDGE_LOOP('',(#4854,#4855,#4856,#4857));
#1038=EDGE_LOOP('',(#4858,#4859,#4860,#4861));
#1039=EDGE_LOOP('',(#4862));
#1040=EDGE_LOOP('',(#4863));
#1041=EDGE_LOOP('',(#4864));
#1042=EDGE_LOOP('',(#4865));
#1043=EDGE_LOOP('',(#4866));
#1044=EDGE_LOOP('',(#4867));
#1045=EDGE_LOOP('',(#4868));
#1046=EDGE_LOOP('',(#4869));
#1047=EDGE_LOOP('',(#4870));
#1048=EDGE_LOOP('',(#4871));
#1049=EDGE_LOOP('',(#4872));
#1050=EDGE_LOOP('',(#4873));
#1051=EDGE_LOOP('',(#4874));
#1052=EDGE_LOOP('',(#4875));
#1053=EDGE_LOOP('',(#4876));
#1054=EDGE_LOOP('',(#4877));
#1055=EDGE_LOOP('',(#4878));
#1056=EDGE_LOOP('',(#4879));
#1057=EDGE_LOOP('',(#4880));
#1058=EDGE_LOOP('',(#4881));
#1059=EDGE_LOOP('',(#4882));
#1060=EDGE_LOOP('',(#4883));
#1061=EDGE_LOOP('',(#4884));
#1062=EDGE_LOOP('',(#4885,#4886,#4887,#4888));
#1063=EDGE_LOOP('',(#4889));
#1064=EDGE_LOOP('',(#4890,#4891,#4892,#4893));
#1065=EDGE_LOOP('',(#4894));
#1066=EDGE_LOOP('',(#4895));
#1067=EDGE_LOOP('',(#4896));
#1068=EDGE_LOOP('',(#4897));
#1069=EDGE_LOOP('',(#4898));
#1070=EDGE_LOOP('',(#4899));
#1071=EDGE_LOOP('',(#4900));
#1072=EDGE_LOOP('',(#4901));
#1073=EDGE_LOOP('',(#4902));
#1074=EDGE_LOOP('',(#4903));
#1075=EDGE_LOOP('',(#4904));
#1076=EDGE_LOOP('',(#4905));
#1077=EDGE_LOOP('',(#4906));
#1078=EDGE_LOOP('',(#4907));
#1079=EDGE_LOOP('',(#4908));
#1080=EDGE_LOOP('',(#4909));
#1081=EDGE_LOOP('',(#4910));
#1082=EDGE_LOOP('',(#4911));
#1083=EDGE_LOOP('',(#4912));
#1084=EDGE_LOOP('',(#4913));
#1085=EDGE_LOOP('',(#4914));
#1086=EDGE_LOOP('',(#4915));
#1087=EDGE_LOOP('',(#4916));
#1088=EDGE_LOOP('',(#4917));
#1089=EDGE_LOOP('',(#4918));
#1090=EDGE_LOOP('',(#4919,#4920,#4921,#4922));
#1091=EDGE_LOOP('',(#4923,#4924,#4925,#4926));
#1092=EDGE_LOOP('',(#4927,#4928,#4929,#4930));
#1093=EDGE_LOOP('',(#4931,#4932,#4933,#4934));
#1094=EDGE_LOOP('',(#4935,#4936,#4937,#4938));
#1095=EDGE_LOOP('',(#4939,#4940,#4941,#4942));
#1096=EDGE_LOOP('',(#4943,#4944,#4945,#4946));
#1097=EDGE_LOOP('',(#4947,#4948,#4949,#4950));
#1098=EDGE_LOOP('',(#4951,#4952,#4953,#4954));
#1099=EDGE_LOOP('',(#4955,#4956,#4957,#4958));
#1100=EDGE_LOOP('',(#4959,#4960,#4961,#4962));
#1101=EDGE_LOOP('',(#4963,#4964,#4965,#4966));
#1102=EDGE_LOOP('',(#4967,#4968,#4969,#4970));
#1103=EDGE_LOOP('',(#4971,#4972,#4973,#4974));
#1104=EDGE_LOOP('',(#4975,#4976,#4977,#4978));
#1105=EDGE_LOOP('',(#4979,#4980,#4981,#4982));
#1106=EDGE_LOOP('',(#4983,#4984,#4985,#4986));
#1107=EDGE_LOOP('',(#4987,#4988,#4989,#4990));
#1108=EDGE_LOOP('',(#4991,#4992,#4993,#4994));
#1109=EDGE_LOOP('',(#4995,#4996,#4997,#4998));
#1110=EDGE_LOOP('',(#4999,#5000,#5001,#5002));
#1111=EDGE_LOOP('',(#5003,#5004,#5005,#5006));
#1112=EDGE_LOOP('',(#5007,#5008,#5009,#5010));
#1113=EDGE_LOOP('',(#5011,#5012,#5013,#5014));
#1114=EDGE_LOOP('',(#5015,#5016,#5017,#5018));
#1115=EDGE_LOOP('',(#5019,#5020,#5021,#5022));
#1116=EDGE_LOOP('',(#5023,#5024,#5025,#5026));
#1117=EDGE_LOOP('',(#5027,#5028,#5029,#5030));
#1118=EDGE_LOOP('',(#5031,#5032,#5033,#5034));
#1119=EDGE_LOOP('',(#5035,#5036,#5037,#5038));
#1120=EDGE_LOOP('',(#5039,#5040,#5041,#5042));
#1121=EDGE_LOOP('',(#5043,#5044,#5045,#5046));
#1122=EDGE_LOOP('',(#5047,#5048,#5049,#5050));
#1123=EDGE_LOOP('',(#5051,#5052,#5053,#5054));
#1124=EDGE_LOOP('',(#5055,#5056,#5057,#5058));
#1125=EDGE_LOOP('',(#5059,#5060,#5061,#5062));
#1126=EDGE_LOOP('',(#5063,#5064,#5065,#5066));
#1127=EDGE_LOOP('',(#5067,#5068,#5069,#5070));
#1128=EDGE_LOOP('',(#5071,#5072,#5073,#5074));
#1129=EDGE_LOOP('',(#5075,#5076,#5077,#5078));
#1130=EDGE_LOOP('',(#5079,#5080,#5081,#5082));
#1131=EDGE_LOOP('',(#5083,#5084,#5085,#5086));
#1132=EDGE_LOOP('',(#5087,#5088,#5089,#5090));
#1133=EDGE_LOOP('',(#5091,#5092,#5093,#5094));
#1134=EDGE_LOOP('',(#5095,#5096,#5097,#5098));
#1135=EDGE_LOOP('',(#5099,#5100,#5101,#5102));
#1136=EDGE_LOOP('',(#5103,#5104,#5105,#5106));
#1137=EDGE_LOOP('',(#5107,#5108,#5109,#5110));
#1138=EDGE_LOOP('',(#5111,#5112,#5113,#5114));
#1139=EDGE_LOOP('',(#5115,#5116,#5117,#5118));
#1140=EDGE_LOOP('',(#5119,#5120,#5121,#5122));
#1141=EDGE_LOOP('',(#5123,#5124,#5125,#5126));
#1142=EDGE_LOOP('',(#5127,#5128,#5129,#5130));
#1143=EDGE_LOOP('',(#5131,#5132,#5133,#5134));
#1144=EDGE_LOOP('',(#5135,#5136,#5137,#5138,#5139,#5140));
#1145=EDGE_LOOP('',(#5141,#5142,#5143,#5144));
#1146=EDGE_LOOP('',(#5145,#5146,#5147,#5148));
#1147=EDGE_LOOP('',(#5149,#5150,#5151,#5152));
#1148=EDGE_LOOP('',(#5153,#5154,#5155,#5156,#5157,#5158));
#1149=EDGE_LOOP('',(#5159,#5160,#5161,#5162));
#1150=EDGE_LOOP('',(#5163,#5164,#5165,#5166,#5167,#5168,#5169,#5170,#5171,
#5172));
#1151=EDGE_LOOP('',(#5173,#5174,#5175,#5176));
#1152=EDGE_LOOP('',(#5177,#5178,#5179,#5180));
#1153=EDGE_LOOP('',(#5181,#5182,#5183,#5184));
#1154=EDGE_LOOP('',(#5185,#5186,#5187,#5188));
#1155=EDGE_LOOP('',(#5189,#5190,#5191,#5192));
#1156=EDGE_LOOP('',(#5193,#5194,#5195,#5196));
#1157=EDGE_LOOP('',(#5197,#5198,#5199,#5200));
#1158=EDGE_LOOP('',(#5201,#5202,#5203,#5204,#5205,#5206,#5207,#5208,#5209,
#5210,#5211,#5212,#5213,#5214,#5215,#5216));
#1159=EDGE_LOOP('',(#5217,#5218,#5219));
#1160=EDGE_LOOP('',(#5220,#5221,#5222,#5223));
#1161=EDGE_LOOP('',(#5224,#5225,#5226,#5227));
#1162=EDGE_LOOP('',(#5228,#5229,#5230,#5231));
#1163=EDGE_LOOP('',(#5232,#5233,#5234,#5235));
#1164=EDGE_LOOP('',(#5236,#5237,#5238,#5239));
#1165=EDGE_LOOP('',(#5240,#5241,#5242,#5243));
#1166=EDGE_LOOP('',(#5244,#5245,#5246,#5247));
#1167=EDGE_LOOP('',(#5248,#5249,#5250,#5251));
#1168=EDGE_LOOP('',(#5252,#5253,#5254,#5255));
#1169=EDGE_LOOP('',(#5256,#5257,#5258,#5259));
#1170=EDGE_LOOP('',(#5260,#5261,#5262,#5263,#5264,#5265,#5266,#5267,#5268,
#5269,#5270,#5271,#5272,#5273,#5274,#5275,#5276,#5277,#5278,#5279,#5280,
#5281,#5282,#5283));
#1171=EDGE_LOOP('',(#5284,#5285,#5286,#5287));
#1172=EDGE_LOOP('',(#5288,#5289,#5290,#5291));
#1173=EDGE_LOOP('',(#5292,#5293,#5294,#5295));
#1174=EDGE_LOOP('',(#5296,#5297,#5298,#5299));
#1175=EDGE_LOOP('',(#5300,#5301,#5302,#5303));
#1176=EDGE_LOOP('',(#5304,#5305,#5306,#5307));
#1177=EDGE_LOOP('',(#5308,#5309,#5310,#5311));
#1178=EDGE_LOOP('',(#5312,#5313,#5314,#5315));
#1179=EDGE_LOOP('',(#5316,#5317,#5318,#5319));
#1180=EDGE_LOOP('',(#5320,#5321,#5322,#5323));
#1181=EDGE_LOOP('',(#5324,#5325,#5326,#5327));
#1182=EDGE_LOOP('',(#5328,#5329,#5330,#5331));
#1183=EDGE_LOOP('',(#5332,#5333,#5334,#5335,#5336,#5337,#5338,#5339,#5340,
#5341,#5342,#5343,#5344,#5345,#5346,#5347,#5348,#5349,#5350,#5351,#5352,
#5353,#5354));
#1184=EDGE_LOOP('',(#5355,#5356,#5357,#5358));
#1185=EDGE_LOOP('',(#5359,#5360,#5361,#5362));
#1186=EDGE_LOOP('',(#5363,#5364,#5365,#5366));
#1187=EDGE_LOOP('',(#5367,#5368,#5369,#5370));
#1188=EDGE_LOOP('',(#5371,#5372,#5373,#5374));
#1189=EDGE_LOOP('',(#5375,#5376,#5377,#5378));
#1190=EDGE_LOOP('',(#5379,#5380,#5381,#5382));
#1191=EDGE_LOOP('',(#5383,#5384,#5385,#5386));
#1192=EDGE_LOOP('',(#5387,#5388,#5389,#5390));
#1193=EDGE_LOOP('',(#5391,#5392,#5393,#5394));
#1194=EDGE_LOOP('',(#5395,#5396,#5397,#5398));
#1195=EDGE_LOOP('',(#5399,#5400,#5401,#5402));
#1196=EDGE_LOOP('',(#5403,#5404,#5405,#5406,#5407,#5408,#5409,#5410,#5411,
#5412,#5413,#5414,#5415,#5416,#5417,#5418,#5419,#5420,#5421,#5422,#5423,
#5424,#5425,#5426));
#1197=EDGE_LOOP('',(#5427,#5428,#5429,#5430));
#1198=EDGE_LOOP('',(#5431,#5432,#5433,#5434));
#1199=EDGE_LOOP('',(#5435,#5436,#5437,#5438));
#1200=EDGE_LOOP('',(#5439,#5440,#5441,#5442));
#1201=EDGE_LOOP('',(#5443,#5444,#5445,#5446));
#1202=EDGE_LOOP('',(#5447,#5448,#5449,#5450));
#1203=EDGE_LOOP('',(#5451,#5452,#5453,#5454));
#1204=EDGE_LOOP('',(#5455,#5456,#5457,#5458));
#1205=EDGE_LOOP('',(#5459,#5460,#5461,#5462));
#1206=EDGE_LOOP('',(#5463,#5464,#5465,#5466));
#1207=EDGE_LOOP('',(#5467,#5468,#5469,#5470));
#1208=EDGE_LOOP('',(#5471,#5472,#5473,#5474));
#1209=EDGE_LOOP('',(#5475,#5476,#5477,#5478,#5479,#5480,#5481,#5482,#5483,
#5484,#5485,#5486));
#1210=EDGE_LOOP('',(#5487,#5488,#5489,#5490));
#1211=EDGE_LOOP('',(#5491,#5492,#5493,#5494));
#1212=EDGE_LOOP('',(#5495,#5496,#5497,#5498));
#1213=EDGE_LOOP('',(#5499,#5500,#5501,#5502));
#1214=EDGE_LOOP('',(#5503,#5504,#5505,#5506));
#1215=EDGE_LOOP('',(#5507,#5508,#5509,#5510));
#1216=EDGE_LOOP('',(#5511,#5512,#5513,#5514,#5515,#5516,#5517,#5518,#5519,
#5520,#5521,#5522,#5523));
#1217=EDGE_LOOP('',(#5524,#5525,#5526,#5527,#5528,#5529,#5530,#5531));
#1218=EDGE_LOOP('',(#5532,#5533,#5534,#5535));
#1219=EDGE_LOOP('',(#5536,#5537,#5538,#5539));
#1220=EDGE_LOOP('',(#5540,#5541,#5542,#5543));
#1221=EDGE_LOOP('',(#5544,#5545,#5546,#5547));
#1222=EDGE_LOOP('',(#5548,#5549,#5550,#5551));
#1223=EDGE_LOOP('',(#5552,#5553,#5554,#5555));
#1224=EDGE_LOOP('',(#5556,#5557,#5558,#5559));
#1225=EDGE_LOOP('',(#5560,#5561,#5562,#5563));
#1226=EDGE_LOOP('',(#5564,#5565,#5566,#5567));
#1227=EDGE_LOOP('',(#5568,#5569,#5570,#5571));
#1228=EDGE_LOOP('',(#5572,#5573,#5574,#5575));
#1229=EDGE_LOOP('',(#5576,#5577,#5578,#5579,#5580,#5581,#5582,#5583,#5584,
#5585,#5586,#5587,#5588,#5589,#5590,#5591,#5592,#5593,#5594,#5595,#5596));
#1230=EDGE_LOOP('',(#5597,#5598,#5599,#5600,#5601,#5602,#5603,#5604,#5605));
#1231=EDGE_LOOP('',(#5606,#5607,#5608,#5609));
#1232=EDGE_LOOP('',(#5610,#5611,#5612,#5613));
#1233=EDGE_LOOP('',(#5614,#5615,#5616,#5617));
#1234=EDGE_LOOP('',(#5618,#5619,#5620,#5621));
#1235=EDGE_LOOP('',(#5622,#5623,#5624,#5625));
#1236=EDGE_LOOP('',(#5626,#5627,#5628,#5629));
#1237=EDGE_LOOP('',(#5630,#5631,#5632,#5633));
#1238=EDGE_LOOP('',(#5634,#5635,#5636,#5637));
#1239=EDGE_LOOP('',(#5638,#5639,#5640,#5641));
#1240=EDGE_LOOP('',(#5642,#5643,#5644,#5645));
#1241=EDGE_LOOP('',(#5646,#5647,#5648,#5649));
#1242=EDGE_LOOP('',(#5650,#5651,#5652,#5653));
#1243=EDGE_LOOP('',(#5654,#5655,#5656,#5657));
#1244=EDGE_LOOP('',(#5658,#5659,#5660,#5661));
#1245=EDGE_LOOP('',(#5662,#5663,#5664,#5665));
#1246=EDGE_LOOP('',(#5666,#5667,#5668,#5669));
#1247=EDGE_LOOP('',(#5670,#5671,#5672,#5673));
#1248=EDGE_LOOP('',(#5674,#5675,#5676,#5677));
#1249=EDGE_LOOP('',(#5678,#5679,#5680,#5681));
#1250=EDGE_LOOP('',(#5682,#5683,#5684,#5685));
#1251=EDGE_LOOP('',(#5686,#5687,#5688,#5689));
#1252=EDGE_LOOP('',(#5690,#5691,#5692,#5693));
#1253=EDGE_LOOP('',(#5694));
#1254=EDGE_LOOP('',(#5695,#5696,#5697,#5698));
#1255=EDGE_LOOP('',(#5699,#5700,#5701,#5702));
#1256=EDGE_LOOP('',(#5703,#5704,#5705,#5706));
#1257=EDGE_LOOP('',(#5707,#5708,#5709,#5710));
#1258=EDGE_LOOP('',(#5711,#5712,#5713,#5714));
#1259=EDGE_LOOP('',(#5715,#5716,#5717,#5718));
#1260=EDGE_LOOP('',(#5719,#5720,#5721,#5722));
#1261=EDGE_LOOP('',(#5723,#5724,#5725,#5726));
#1262=EDGE_LOOP('',(#5727,#5728,#5729,#5730));
#1263=EDGE_LOOP('',(#5731,#5732,#5733,#5734));
#1264=EDGE_LOOP('',(#5735,#5736,#5737,#5738));
#1265=EDGE_LOOP('',(#5739,#5740,#5741,#5742));
#1266=EDGE_LOOP('',(#5743,#5744,#5745,#5746));
#1267=EDGE_LOOP('',(#5747,#5748,#5749,#5750));
#1268=EDGE_LOOP('',(#5751,#5752,#5753,#5754));
#1269=EDGE_LOOP('',(#5755,#5756,#5757,#5758));
#1270=EDGE_LOOP('',(#5759,#5760,#5761,#5762));
#1271=EDGE_LOOP('',(#5763,#5764,#5765,#5766));
#1272=EDGE_LOOP('',(#5767,#5768,#5769,#5770));
#1273=EDGE_LOOP('',(#5771,#5772,#5773,#5774,#5775,#5776,#5777,#5778,#5779,
#5780));
#1274=EDGE_LOOP('',(#5781,#5782,#5783,#5784));
#1275=EDGE_LOOP('',(#5785,#5786,#5787));
#1276=EDGE_LOOP('',(#5788,#5789,#5790));
#1277=EDGE_LOOP('',(#5791,#5792,#5793));
#1278=EDGE_LOOP('',(#5794,#5795,#5796));
#1279=EDGE_LOOP('',(#5797,#5798,#5799,#5800));
#1280=EDGE_LOOP('',(#5801,#5802,#5803,#5804));
#1281=EDGE_LOOP('',(#5805,#5806,#5807,#5808));
#1282=EDGE_LOOP('',(#5809,#5810,#5811,#5812));
#1283=EDGE_LOOP('',(#5813,#5814,#5815,#5816));
#1284=EDGE_LOOP('',(#5817,#5818,#5819,#5820));
#1285=EDGE_LOOP('',(#5821,#5822,#5823,#5824));
#1286=EDGE_LOOP('',(#5825,#5826,#5827,#5828));
#1287=EDGE_LOOP('',(#5829,#5830,#5831,#5832));
#1288=EDGE_LOOP('',(#5833,#5834,#5835,#5836));
#1289=EDGE_LOOP('',(#5837,#5838,#5839,#5840,#5841,#5842,#5843,#5844,#5845,
#5846,#5847,#5848,#5849,#5850,#5851,#5852));
#1290=EDGE_LOOP('',(#5853,#5854,#5855,#5856));
#1291=EDGE_LOOP('',(#5857,#5858,#5859,#5860));
#1292=EDGE_LOOP('',(#5861,#5862,#5863,#5864));
#1293=EDGE_LOOP('',(#5865,#5866,#5867,#5868,#5869,#5870,#5871,#5872));
#1294=EDGE_LOOP('',(#5873,#5874,#5875,#5876));
#1295=EDGE_LOOP('',(#5877,#5878,#5879));
#1296=EDGE_LOOP('',(#5880,#5881,#5882,#5883));
#1297=EDGE_LOOP('',(#5884,#5885,#5886,#5887));
#1298=EDGE_LOOP('',(#5888,#5889,#5890,#5891));
#1299=EDGE_LOOP('',(#5892,#5893,#5894,#5895));
#1300=EDGE_LOOP('',(#5896,#5897,#5898,#5899));
#1301=EDGE_LOOP('',(#5900,#5901,#5902,#5903));
#1302=EDGE_LOOP('',(#5904,#5905,#5906,#5907,#5908,#5909,#5910,#5911,#5912,
#5913,#5914,#5915,#5916,#5917,#5918,#5919));
#1303=EDGE_LOOP('',(#5920,#5921,#5922,#5923));
#1304=EDGE_LOOP('',(#5924,#5925,#5926,#5927));
#1305=EDGE_LOOP('',(#5928,#5929,#5930,#5931));
#1306=EDGE_LOOP('',(#5932,#5933,#5934,#5935));
#1307=EDGE_LOOP('',(#5936,#5937,#5938,#5939));
#1308=EDGE_LOOP('',(#5940,#5941,#5942,#5943));
#1309=EDGE_LOOP('',(#5944,#5945,#5946,#5947));
#1310=EDGE_LOOP('',(#5948,#5949,#5950,#5951));
#1311=EDGE_LOOP('',(#5952,#5953,#5954,#5955,#5956,#5957,#5958,#5959,#5960,
#5961,#5962,#5963,#5964,#5965,#5966,#5967,#5968,#5969,#5970,#5971,#5972,
#5973,#5974,#5975));
#1312=EDGE_LOOP('',(#5976,#5977,#5978,#5979));
#1313=EDGE_LOOP('',(#5980,#5981,#5982,#5983));
#1314=EDGE_LOOP('',(#5984,#5985,#5986,#5987));
#1315=EDGE_LOOP('',(#5988,#5989,#5990,#5991));
#1316=EDGE_LOOP('',(#5992,#5993,#5994,#5995));
#1317=EDGE_LOOP('',(#5996,#5997,#5998,#5999));
#1318=EDGE_LOOP('',(#6000,#6001,#6002,#6003));
#1319=EDGE_LOOP('',(#6004,#6005,#6006,#6007,#6008,#6009,#6010,#6011,#6012,
#6013,#6014,#6015,#6016,#6017,#6018,#6019,#6020,#6021,#6022,#6023,#6024,
#6025,#6026,#6027));
#1320=EDGE_LOOP('',(#6028,#6029,#6030,#6031));
#1321=EDGE_LOOP('',(#6032,#6033,#6034,#6035));
#1322=EDGE_LOOP('',(#6036,#6037,#6038));
#1323=EDGE_LOOP('',(#6039,#6040,#6041));
#1324=EDGE_LOOP('',(#6042,#6043,#6044));
#1325=EDGE_LOOP('',(#6045,#6046,#6047,#6048));
#1326=EDGE_LOOP('',(#6049,#6050,#6051,#6052));
#1327=EDGE_LOOP('',(#6053,#6054,#6055,#6056,#6057,#6058));
#1328=EDGE_LOOP('',(#6059,#6060,#6061,#6062));
#1329=EDGE_LOOP('',(#6063,#6064,#6065,#6066));
#1330=EDGE_LOOP('',(#6067,#6068,#6069,#6070));
#1331=EDGE_LOOP('',(#6071,#6072,#6073,#6074));
#1332=EDGE_LOOP('',(#6075,#6076,#6077,#6078));
#1333=EDGE_LOOP('',(#6079,#6080,#6081,#6082));
#1334=EDGE_LOOP('',(#6083,#6084,#6085,#6086));
#1335=EDGE_LOOP('',(#6087,#6088,#6089,#6090));
#1336=EDGE_LOOP('',(#6091,#6092,#6093,#6094));
#1337=EDGE_LOOP('',(#6095,#6096,#6097,#6098));
#1338=EDGE_LOOP('',(#6099,#6100,#6101,#6102));
#1339=EDGE_LOOP('',(#6103,#6104,#6105,#6106));
#1340=EDGE_LOOP('',(#6107,#6108,#6109,#6110));
#1341=EDGE_LOOP('',(#6111,#6112,#6113,#6114));
#1342=EDGE_LOOP('',(#6115,#6116,#6117,#6118,#6119,#6120));
#1343=EDGE_LOOP('',(#6121,#6122,#6123,#6124,#6125));
#1344=EDGE_LOOP('',(#6126,#6127,#6128,#6129,#6130));
#1345=EDGE_LOOP('',(#6131,#6132,#6133,#6134));
#1346=EDGE_LOOP('',(#6135,#6136,#6137,#6138));
#1347=EDGE_LOOP('',(#6139,#6140,#6141,#6142));
#1348=EDGE_LOOP('',(#6143,#6144,#6145,#6146));
#1349=EDGE_LOOP('',(#6147,#6148,#6149,#6150,#6151,#6152,#6153,#6154,#6155,
#6156,#6157,#6158,#6159,#6160,#6161));
#1350=EDGE_LOOP('',(#6162,#6163,#6164,#6165));
#1351=EDGE_LOOP('',(#6166,#6167,#6168,#6169));
#1352=EDGE_LOOP('',(#6170,#6171,#6172,#6173,#6174,#6175));
#1353=EDGE_LOOP('',(#6176,#6177,#6178,#6179,#6180,#6181));
#1354=EDGE_LOOP('',(#6182,#6183,#6184,#6185,#6186,#6187));
#1355=EDGE_LOOP('',(#6188,#6189,#6190,#6191));
#1356=EDGE_LOOP('',(#6192,#6193,#6194,#6195));
#1357=EDGE_LOOP('',(#6196,#6197,#6198,#6199));
#1358=EDGE_LOOP('',(#6200,#6201,#6202,#6203));
#1359=EDGE_LOOP('',(#6204,#6205,#6206,#6207));
#1360=EDGE_LOOP('',(#6208,#6209,#6210,#6211));
#1361=EDGE_LOOP('',(#6212,#6213,#6214,#6215));
#1362=EDGE_LOOP('',(#6216,#6217,#6218,#6219));
#1363=EDGE_LOOP('',(#6220,#6221,#6222,#6223));
#1364=EDGE_LOOP('',(#6224,#6225,#6226,#6227));
#1365=EDGE_LOOP('',(#6228,#6229,#6230,#6231));
#1366=EDGE_LOOP('',(#6232,#6233,#6234,#6235));
#1367=EDGE_LOOP('',(#6236,#6237,#6238,#6239));
#1368=EDGE_LOOP('',(#6240,#6241,#6242,#6243));
#1369=EDGE_LOOP('',(#6244,#6245,#6246,#6247));
#1370=EDGE_LOOP('',(#6248,#6249,#6250,#6251));
#1371=EDGE_LOOP('',(#6252,#6253,#6254,#6255));
#1372=EDGE_LOOP('',(#6256,#6257,#6258,#6259,#6260,#6261,#6262,#6263));
#1373=EDGE_LOOP('',(#6264,#6265,#6266,#6267));
#1374=EDGE_LOOP('',(#6268,#6269,#6270,#6271));
#1375=EDGE_LOOP('',(#6272,#6273,#6274));
#1376=EDGE_LOOP('',(#6275,#6276,#6277,#6278));
#1377=EDGE_LOOP('',(#6279,#6280,#6281,#6282));
#1378=EDGE_LOOP('',(#6283,#6284,#6285,#6286));
#1379=EDGE_LOOP('',(#6287,#6288,#6289,#6290));
#1380=EDGE_LOOP('',(#6291,#6292,#6293,#6294));
#1381=EDGE_LOOP('',(#6295,#6296,#6297,#6298));
#1382=EDGE_LOOP('',(#6299,#6300,#6301,#6302));
#1383=EDGE_LOOP('',(#6303,#6304,#6305,#6306));
#1384=EDGE_LOOP('',(#6307,#6308,#6309,#6310));
#1385=EDGE_LOOP('',(#6311,#6312,#6313));
#1386=EDGE_LOOP('',(#6314,#6315,#6316));
#1387=EDGE_LOOP('',(#6317,#6318,#6319));
#1388=EDGE_LOOP('',(#6320,#6321,#6322));
#1389=EDGE_LOOP('',(#6323,#6324,#6325,#6326));
#1390=EDGE_LOOP('',(#6327,#6328,#6329,#6330));
#1391=EDGE_LOOP('',(#6331,#6332,#6333,#6334));
#1392=EDGE_LOOP('',(#6335,#6336,#6337,#6338));
#1393=EDGE_LOOP('',(#6339,#6340,#6341,#6342));
#1394=EDGE_LOOP('',(#6343,#6344,#6345,#6346));
#1395=EDGE_LOOP('',(#6347,#6348,#6349,#6350));
#1396=EDGE_LOOP('',(#6351,#6352,#6353,#6354));
#1397=EDGE_LOOP('',(#6355,#6356,#6357,#6358));
#1398=EDGE_LOOP('',(#6359,#6360,#6361,#6362));
#1399=EDGE_LOOP('',(#6363,#6364,#6365,#6366));
#1400=EDGE_LOOP('',(#6367,#6368,#6369,#6370));
#1401=EDGE_LOOP('',(#6371));
#1402=EDGE_LOOP('',(#6372,#6373,#6374,#6375));
#1403=EDGE_LOOP('',(#6376,#6377,#6378,#6379));
#1404=EDGE_LOOP('',(#6380,#6381,#6382,#6383));
#1405=EDGE_LOOP('',(#6384,#6385,#6386,#6387,#6388,#6389,#6390,#6391,#6392,
#6393,#6394,#6395,#6396,#6397,#6398,#6399,#6400,#6401,#6402,#6403,#6404,
#6405,#6406));
#1406=EDGE_LOOP('',(#6407,#6408,#6409,#6410,#6411,#6412,#6413,#6414,#6415,
#6416,#6417,#6418,#6419,#6420,#6421,#6422,#6423,#6424,#6425,#6426,#6427,
#6428,#6429,#6430));
#1407=EDGE_LOOP('',(#6431,#6432,#6433,#6434));
#1408=EDGE_LOOP('',(#6435,#6436,#6437,#6438,#6439,#6440,#6441,#6442,#6443,
#6444,#6445,#6446,#6447,#6448,#6449,#6450));
#1409=EDGE_LOOP('',(#6451,#6452,#6453,#6454,#6455,#6456,#6457,#6458,#6459,
#6460,#6461,#6462,#6463));
#1410=EDGE_LOOP('',(#6464,#6465,#6466,#6467,#6468,#6469,#6470,#6471,#6472,
#6473,#6474,#6475,#6476,#6477,#6478,#6479,#6480,#6481,#6482,#6483,#6484));
#1411=EDGE_LOOP('',(#6485,#6486,#6487,#6488,#6489,#6490,#6491,#6492,#6493,
#6494,#6495,#6496));
#1412=EDGE_LOOP('',(#6497,#6498,#6499,#6500,#6501,#6502,#6503,#6504,#6505,
#6506,#6507,#6508,#6509,#6510,#6511,#6512,#6513,#6514,#6515,#6516,#6517,
#6518,#6519,#6520));
#1413=EDGE_LOOP('',(#6521,#6522,#6523,#6524));
#1414=EDGE_LOOP('',(#6525,#6526,#6527,#6528));
#1415=EDGE_LOOP('',(#6529,#6530,#6531,#6532));
#1416=EDGE_LOOP('',(#6533,#6534,#6535,#6536));
#1417=EDGE_LOOP('',(#6537,#6538,#6539,#6540));
#1418=EDGE_LOOP('',(#6541,#6542,#6543,#6544));
#1419=EDGE_LOOP('',(#6545,#6546,#6547,#6548));
#1420=EDGE_LOOP('',(#6549,#6550,#6551,#6552));
#1421=EDGE_LOOP('',(#6553,#6554,#6555,#6556));
#1422=EDGE_LOOP('',(#6557,#6558,#6559,#6560));
#1423=EDGE_LOOP('',(#6561,#6562,#6563,#6564));
#1424=EDGE_LOOP('',(#6565,#6566,#6567,#6568));
#1425=EDGE_LOOP('',(#6569,#6570,#6571,#6572));
#1426=EDGE_LOOP('',(#6573,#6574,#6575,#6576));
#1427=EDGE_LOOP('',(#6577,#6578,#6579,#6580));
#1428=EDGE_LOOP('',(#6581,#6582,#6583,#6584));
#1429=EDGE_LOOP('',(#6585,#6586,#6587,#6588));
#1430=EDGE_LOOP('',(#6589,#6590,#6591,#6592));
#1431=EDGE_LOOP('',(#6593,#6594,#6595,#6596));
#1432=EDGE_LOOP('',(#6597,#6598,#6599,#6600));
#1433=EDGE_LOOP('',(#6601,#6602,#6603,#6604));
#1434=EDGE_LOOP('',(#6605,#6606,#6607,#6608));
#1435=EDGE_LOOP('',(#6609,#6610,#6611,#6612));
#1436=EDGE_LOOP('',(#6613,#6614,#6615,#6616));
#1437=EDGE_LOOP('',(#6617,#6618,#6619,#6620));
#1438=EDGE_LOOP('',(#6621,#6622,#6623,#6624));
#1439=EDGE_LOOP('',(#6625,#6626,#6627,#6628));
#1440=EDGE_LOOP('',(#6629,#6630,#6631,#6632));
#1441=EDGE_LOOP('',(#6633,#6634,#6635,#6636));
#1442=EDGE_LOOP('',(#6637,#6638,#6639,#6640));
#1443=EDGE_LOOP('',(#6641,#6642,#6643,#6644));
#1444=EDGE_LOOP('',(#6645,#6646,#6647,#6648));
#1445=EDGE_LOOP('',(#6649,#6650,#6651,#6652));
#1446=EDGE_LOOP('',(#6653,#6654,#6655,#6656));
#1447=EDGE_LOOP('',(#6657,#6658,#6659,#6660));
#1448=EDGE_LOOP('',(#6661,#6662,#6663,#6664));
#1449=EDGE_LOOP('',(#6665,#6666,#6667,#6668));
#1450=EDGE_LOOP('',(#6669,#6670,#6671,#6672));
#1451=EDGE_LOOP('',(#6673,#6674,#6675,#6676));
#1452=EDGE_LOOP('',(#6677,#6678,#6679,#6680));
#1453=EDGE_LOOP('',(#6681,#6682,#6683,#6684));
#1454=EDGE_LOOP('',(#6685,#6686,#6687,#6688));
#1455=EDGE_LOOP('',(#6689,#6690,#6691,#6692));
#1456=EDGE_LOOP('',(#6693,#6694,#6695,#6696));
#1457=EDGE_LOOP('',(#6697,#6698,#6699,#6700));
#1458=EDGE_LOOP('',(#6701,#6702,#6703,#6704));
#1459=EDGE_LOOP('',(#6705,#6706,#6707,#6708));
#1460=EDGE_LOOP('',(#6709,#6710,#6711,#6712));
#1461=EDGE_LOOP('',(#6713,#6714,#6715,#6716));
#1462=EDGE_LOOP('',(#6717,#6718,#6719,#6720));
#1463=EDGE_LOOP('',(#6721,#6722,#6723,#6724));
#1464=EDGE_LOOP('',(#6725,#6726,#6727,#6728));
#1465=EDGE_LOOP('',(#6729,#6730,#6731,#6732));
#1466=EDGE_LOOP('',(#6733,#6734,#6735,#6736));
#1467=EDGE_LOOP('',(#6737,#6738,#6739,#6740));
#1468=EDGE_LOOP('',(#6741,#6742,#6743,#6744));
#1469=EDGE_LOOP('',(#6745,#6746,#6747,#6748));
#1470=EDGE_LOOP('',(#6749,#6750,#6751,#6752));
#1471=EDGE_LOOP('',(#6753,#6754,#6755,#6756));
#1472=EDGE_LOOP('',(#6757,#6758,#6759,#6760));
#1473=EDGE_LOOP('',(#6761,#6762,#6763,#6764));
#1474=EDGE_LOOP('',(#6765,#6766,#6767,#6768));
#1475=EDGE_LOOP('',(#6769,#6770,#6771,#6772));
#1476=EDGE_LOOP('',(#6773,#6774,#6775,#6776));
#1477=EDGE_LOOP('',(#6777,#6778,#6779,#6780));
#1478=EDGE_LOOP('',(#6781,#6782,#6783,#6784));
#1479=EDGE_LOOP('',(#6785,#6786,#6787,#6788));
#1480=EDGE_LOOP('',(#6789,#6790,#6791,#6792));
#1481=EDGE_LOOP('',(#6793,#6794,#6795,#6796));
#1482=EDGE_LOOP('',(#6797,#6798,#6799,#6800));
#1483=EDGE_LOOP('',(#6801,#6802,#6803,#6804));
#1484=EDGE_LOOP('',(#6805,#6806,#6807,#6808));
#1485=EDGE_LOOP('',(#6809,#6810,#6811,#6812));
#1486=EDGE_LOOP('',(#6813,#6814,#6815,#6816));
#1487=EDGE_LOOP('',(#6817,#6818,#6819,#6820));
#1488=EDGE_LOOP('',(#6821,#6822,#6823,#6824));
#1489=EDGE_LOOP('',(#6825,#6826,#6827,#6828,#6829,#6830,#6831,#6832,#6833));
#1490=EDGE_LOOP('',(#6834,#6835,#6836,#6837,#6838,#6839,#6840,#6841));
#1491=EDGE_LOOP('',(#6842,#6843,#6844,#6845,#6846));
#1492=EDGE_LOOP('',(#6847,#6848,#6849,#6850));
#1493=EDGE_LOOP('',(#6851,#6852,#6853,#6854));
#1494=EDGE_LOOP('',(#6855,#6856,#6857,#6858));
#1495=EDGE_LOOP('',(#6859,#6860,#6861,#6862));
#1496=EDGE_LOOP('',(#6863,#6864,#6865,#6866,#6867,#6868));
#1497=EDGE_LOOP('',(#6869,#6870,#6871,#6872,#6873,#6874));
#1498=EDGE_LOOP('',(#6875,#6876,#6877));
#1499=EDGE_LOOP('',(#6878,#6879,#6880,#6881,#6882));
#1500=LINE('',#9524,#2267);
#1501=LINE('',#9526,#2268);
#1502=LINE('',#9528,#2269);
#1503=LINE('',#9529,#2270);
#1504=LINE('',#9580,#2271);
#1505=LINE('',#9583,#2272);
#1506=LINE('',#9590,#2273);
#1507=LINE('',#9593,#2274);
#1508=LINE('',#9646,#2275);
#1509=LINE('',#9649,#2276);
#1510=LINE('',#9652,#2277);
#1511=LINE('',#9653,#2278);
#1512=LINE('',#9656,#2279);
#1513=LINE('',#9659,#2280);
#1514=LINE('',#9662,#2281);
#1515=LINE('',#9663,#2282);
#1516=LINE('',#9666,#2283);
#1517=LINE('',#9668,#2284);
#1518=LINE('',#9669,#2285);
#1519=LINE('',#9672,#2286);
#1520=LINE('',#9673,#2287);
#1521=LINE('',#9676,#2288);
#1522=LINE('',#9677,#2289);
#1523=LINE('',#9679,#2290);
#1524=LINE('',#9728,#2291);
#1525=LINE('',#9733,#2292);
#1526=LINE('',#9786,#2293);
#1527=LINE('',#9788,#2294);
#1528=LINE('',#9790,#2295);
#1529=LINE('',#9792,#2296);
#1530=LINE('',#9794,#2297);
#1531=LINE('',#9796,#2298);
#1532=LINE('',#9798,#2299);
#1533=LINE('',#9800,#2300);
#1534=LINE('',#9802,#2301);
#1535=LINE('',#9804,#2302);
#1536=LINE('',#9806,#2303);
#1537=LINE('',#9808,#2304);
#1538=LINE('',#9810,#2305);
#1539=LINE('',#9812,#2306);
#1540=LINE('',#9814,#2307);
#1541=LINE('',#9816,#2308);
#1542=LINE('',#9818,#2309);
#1543=LINE('',#9820,#2310);
#1544=LINE('',#9822,#2311);
#1545=LINE('',#9824,#2312);
#1546=LINE('',#9826,#2313);
#1547=LINE('',#9828,#2314);
#1548=LINE('',#9830,#2315);
#1549=LINE('',#9832,#2316);
#1550=LINE('',#9835,#2317);
#1551=LINE('',#9837,#2318);
#1552=LINE('',#9840,#2319);
#1553=LINE('',#9842,#2320);
#1554=LINE('',#9844,#2321);
#1555=LINE('',#9846,#2322);
#1556=LINE('',#9848,#2323);
#1557=LINE('',#9850,#2324);
#1558=LINE('',#9852,#2325);
#1559=LINE('',#9854,#2326);
#1560=LINE('',#9856,#2327);
#1561=LINE('',#9858,#2328);
#1562=LINE('',#9860,#2329);
#1563=LINE('',#9862,#2330);
#1564=LINE('',#9864,#2331);
#1565=LINE('',#9866,#2332);
#1566=LINE('',#9868,#2333);
#1567=LINE('',#9870,#2334);
#1568=LINE('',#9872,#2335);
#1569=LINE('',#9874,#2336);
#1570=LINE('',#9876,#2337);
#1571=LINE('',#9878,#2338);
#1572=LINE('',#9880,#2339);
#1573=LINE('',#9882,#2340);
#1574=LINE('',#9884,#2341);
#1575=LINE('',#9886,#2342);
#1576=LINE('',#9888,#2343);
#1577=LINE('',#9892,#2344);
#1578=LINE('',#9894,#2345);
#1579=LINE('',#9896,#2346);
#1580=LINE('',#9898,#2347);
#1581=LINE('',#9900,#2348);
#1582=LINE('',#9901,#2349);
#1583=LINE('',#9905,#2350);
#1584=LINE('',#9907,#2351);
#1585=LINE('',#9909,#2352);
#1586=LINE('',#9910,#2353);
#1587=LINE('',#9913,#2354);
#1588=LINE('',#9915,#2355);
#1589=LINE('',#9916,#2356);
#1590=LINE('',#9919,#2357);
#1591=LINE('',#9921,#2358);
#1592=LINE('',#9922,#2359);
#1593=LINE('',#9924,#2360);
#1594=LINE('',#9925,#2361);
#1595=LINE('',#9928,#2362);
#1596=LINE('',#9930,#2363);
#1597=LINE('',#9931,#2364);
#1598=LINE('',#9934,#2365);
#1599=LINE('',#9936,#2366);
#1600=LINE('',#9937,#2367);
#1601=LINE('',#9939,#2368);
#1602=LINE('',#9941,#2369);
#1603=LINE('',#9943,#2370);
#1604=LINE('',#9945,#2371);
#1605=LINE('',#9946,#2372);
#1606=LINE('',#9950,#2373);
#1607=LINE('',#9952,#2374);
#1608=LINE('',#9954,#2375);
#1609=LINE('',#9955,#2376);
#1610=LINE('',#9958,#2377);
#1611=LINE('',#9960,#2378);
#1612=LINE('',#9962,#2379);
#1613=LINE('',#9963,#2380);
#1614=LINE('',#9966,#2381);
#1615=LINE('',#9968,#2382);
#1616=LINE('',#9969,#2383);
#1617=LINE('',#9972,#2384);
#1618=LINE('',#9973,#2385);
#1619=LINE('',#9977,#2386);
#1620=LINE('',#9979,#2387);
#1621=LINE('',#9981,#2388);
#1622=LINE('',#9982,#2389);
#1623=LINE('',#9985,#2390);
#1624=LINE('',#9987,#2391);
#1625=LINE('',#9988,#2392);
#1626=LINE('',#9991,#2393);
#1627=LINE('',#9992,#2394);
#1628=LINE('',#10036,#2395);
#1629=LINE('',#10038,#2396);
#1630=LINE('',#10040,#2397);
#1631=LINE('',#10074,#2398);
#1632=LINE('',#10091,#2399);
#1633=LINE('',#10094,#2400);
#1634=LINE('',#10096,#2401);
#1635=LINE('',#10097,#2402);
#1636=LINE('',#10100,#2403);
#1637=LINE('',#10102,#2404);
#1638=LINE('',#10103,#2405);
#1639=LINE('',#10106,#2406);
#1640=LINE('',#10107,#2407);
#1641=LINE('',#10119,#2408);
#1642=LINE('',#10126,#2409);
#1643=LINE('',#10129,#2410);
#1644=LINE('',#10130,#2411);
#1645=LINE('',#10133,#2412);
#1646=LINE('',#10134,#2413);
#1647=LINE('',#10137,#2414);
#1648=LINE('',#10138,#2415);
#1649=LINE('',#10150,#2416);
#1650=LINE('',#10167,#2417);
#1651=LINE('',#10184,#2418);
#1652=LINE('',#10201,#2419);
#1653=LINE('',#10242,#2420);
#1654=LINE('',#10244,#2421);
#1655=LINE('',#10246,#2422);
#1656=LINE('',#10280,#2423);
#1657=LINE('',#10282,#2424);
#1658=LINE('',#10284,#2425);
#1659=LINE('',#10286,#2426);
#1660=LINE('',#10288,#2427);
#1661=LINE('',#10290,#2428);
#1662=LINE('',#10324,#2429);
#1663=LINE('',#10326,#2430);
#1664=LINE('',#10327,#2431);
#1665=LINE('',#10330,#2432);
#1666=LINE('',#10332,#2433);
#1667=LINE('',#10333,#2434);
#1668=LINE('',#10336,#2435);
#1669=LINE('',#10337,#2436);
#1670=LINE('',#10349,#2437);
#1671=LINE('',#10366,#2438);
#1672=LINE('',#10383,#2439);
#1673=LINE('',#10400,#2440);
#1674=LINE('',#10408,#2441);
#1675=LINE('',#10409,#2442);
#1676=LINE('',#10412,#2443);
#1677=LINE('',#10413,#2444);
#1678=LINE('',#10416,#2445);
#1679=LINE('',#10417,#2446);
#1680=LINE('',#10429,#2447);
#1681=LINE('',#10446,#2448);
#1682=LINE('',#10463,#2449);
#1683=LINE('',#10504,#2450);
#1684=LINE('',#10522,#2451);
#1685=LINE('',#10556,#2452);
#1686=LINE('',#10558,#2453);
#1687=LINE('',#10560,#2454);
#1688=LINE('',#10562,#2455);
#1689=LINE('',#10596,#2456);
#1690=LINE('',#10598,#2457);
#1691=LINE('',#10599,#2458);
#1692=LINE('',#10602,#2459);
#1693=LINE('',#10604,#2460);
#1694=LINE('',#10605,#2461);
#1695=LINE('',#10617,#2462);
#1696=LINE('',#10634,#2463);
#1697=LINE('',#10651,#2464);
#1698=LINE('',#10668,#2465);
#1699=LINE('',#10676,#2466);
#1700=LINE('',#10677,#2467);
#1701=LINE('',#10689,#2468);
#1702=LINE('',#10706,#2469);
#1703=LINE('',#10714,#2470);
#1704=LINE('',#10715,#2471);
#1705=LINE('',#10727,#2472);
#1706=LINE('',#10744,#2473);
#1707=LINE('',#10761,#2474);
#1708=LINE('',#10770,#2475);
#1709=LINE('',#10804,#2476);
#1710=LINE('',#10806,#2477);
#1711=LINE('',#10840,#2478);
#1712=LINE('',#10842,#2479);
#1713=LINE('',#10876,#2480);
#1714=LINE('',#10878,#2481);
#1715=LINE('',#10911,#2482);
#1716=LINE('',#10914,#2483);
#1717=LINE('',#10916,#2484);
#1718=LINE('',#10917,#2485);
#1719=LINE('',#10920,#2486);
#1720=LINE('',#10921,#2487);
#1721=LINE('',#10933,#2488);
#1722=LINE('',#10950,#2489);
#1723=LINE('',#10967,#2490);
#1724=LINE('',#10984,#2491);
#1725=LINE('',#10992,#2492);
#1726=LINE('',#10993,#2493);
#1727=LINE('',#10996,#2494);
#1728=LINE('',#10997,#2495);
#1729=LINE('',#11009,#2496);
#1730=LINE('',#11026,#2497);
#1731=LINE('',#11043,#2498);
#1732=LINE('',#11060,#2499);
#1733=LINE('',#11085,#2500);
#1734=LINE('',#11103,#2501);
#1735=LINE('',#11121,#2502);
#1736=LINE('',#11138,#2503);
#1737=LINE('',#11150,#2504);
#1738=LINE('',#11157,#2505);
#1739=LINE('',#11160,#2506);
#1740=LINE('',#11161,#2507);
#1741=LINE('',#11173,#2508);
#1742=LINE('',#11190,#2509);
#1743=LINE('',#11198,#2510);
#1744=LINE('',#11199,#2511);
#1745=LINE('',#11211,#2512);
#1746=LINE('',#11252,#2513);
#1747=LINE('',#11254,#2514);
#1748=LINE('',#11272,#2515);
#1749=LINE('',#11290,#2516);
#1750=LINE('',#11291,#2517);
#1751=LINE('',#11294,#2518);
#1752=LINE('',#11296,#2519);
#1753=LINE('',#11314,#2520);
#1754=LINE('',#11331,#2521);
#1755=LINE('',#11334,#2522);
#1756=LINE('',#11336,#2523);
#1757=LINE('',#11337,#2524);
#1758=LINE('',#11349,#2525);
#1759=LINE('',#11366,#2526);
#1760=LINE('',#11374,#2527);
#1761=LINE('',#11375,#2528);
#1762=LINE('',#11387,#2529);
#1763=LINE('',#11394,#2530);
#1764=LINE('',#11406,#2531);
#1765=LINE('',#11414,#2532);
#1766=LINE('',#11415,#2533);
#1767=LINE('',#11418,#2534);
#1768=LINE('',#11419,#2535);
#1769=LINE('',#11431,#2536);
#1770=LINE('',#11448,#2537);
#1771=LINE('',#11465,#2538);
#1772=LINE('',#11506,#2539);
#1773=LINE('',#11508,#2540);
#1774=LINE('',#11510,#2541);
#1775=LINE('',#11544,#2542);
#1776=LINE('',#11562,#2543);
#1777=LINE('',#11580,#2544);
#1778=LINE('',#11597,#2545);
#1779=LINE('',#11600,#2546);
#1780=LINE('',#11610,#2547);
#1781=LINE('',#11628,#2548);
#1782=LINE('',#11638,#2549);
#1783=LINE('',#11639,#2550);
#1784=LINE('',#11642,#2551);
#1785=LINE('',#11644,#2552);
#1786=LINE('',#11645,#2553);
#1787=LINE('',#11657,#2554);
#1788=LINE('',#11674,#2555);
#1789=LINE('',#11682,#2556);
#1790=LINE('',#11683,#2557);
#1791=LINE('',#11695,#2558);
#1792=LINE('',#11703,#2559);
#1793=LINE('',#11705,#2560);
#1794=LINE('',#11706,#2561);
#1795=LINE('',#11718,#2562);
#1796=LINE('',#11735,#2563);
#1797=LINE('',#11752,#2564);
#1798=LINE('',#11769,#2565);
#1799=LINE('',#11777,#2566);
#1800=LINE('',#11778,#2567);
#1801=LINE('',#11781,#2568);
#1802=LINE('',#11782,#2569);
#1803=LINE('',#11785,#2570);
#1804=LINE('',#11786,#2571);
#1805=LINE('',#11798,#2572);
#1806=LINE('',#11815,#2573);
#1807=LINE('',#11832,#2574);
#1808=LINE('',#11841,#2575);
#1809=LINE('',#11843,#2576);
#1810=LINE('',#11845,#2577);
#1811=LINE('',#11846,#2578);
#1812=LINE('',#11849,#2579);
#1813=LINE('',#11851,#2580);
#1814=LINE('',#11852,#2581);
#1815=LINE('',#11855,#2582);
#1816=LINE('',#11857,#2583);
#1817=LINE('',#11858,#2584);
#1818=LINE('',#11860,#2585);
#1819=LINE('',#11861,#2586);
#1820=LINE('',#11867,#2587);
#1821=LINE('',#11873,#2588);
#1822=LINE('',#11875,#2589);
#1823=LINE('',#11877,#2590);
#1824=LINE('',#11878,#2591);
#1825=LINE('',#11881,#2592);
#1826=LINE('',#11883,#2593);
#1827=LINE('',#11884,#2594);
#1828=LINE('',#11887,#2595);
#1829=LINE('',#11889,#2596);
#1830=LINE('',#11890,#2597);
#1831=LINE('',#11892,#2598);
#1832=LINE('',#11893,#2599);
#1833=LINE('',#11898,#2600);
#1834=LINE('',#11900,#2601);
#1835=LINE('',#11902,#2602);
#1836=LINE('',#11903,#2603);
#1837=LINE('',#11906,#2604);
#1838=LINE('',#11908,#2605);
#1839=LINE('',#11909,#2606);
#1840=LINE('',#11912,#2607);
#1841=LINE('',#11914,#2608);
#1842=LINE('',#11915,#2609);
#1843=LINE('',#11917,#2610);
#1844=LINE('',#11918,#2611);
#1845=LINE('',#11923,#2612);
#1846=LINE('',#11925,#2613);
#1847=LINE('',#11927,#2614);
#1848=LINE('',#11928,#2615);
#1849=LINE('',#11931,#2616);
#1850=LINE('',#11933,#2617);
#1851=LINE('',#11934,#2618);
#1852=LINE('',#11937,#2619);
#1853=LINE('',#11939,#2620);
#1854=LINE('',#11940,#2621);
#1855=LINE('',#11942,#2622);
#1856=LINE('',#11943,#2623);
#1857=LINE('',#11948,#2624);
#1858=LINE('',#11950,#2625);
#1859=LINE('',#11952,#2626);
#1860=LINE('',#11953,#2627);
#1861=LINE('',#11956,#2628);
#1862=LINE('',#11958,#2629);
#1863=LINE('',#11959,#2630);
#1864=LINE('',#11961,#2631);
#1865=LINE('',#11962,#2632);
#1866=LINE('',#11965,#2633);
#1867=LINE('',#11967,#2634);
#1868=LINE('',#11968,#2635);
#1869=LINE('',#11971,#2636);
#1870=LINE('',#11973,#2637);
#1871=LINE('',#11975,#2638);
#1872=LINE('',#11977,#2639);
#1873=LINE('',#11979,#2640);
#1874=LINE('',#11981,#2641);
#1875=LINE('',#11983,#2642);
#1876=LINE('',#11984,#2643);
#1877=LINE('',#11988,#2644);
#1878=LINE('',#11990,#2645);
#1879=LINE('',#11992,#2646);
#1880=LINE('',#11993,#2647);
#1881=LINE('',#11996,#2648);
#1882=LINE('',#11998,#2649);
#1883=LINE('',#11999,#2650);
#1884=LINE('',#12002,#2651);
#1885=LINE('',#12004,#2652);
#1886=LINE('',#12005,#2653);
#1887=LINE('',#12008,#2654);
#1888=LINE('',#12010,#2655);
#1889=LINE('',#12011,#2656);
#1890=LINE('',#12014,#2657);
#1891=LINE('',#12016,#2658);
#1892=LINE('',#12017,#2659);
#1893=LINE('',#12020,#2660);
#1894=LINE('',#12021,#2661);
#1895=LINE('',#12024,#2662);
#1896=LINE('',#12026,#2663);
#1897=LINE('',#12027,#2664);
#1898=LINE('',#12030,#2665);
#1899=LINE('',#12031,#2666);
#1900=LINE('',#12033,#2667);
#1901=LINE('',#12036,#2668);
#1902=LINE('',#12038,#2669);
#1903=LINE('',#12039,#2670);
#1904=LINE('',#12042,#2671);
#1905=LINE('',#12043,#2672);
#1906=LINE('',#12046,#2673);
#1907=LINE('',#12048,#2674);
#1908=LINE('',#12049,#2675);
#1909=LINE('',#12052,#2676);
#1910=LINE('',#12053,#2677);
#1911=LINE('',#12057,#2678);
#1912=LINE('',#12059,#2679);
#1913=LINE('',#12061,#2680);
#1914=LINE('',#12062,#2681);
#1915=LINE('',#12065,#2682);
#1916=LINE('',#12067,#2683);
#1917=LINE('',#12069,#2684);
#1918=LINE('',#12071,#2685);
#1919=LINE('',#12073,#2686);
#1920=LINE('',#12075,#2687);
#1921=LINE('',#12077,#2688);
#1922=LINE('',#12078,#2689);
#1923=LINE('',#12079,#2690);
#1924=LINE('',#12081,#2691);
#1925=LINE('',#12083,#2692);
#1926=LINE('',#12085,#2693);
#1927=LINE('',#12087,#2694);
#1928=LINE('',#12089,#2695);
#1929=LINE('',#12090,#2696);
#1930=LINE('',#12093,#2697);
#1931=LINE('',#12095,#2698);
#1932=LINE('',#12096,#2699);
#1933=LINE('',#12100,#2700);
#1934=LINE('',#12102,#2701);
#1935=LINE('',#12104,#2702);
#1936=LINE('',#12105,#2703);
#1937=LINE('',#12108,#2704);
#1938=LINE('',#12110,#2705);
#1939=LINE('',#12111,#2706);
#1940=LINE('',#12114,#2707);
#1941=LINE('',#12116,#2708);
#1942=LINE('',#12118,#2709);
#1943=LINE('',#12119,#2710);
#1944=LINE('',#12122,#2711);
#1945=LINE('',#12124,#2712);
#1946=LINE('',#12126,#2713);
#1947=LINE('',#12127,#2714);
#1948=LINE('',#12128,#2715);
#1949=LINE('',#12131,#2716);
#1950=LINE('',#12133,#2717);
#1951=LINE('',#12135,#2718);
#1952=LINE('',#12136,#2719);
#1953=LINE('',#12140,#2720);
#1954=LINE('',#12141,#2721);
#1955=LINE('',#12142,#2722);
#1956=LINE('',#12145,#2723);
#1957=LINE('',#12146,#2724);
#1958=LINE('',#12149,#2725);
#1959=LINE('',#12150,#2726);
#1960=LINE('',#12152,#2727);
#1961=LINE('',#12155,#2728);
#1962=LINE('',#12157,#2729);
#1963=LINE('',#12158,#2730);
#1964=LINE('',#12161,#2731);
#1965=LINE('',#12163,#2732);
#1966=LINE('',#12165,#2733);
#1967=LINE('',#12167,#2734);
#1968=LINE('',#12169,#2735);
#1969=LINE('',#12171,#2736);
#1970=LINE('',#12173,#2737);
#1971=LINE('',#12174,#2738);
#1972=LINE('',#12176,#2739);
#1973=LINE('',#12178,#2740);
#1974=LINE('',#12179,#2741);
#1975=LINE('',#12180,#2742);
#1976=LINE('',#12182,#2743);
#1977=LINE('',#12183,#2744);
#1978=LINE('',#12185,#2745);
#1979=LINE('',#12186,#2746);
#1980=LINE('',#12188,#2747);
#1981=LINE('',#12191,#2748);
#1982=LINE('',#12192,#2749);
#1983=LINE('',#12194,#2750);
#1984=LINE('',#12199,#2751);
#1985=LINE('',#12200,#2752);
#1986=LINE('',#12201,#2753);
#1987=LINE('',#12203,#2754);
#1988=LINE('',#12206,#2755);
#1989=LINE('',#12208,#2756);
#1990=LINE('',#12210,#2757);
#1991=LINE('',#12211,#2758);
#1992=LINE('',#12212,#2759);
#1993=LINE('',#12214,#2760);
#1994=LINE('',#12215,#2761);
#1995=LINE('',#12217,#2762);
#1996=LINE('',#12219,#2763);
#1997=LINE('',#12221,#2764);
#1998=LINE('',#12223,#2765);
#1999=LINE('',#12225,#2766);
#2000=LINE('',#12227,#2767);
#2001=LINE('',#12229,#2768);
#2002=LINE('',#12231,#2769);
#2003=LINE('',#12233,#2770);
#2004=LINE('',#12235,#2771);
#2005=LINE('',#12237,#2772);
#2006=LINE('',#12238,#2773);
#2007=LINE('',#12241,#2774);
#2008=LINE('',#12242,#2775);
#2009=LINE('',#12245,#2776);
#2010=LINE('',#12246,#2777);
#2011=LINE('',#12248,#2778);
#2012=LINE('',#12251,#2779);
#2013=LINE('',#12252,#2780);
#2014=LINE('',#12255,#2781);
#2015=LINE('',#12256,#2782);
#2016=LINE('',#12258,#2783);
#2017=LINE('',#12261,#2784);
#2018=LINE('',#12263,#2785);
#2019=LINE('',#12265,#2786);
#2020=LINE('',#12266,#2787);
#2021=LINE('',#12268,#2788);
#2022=LINE('',#12270,#2789);
#2023=LINE('',#12272,#2790);
#2024=LINE('',#12274,#2791);
#2025=LINE('',#12276,#2792);
#2026=LINE('',#12278,#2793);
#2027=LINE('',#12280,#2794);
#2028=LINE('',#12281,#2795);
#2029=LINE('',#12283,#2796);
#2030=LINE('',#12284,#2797);
#2031=LINE('',#12285,#2798);
#2032=LINE('',#12289,#2799);
#2033=LINE('',#12291,#2800);
#2034=LINE('',#12293,#2801);
#2035=LINE('',#12294,#2802);
#2036=LINE('',#12298,#2803);
#2037=LINE('',#12300,#2804);
#2038=LINE('',#12302,#2805);
#2039=LINE('',#12303,#2806);
#2040=LINE('',#12305,#2807);
#2041=LINE('',#12306,#2808);
#2042=LINE('',#12309,#2809);
#2043=LINE('',#12311,#2810);
#2044=LINE('',#12312,#2811);
#2045=LINE('',#12314,#2812);
#2046=LINE('',#12315,#2813);
#2047=LINE('',#12318,#2814);
#2048=LINE('',#12319,#2815);
#2049=LINE('',#12321,#2816);
#2050=LINE('',#12324,#2817);
#2051=LINE('',#12325,#2818);
#2052=LINE('',#12327,#2819);
#2053=LINE('',#12331,#2820);
#2054=LINE('',#12333,#2821);
#2055=LINE('',#12334,#2822);
#2056=LINE('',#12337,#2823);
#2057=LINE('',#12338,#2824);
#2058=LINE('',#12340,#2825);
#2059=LINE('',#12343,#2826);
#2060=LINE('',#12345,#2827);
#2061=LINE('',#12346,#2828);
#2062=LINE('',#12349,#2829);
#2063=LINE('',#12350,#2830);
#2064=LINE('',#12353,#2831);
#2065=LINE('',#12354,#2832);
#2066=LINE('',#12356,#2833);
#2067=LINE('',#12358,#2834);
#2068=LINE('',#12361,#2835);
#2069=LINE('',#12363,#2836);
#2070=LINE('',#12367,#2837);
#2071=LINE('',#12369,#2838);
#2072=LINE('',#12370,#2839);
#2073=LINE('',#12371,#2840);
#2074=LINE('',#12372,#2841);
#2075=LINE('',#12374,#2842);
#2076=LINE('',#12375,#2843);
#2077=LINE('',#12377,#2844);
#2078=LINE('',#12382,#2845);
#2079=LINE('',#12383,#2846);
#2080=LINE('',#12384,#2847);
#2081=LINE('',#12387,#2848);
#2082=LINE('',#12388,#2849);
#2083=LINE('',#12390,#2850);
#2084=LINE('',#12391,#2851);
#2085=LINE('',#12394,#2852);
#2086=LINE('',#12396,#2853);
#2087=LINE('',#12397,#2854);
#2088=LINE('',#12398,#2855);
#2089=LINE('',#12400,#2856);
#2090=LINE('',#12402,#2857);
#2091=LINE('',#12403,#2858);
#2092=LINE('',#12405,#2859);
#2093=LINE('',#12407,#2860);
#2094=LINE('',#12409,#2861);
#2095=LINE('',#12411,#2862);
#2096=LINE('',#12412,#2863);
#2097=LINE('',#12414,#2864);
#2098=LINE('',#12415,#2865);
#2099=LINE('',#12418,#2866);
#2100=LINE('',#12420,#2867);
#2101=LINE('',#12422,#2868);
#2102=LINE('',#12425,#2869);
#2103=LINE('',#12428,#2870);
#2104=LINE('',#12429,#2871);
#2105=LINE('',#12431,#2872);
#2106=LINE('',#12434,#2873);
#2107=LINE('',#12435,#2874);
#2108=LINE('',#12437,#2875);
#2109=LINE('',#12440,#2876);
#2110=LINE('',#12441,#2877);
#2111=LINE('',#12444,#2878);
#2112=LINE('',#12445,#2879);
#2113=LINE('',#12447,#2880);
#2114=LINE('',#12448,#2881);
#2115=LINE('',#12450,#2882);
#2116=LINE('',#12451,#2883);
#2117=LINE('',#12454,#2884);
#2118=LINE('',#12459,#2885);
#2119=LINE('',#12460,#2886);
#2120=LINE('',#12461,#2887);
#2121=LINE('',#12464,#2888);
#2122=LINE('',#12465,#2889);
#2123=LINE('',#12466,#2890);
#2124=LINE('',#12468,#2891);
#2125=LINE('',#12471,#2892);
#2126=LINE('',#12473,#2893);
#2127=LINE('',#12475,#2894);
#2128=LINE('',#12476,#2895);
#2129=LINE('',#12478,#2896);
#2130=LINE('',#12480,#2897);
#2131=LINE('',#12481,#2898);
#2132=LINE('',#12484,#2899);
#2133=LINE('',#12486,#2900);
#2134=LINE('',#12488,#2901);
#2135=LINE('',#12489,#2902);
#2136=LINE('',#12491,#2903);
#2137=LINE('',#12493,#2904);
#2138=LINE('',#12495,#2905);
#2139=LINE('',#12498,#2906);
#2140=LINE('',#12499,#2907);
#2141=LINE('',#12501,#2908);
#2142=LINE('',#12502,#2909);
#2143=LINE('',#12506,#2910);
#2144=LINE('',#12507,#2911);
#2145=LINE('',#12510,#2912);
#2146=LINE('',#12511,#2913);
#2147=LINE('',#12512,#2914);
#2148=LINE('',#12514,#2915);
#2149=LINE('',#12515,#2916);
#2150=LINE('',#12516,#2917);
#2151=LINE('',#12519,#2918);
#2152=LINE('',#12520,#2919);
#2153=LINE('',#12521,#2920);
#2154=LINE('',#12523,#2921);
#2155=LINE('',#12524,#2922);
#2156=LINE('',#12525,#2923);
#2157=LINE('',#12527,#2924);
#2158=LINE('',#12528,#2925);
#2159=LINE('',#12533,#2926);
#2160=LINE('',#12535,#2927);
#2161=LINE('',#12539,#2928);
#2162=LINE('',#12549,#2929);
#2163=LINE('',#12551,#2930);
#2164=LINE('',#12553,#2931);
#2165=LINE('',#12579,#2932);
#2166=LINE('',#12581,#2933);
#2167=LINE('',#12582,#2934);
#2168=LINE('',#12590,#2935);
#2169=LINE('',#12592,#2936);
#2170=LINE('',#12594,#2937);
#2171=LINE('',#12620,#2938);
#2172=LINE('',#12622,#2939);
#2173=LINE('',#12624,#2940);
#2174=LINE('',#12625,#2941);
#2175=LINE('',#12627,#2942);
#2176=LINE('',#12628,#2943);
#2177=LINE('',#12636,#2944);
#2178=LINE('',#12650,#2945);
#2179=LINE('',#12675,#2946);
#2180=LINE('',#12677,#2947);
#2181=LINE('',#12690,#2948);
#2182=LINE('',#12698,#2949);
#2183=LINE('',#12712,#2950);
#2184=LINE('',#12726,#2951);
#2185=LINE('',#12745,#2952);
#2186=LINE('',#12759,#2953);
#2187=LINE('',#12766,#2954);
#2188=LINE('',#12768,#2955);
#2189=LINE('',#12794,#2956);
#2190=LINE('',#12796,#2957);
#2191=LINE('',#12821,#2958);
#2192=LINE('',#12823,#2959);
#2193=LINE('',#12825,#2960);
#2194=LINE('',#12836,#2961);
#2195=LINE('',#12847,#2962);
#2196=LINE('',#12858,#2963);
#2197=LINE('',#12869,#2964);
#2198=LINE('',#12871,#2965);
#2199=LINE('',#12873,#2966);
#2200=LINE('',#12875,#2967);
#2201=LINE('',#12887,#2968);
#2202=LINE('',#12889,#2969);
#2203=LINE('',#12891,#2970);
#2204=LINE('',#12893,#2971);
#2205=LINE('',#12904,#2972);
#2206=LINE('',#12915,#2973);
#2207=LINE('',#12926,#2974);
#2208=LINE('',#12937,#2975);
#2209=LINE('',#12939,#2976);
#2210=LINE('',#12941,#2977);
#2211=LINE('',#12943,#2978);
#2212=LINE('',#12955,#2979);
#2213=LINE('',#12958,#2980);
#2214=LINE('',#12969,#2981);
#2215=LINE('',#12980,#2982);
#2216=LINE('',#12991,#2983);
#2217=LINE('',#12993,#2984);
#2218=LINE('',#13004,#2985);
#2219=LINE('',#13015,#2986);
#2220=LINE('',#13017,#2987);
#2221=LINE('',#13044,#2988);
#2222=LINE('',#13061,#2989);
#2223=LINE('',#13064,#2990);
#2224=LINE('',#13065,#2991);
#2225=LINE('',#13067,#2992);
#2226=LINE('',#13069,#2993);
#2227=LINE('',#13080,#2994);
#2228=LINE('',#13091,#2995);
#2229=LINE('',#13093,#2996);
#2230=LINE('',#13095,#2997);
#2231=LINE('',#13122,#2998);
#2232=LINE('',#13125,#2999);
#2233=LINE('',#13126,#3000);
#2234=LINE('',#13129,#3001);
#2235=LINE('',#13130,#3002);
#2236=LINE('',#13132,#3003);
#2237=LINE('',#13143,#3004);
#2238=LINE('',#13154,#3005);
#2239=LINE('',#13156,#3006);
#2240=LINE('',#13167,#3007);
#2241=LINE('',#13178,#3008);
#2242=LINE('',#13180,#3009);
#2243=LINE('',#13191,#3010);
#2244=LINE('',#13202,#3011);
#2245=LINE('',#13204,#3012);
#2246=LINE('',#13225,#3013);
#2247=LINE('',#13227,#3014);
#2248=LINE('',#13238,#3015);
#2249=LINE('',#13249,#3016);
#2250=LINE('',#13251,#3017);
#2251=LINE('',#13272,#3018);
#2252=LINE('',#13283,#3019);
#2253=LINE('',#13294,#3020);
#2254=LINE('',#13305,#3021);
#2255=LINE('',#13307,#3022);
#2256=LINE('',#13309,#3023);
#2257=LINE('',#13320,#3024);
#2258=LINE('',#13331,#3025);
#2259=LINE('',#13342,#3026);
#2260=LINE('',#13353,#3027);
#2261=LINE('',#13355,#3028);
#2262=LINE('',#13360,#3029);
#2263=LINE('',#13361,#3030);
#2264=LINE('',#13363,#3031);
#2265=LINE('',#13365,#3032);
#2266=LINE('',#13368,#3033);
#2267=VECTOR('',#7942,10.);
#2268=VECTOR('',#7943,10.);
#2269=VECTOR('',#7944,10.);
#2270=VECTOR('',#7945,10.);
#2271=VECTOR('',#7994,10.);
#2272=VECTOR('',#7997,10.);
#2273=VECTOR('',#8002,10.);
#2274=VECTOR('',#8005,10.);
#2275=VECTOR('',#8058,1.);
#2276=VECTOR('',#8061,1.);
#2277=VECTOR('',#8064,1.);
#2278=VECTOR('',#8065,1.);
#2279=VECTOR('',#8068,1.);
#2280=VECTOR('',#8071,1.);
#2281=VECTOR('',#8074,1.);
#2282=VECTOR('',#8075,1.);
#2283=VECTOR('',#8078,1.);
#2284=VECTOR('',#8079,1.);
#2285=VECTOR('',#8080,1.);
#2286=VECTOR('',#8083,1.);
#2287=VECTOR('',#8084,1.);
#2288=VECTOR('',#8087,1.);
#2289=VECTOR('',#8088,1.);
#2290=VECTOR('',#8091,1.);
#2291=VECTOR('',#8140,1.);
#2292=VECTOR('',#8145,1.);
#2293=VECTOR('',#8200,0.85);
#2294=VECTOR('',#8203,2.);
#2295=VECTOR('',#8206,0.75);
#2296=VECTOR('',#8209,0.85);
#2297=VECTOR('',#8212,0.75);
#2298=VECTOR('',#8215,0.85);
#2299=VECTOR('',#8218,0.75);
#2300=VECTOR('',#8221,2.);
#2301=VECTOR('',#8224,0.85);
#2302=VECTOR('',#8227,0.75);
#2303=VECTOR('',#8230,0.85);
#2304=VECTOR('',#8233,2.);
#2305=VECTOR('',#8236,0.75);
#2306=VECTOR('',#8239,0.85);
#2307=VECTOR('',#8242,0.75);
#2308=VECTOR('',#8245,0.85);
#2309=VECTOR('',#8248,0.75);
#2310=VECTOR('',#8251,2.);
#2311=VECTOR('',#8254,0.85);
#2312=VECTOR('',#8257,0.75);
#2313=VECTOR('',#8260,0.5);
#2314=VECTOR('',#8263,0.5);
#2315=VECTOR('',#8266,0.5);
#2316=VECTOR('',#8269,1.);
#2317=VECTOR('',#8274,0.5);
#2318=VECTOR('',#8277,1.);
#2319=VECTOR('',#8282,0.5);
#2320=VECTOR('',#8285,0.85);
#2321=VECTOR('',#8288,2.);
#2322=VECTOR('',#8291,0.85);
#2323=VECTOR('',#8294,0.85);
#2324=VECTOR('',#8297,2.);
#2325=VECTOR('',#8300,0.85);
#2326=VECTOR('',#8303,0.75);
#2327=VECTOR('',#8306,0.75);
#2328=VECTOR('',#8309,0.75);
#2329=VECTOR('',#8312,0.75);
#2330=VECTOR('',#8315,0.4445);
#2331=VECTOR('',#8318,0.4445);
#2332=VECTOR('',#8321,0.4445);
#2333=VECTOR('',#8324,0.4445);
#2334=VECTOR('',#8327,0.4445);
#2335=VECTOR('',#8330,0.4445);
#2336=VECTOR('',#8333,0.4445);
#2337=VECTOR('',#8336,0.4445);
#2338=VECTOR('',#8339,0.4445);
#2339=VECTOR('',#8342,0.4445);
#2340=VECTOR('',#8345,0.4445);
#2341=VECTOR('',#8348,0.4445);
#2342=VECTOR('',#8351,0.4445);
#2343=VECTOR('',#8354,0.4445);
#2344=VECTOR('',#8357,10.);
#2345=VECTOR('',#8358,10.);
#2346=VECTOR('',#8359,10.);
#2347=VECTOR('',#8360,10.);
#2348=VECTOR('',#8361,10.);
#2349=VECTOR('',#8362,10.);
#2350=VECTOR('',#8365,10.);
#2351=VECTOR('',#8366,10.);
#2352=VECTOR('',#8367,10.);
#2353=VECTOR('',#8368,10.);
#2354=VECTOR('',#8371,10.);
#2355=VECTOR('',#8372,10.);
#2356=VECTOR('',#8373,10.);
#2357=VECTOR('',#8376,10.);
#2358=VECTOR('',#8377,10.);
#2359=VECTOR('',#8378,10.);
#2360=VECTOR('',#8381,10.);
#2361=VECTOR('',#8382,10.);
#2362=VECTOR('',#8385,10.);
#2363=VECTOR('',#8386,10.);
#2364=VECTOR('',#8387,10.);
#2365=VECTOR('',#8390,10.);
#2366=VECTOR('',#8391,10.);
#2367=VECTOR('',#8392,10.);
#2368=VECTOR('',#8393,10.);
#2369=VECTOR('',#8394,10.);
#2370=VECTOR('',#8395,10.);
#2371=VECTOR('',#8396,10.);
#2372=VECTOR('',#8397,10.);
#2373=VECTOR('',#8400,10.);
#2374=VECTOR('',#8401,10.);
#2375=VECTOR('',#8402,10.);
#2376=VECTOR('',#8403,10.);
#2377=VECTOR('',#8404,10.);
#2378=VECTOR('',#8405,10.);
#2379=VECTOR('',#8406,10.);
#2380=VECTOR('',#8407,10.);
#2381=VECTOR('',#8410,10.);
#2382=VECTOR('',#8411,10.);
#2383=VECTOR('',#8412,10.);
#2384=VECTOR('',#8415,10.);
#2385=VECTOR('',#8416,10.);
#2386=VECTOR('',#8419,10.);
#2387=VECTOR('',#8420,10.);
#2388=VECTOR('',#8421,10.);
#2389=VECTOR('',#8422,10.);
#2390=VECTOR('',#8425,10.);
#2391=VECTOR('',#8426,10.);
#2392=VECTOR('',#8427,10.);
#2393=VECTOR('',#8430,10.);
#2394=VECTOR('',#8431,10.);
#2395=VECTOR('',#8434,10.);
#2396=VECTOR('',#8435,10.);
#2397=VECTOR('',#8436,10.);
#2398=VECTOR('',#8437,10.);
#2399=VECTOR('',#8438,10.);
#2400=VECTOR('',#8439,10.);
#2401=VECTOR('',#8440,10.);
#2402=VECTOR('',#8441,10.);
#2403=VECTOR('',#8444,10.);
#2404=VECTOR('',#8445,10.);
#2405=VECTOR('',#8446,10.);
#2406=VECTOR('',#8449,10.);
#2407=VECTOR('',#8450,10.);
#2408=VECTOR('',#8451,10.);
#2409=VECTOR('',#8452,10.);
#2410=VECTOR('',#8455,10.);
#2411=VECTOR('',#8456,10.);
#2412=VECTOR('',#8459,10.);
#2413=VECTOR('',#8460,10.);
#2414=VECTOR('',#8463,10.);
#2415=VECTOR('',#8464,10.);
#2416=VECTOR('',#8465,10.);
#2417=VECTOR('',#8466,10.);
#2418=VECTOR('',#8467,10.);
#2419=VECTOR('',#8468,10.);
#2420=VECTOR('',#8471,10.);
#2421=VECTOR('',#8472,10.);
#2422=VECTOR('',#8473,10.);
#2423=VECTOR('',#8474,10.);
#2424=VECTOR('',#8475,10.);
#2425=VECTOR('',#8476,10.);
#2426=VECTOR('',#8477,10.);
#2427=VECTOR('',#8478,10.);
#2428=VECTOR('',#8479,10.);
#2429=VECTOR('',#8480,10.);
#2430=VECTOR('',#8481,10.);
#2431=VECTOR('',#8482,10.);
#2432=VECTOR('',#8485,10.);
#2433=VECTOR('',#8486,10.);
#2434=VECTOR('',#8487,10.);
#2435=VECTOR('',#8490,10.);
#2436=VECTOR('',#8491,10.);
#2437=VECTOR('',#8492,10.);
#2438=VECTOR('',#8493,10.);
#2439=VECTOR('',#8494,10.);
#2440=VECTOR('',#8495,10.);
#2441=VECTOR('',#8498,10.);
#2442=VECTOR('',#8499,10.);
#2443=VECTOR('',#8502,10.);
#2444=VECTOR('',#8503,10.);
#2445=VECTOR('',#8506,10.);
#2446=VECTOR('',#8507,10.);
#2447=VECTOR('',#8508,10.);
#2448=VECTOR('',#8509,10.);
#2449=VECTOR('',#8510,10.);
#2450=VECTOR('',#8513,10.);
#2451=VECTOR('',#8514,10.);
#2452=VECTOR('',#8515,10.);
#2453=VECTOR('',#8516,10.);
#2454=VECTOR('',#8517,10.);
#2455=VECTOR('',#8518,10.);
#2456=VECTOR('',#8519,10.);
#2457=VECTOR('',#8520,10.);
#2458=VECTOR('',#8521,10.);
#2459=VECTOR('',#8524,10.);
#2460=VECTOR('',#8525,10.);
#2461=VECTOR('',#8526,10.);
#2462=VECTOR('',#8527,10.);
#2463=VECTOR('',#8528,10.);
#2464=VECTOR('',#8529,10.);
#2465=VECTOR('',#8530,10.);
#2466=VECTOR('',#8533,10.);
#2467=VECTOR('',#8534,10.);
#2468=VECTOR('',#8535,10.);
#2469=VECTOR('',#8536,10.);
#2470=VECTOR('',#8539,10.);
#2471=VECTOR('',#8540,10.);
#2472=VECTOR('',#8541,10.);
#2473=VECTOR('',#8542,10.);
#2474=VECTOR('',#8543,10.);
#2475=VECTOR('',#8546,10.);
#2476=VECTOR('',#8547,10.);
#2477=VECTOR('',#8548,10.);
#2478=VECTOR('',#8549,10.);
#2479=VECTOR('',#8550,10.);
#2480=VECTOR('',#8551,10.);
#2481=VECTOR('',#8552,10.);
#2482=VECTOR('',#8553,10.);
#2483=VECTOR('',#8556,10.);
#2484=VECTOR('',#8557,10.);
#2485=VECTOR('',#8558,10.);
#2486=VECTOR('',#8561,10.);
#2487=VECTOR('',#8562,10.);
#2488=VECTOR('',#8563,10.);
#2489=VECTOR('',#8564,10.);
#2490=VECTOR('',#8565,10.);
#2491=VECTOR('',#8566,10.);
#2492=VECTOR('',#8569,10.);
#2493=VECTOR('',#8570,10.);
#2494=VECTOR('',#8573,10.);
#2495=VECTOR('',#8574,10.);
#2496=VECTOR('',#8575,10.);
#2497=VECTOR('',#8576,10.);
#2498=VECTOR('',#8577,10.);
#2499=VECTOR('',#8578,10.);
#2500=VECTOR('',#8581,10.);
#2501=VECTOR('',#8582,10.);
#2502=VECTOR('',#8583,10.);
#2503=VECTOR('',#8584,10.);
#2504=VECTOR('',#8585,10.);
#2505=VECTOR('',#8586,10.);
#2506=VECTOR('',#8589,10.);
#2507=VECTOR('',#8590,10.);
#2508=VECTOR('',#8591,10.);
#2509=VECTOR('',#8592,10.);
#2510=VECTOR('',#8595,10.);
#2511=VECTOR('',#8596,10.);
#2512=VECTOR('',#8597,10.);
#2513=VECTOR('',#8600,10.);
#2514=VECTOR('',#8601,10.);
#2515=VECTOR('',#8602,10.);
#2516=VECTOR('',#8603,10.);
#2517=VECTOR('',#8604,10.);
#2518=VECTOR('',#8605,10.);
#2519=VECTOR('',#8606,10.);
#2520=VECTOR('',#8607,10.);
#2521=VECTOR('',#8608,10.);
#2522=VECTOR('',#8611,10.);
#2523=VECTOR('',#8612,10.);
#2524=VECTOR('',#8613,10.);
#2525=VECTOR('',#8614,10.);
#2526=VECTOR('',#8615,10.);
#2527=VECTOR('',#8618,10.);
#2528=VECTOR('',#8619,10.);
#2529=VECTOR('',#8620,10.);
#2530=VECTOR('',#8621,10.);
#2531=VECTOR('',#8622,10.);
#2532=VECTOR('',#8625,10.);
#2533=VECTOR('',#8626,10.);
#2534=VECTOR('',#8629,10.);
#2535=VECTOR('',#8630,10.);
#2536=VECTOR('',#8631,10.);
#2537=VECTOR('',#8632,10.);
#2538=VECTOR('',#8633,10.);
#2539=VECTOR('',#8636,10.);
#2540=VECTOR('',#8637,10.);
#2541=VECTOR('',#8638,10.);
#2542=VECTOR('',#8639,10.);
#2543=VECTOR('',#8640,10.);
#2544=VECTOR('',#8641,10.);
#2545=VECTOR('',#8642,10.);
#2546=VECTOR('',#8643,10.);
#2547=VECTOR('',#8644,10.);
#2548=VECTOR('',#8645,10.);
#2549=VECTOR('',#8646,10.);
#2550=VECTOR('',#8647,10.);
#2551=VECTOR('',#8650,10.);
#2552=VECTOR('',#8651,10.);
#2553=VECTOR('',#8652,10.);
#2554=VECTOR('',#8653,10.);
#2555=VECTOR('',#8654,10.);
#2556=VECTOR('',#8657,10.);
#2557=VECTOR('',#8658,10.);
#2558=VECTOR('',#8659,10.);
#2559=VECTOR('',#8662,10.);
#2560=VECTOR('',#8663,10.);
#2561=VECTOR('',#8664,10.);
#2562=VECTOR('',#8665,10.);
#2563=VECTOR('',#8666,10.);
#2564=VECTOR('',#8667,10.);
#2565=VECTOR('',#8668,10.);
#2566=VECTOR('',#8671,10.);
#2567=VECTOR('',#8672,10.);
#2568=VECTOR('',#8675,10.);
#2569=VECTOR('',#8676,10.);
#2570=VECTOR('',#8679,10.);
#2571=VECTOR('',#8680,10.);
#2572=VECTOR('',#8681,10.);
#2573=VECTOR('',#8682,10.);
#2574=VECTOR('',#8683,10.);
#2575=VECTOR('',#8686,10.);
#2576=VECTOR('',#8687,10.);
#2577=VECTOR('',#8688,10.);
#2578=VECTOR('',#8689,10.);
#2579=VECTOR('',#8692,10.);
#2580=VECTOR('',#8693,10.);
#2581=VECTOR('',#8694,10.);
#2582=VECTOR('',#8697,10.);
#2583=VECTOR('',#8698,10.);
#2584=VECTOR('',#8699,10.);
#2585=VECTOR('',#8702,10.);
#2586=VECTOR('',#8703,10.);
#2587=VECTOR('',#8710,1.25);
#2588=VECTOR('',#8717,10.);
#2589=VECTOR('',#8718,10.);
#2590=VECTOR('',#8719,10.);
#2591=VECTOR('',#8720,10.);
#2592=VECTOR('',#8723,10.);
#2593=VECTOR('',#8724,10.);
#2594=VECTOR('',#8725,10.);
#2595=VECTOR('',#8728,10.);
#2596=VECTOR('',#8729,10.);
#2597=VECTOR('',#8730,10.);
#2598=VECTOR('',#8733,10.);
#2599=VECTOR('',#8734,10.);
#2600=VECTOR('',#8739,10.);
#2601=VECTOR('',#8740,10.);
#2602=VECTOR('',#8741,10.);
#2603=VECTOR('',#8742,10.);
#2604=VECTOR('',#8745,10.);
#2605=VECTOR('',#8746,10.);
#2606=VECTOR('',#8747,10.);
#2607=VECTOR('',#8750,10.);
#2608=VECTOR('',#8751,10.);
#2609=VECTOR('',#8752,10.);
#2610=VECTOR('',#8755,10.);
#2611=VECTOR('',#8756,10.);
#2612=VECTOR('',#8761,10.);
#2613=VECTOR('',#8762,10.);
#2614=VECTOR('',#8763,10.);
#2615=VECTOR('',#8764,10.);
#2616=VECTOR('',#8767,10.);
#2617=VECTOR('',#8768,10.);
#2618=VECTOR('',#8769,10.);
#2619=VECTOR('',#8772,10.);
#2620=VECTOR('',#8773,10.);
#2621=VECTOR('',#8774,10.);
#2622=VECTOR('',#8777,10.);
#2623=VECTOR('',#8778,10.);
#2624=VECTOR('',#8783,10.);
#2625=VECTOR('',#8784,10.);
#2626=VECTOR('',#8785,10.);
#2627=VECTOR('',#8786,10.);
#2628=VECTOR('',#8789,10.);
#2629=VECTOR('',#8790,10.);
#2630=VECTOR('',#8791,10.);
#2631=VECTOR('',#8794,10.);
#2632=VECTOR('',#8795,10.);
#2633=VECTOR('',#8798,10.);
#2634=VECTOR('',#8799,10.);
#2635=VECTOR('',#8800,10.);
#2636=VECTOR('',#8803,10.);
#2637=VECTOR('',#8804,10.);
#2638=VECTOR('',#8805,10.);
#2639=VECTOR('',#8806,10.);
#2640=VECTOR('',#8807,10.);
#2641=VECTOR('',#8808,10.);
#2642=VECTOR('',#8809,10.);
#2643=VECTOR('',#8810,10.);
#2644=VECTOR('',#8813,10.);
#2645=VECTOR('',#8814,10.);
#2646=VECTOR('',#8815,10.);
#2647=VECTOR('',#8816,10.);
#2648=VECTOR('',#8817,10.);
#2649=VECTOR('',#8818,10.);
#2650=VECTOR('',#8819,10.);
#2651=VECTOR('',#8820,10.);
#2652=VECTOR('',#8821,10.);
#2653=VECTOR('',#8822,10.);
#2654=VECTOR('',#8823,10.);
#2655=VECTOR('',#8824,10.);
#2656=VECTOR('',#8825,10.);
#2657=VECTOR('',#8828,10.);
#2658=VECTOR('',#8829,10.);
#2659=VECTOR('',#8830,10.);
#2660=VECTOR('',#8833,10.);
#2661=VECTOR('',#8834,10.);
#2662=VECTOR('',#8837,10.);
#2663=VECTOR('',#8838,10.);
#2664=VECTOR('',#8839,10.);
#2665=VECTOR('',#8842,10.);
#2666=VECTOR('',#8843,10.);
#2667=VECTOR('',#8846,10.);
#2668=VECTOR('',#8849,10.);
#2669=VECTOR('',#8850,10.);
#2670=VECTOR('',#8851,10.);
#2671=VECTOR('',#8854,10.);
#2672=VECTOR('',#8855,10.);
#2673=VECTOR('',#8858,10.);
#2674=VECTOR('',#8859,10.);
#2675=VECTOR('',#8860,10.);
#2676=VECTOR('',#8863,10.);
#2677=VECTOR('',#8864,10.);
#2678=VECTOR('',#8867,10.);
#2679=VECTOR('',#8868,10.);
#2680=VECTOR('',#8869,10.);
#2681=VECTOR('',#8870,10.);
#2682=VECTOR('',#8873,10.);
#2683=VECTOR('',#8874,10.);
#2684=VECTOR('',#8875,10.);
#2685=VECTOR('',#8876,10.);
#2686=VECTOR('',#8877,10.);
#2687=VECTOR('',#8878,10.);
#2688=VECTOR('',#8879,10.);
#2689=VECTOR('',#8880,10.);
#2690=VECTOR('',#8881,10.);
#2691=VECTOR('',#8882,10.);
#2692=VECTOR('',#8883,10.);
#2693=VECTOR('',#8884,10.);
#2694=VECTOR('',#8885,10.);
#2695=VECTOR('',#8886,10.);
#2696=VECTOR('',#8887,10.);
#2697=VECTOR('',#8890,10.);
#2698=VECTOR('',#8891,10.);
#2699=VECTOR('',#8892,10.);
#2700=VECTOR('',#8895,10.);
#2701=VECTOR('',#8896,10.);
#2702=VECTOR('',#8897,10.);
#2703=VECTOR('',#8898,10.);
#2704=VECTOR('',#8901,10.);
#2705=VECTOR('',#8902,10.);
#2706=VECTOR('',#8903,10.);
#2707=VECTOR('',#8906,10.);
#2708=VECTOR('',#8907,10.);
#2709=VECTOR('',#8908,10.);
#2710=VECTOR('',#8909,10.);
#2711=VECTOR('',#8910,10.);
#2712=VECTOR('',#8911,10.);
#2713=VECTOR('',#8912,10.);
#2714=VECTOR('',#8913,10.);
#2715=VECTOR('',#8914,10.);
#2716=VECTOR('',#8915,10.);
#2717=VECTOR('',#8916,10.);
#2718=VECTOR('',#8917,10.);
#2719=VECTOR('',#8918,10.);
#2720=VECTOR('',#8921,10.);
#2721=VECTOR('',#8922,10.);
#2722=VECTOR('',#8923,10.);
#2723=VECTOR('',#8926,10.);
#2724=VECTOR('',#8927,10.);
#2725=VECTOR('',#8930,10.);
#2726=VECTOR('',#8931,10.);
#2727=VECTOR('',#8934,10.);
#2728=VECTOR('',#8937,10.);
#2729=VECTOR('',#8938,10.);
#2730=VECTOR('',#8939,10.);
#2731=VECTOR('',#8942,10.);
#2732=VECTOR('',#8943,10.);
#2733=VECTOR('',#8944,10.);
#2734=VECTOR('',#8945,10.);
#2735=VECTOR('',#8946,10.);
#2736=VECTOR('',#8947,10.);
#2737=VECTOR('',#8948,10.);
#2738=VECTOR('',#8949,10.);
#2739=VECTOR('',#8950,10.);
#2740=VECTOR('',#8951,10.);
#2741=VECTOR('',#8952,10.);
#2742=VECTOR('',#8953,10.);
#2743=VECTOR('',#8954,10.);
#2744=VECTOR('',#8955,10.);
#2745=VECTOR('',#8958,10.);
#2746=VECTOR('',#8959,10.);
#2747=VECTOR('',#8962,10.);
#2748=VECTOR('',#8965,10.);
#2749=VECTOR('',#8966,10.);
#2750=VECTOR('',#8969,10.);
#2751=VECTOR('',#8974,10.);
#2752=VECTOR('',#8975,10.);
#2753=VECTOR('',#8976,10.);
#2754=VECTOR('',#8979,10.);
#2755=VECTOR('',#8982,10.);
#2756=VECTOR('',#8983,10.);
#2757=VECTOR('',#8984,10.);
#2758=VECTOR('',#8985,10.);
#2759=VECTOR('',#8986,10.);
#2760=VECTOR('',#8987,10.);
#2761=VECTOR('',#8988,10.);
#2762=VECTOR('',#8989,10.);
#2763=VECTOR('',#8990,10.);
#2764=VECTOR('',#8991,10.);
#2765=VECTOR('',#8992,10.);
#2766=VECTOR('',#8993,10.);
#2767=VECTOR('',#8994,10.);
#2768=VECTOR('',#8995,10.);
#2769=VECTOR('',#8996,10.);
#2770=VECTOR('',#8997,10.);
#2771=VECTOR('',#8998,10.);
#2772=VECTOR('',#8999,10.);
#2773=VECTOR('',#9000,10.);
#2774=VECTOR('',#9005,10.);
#2775=VECTOR('',#9006,10.);
#2776=VECTOR('',#9009,10.);
#2777=VECTOR('',#9010,10.);
#2778=VECTOR('',#9013,10.);
#2779=VECTOR('',#9016,10.);
#2780=VECTOR('',#9017,10.);
#2781=VECTOR('',#9020,10.);
#2782=VECTOR('',#9021,10.);
#2783=VECTOR('',#9024,10.);
#2784=VECTOR('',#9027,10.);
#2785=VECTOR('',#9028,10.);
#2786=VECTOR('',#9029,10.);
#2787=VECTOR('',#9030,10.);
#2788=VECTOR('',#9031,10.);
#2789=VECTOR('',#9032,10.);
#2790=VECTOR('',#9033,10.);
#2791=VECTOR('',#9034,10.);
#2792=VECTOR('',#9035,10.);
#2793=VECTOR('',#9036,10.);
#2794=VECTOR('',#9037,10.);
#2795=VECTOR('',#9038,10.);
#2796=VECTOR('',#9039,10.);
#2797=VECTOR('',#9040,10.);
#2798=VECTOR('',#9041,10.);
#2799=VECTOR('',#9044,10.);
#2800=VECTOR('',#9045,10.);
#2801=VECTOR('',#9046,10.);
#2802=VECTOR('',#9047,10.);
#2803=VECTOR('',#9050,10.);
#2804=VECTOR('',#9051,10.);
#2805=VECTOR('',#9052,10.);
#2806=VECTOR('',#9053,10.);
#2807=VECTOR('',#9054,10.);
#2808=VECTOR('',#9055,10.);
#2809=VECTOR('',#9056,10.);
#2810=VECTOR('',#9057,10.);
#2811=VECTOR('',#9058,10.);
#2812=VECTOR('',#9059,10.);
#2813=VECTOR('',#9060,10.);
#2814=VECTOR('',#9063,10.);
#2815=VECTOR('',#9064,10.);
#2816=VECTOR('',#9067,10.);
#2817=VECTOR('',#9070,10.);
#2818=VECTOR('',#9071,10.);
#2819=VECTOR('',#9074,10.);
#2820=VECTOR('',#9079,10.);
#2821=VECTOR('',#9080,10.);
#2822=VECTOR('',#9081,10.);
#2823=VECTOR('',#9084,10.);
#2824=VECTOR('',#9085,10.);
#2825=VECTOR('',#9088,10.);
#2826=VECTOR('',#9091,10.);
#2827=VECTOR('',#9092,10.);
#2828=VECTOR('',#9093,10.);
#2829=VECTOR('',#9096,10.);
#2830=VECTOR('',#9097,10.);
#2831=VECTOR('',#9100,10.);
#2832=VECTOR('',#9101,10.);
#2833=VECTOR('',#9104,10.);
#2834=VECTOR('',#9107,10.);
#2835=VECTOR('',#9112,10.);
#2836=VECTOR('',#9115,10.);
#2837=VECTOR('',#9120,10.);
#2838=VECTOR('',#9121,10.);
#2839=VECTOR('',#9122,10.);
#2840=VECTOR('',#9123,10.);
#2841=VECTOR('',#9124,10.);
#2842=VECTOR('',#9127,10.);
#2843=VECTOR('',#9128,10.);
#2844=VECTOR('',#9131,10.);
#2845=VECTOR('',#9136,10.);
#2846=VECTOR('',#9137,10.);
#2847=VECTOR('',#9138,10.);
#2848=VECTOR('',#9141,10.);
#2849=VECTOR('',#9142,10.);
#2850=VECTOR('',#9145,10.);
#2851=VECTOR('',#9146,10.);
#2852=VECTOR('',#9149,10.);
#2853=VECTOR('',#9150,10.);
#2854=VECTOR('',#9151,10.);
#2855=VECTOR('',#9152,10.);
#2856=VECTOR('',#9153,10.);
#2857=VECTOR('',#9154,10.);
#2858=VECTOR('',#9155,10.);
#2859=VECTOR('',#9156,10.);
#2860=VECTOR('',#9157,10.);
#2861=VECTOR('',#9158,10.);
#2862=VECTOR('',#9159,10.);
#2863=VECTOR('',#9160,10.);
#2864=VECTOR('',#9163,10.);
#2865=VECTOR('',#9164,10.);
#2866=VECTOR('',#9169,10.);
#2867=VECTOR('',#9172,10.);
#2868=VECTOR('',#9175,10.);
#2869=VECTOR('',#9180,10.);
#2870=VECTOR('',#9183,10.);
#2871=VECTOR('',#9184,10.);
#2872=VECTOR('',#9187,10.);
#2873=VECTOR('',#9190,10.);
#2874=VECTOR('',#9191,10.);
#2875=VECTOR('',#9194,10.);
#2876=VECTOR('',#9199,10.);
#2877=VECTOR('',#9200,10.);
#2878=VECTOR('',#9203,10.);
#2879=VECTOR('',#9204,10.);
#2880=VECTOR('',#9207,10.);
#2881=VECTOR('',#9208,10.);
#2882=VECTOR('',#9211,10.);
#2883=VECTOR('',#9212,10.);
#2884=VECTOR('',#9217,10.);
#2885=VECTOR('',#9222,10.);
#2886=VECTOR('',#9223,10.);
#2887=VECTOR('',#9224,10.);
#2888=VECTOR('',#9227,10.);
#2889=VECTOR('',#9228,10.);
#2890=VECTOR('',#9229,10.);
#2891=VECTOR('',#9232,10.);
#2892=VECTOR('',#9235,10.);
#2893=VECTOR('',#9236,10.);
#2894=VECTOR('',#9237,10.);
#2895=VECTOR('',#9238,10.);
#2896=VECTOR('',#9239,10.);
#2897=VECTOR('',#9240,10.);
#2898=VECTOR('',#9241,10.);
#2899=VECTOR('',#9242,10.);
#2900=VECTOR('',#9243,10.);
#2901=VECTOR('',#9244,10.);
#2902=VECTOR('',#9245,10.);
#2903=VECTOR('',#9248,10.);
#2904=VECTOR('',#9251,10.);
#2905=VECTOR('',#9254,10.);
#2906=VECTOR('',#9259,10.);
#2907=VECTOR('',#9260,10.);
#2908=VECTOR('',#9263,10.);
#2909=VECTOR('',#9264,10.);
#2910=VECTOR('',#9271,10.);
#2911=VECTOR('',#9272,10.);
#2912=VECTOR('',#9275,10.);
#2913=VECTOR('',#9276,10.);
#2914=VECTOR('',#9277,10.);
#2915=VECTOR('',#9280,10.);
#2916=VECTOR('',#9281,10.);
#2917=VECTOR('',#9282,10.);
#2918=VECTOR('',#9285,10.);
#2919=VECTOR('',#9286,10.);
#2920=VECTOR('',#9287,10.);
#2921=VECTOR('',#9290,10.);
#2922=VECTOR('',#9291,10.);
#2923=VECTOR('',#9292,10.);
#2924=VECTOR('',#9295,10.);
#2925=VECTOR('',#9296,10.);
#2926=VECTOR('',#9305,10.);
#2927=VECTOR('',#9308,10.);
#2928=VECTOR('',#9315,10.);
#2929=VECTOR('',#9320,10.);
#2930=VECTOR('',#9321,10.);
#2931=VECTOR('',#9322,10.);
#2932=VECTOR('',#9323,10.);
#2933=VECTOR('',#9324,10.);
#2934=VECTOR('',#9325,10.);
#2935=VECTOR('',#9326,10.);
#2936=VECTOR('',#9327,10.);
#2937=VECTOR('',#9328,10.);
#2938=VECTOR('',#9329,10.);
#2939=VECTOR('',#9330,10.);
#2940=VECTOR('',#9331,10.);
#2941=VECTOR('',#9332,10.);
#2942=VECTOR('',#9333,10.);
#2943=VECTOR('',#9334,10.);
#2944=VECTOR('',#9335,10.);
#2945=VECTOR('',#9336,10.);
#2946=VECTOR('',#9337,10.);
#2947=VECTOR('',#9338,10.);
#2948=VECTOR('',#9339,10.);
#2949=VECTOR('',#9340,10.);
#2950=VECTOR('',#9341,10.);
#2951=VECTOR('',#9342,10.);
#2952=VECTOR('',#9343,10.);
#2953=VECTOR('',#9344,10.);
#2954=VECTOR('',#9345,10.);
#2955=VECTOR('',#9346,10.);
#2956=VECTOR('',#9347,10.);
#2957=VECTOR('',#9348,10.);
#2958=VECTOR('',#9351,10.);
#2959=VECTOR('',#9354,10.);
#2960=VECTOR('',#9357,10.);
#2961=VECTOR('',#9358,10.);
#2962=VECTOR('',#9359,10.);
#2963=VECTOR('',#9360,10.);
#2964=VECTOR('',#9361,10.);
#2965=VECTOR('',#9364,10.);
#2966=VECTOR('',#9367,10.);
#2967=VECTOR('',#9370,10.);
#2968=VECTOR('',#9373,10.);
#2969=VECTOR('',#9376,10.);
#2970=VECTOR('',#9379,10.);
#2971=VECTOR('',#9382,10.);
#2972=VECTOR('',#9383,10.);
#2973=VECTOR('',#9384,10.);
#2974=VECTOR('',#9385,10.);
#2975=VECTOR('',#9386,10.);
#2976=VECTOR('',#9389,10.);
#2977=VECTOR('',#9392,10.);
#2978=VECTOR('',#9395,10.);
#2979=VECTOR('',#9398,10.);
#2980=VECTOR('',#9403,10.);
#2981=VECTOR('',#9404,10.);
#2982=VECTOR('',#9405,10.);
#2983=VECTOR('',#9406,10.);
#2984=VECTOR('',#9409,10.);
#2985=VECTOR('',#9410,10.);
#2986=VECTOR('',#9411,10.);
#2987=VECTOR('',#9414,10.);
#2988=VECTOR('',#9415,10.);
#2989=VECTOR('',#9416,10.);
#2990=VECTOR('',#9419,10.);
#2991=VECTOR('',#9420,10.);
#2992=VECTOR('',#9423,10.);
#2993=VECTOR('',#9426,10.);
#2994=VECTOR('',#9427,10.);
#2995=VECTOR('',#9428,10.);
#2996=VECTOR('',#9431,10.);
#2997=VECTOR('',#9434,10.);
#2998=VECTOR('',#9435,10.);
#2999=VECTOR('',#9438,10.);
#3000=VECTOR('',#9439,10.);
#3001=VECTOR('',#9442,10.);
#3002=VECTOR('',#9443,10.);
#3003=VECTOR('',#9446,10.);
#3004=VECTOR('',#9447,10.);
#3005=VECTOR('',#9448,10.);
#3006=VECTOR('',#9451,10.);
#3007=VECTOR('',#9452,10.);
#3008=VECTOR('',#9453,10.);
#3009=VECTOR('',#9456,10.);
#3010=VECTOR('',#9457,10.);
#3011=VECTOR('',#9458,10.);
#3012=VECTOR('',#9461,10.);
#3013=VECTOR('',#9462,10.);
#3014=VECTOR('',#9465,10.);
#3015=VECTOR('',#9466,10.);
#3016=VECTOR('',#9467,10.);
#3017=VECTOR('',#9470,10.);
#3018=VECTOR('',#9471,10.);
#3019=VECTOR('',#9472,10.);
#3020=VECTOR('',#9473,10.);
#3021=VECTOR('',#9474,10.);
#3022=VECTOR('',#9477,10.);
#3023=VECTOR('',#9480,10.);
#3024=VECTOR('',#9481,10.);
#3025=VECTOR('',#9482,10.);
#3026=VECTOR('',#9483,10.);
#3027=VECTOR('',#9484,10.);
#3028=VECTOR('',#9487,10.);
#3029=VECTOR('',#9496,10.);
#3030=VECTOR('',#9497,10.);
#3031=VECTOR('',#9500,10.);
#3032=VECTOR('',#9503,10.);
#3033=VECTOR('',#9508,10.);
#3034=VERTEX_POINT('',#9522);
#3035=VERTEX_POINT('',#9523);
#3036=VERTEX_POINT('',#9525);
#3037=VERTEX_POINT('',#9527);
#3038=VERTEX_POINT('',#9530);
#3039=VERTEX_POINT('',#9532);
#3040=VERTEX_POINT('',#9534);
#3041=VERTEX_POINT('',#9536);
#3042=VERTEX_POINT('',#9538);
#3043=VERTEX_POINT('',#9540);
#3044=VERTEX_POINT('',#9542);
#3045=VERTEX_POINT('',#9544);
#3046=VERTEX_POINT('',#9546);
#3047=VERTEX_POINT('',#9548);
#3048=VERTEX_POINT('',#9550);
#3049=VERTEX_POINT('',#9552);
#3050=VERTEX_POINT('',#9554);
#3051=VERTEX_POINT('',#9556);
#3052=VERTEX_POINT('',#9558);
#3053=VERTEX_POINT('',#9560);
#3054=VERTEX_POINT('',#9562);
#3055=VERTEX_POINT('',#9564);
#3056=VERTEX_POINT('',#9566);
#3057=VERTEX_POINT('',#9568);
#3058=VERTEX_POINT('',#9570);
#3059=VERTEX_POINT('',#9572);
#3060=VERTEX_POINT('',#9574);
#3061=VERTEX_POINT('',#9576);
#3062=VERTEX_POINT('',#9577);
#3063=VERTEX_POINT('',#9579);
#3064=VERTEX_POINT('',#9581);
#3065=VERTEX_POINT('',#9584);
#3066=VERTEX_POINT('',#9586);
#3067=VERTEX_POINT('',#9587);
#3068=VERTEX_POINT('',#9589);
#3069=VERTEX_POINT('',#9591);
#3070=VERTEX_POINT('',#9594);
#3071=VERTEX_POINT('',#9596);
#3072=VERTEX_POINT('',#9598);
#3073=VERTEX_POINT('',#9600);
#3074=VERTEX_POINT('',#9602);
#3075=VERTEX_POINT('',#9604);
#3076=VERTEX_POINT('',#9606);
#3077=VERTEX_POINT('',#9608);
#3078=VERTEX_POINT('',#9610);
#3079=VERTEX_POINT('',#9612);
#3080=VERTEX_POINT('',#9614);
#3081=VERTEX_POINT('',#9616);
#3082=VERTEX_POINT('',#9618);
#3083=VERTEX_POINT('',#9620);
#3084=VERTEX_POINT('',#9622);
#3085=VERTEX_POINT('',#9624);
#3086=VERTEX_POINT('',#9626);
#3087=VERTEX_POINT('',#9628);
#3088=VERTEX_POINT('',#9630);
#3089=VERTEX_POINT('',#9632);
#3090=VERTEX_POINT('',#9634);
#3091=VERTEX_POINT('',#9636);
#3092=VERTEX_POINT('',#9638);
#3093=VERTEX_POINT('',#9640);
#3094=VERTEX_POINT('',#9642);
#3095=VERTEX_POINT('',#9645);
#3096=VERTEX_POINT('',#9647);
#3097=VERTEX_POINT('',#9651);
#3098=VERTEX_POINT('',#9655);
#3099=VERTEX_POINT('',#9657);
#3100=VERTEX_POINT('',#9661);
#3101=VERTEX_POINT('',#9665);
#3102=VERTEX_POINT('',#9667);
#3103=VERTEX_POINT('',#9671);
#3104=VERTEX_POINT('',#9675);
#3105=VERTEX_POINT('',#9680);
#3106=VERTEX_POINT('',#9682);
#3107=VERTEX_POINT('',#9684);
#3108=VERTEX_POINT('',#9686);
#3109=VERTEX_POINT('',#9688);
#3110=VERTEX_POINT('',#9690);
#3111=VERTEX_POINT('',#9692);
#3112=VERTEX_POINT('',#9694);
#3113=VERTEX_POINT('',#9696);
#3114=VERTEX_POINT('',#9698);
#3115=VERTEX_POINT('',#9700);
#3116=VERTEX_POINT('',#9702);
#3117=VERTEX_POINT('',#9704);
#3118=VERTEX_POINT('',#9706);
#3119=VERTEX_POINT('',#9708);
#3120=VERTEX_POINT('',#9710);
#3121=VERTEX_POINT('',#9712);
#3122=VERTEX_POINT('',#9714);
#3123=VERTEX_POINT('',#9716);
#3124=VERTEX_POINT('',#9718);
#3125=VERTEX_POINT('',#9720);
#3126=VERTEX_POINT('',#9722);
#3127=VERTEX_POINT('',#9724);
#3128=VERTEX_POINT('',#9726);
#3129=VERTEX_POINT('',#9729);
#3130=VERTEX_POINT('',#9731);
#3131=VERTEX_POINT('',#9734);
#3132=VERTEX_POINT('',#9736);
#3133=VERTEX_POINT('',#9738);
#3134=VERTEX_POINT('',#9740);
#3135=VERTEX_POINT('',#9742);
#3136=VERTEX_POINT('',#9744);
#3137=VERTEX_POINT('',#9746);
#3138=VERTEX_POINT('',#9748);
#3139=VERTEX_POINT('',#9750);
#3140=VERTEX_POINT('',#9752);
#3141=VERTEX_POINT('',#9754);
#3142=VERTEX_POINT('',#9756);
#3143=VERTEX_POINT('',#9758);
#3144=VERTEX_POINT('',#9760);
#3145=VERTEX_POINT('',#9762);
#3146=VERTEX_POINT('',#9764);
#3147=VERTEX_POINT('',#9766);
#3148=VERTEX_POINT('',#9768);
#3149=VERTEX_POINT('',#9770);
#3150=VERTEX_POINT('',#9772);
#3151=VERTEX_POINT('',#9774);
#3152=VERTEX_POINT('',#9776);
#3153=VERTEX_POINT('',#9778);
#3154=VERTEX_POINT('',#9780);
#3155=VERTEX_POINT('',#9782);
#3156=VERTEX_POINT('',#9890);
#3157=VERTEX_POINT('',#9891);
#3158=VERTEX_POINT('',#9893);
#3159=VERTEX_POINT('',#9895);
#3160=VERTEX_POINT('',#9897);
#3161=VERTEX_POINT('',#9899);
#3162=VERTEX_POINT('',#9903);
#3163=VERTEX_POINT('',#9904);
#3164=VERTEX_POINT('',#9906);
#3165=VERTEX_POINT('',#9908);
#3166=VERTEX_POINT('',#9912);
#3167=VERTEX_POINT('',#9914);
#3168=VERTEX_POINT('',#9918);
#3169=VERTEX_POINT('',#9920);
#3170=VERTEX_POINT('',#9927);
#3171=VERTEX_POINT('',#9929);
#3172=VERTEX_POINT('',#9933);
#3173=VERTEX_POINT('',#9935);
#3174=VERTEX_POINT('',#9938);
#3175=VERTEX_POINT('',#9940);
#3176=VERTEX_POINT('',#9942);
#3177=VERTEX_POINT('',#9944);
#3178=VERTEX_POINT('',#9948);
#3179=VERTEX_POINT('',#9949);
#3180=VERTEX_POINT('',#9951);
#3181=VERTEX_POINT('',#9953);
#3182=VERTEX_POINT('',#9956);
#3183=VERTEX_POINT('',#9957);
#3184=VERTEX_POINT('',#9959);
#3185=VERTEX_POINT('',#9961);
#3186=VERTEX_POINT('',#9965);
#3187=VERTEX_POINT('',#9967);
#3188=VERTEX_POINT('',#9971);
#3189=VERTEX_POINT('',#9975);
#3190=VERTEX_POINT('',#9976);
#3191=VERTEX_POINT('',#9978);
#3192=VERTEX_POINT('',#9980);
#3193=VERTEX_POINT('',#9984);
#3194=VERTEX_POINT('',#9986);
#3195=VERTEX_POINT('',#9990);
#3196=VERTEX_POINT('',#9994);
#3197=VERTEX_POINT('',#9995);
#3198=VERTEX_POINT('',#10003);
#3199=VERTEX_POINT('',#10011);
#3200=VERTEX_POINT('',#10019);
#3201=VERTEX_POINT('',#10027);
#3202=VERTEX_POINT('',#10035);
#3203=VERTEX_POINT('',#10037);
#3204=VERTEX_POINT('',#10039);
#3205=VERTEX_POINT('',#10041);
#3206=VERTEX_POINT('',#10049);
#3207=VERTEX_POINT('',#10057);
#3208=VERTEX_POINT('',#10065);
#3209=VERTEX_POINT('',#10073);
#3210=VERTEX_POINT('',#10075);
#3211=VERTEX_POINT('',#10083);
#3212=VERTEX_POINT('',#10092);
#3213=VERTEX_POINT('',#10093);
#3214=VERTEX_POINT('',#10095);
#3215=VERTEX_POINT('',#10099);
#3216=VERTEX_POINT('',#10101);
#3217=VERTEX_POINT('',#10105);
#3218=VERTEX_POINT('',#10118);
#3219=VERTEX_POINT('',#10120);
#3220=VERTEX_POINT('',#10128);
#3221=VERTEX_POINT('',#10132);
#3222=VERTEX_POINT('',#10136);
#3223=VERTEX_POINT('',#10149);
#3224=VERTEX_POINT('',#10166);
#3225=VERTEX_POINT('',#10183);
#3226=VERTEX_POINT('',#10200);
#3227=VERTEX_POINT('',#10208);
#3228=VERTEX_POINT('',#10209);
#3229=VERTEX_POINT('',#10217);
#3230=VERTEX_POINT('',#10225);
#3231=VERTEX_POINT('',#10233);
#3232=VERTEX_POINT('',#10241);
#3233=VERTEX_POINT('',#10243);
#3234=VERTEX_POINT('',#10245);
#3235=VERTEX_POINT('',#10247);
#3236=VERTEX_POINT('',#10255);
#3237=VERTEX_POINT('',#10263);
#3238=VERTEX_POINT('',#10271);
#3239=VERTEX_POINT('',#10279);
#3240=VERTEX_POINT('',#10281);
#3241=VERTEX_POINT('',#10283);
#3242=VERTEX_POINT('',#10285);
#3243=VERTEX_POINT('',#10287);
#3244=VERTEX_POINT('',#10289);
#3245=VERTEX_POINT('',#10291);
#3246=VERTEX_POINT('',#10299);
#3247=VERTEX_POINT('',#10307);
#3248=VERTEX_POINT('',#10315);
#3249=VERTEX_POINT('',#10323);
#3250=VERTEX_POINT('',#10325);
#3251=VERTEX_POINT('',#10329);
#3252=VERTEX_POINT('',#10331);
#3253=VERTEX_POINT('',#10335);
#3254=VERTEX_POINT('',#10348);
#3255=VERTEX_POINT('',#10365);
#3256=VERTEX_POINT('',#10382);
#3257=VERTEX_POINT('',#10399);
#3258=VERTEX_POINT('',#10407);
#3259=VERTEX_POINT('',#10411);
#3260=VERTEX_POINT('',#10415);
#3261=VERTEX_POINT('',#10428);
#3262=VERTEX_POINT('',#10445);
#3263=VERTEX_POINT('',#10462);
#3264=VERTEX_POINT('',#10470);
#3265=VERTEX_POINT('',#10471);
#3266=VERTEX_POINT('',#10479);
#3267=VERTEX_POINT('',#10487);
#3268=VERTEX_POINT('',#10495);
#3269=VERTEX_POINT('',#10503);
#3270=VERTEX_POINT('',#10505);
#3271=VERTEX_POINT('',#10513);
#3272=VERTEX_POINT('',#10521);
#3273=VERTEX_POINT('',#10523);
#3274=VERTEX_POINT('',#10531);
#3275=VERTEX_POINT('',#10539);
#3276=VERTEX_POINT('',#10547);
#3277=VERTEX_POINT('',#10555);
#3278=VERTEX_POINT('',#10557);
#3279=VERTEX_POINT('',#10559);
#3280=VERTEX_POINT('',#10561);
#3281=VERTEX_POINT('',#10563);
#3282=VERTEX_POINT('',#10571);
#3283=VERTEX_POINT('',#10579);
#3284=VERTEX_POINT('',#10587);
#3285=VERTEX_POINT('',#10595);
#3286=VERTEX_POINT('',#10597);
#3287=VERTEX_POINT('',#10601);
#3288=VERTEX_POINT('',#10603);
#3289=VERTEX_POINT('',#10616);
#3290=VERTEX_POINT('',#10633);
#3291=VERTEX_POINT('',#10650);
#3292=VERTEX_POINT('',#10667);
#3293=VERTEX_POINT('',#10675);
#3294=VERTEX_POINT('',#10688);
#3295=VERTEX_POINT('',#10705);
#3296=VERTEX_POINT('',#10713);
#3297=VERTEX_POINT('',#10726);
#3298=VERTEX_POINT('',#10743);
#3299=VERTEX_POINT('',#10760);
#3300=VERTEX_POINT('',#10768);
#3301=VERTEX_POINT('',#10769);
#3302=VERTEX_POINT('',#10771);
#3303=VERTEX_POINT('',#10779);
#3304=VERTEX_POINT('',#10787);
#3305=VERTEX_POINT('',#10795);
#3306=VERTEX_POINT('',#10803);
#3307=VERTEX_POINT('',#10805);
#3308=VERTEX_POINT('',#10807);
#3309=VERTEX_POINT('',#10815);
#3310=VERTEX_POINT('',#10823);
#3311=VERTEX_POINT('',#10831);
#3312=VERTEX_POINT('',#10839);
#3313=VERTEX_POINT('',#10841);
#3314=VERTEX_POINT('',#10843);
#3315=VERTEX_POINT('',#10851);
#3316=VERTEX_POINT('',#10859);
#3317=VERTEX_POINT('',#10867);
#3318=VERTEX_POINT('',#10875);
#3319=VERTEX_POINT('',#10877);
#3320=VERTEX_POINT('',#10879);
#3321=VERTEX_POINT('',#10887);
#3322=VERTEX_POINT('',#10895);
#3323=VERTEX_POINT('',#10903);
#3324=VERTEX_POINT('',#10913);
#3325=VERTEX_POINT('',#10915);
#3326=VERTEX_POINT('',#10919);
#3327=VERTEX_POINT('',#10932);
#3328=VERTEX_POINT('',#10949);
#3329=VERTEX_POINT('',#10966);
#3330=VERTEX_POINT('',#10983);
#3331=VERTEX_POINT('',#10991);
#3332=VERTEX_POINT('',#10995);
#3333=VERTEX_POINT('',#11008);
#3334=VERTEX_POINT('',#11025);
#3335=VERTEX_POINT('',#11042);
#3336=VERTEX_POINT('',#11059);
#3337=VERTEX_POINT('',#11067);
#3338=VERTEX_POINT('',#11068);
#3339=VERTEX_POINT('',#11076);
#3340=VERTEX_POINT('',#11084);
#3341=VERTEX_POINT('',#11086);
#3342=VERTEX_POINT('',#11094);
#3343=VERTEX_POINT('',#11102);
#3344=VERTEX_POINT('',#11104);
#3345=VERTEX_POINT('',#11112);
#3346=VERTEX_POINT('',#11120);
#3347=VERTEX_POINT('',#11122);
#3348=VERTEX_POINT('',#11130);
#3349=VERTEX_POINT('',#11149);
#3350=VERTEX_POINT('',#11151);
#3351=VERTEX_POINT('',#11159);
#3352=VERTEX_POINT('',#11172);
#3353=VERTEX_POINT('',#11189);
#3354=VERTEX_POINT('',#11197);
#3355=VERTEX_POINT('',#11210);
#3356=VERTEX_POINT('',#11218);
#3357=VERTEX_POINT('',#11219);
#3358=VERTEX_POINT('',#11227);
#3359=VERTEX_POINT('',#11235);
#3360=VERTEX_POINT('',#11243);
#3361=VERTEX_POINT('',#11251);
#3362=VERTEX_POINT('',#11253);
#3363=VERTEX_POINT('',#11255);
#3364=VERTEX_POINT('',#11263);
#3365=VERTEX_POINT('',#11271);
#3366=VERTEX_POINT('',#11273);
#3367=VERTEX_POINT('',#11281);
#3368=VERTEX_POINT('',#11289);
#3369=VERTEX_POINT('',#11292);
#3370=VERTEX_POINT('',#11293);
#3371=VERTEX_POINT('',#11295);
#3372=VERTEX_POINT('',#11297);
#3373=VERTEX_POINT('',#11305);
#3374=VERTEX_POINT('',#11313);
#3375=VERTEX_POINT('',#11315);
#3376=VERTEX_POINT('',#11323);
#3377=VERTEX_POINT('',#11333);
#3378=VERTEX_POINT('',#11335);
#3379=VERTEX_POINT('',#11348);
#3380=VERTEX_POINT('',#11365);
#3381=VERTEX_POINT('',#11373);
#3382=VERTEX_POINT('',#11386);
#3383=VERTEX_POINT('',#11388);
#3384=VERTEX_POINT('',#11405);
#3385=VERTEX_POINT('',#11413);
#3386=VERTEX_POINT('',#11417);
#3387=VERTEX_POINT('',#11430);
#3388=VERTEX_POINT('',#11447);
#3389=VERTEX_POINT('',#11464);
#3390=VERTEX_POINT('',#11472);
#3391=VERTEX_POINT('',#11473);
#3392=VERTEX_POINT('',#11481);
#3393=VERTEX_POINT('',#11489);
#3394=VERTEX_POINT('',#11497);
#3395=VERTEX_POINT('',#11505);
#3396=VERTEX_POINT('',#11507);
#3397=VERTEX_POINT('',#11509);
#3398=VERTEX_POINT('',#11511);
#3399=VERTEX_POINT('',#11519);
#3400=VERTEX_POINT('',#11527);
#3401=VERTEX_POINT('',#11535);
#3402=VERTEX_POINT('',#11543);
#3403=VERTEX_POINT('',#11545);
#3404=VERTEX_POINT('',#11553);
#3405=VERTEX_POINT('',#11561);
#3406=VERTEX_POINT('',#11563);
#3407=VERTEX_POINT('',#11571);
#3408=VERTEX_POINT('',#11579);
#3409=VERTEX_POINT('',#11581);
#3410=VERTEX_POINT('',#11589);
#3411=VERTEX_POINT('',#11598);
#3412=VERTEX_POINT('',#11599);
#3413=VERTEX_POINT('',#11601);
#3414=VERTEX_POINT('',#11609);
#3415=VERTEX_POINT('',#11611);
#3416=VERTEX_POINT('',#11619);
#3417=VERTEX_POINT('',#11627);
#3418=VERTEX_POINT('',#11629);
#3419=VERTEX_POINT('',#11637);
#3420=VERTEX_POINT('',#11641);
#3421=VERTEX_POINT('',#11643);
#3422=VERTEX_POINT('',#11656);
#3423=VERTEX_POINT('',#11673);
#3424=VERTEX_POINT('',#11681);
#3425=VERTEX_POINT('',#11694);
#3426=VERTEX_POINT('',#11702);
#3427=VERTEX_POINT('',#11704);
#3428=VERTEX_POINT('',#11717);
#3429=VERTEX_POINT('',#11734);
#3430=VERTEX_POINT('',#11751);
#3431=VERTEX_POINT('',#11768);
#3432=VERTEX_POINT('',#11776);
#3433=VERTEX_POINT('',#11780);
#3434=VERTEX_POINT('',#11784);
#3435=VERTEX_POINT('',#11797);
#3436=VERTEX_POINT('',#11814);
#3437=VERTEX_POINT('',#11831);
#3438=VERTEX_POINT('',#11839);
#3439=VERTEX_POINT('',#11840);
#3440=VERTEX_POINT('',#11842);
#3441=VERTEX_POINT('',#11844);
#3442=VERTEX_POINT('',#11848);
#3443=VERTEX_POINT('',#11850);
#3444=VERTEX_POINT('',#11854);
#3445=VERTEX_POINT('',#11856);
#3446=VERTEX_POINT('',#11864);
#3447=VERTEX_POINT('',#11866);
#3448=VERTEX_POINT('',#11871);
#3449=VERTEX_POINT('',#11872);
#3450=VERTEX_POINT('',#11874);
#3451=VERTEX_POINT('',#11876);
#3452=VERTEX_POINT('',#11880);
#3453=VERTEX_POINT('',#11882);
#3454=VERTEX_POINT('',#11886);
#3455=VERTEX_POINT('',#11888);
#3456=VERTEX_POINT('',#11896);
#3457=VERTEX_POINT('',#11897);
#3458=VERTEX_POINT('',#11899);
#3459=VERTEX_POINT('',#11901);
#3460=VERTEX_POINT('',#11905);
#3461=VERTEX_POINT('',#11907);
#3462=VERTEX_POINT('',#11911);
#3463=VERTEX_POINT('',#11913);
#3464=VERTEX_POINT('',#11921);
#3465=VERTEX_POINT('',#11922);
#3466=VERTEX_POINT('',#11924);
#3467=VERTEX_POINT('',#11926);
#3468=VERTEX_POINT('',#11930);
#3469=VERTEX_POINT('',#11932);
#3470=VERTEX_POINT('',#11936);
#3471=VERTEX_POINT('',#11938);
#3472=VERTEX_POINT('',#11946);
#3473=VERTEX_POINT('',#11947);
#3474=VERTEX_POINT('',#11949);
#3475=VERTEX_POINT('',#11951);
#3476=VERTEX_POINT('',#11955);
#3477=VERTEX_POINT('',#11957);
#3478=VERTEX_POINT('',#11964);
#3479=VERTEX_POINT('',#11966);
#3480=VERTEX_POINT('',#11970);
#3481=VERTEX_POINT('',#11972);
#3482=VERTEX_POINT('',#11974);
#3483=VERTEX_POINT('',#11976);
#3484=VERTEX_POINT('',#11978);
#3485=VERTEX_POINT('',#11980);
#3486=VERTEX_POINT('',#11982);
#3487=VERTEX_POINT('',#11986);
#3488=VERTEX_POINT('',#11987);
#3489=VERTEX_POINT('',#11989);
#3490=VERTEX_POINT('',#11991);
#3491=VERTEX_POINT('',#11994);
#3492=VERTEX_POINT('',#11995);
#3493=VERTEX_POINT('',#11997);
#3494=VERTEX_POINT('',#12000);
#3495=VERTEX_POINT('',#12001);
#3496=VERTEX_POINT('',#12003);
#3497=VERTEX_POINT('',#12006);
#3498=VERTEX_POINT('',#12007);
#3499=VERTEX_POINT('',#12009);
#3500=VERTEX_POINT('',#12013);
#3501=VERTEX_POINT('',#12015);
#3502=VERTEX_POINT('',#12019);
#3503=VERTEX_POINT('',#12023);
#3504=VERTEX_POINT('',#12025);
#3505=VERTEX_POINT('',#12029);
#3506=VERTEX_POINT('',#12035);
#3507=VERTEX_POINT('',#12037);
#3508=VERTEX_POINT('',#12041);
#3509=VERTEX_POINT('',#12045);
#3510=VERTEX_POINT('',#12047);
#3511=VERTEX_POINT('',#12051);
#3512=VERTEX_POINT('',#12055);
#3513=VERTEX_POINT('',#12056);
#3514=VERTEX_POINT('',#12058);
#3515=VERTEX_POINT('',#12060);
#3516=VERTEX_POINT('',#12064);
#3517=VERTEX_POINT('',#12066);
#3518=VERTEX_POINT('',#12068);
#3519=VERTEX_POINT('',#12070);
#3520=VERTEX_POINT('',#12072);
#3521=VERTEX_POINT('',#12074);
#3522=VERTEX_POINT('',#12076);
#3523=VERTEX_POINT('',#12080);
#3524=VERTEX_POINT('',#12082);
#3525=VERTEX_POINT('',#12084);
#3526=VERTEX_POINT('',#12086);
#3527=VERTEX_POINT('',#12088);
#3528=VERTEX_POINT('',#12092);
#3529=VERTEX_POINT('',#12094);
#3530=VERTEX_POINT('',#12098);
#3531=VERTEX_POINT('',#12099);
#3532=VERTEX_POINT('',#12101);
#3533=VERTEX_POINT('',#12103);
#3534=VERTEX_POINT('',#12107);
#3535=VERTEX_POINT('',#12109);
#3536=VERTEX_POINT('',#12113);
#3537=VERTEX_POINT('',#12115);
#3538=VERTEX_POINT('',#12117);
#3539=VERTEX_POINT('',#12120);
#3540=VERTEX_POINT('',#12121);
#3541=VERTEX_POINT('',#12123);
#3542=VERTEX_POINT('',#12125);
#3543=VERTEX_POINT('',#12129);
#3544=VERTEX_POINT('',#12130);
#3545=VERTEX_POINT('',#12132);
#3546=VERTEX_POINT('',#12134);
#3547=VERTEX_POINT('',#12138);
#3548=VERTEX_POINT('',#12139);
#3549=VERTEX_POINT('',#12144);
#3550=VERTEX_POINT('',#12148);
#3551=VERTEX_POINT('',#12154);
#3552=VERTEX_POINT('',#12156);
#3553=VERTEX_POINT('',#12160);
#3554=VERTEX_POINT('',#12162);
#3555=VERTEX_POINT('',#12164);
#3556=VERTEX_POINT('',#12166);
#3557=VERTEX_POINT('',#12168);
#3558=VERTEX_POINT('',#12170);
#3559=VERTEX_POINT('',#12172);
#3560=VERTEX_POINT('',#12175);
#3561=VERTEX_POINT('',#12177);
#3562=VERTEX_POINT('',#12181);
#3563=VERTEX_POINT('',#12190);
#3564=VERTEX_POINT('',#12197);
#3565=VERTEX_POINT('',#12198);
#3566=VERTEX_POINT('',#12205);
#3567=VERTEX_POINT('',#12207);
#3568=VERTEX_POINT('',#12209);
#3569=VERTEX_POINT('',#12213);
#3570=VERTEX_POINT('',#12216);
#3571=VERTEX_POINT('',#12218);
#3572=VERTEX_POINT('',#12220);
#3573=VERTEX_POINT('',#12222);
#3574=VERTEX_POINT('',#12224);
#3575=VERTEX_POINT('',#12226);
#3576=VERTEX_POINT('',#12228);
#3577=VERTEX_POINT('',#12230);
#3578=VERTEX_POINT('',#12232);
#3579=VERTEX_POINT('',#12234);
#3580=VERTEX_POINT('',#12236);
#3581=VERTEX_POINT('',#12244);
#3582=VERTEX_POINT('',#12250);
#3583=VERTEX_POINT('',#12254);
#3584=VERTEX_POINT('',#12260);
#3585=VERTEX_POINT('',#12262);
#3586=VERTEX_POINT('',#12264);
#3587=VERTEX_POINT('',#12267);
#3588=VERTEX_POINT('',#12269);
#3589=VERTEX_POINT('',#12271);
#3590=VERTEX_POINT('',#12273);
#3591=VERTEX_POINT('',#12275);
#3592=VERTEX_POINT('',#12277);
#3593=VERTEX_POINT('',#12279);
#3594=VERTEX_POINT('',#12282);
#3595=VERTEX_POINT('',#12287);
#3596=VERTEX_POINT('',#12288);
#3597=VERTEX_POINT('',#12290);
#3598=VERTEX_POINT('',#12292);
#3599=VERTEX_POINT('',#12296);
#3600=VERTEX_POINT('',#12297);
#3601=VERTEX_POINT('',#12299);
#3602=VERTEX_POINT('',#12301);
#3603=VERTEX_POINT('',#12304);
#3604=VERTEX_POINT('',#12307);
#3605=VERTEX_POINT('',#12308);
#3606=VERTEX_POINT('',#12310);
#3607=VERTEX_POINT('',#12313);
#3608=VERTEX_POINT('',#12317);
#3609=VERTEX_POINT('',#12323);
#3610=VERTEX_POINT('',#12330);
#3611=VERTEX_POINT('',#12332);
#3612=VERTEX_POINT('',#12336);
#3613=VERTEX_POINT('',#12342);
#3614=VERTEX_POINT('',#12344);
#3615=VERTEX_POINT('',#12348);
#3616=VERTEX_POINT('',#12352);
#3617=VERTEX_POINT('',#12366);
#3618=VERTEX_POINT('',#12368);
#3619=VERTEX_POINT('',#12380);
#3620=VERTEX_POINT('',#12381);
#3621=VERTEX_POINT('',#12386);
#3622=VERTEX_POINT('',#12393);
#3623=VERTEX_POINT('',#12395);
#3624=VERTEX_POINT('',#12399);
#3625=VERTEX_POINT('',#12401);
#3626=VERTEX_POINT('',#12404);
#3627=VERTEX_POINT('',#12406);
#3628=VERTEX_POINT('',#12408);
#3629=VERTEX_POINT('',#12410);
#3630=VERTEX_POINT('',#12427);
#3631=VERTEX_POINT('',#12433);
#3632=VERTEX_POINT('',#12443);
#3633=VERTEX_POINT('',#12457);
#3634=VERTEX_POINT('',#12458);
#3635=VERTEX_POINT('',#12463);
#3636=VERTEX_POINT('',#12470);
#3637=VERTEX_POINT('',#12472);
#3638=VERTEX_POINT('',#12474);
#3639=VERTEX_POINT('',#12477);
#3640=VERTEX_POINT('',#12479);
#3641=VERTEX_POINT('',#12482);
#3642=VERTEX_POINT('',#12483);
#3643=VERTEX_POINT('',#12485);
#3644=VERTEX_POINT('',#12487);
#3645=VERTEX_POINT('',#12509);
#3646=VERTEX_POINT('',#12518);
#3647=VERTEX_POINT('',#12542);
#3648=VERTEX_POINT('',#12548);
#3649=VERTEX_POINT('',#12550);
#3650=VERTEX_POINT('',#12552);
#3651=VERTEX_POINT('',#12554);
#3652=VERTEX_POINT('',#12560);
#3653=VERTEX_POINT('',#12566);
#3654=VERTEX_POINT('',#12572);
#3655=VERTEX_POINT('',#12578);
#3656=VERTEX_POINT('',#12580);
#3657=VERTEX_POINT('',#12583);
#3658=VERTEX_POINT('',#12589);
#3659=VERTEX_POINT('',#12591);
#3660=VERTEX_POINT('',#12593);
#3661=VERTEX_POINT('',#12595);
#3662=VERTEX_POINT('',#12601);
#3663=VERTEX_POINT('',#12607);
#3664=VERTEX_POINT('',#12613);
#3665=VERTEX_POINT('',#12619);
#3666=VERTEX_POINT('',#12621);
#3667=VERTEX_POINT('',#12623);
#3668=VERTEX_POINT('',#12626);
#3669=VERTEX_POINT('',#12629);
#3670=VERTEX_POINT('',#12635);
#3671=VERTEX_POINT('',#12637);
#3672=VERTEX_POINT('',#12643);
#3673=VERTEX_POINT('',#12649);
#3674=VERTEX_POINT('',#12651);
#3675=VERTEX_POINT('',#12657);
#3676=VERTEX_POINT('',#12668);
#3677=VERTEX_POINT('',#12674);
#3678=VERTEX_POINT('',#12676);
#3679=VERTEX_POINT('',#12678);
#3680=VERTEX_POINT('',#12684);
#3681=VERTEX_POINT('',#12691);
#3682=VERTEX_POINT('',#12697);
#3683=VERTEX_POINT('',#12699);
#3684=VERTEX_POINT('',#12705);
#3685=VERTEX_POINT('',#12711);
#3686=VERTEX_POINT('',#12713);
#3687=VERTEX_POINT('',#12719);
#3688=VERTEX_POINT('',#12725);
#3689=VERTEX_POINT('',#12727);
#3690=VERTEX_POINT('',#12738);
#3691=VERTEX_POINT('',#12744);
#3692=VERTEX_POINT('',#12746);
#3693=VERTEX_POINT('',#12752);
#3694=VERTEX_POINT('',#12758);
#3695=VERTEX_POINT('',#12765);
#3696=VERTEX_POINT('',#12767);
#3697=VERTEX_POINT('',#12769);
#3698=VERTEX_POINT('',#12775);
#3699=VERTEX_POINT('',#12781);
#3700=VERTEX_POINT('',#12787);
#3701=VERTEX_POINT('',#12793);
#3702=VERTEX_POINT('',#12795);
#3703=VERTEX_POINT('',#12797);
#3704=VERTEX_POINT('',#12803);
#3705=VERTEX_POINT('',#12809);
#3706=VERTEX_POINT('',#13038);
#3707=VERTEX_POINT('',#13055);
#3708=VERTEX_POINT('',#13063);
#3709=VERTEX_POINT('',#13116);
#3710=VERTEX_POINT('',#13124);
#3711=VERTEX_POINT('',#13128);
#3712=EDGE_CURVE('',#3034,#3035,#1500,.T.);
#3713=EDGE_CURVE('',#3036,#3034,#1501,.T.);
#3714=EDGE_CURVE('',#3037,#3036,#1502,.T.);
#3715=EDGE_CURVE('',#3035,#3037,#1503,.T.);
#3716=EDGE_CURVE('',#3038,#3038,#483,.T.);
#3717=EDGE_CURVE('',#3039,#3039,#484,.T.);
#3718=EDGE_CURVE('',#3040,#3040,#485,.T.);
#3719=EDGE_CURVE('',#3041,#3041,#486,.T.);
#3720=EDGE_CURVE('',#3042,#3042,#487,.T.);
#3721=EDGE_CURVE('',#3043,#3043,#488,.T.);
#3722=EDGE_CURVE('',#3044,#3044,#489,.T.);
#3723=EDGE_CURVE('',#3045,#3045,#490,.T.);
#3724=EDGE_CURVE('',#3046,#3046,#491,.T.);
#3725=EDGE_CURVE('',#3047,#3047,#492,.T.);
#3726=EDGE_CURVE('',#3048,#3048,#493,.T.);
#3727=EDGE_CURVE('',#3049,#3049,#494,.T.);
#3728=EDGE_CURVE('',#3050,#3050,#495,.T.);
#3729=EDGE_CURVE('',#3051,#3051,#496,.T.);
#3730=EDGE_CURVE('',#3052,#3052,#497,.T.);
#3731=EDGE_CURVE('',#3053,#3053,#498,.T.);
#3732=EDGE_CURVE('',#3054,#3054,#499,.T.);
#3733=EDGE_CURVE('',#3055,#3055,#500,.T.);
#3734=EDGE_CURVE('',#3056,#3056,#501,.T.);
#3735=EDGE_CURVE('',#3057,#3057,#502,.T.);
#3736=EDGE_CURVE('',#3058,#3058,#503,.T.);
#3737=EDGE_CURVE('',#3059,#3059,#504,.T.);
#3738=EDGE_CURVE('',#3060,#3060,#505,.T.);
#3739=EDGE_CURVE('',#3061,#3062,#506,.T.);
#3740=EDGE_CURVE('',#3063,#3061,#1504,.T.);
#3741=EDGE_CURVE('',#3064,#3063,#507,.T.);
#3742=EDGE_CURVE('',#3062,#3064,#1505,.T.);
#3743=EDGE_CURVE('',#3065,#3065,#508,.T.);
#3744=EDGE_CURVE('',#3066,#3067,#509,.T.);
#3745=EDGE_CURVE('',#3068,#3066,#1506,.T.);
#3746=EDGE_CURVE('',#3069,#3068,#510,.T.);
#3747=EDGE_CURVE('',#3067,#3069,#1507,.T.);
#3748=EDGE_CURVE('',#3070,#3070,#511,.T.);
#3749=EDGE_CURVE('',#3071,#3071,#512,.T.);
#3750=EDGE_CURVE('',#3072,#3072,#513,.T.);
#3751=EDGE_CURVE('',#3073,#3073,#514,.T.);
#3752=EDGE_CURVE('',#3074,#3074,#515,.T.);
#3753=EDGE_CURVE('',#3075,#3075,#516,.T.);
#3754=EDGE_CURVE('',#3076,#3076,#517,.T.);
#3755=EDGE_CURVE('',#3077,#3077,#518,.T.);
#3756=EDGE_CURVE('',#3078,#3078,#519,.T.);
#3757=EDGE_CURVE('',#3079,#3079,#520,.T.);
#3758=EDGE_CURVE('',#3080,#3080,#521,.T.);
#3759=EDGE_CURVE('',#3081,#3081,#522,.T.);
#3760=EDGE_CURVE('',#3082,#3082,#523,.T.);
#3761=EDGE_CURVE('',#3083,#3083,#524,.T.);
#3762=EDGE_CURVE('',#3084,#3084,#525,.T.);
#3763=EDGE_CURVE('',#3085,#3085,#526,.T.);
#3764=EDGE_CURVE('',#3086,#3086,#527,.T.);
#3765=EDGE_CURVE('',#3087,#3087,#528,.T.);
#3766=EDGE_CURVE('',#3088,#3088,#529,.T.);
#3767=EDGE_CURVE('',#3089,#3089,#530,.T.);
#3768=EDGE_CURVE('',#3090,#3090,#531,.T.);
#3769=EDGE_CURVE('',#3091,#3091,#532,.T.);
#3770=EDGE_CURVE('',#3092,#3092,#533,.T.);
#3771=EDGE_CURVE('',#3093,#3093,#534,.T.);
#3772=EDGE_CURVE('',#3094,#3094,#535,.T.);
#3773=EDGE_CURVE('',#3095,#3068,#1508,.T.);
#3774=EDGE_CURVE('',#3095,#3096,#536,.T.);
#3775=EDGE_CURVE('',#3096,#3069,#1509,.T.);
#3776=EDGE_CURVE('',#3097,#3066,#1510,.T.);
#3777=EDGE_CURVE('',#3097,#3095,#1511,.T.);
#3778=EDGE_CURVE('',#3098,#3063,#1512,.T.);
#3779=EDGE_CURVE('',#3098,#3099,#537,.T.);
#3780=EDGE_CURVE('',#3099,#3064,#1513,.T.);
#3781=EDGE_CURVE('',#3100,#3061,#1514,.T.);
#3782=EDGE_CURVE('',#3100,#3098,#1515,.T.);
#3783=EDGE_CURVE('',#3101,#3034,#1516,.T.);
#3784=EDGE_CURVE('',#3102,#3101,#1517,.T.);
#3785=EDGE_CURVE('',#3102,#3036,#1518,.T.);
#3786=EDGE_CURVE('',#3103,#3035,#1519,.T.);
#3787=EDGE_CURVE('',#3101,#3103,#1520,.T.);
#3788=EDGE_CURVE('',#3104,#3037,#1521,.T.);
#3789=EDGE_CURVE('',#3103,#3104,#1522,.T.);
#3790=EDGE_CURVE('',#3104,#3102,#1523,.T.);
#3791=EDGE_CURVE('',#3105,#3105,#538,.T.);
#3792=EDGE_CURVE('',#3106,#3106,#539,.T.);
#3793=EDGE_CURVE('',#3107,#3107,#540,.T.);
#3794=EDGE_CURVE('',#3108,#3108,#541,.T.);
#3795=EDGE_CURVE('',#3109,#3109,#542,.T.);
#3796=EDGE_CURVE('',#3110,#3110,#543,.T.);
#3797=EDGE_CURVE('',#3111,#3111,#544,.T.);
#3798=EDGE_CURVE('',#3112,#3112,#545,.T.);
#3799=EDGE_CURVE('',#3113,#3113,#546,.T.);
#3800=EDGE_CURVE('',#3114,#3114,#547,.T.);
#3801=EDGE_CURVE('',#3115,#3115,#548,.T.);
#3802=EDGE_CURVE('',#3116,#3116,#549,.T.);
#3803=EDGE_CURVE('',#3117,#3117,#550,.T.);
#3804=EDGE_CURVE('',#3118,#3118,#551,.T.);
#3805=EDGE_CURVE('',#3119,#3119,#552,.T.);
#3806=EDGE_CURVE('',#3120,#3120,#553,.T.);
#3807=EDGE_CURVE('',#3121,#3121,#554,.T.);
#3808=EDGE_CURVE('',#3122,#3122,#555,.T.);
#3809=EDGE_CURVE('',#3123,#3123,#556,.T.);
#3810=EDGE_CURVE('',#3124,#3124,#557,.T.);
#3811=EDGE_CURVE('',#3125,#3125,#558,.T.);
#3812=EDGE_CURVE('',#3126,#3126,#559,.T.);
#3813=EDGE_CURVE('',#3127,#3127,#560,.T.);
#3814=EDGE_CURVE('',#3128,#3100,#561,.T.);
#3815=EDGE_CURVE('',#3099,#3128,#1524,.T.);
#3816=EDGE_CURVE('',#3129,#3129,#562,.T.);
#3817=EDGE_CURVE('',#3130,#3097,#563,.T.);
#3818=EDGE_CURVE('',#3096,#3130,#1525,.T.);
#3819=EDGE_CURVE('',#3131,#3131,#564,.T.);
#3820=EDGE_CURVE('',#3132,#3132,#565,.T.);
#3821=EDGE_CURVE('',#3133,#3133,#566,.T.);
#3822=EDGE_CURVE('',#3134,#3134,#567,.T.);
#3823=EDGE_CURVE('',#3135,#3135,#568,.T.);
#3824=EDGE_CURVE('',#3136,#3136,#569,.T.);
#3825=EDGE_CURVE('',#3137,#3137,#570,.T.);
#3826=EDGE_CURVE('',#3138,#3138,#571,.T.);
#3827=EDGE_CURVE('',#3139,#3139,#572,.T.);
#3828=EDGE_CURVE('',#3140,#3140,#573,.T.);
#3829=EDGE_CURVE('',#3141,#3141,#574,.T.);
#3830=EDGE_CURVE('',#3142,#3142,#575,.T.);
#3831=EDGE_CURVE('',#3143,#3143,#576,.T.);
#3832=EDGE_CURVE('',#3144,#3144,#577,.T.);
#3833=EDGE_CURVE('',#3145,#3145,#578,.T.);
#3834=EDGE_CURVE('',#3146,#3146,#579,.T.);
#3835=EDGE_CURVE('',#3147,#3147,#580,.T.);
#3836=EDGE_CURVE('',#3148,#3148,#581,.T.);
#3837=EDGE_CURVE('',#3149,#3149,#582,.T.);
#3838=EDGE_CURVE('',#3150,#3150,#583,.T.);
#3839=EDGE_CURVE('',#3151,#3151,#584,.T.);
#3840=EDGE_CURVE('',#3152,#3152,#585,.T.);
#3841=EDGE_CURVE('',#3153,#3153,#586,.T.);
#3842=EDGE_CURVE('',#3154,#3154,#587,.T.);
#3843=EDGE_CURVE('',#3155,#3155,#588,.T.);
#3844=EDGE_CURVE('',#3038,#3105,#1526,.T.);
#3845=EDGE_CURVE('',#3039,#3106,#1527,.T.);
#3846=EDGE_CURVE('',#3040,#3107,#1528,.T.);
#3847=EDGE_CURVE('',#3041,#3108,#1529,.T.);
#3848=EDGE_CURVE('',#3042,#3109,#1530,.T.);
#3849=EDGE_CURVE('',#3043,#3110,#1531,.T.);
#3850=EDGE_CURVE('',#3044,#3111,#1532,.T.);
#3851=EDGE_CURVE('',#3045,#3112,#1533,.T.);
#3852=EDGE_CURVE('',#3046,#3113,#1534,.T.);
#3853=EDGE_CURVE('',#3047,#3114,#1535,.T.);
#3854=EDGE_CURVE('',#3048,#3115,#1536,.T.);
#3855=EDGE_CURVE('',#3049,#3116,#1537,.T.);
#3856=EDGE_CURVE('',#3050,#3117,#1538,.T.);
#3857=EDGE_CURVE('',#3051,#3118,#1539,.T.);
#3858=EDGE_CURVE('',#3052,#3119,#1540,.T.);
#3859=EDGE_CURVE('',#3053,#3120,#1541,.T.);
#3860=EDGE_CURVE('',#3054,#3121,#1542,.T.);
#3861=EDGE_CURVE('',#3055,#3122,#1543,.T.);
#3862=EDGE_CURVE('',#3056,#3123,#1544,.T.);
#3863=EDGE_CURVE('',#3057,#3124,#1545,.T.);
#3864=EDGE_CURVE('',#3058,#3125,#1546,.T.);
#3865=EDGE_CURVE('',#3059,#3126,#1547,.T.);
#3866=EDGE_CURVE('',#3060,#3127,#1548,.T.);
#3867=EDGE_CURVE('',#3128,#3062,#1549,.T.);
#3868=EDGE_CURVE('',#3065,#3129,#1550,.T.);
#3869=EDGE_CURVE('',#3130,#3067,#1551,.T.);
#3870=EDGE_CURVE('',#3070,#3131,#1552,.T.);
#3871=EDGE_CURVE('',#3071,#3132,#1553,.T.);
#3872=EDGE_CURVE('',#3072,#3133,#1554,.T.);
#3873=EDGE_CURVE('',#3073,#3134,#1555,.T.);
#3874=EDGE_CURVE('',#3074,#3135,#1556,.T.);
#3875=EDGE_CURVE('',#3075,#3136,#1557,.T.);
#3876=EDGE_CURVE('',#3076,#3137,#1558,.T.);
#3877=EDGE_CURVE('',#3077,#3138,#1559,.T.);
#3878=EDGE_CURVE('',#3078,#3139,#1560,.T.);
#3879=EDGE_CURVE('',#3079,#3140,#1561,.T.);
#3880=EDGE_CURVE('',#3080,#3141,#1562,.T.);
#3881=EDGE_CURVE('',#3081,#3142,#1563,.T.);
#3882=EDGE_CURVE('',#3082,#3143,#1564,.T.);
#3883=EDGE_CURVE('',#3083,#3144,#1565,.T.);
#3884=EDGE_CURVE('',#3084,#3145,#1566,.T.);
#3885=EDGE_CURVE('',#3085,#3146,#1567,.T.);
#3886=EDGE_CURVE('',#3086,#3147,#1568,.T.);
#3887=EDGE_CURVE('',#3087,#3148,#1569,.T.);
#3888=EDGE_CURVE('',#3088,#3149,#1570,.T.);
#3889=EDGE_CURVE('',#3089,#3150,#1571,.T.);
#3890=EDGE_CURVE('',#3090,#3151,#1572,.T.);
#3891=EDGE_CURVE('',#3091,#3152,#1573,.T.);
#3892=EDGE_CURVE('',#3092,#3153,#1574,.T.);
#3893=EDGE_CURVE('',#3093,#3154,#1575,.T.);
#3894=EDGE_CURVE('',#3094,#3155,#1576,.T.);
#3895=EDGE_CURVE('',#3156,#3157,#1577,.T.);
#3896=EDGE_CURVE('',#3156,#3158,#1578,.T.);
#3897=EDGE_CURVE('',#3159,#3158,#1579,.T.);
#3898=EDGE_CURVE('',#3160,#3159,#1580,.T.);
#3899=EDGE_CURVE('',#3161,#3160,#1581,.T.);
#3900=EDGE_CURVE('',#3157,#3161,#1582,.T.);
#3901=EDGE_CURVE('',#3162,#3163,#1583,.T.);
#3902=EDGE_CURVE('',#3162,#3164,#1584,.T.);
#3903=EDGE_CURVE('',#3165,#3164,#1585,.T.);
#3904=EDGE_CURVE('',#3163,#3165,#1586,.T.);
#3905=EDGE_CURVE('',#3166,#3163,#1587,.T.);
#3906=EDGE_CURVE('',#3167,#3165,#1588,.T.);
#3907=EDGE_CURVE('',#3166,#3167,#1589,.T.);
#3908=EDGE_CURVE('',#3166,#3168,#1590,.T.);
#3909=EDGE_CURVE('',#3169,#3167,#1591,.T.);
#3910=EDGE_CURVE('',#3168,#3169,#1592,.T.);
#3911=EDGE_CURVE('',#3158,#3169,#1593,.T.);
#3912=EDGE_CURVE('',#3164,#3159,#1594,.T.);
#3913=EDGE_CURVE('',#3170,#3157,#1595,.F.);
#3914=EDGE_CURVE('',#3161,#3171,#1596,.F.);
#3915=EDGE_CURVE('',#3171,#3170,#1597,.F.);
#3916=EDGE_CURVE('',#3157,#3172,#1598,.F.);
#3917=EDGE_CURVE('',#3172,#3173,#1599,.F.);
#3918=EDGE_CURVE('',#3173,#3161,#1600,.F.);
#3919=EDGE_CURVE('',#3160,#3174,#1601,.T.);
#3920=EDGE_CURVE('',#3175,#3174,#1602,.T.);
#3921=EDGE_CURVE('',#3175,#3176,#1603,.T.);
#3922=EDGE_CURVE('',#3177,#3176,#1604,.T.);
#3923=EDGE_CURVE('',#3177,#3156,#1605,.T.);
#3924=EDGE_CURVE('',#3178,#3179,#1606,.T.);
#3925=EDGE_CURVE('',#3180,#3178,#1607,.T.);
#3926=EDGE_CURVE('',#3181,#3180,#1608,.T.);
#3927=EDGE_CURVE('',#3179,#3181,#1609,.T.);
#3928=EDGE_CURVE('',#3182,#3183,#1610,.T.);
#3929=EDGE_CURVE('',#3184,#3182,#1611,.T.);
#3930=EDGE_CURVE('',#3185,#3184,#1612,.T.);
#3931=EDGE_CURVE('',#3183,#3185,#1613,.T.);
#3932=EDGE_CURVE('',#3186,#3185,#1614,.T.);
#3933=EDGE_CURVE('',#3187,#3186,#1615,.T.);
#3934=EDGE_CURVE('',#3183,#3187,#1616,.T.);
#3935=EDGE_CURVE('',#3188,#3184,#1617,.T.);
#3936=EDGE_CURVE('',#3186,#3188,#1618,.T.);
#3937=EDGE_CURVE('',#3189,#3190,#1619,.T.);
#3938=EDGE_CURVE('',#3191,#3189,#1620,.T.);
#3939=EDGE_CURVE('',#3192,#3191,#1621,.T.);
#3940=EDGE_CURVE('',#3190,#3192,#1622,.T.);
#3941=EDGE_CURVE('',#3193,#3191,#1623,.T.);
#3942=EDGE_CURVE('',#3194,#3193,#1624,.T.);
#3943=EDGE_CURVE('',#3194,#3192,#1625,.T.);
#3944=EDGE_CURVE('',#3195,#3189,#1626,.T.);
#3945=EDGE_CURVE('',#3193,#3195,#1627,.T.);
#3946=EDGE_CURVE('',#3196,#3197,#106,.T.);
#3947=EDGE_CURVE('',#3198,#3196,#107,.T.);
#3948=EDGE_CURVE('',#3199,#3198,#108,.T.);
#3949=EDGE_CURVE('',#3200,#3199,#109,.T.);
#3950=EDGE_CURVE('',#3201,#3200,#110,.T.);
#3951=EDGE_CURVE('',#3202,#3201,#1628,.T.);
#3952=EDGE_CURVE('',#3203,#3202,#1629,.T.);
#3953=EDGE_CURVE('',#3204,#3203,#1630,.T.);
#3954=EDGE_CURVE('',#3205,#3204,#111,.T.);
#3955=EDGE_CURVE('',#3206,#3205,#112,.T.);
#3956=EDGE_CURVE('',#3207,#3206,#113,.T.);
#3957=EDGE_CURVE('',#3208,#3207,#114,.T.);
#3958=EDGE_CURVE('',#3209,#3208,#1631,.T.);
#3959=EDGE_CURVE('',#3210,#3209,#115,.T.);
#3960=EDGE_CURVE('',#3211,#3210,#116,.T.);
#3961=EDGE_CURVE('',#3197,#3211,#1632,.T.);
#3962=EDGE_CURVE('',#3212,#3213,#1633,.T.);
#3963=EDGE_CURVE('',#3214,#3212,#1634,.T.);
#3964=EDGE_CURVE('',#3213,#3214,#1635,.T.);
#3965=EDGE_CURVE('',#3215,#3214,#1636,.T.);
#3966=EDGE_CURVE('',#3216,#3215,#1637,.T.);
#3967=EDGE_CURVE('',#3216,#3213,#1638,.T.);
#3968=EDGE_CURVE('',#3217,#3212,#1639,.T.);
#3969=EDGE_CURVE('',#3215,#3217,#1640,.T.);
#3970=EDGE_CURVE('',#3218,#3204,#1641,.T.);
#3971=EDGE_CURVE('',#3219,#3218,#117,.T.);
#3972=EDGE_CURVE('',#3219,#3205,#1642,.T.);
#3973=EDGE_CURVE('',#3220,#3203,#1643,.T.);
#3974=EDGE_CURVE('',#3218,#3220,#1644,.T.);
#3975=EDGE_CURVE('',#3221,#3202,#1645,.T.);
#3976=EDGE_CURVE('',#3220,#3221,#1646,.T.);
#3977=EDGE_CURVE('',#3222,#3201,#1647,.T.);
#3978=EDGE_CURVE('',#3221,#3222,#1648,.T.);
#3979=EDGE_CURVE('',#3223,#3200,#1649,.T.);
#3980=EDGE_CURVE('',#3222,#3223,#118,.T.);
#3981=EDGE_CURVE('',#3224,#3199,#1650,.T.);
#3982=EDGE_CURVE('',#3223,#3224,#119,.T.);
#3983=EDGE_CURVE('',#3225,#3198,#1651,.T.);
#3984=EDGE_CURVE('',#3224,#3225,#120,.T.);
#3985=EDGE_CURVE('',#3226,#3196,#1652,.T.);
#3986=EDGE_CURVE('',#3225,#3226,#121,.T.);
#3987=EDGE_CURVE('',#3227,#3228,#122,.T.);
#3988=EDGE_CURVE('',#3229,#3227,#123,.T.);
#3989=EDGE_CURVE('',#3230,#3229,#124,.T.);
#3990=EDGE_CURVE('',#3231,#3230,#125,.T.);
#3991=EDGE_CURVE('',#3232,#3231,#1653,.T.);
#3992=EDGE_CURVE('',#3233,#3232,#1654,.T.);
#3993=EDGE_CURVE('',#3234,#3233,#1655,.T.);
#3994=EDGE_CURVE('',#3235,#3234,#126,.T.);
#3995=EDGE_CURVE('',#3236,#3235,#127,.T.);
#3996=EDGE_CURVE('',#3237,#3236,#128,.T.);
#3997=EDGE_CURVE('',#3238,#3237,#129,.T.);
#3998=EDGE_CURVE('',#3239,#3238,#1656,.T.);
#3999=EDGE_CURVE('',#3240,#3239,#1657,.T.);
#4000=EDGE_CURVE('',#3241,#3240,#1658,.T.);
#4001=EDGE_CURVE('',#3242,#3241,#1659,.T.);
#4002=EDGE_CURVE('',#3243,#3242,#1660,.T.);
#4003=EDGE_CURVE('',#3244,#3243,#1661,.T.);
#4004=EDGE_CURVE('',#3245,#3244,#130,.T.);
#4005=EDGE_CURVE('',#3246,#3245,#131,.T.);
#4006=EDGE_CURVE('',#3247,#3246,#132,.T.);
#4007=EDGE_CURVE('',#3248,#3247,#133,.T.);
#4008=EDGE_CURVE('',#3249,#3248,#1662,.T.);
#4009=EDGE_CURVE('',#3250,#3249,#1663,.T.);
#4010=EDGE_CURVE('',#3228,#3250,#1664,.T.);
#4011=EDGE_CURVE('',#3251,#3239,#1665,.T.);
#4012=EDGE_CURVE('',#3252,#3251,#1666,.T.);
#4013=EDGE_CURVE('',#3252,#3240,#1667,.T.);
#4014=EDGE_CURVE('',#3253,#3238,#1668,.T.);
#4015=EDGE_CURVE('',#3251,#3253,#1669,.T.);
#4016=EDGE_CURVE('',#3254,#3237,#1670,.T.);
#4017=EDGE_CURVE('',#3253,#3254,#134,.T.);
#4018=EDGE_CURVE('',#3255,#3236,#1671,.T.);
#4019=EDGE_CURVE('',#3254,#3255,#135,.T.);
#4020=EDGE_CURVE('',#3256,#3235,#1672,.T.);
#4021=EDGE_CURVE('',#3255,#3256,#136,.T.);
#4022=EDGE_CURVE('',#3257,#3234,#1673,.T.);
#4023=EDGE_CURVE('',#3256,#3257,#137,.T.);
#4024=EDGE_CURVE('',#3258,#3233,#1674,.T.);
#4025=EDGE_CURVE('',#3257,#3258,#1675,.T.);
#4026=EDGE_CURVE('',#3259,#3232,#1676,.T.);
#4027=EDGE_CURVE('',#3258,#3259,#1677,.T.);
#4028=EDGE_CURVE('',#3260,#3231,#1678,.T.);
#4029=EDGE_CURVE('',#3259,#3260,#1679,.T.);
#4030=EDGE_CURVE('',#3261,#3230,#1680,.T.);
#4031=EDGE_CURVE('',#3260,#3261,#138,.T.);
#4032=EDGE_CURVE('',#3262,#3229,#1681,.T.);
#4033=EDGE_CURVE('',#3261,#3262,#139,.T.);
#4034=EDGE_CURVE('',#3263,#3227,#1682,.T.);
#4035=EDGE_CURVE('',#3262,#3263,#140,.T.);
#4036=EDGE_CURVE('',#3264,#3265,#141,.T.);
#4037=EDGE_CURVE('',#3266,#3264,#142,.T.);
#4038=EDGE_CURVE('',#3267,#3266,#143,.T.);
#4039=EDGE_CURVE('',#3268,#3267,#144,.T.);
#4040=EDGE_CURVE('',#3269,#3268,#1683,.T.);
#4041=EDGE_CURVE('',#3270,#3269,#145,.T.);
#4042=EDGE_CURVE('',#3271,#3270,#146,.T.);
#4043=EDGE_CURVE('',#3272,#3271,#1684,.T.);
#4044=EDGE_CURVE('',#3273,#3272,#147,.T.);
#4045=EDGE_CURVE('',#3274,#3273,#148,.T.);
#4046=EDGE_CURVE('',#3275,#3274,#149,.T.);
#4047=EDGE_CURVE('',#3276,#3275,#150,.T.);
#4048=EDGE_CURVE('',#3277,#3276,#1685,.T.);
#4049=EDGE_CURVE('',#3278,#3277,#1686,.T.);
#4050=EDGE_CURVE('',#3279,#3278,#1687,.T.);
#4051=EDGE_CURVE('',#3280,#3279,#1688,.T.);
#4052=EDGE_CURVE('',#3281,#3280,#151,.T.);
#4053=EDGE_CURVE('',#3282,#3281,#152,.T.);
#4054=EDGE_CURVE('',#3283,#3282,#153,.T.);
#4055=EDGE_CURVE('',#3284,#3283,#154,.T.);
#4056=EDGE_CURVE('',#3285,#3284,#1689,.T.);
#4057=EDGE_CURVE('',#3286,#3285,#1690,.T.);
#4058=EDGE_CURVE('',#3265,#3286,#1691,.T.);
#4059=EDGE_CURVE('',#3287,#3276,#1692,.T.);
#4060=EDGE_CURVE('',#3288,#3287,#1693,.T.);
#4061=EDGE_CURVE('',#3288,#3277,#1694,.T.);
#4062=EDGE_CURVE('',#3289,#3275,#1695,.T.);
#4063=EDGE_CURVE('',#3287,#3289,#155,.T.);
#4064=EDGE_CURVE('',#3290,#3274,#1696,.T.);
#4065=EDGE_CURVE('',#3289,#3290,#156,.T.);
#4066=EDGE_CURVE('',#3291,#3273,#1697,.T.);
#4067=EDGE_CURVE('',#3290,#3291,#157,.T.);
#4068=EDGE_CURVE('',#3292,#3272,#1698,.T.);
#4069=EDGE_CURVE('',#3291,#3292,#158,.T.);
#4070=EDGE_CURVE('',#3293,#3271,#1699,.T.);
#4071=EDGE_CURVE('',#3292,#3293,#1700,.T.);
#4072=EDGE_CURVE('',#3294,#3270,#1701,.T.);
#4073=EDGE_CURVE('',#3293,#3294,#159,.T.);
#4074=EDGE_CURVE('',#3295,#3269,#1702,.T.);
#4075=EDGE_CURVE('',#3294,#3295,#160,.T.);
#4076=EDGE_CURVE('',#3296,#3268,#1703,.T.);
#4077=EDGE_CURVE('',#3295,#3296,#1704,.T.);
#4078=EDGE_CURVE('',#3297,#3267,#1705,.T.);
#4079=EDGE_CURVE('',#3296,#3297,#161,.T.);
#4080=EDGE_CURVE('',#3298,#3266,#1706,.T.);
#4081=EDGE_CURVE('',#3297,#3298,#162,.T.);
#4082=EDGE_CURVE('',#3299,#3264,#1707,.T.);
#4083=EDGE_CURVE('',#3298,#3299,#163,.T.);
#4084=EDGE_CURVE('',#3300,#3301,#1708,.T.);
#4085=EDGE_CURVE('',#3302,#3300,#164,.T.);
#4086=EDGE_CURVE('',#3303,#3302,#165,.T.);
#4087=EDGE_CURVE('',#3304,#3303,#166,.T.);
#4088=EDGE_CURVE('',#3305,#3304,#167,.T.);
#4089=EDGE_CURVE('',#3306,#3305,#1709,.T.);
#4090=EDGE_CURVE('',#3307,#3306,#1710,.T.);
#4091=EDGE_CURVE('',#3308,#3307,#168,.T.);
#4092=EDGE_CURVE('',#3309,#3308,#169,.T.);
#4093=EDGE_CURVE('',#3310,#3309,#170,.T.);
#4094=EDGE_CURVE('',#3311,#3310,#171,.T.);
#4095=EDGE_CURVE('',#3312,#3311,#1711,.T.);
#4096=EDGE_CURVE('',#3313,#3312,#1712,.T.);
#4097=EDGE_CURVE('',#3314,#3313,#172,.T.);
#4098=EDGE_CURVE('',#3315,#3314,#173,.T.);
#4099=EDGE_CURVE('',#3316,#3315,#174,.T.);
#4100=EDGE_CURVE('',#3317,#3316,#175,.T.);
#4101=EDGE_CURVE('',#3318,#3317,#1713,.T.);
#4102=EDGE_CURVE('',#3319,#3318,#1714,.T.);
#4103=EDGE_CURVE('',#3320,#3319,#176,.T.);
#4104=EDGE_CURVE('',#3321,#3320,#177,.T.);
#4105=EDGE_CURVE('',#3322,#3321,#178,.T.);
#4106=EDGE_CURVE('',#3323,#3322,#179,.T.);
#4107=EDGE_CURVE('',#3301,#3323,#1715,.T.);
#4108=EDGE_CURVE('',#3324,#3312,#1716,.T.);
#4109=EDGE_CURVE('',#3325,#3324,#1717,.T.);
#4110=EDGE_CURVE('',#3325,#3313,#1718,.T.);
#4111=EDGE_CURVE('',#3326,#3311,#1719,.T.);
#4112=EDGE_CURVE('',#3324,#3326,#1720,.T.);
#4113=EDGE_CURVE('',#3327,#3310,#1721,.T.);
#4114=EDGE_CURVE('',#3326,#3327,#180,.T.);
#4115=EDGE_CURVE('',#3328,#3309,#1722,.T.);
#4116=EDGE_CURVE('',#3327,#3328,#181,.T.);
#4117=EDGE_CURVE('',#3329,#3308,#1723,.T.);
#4118=EDGE_CURVE('',#3328,#3329,#182,.T.);
#4119=EDGE_CURVE('',#3330,#3307,#1724,.T.);
#4120=EDGE_CURVE('',#3329,#3330,#183,.T.);
#4121=EDGE_CURVE('',#3331,#3306,#1725,.T.);
#4122=EDGE_CURVE('',#3330,#3331,#1726,.T.);
#4123=EDGE_CURVE('',#3332,#3305,#1727,.T.);
#4124=EDGE_CURVE('',#3331,#3332,#1728,.T.);
#4125=EDGE_CURVE('',#3333,#3304,#1729,.T.);
#4126=EDGE_CURVE('',#3332,#3333,#184,.T.);
#4127=EDGE_CURVE('',#3334,#3303,#1730,.T.);
#4128=EDGE_CURVE('',#3333,#3334,#185,.T.);
#4129=EDGE_CURVE('',#3335,#3302,#1731,.T.);
#4130=EDGE_CURVE('',#3334,#3335,#186,.T.);
#4131=EDGE_CURVE('',#3336,#3300,#1732,.T.);
#4132=EDGE_CURVE('',#3335,#3336,#187,.T.);
#4133=EDGE_CURVE('',#3337,#3338,#188,.T.);
#4134=EDGE_CURVE('',#3339,#3337,#189,.T.);
#4135=EDGE_CURVE('',#3340,#3339,#1733,.T.);
#4136=EDGE_CURVE('',#3341,#3340,#190,.T.);
#4137=EDGE_CURVE('',#3342,#3341,#191,.T.);
#4138=EDGE_CURVE('',#3343,#3342,#1734,.T.);
#4139=EDGE_CURVE('',#3344,#3343,#192,.T.);
#4140=EDGE_CURVE('',#3345,#3344,#193,.T.);
#4141=EDGE_CURVE('',#3346,#3345,#1735,.T.);
#4142=EDGE_CURVE('',#3347,#3346,#194,.T.);
#4143=EDGE_CURVE('',#3348,#3347,#195,.T.);
#4144=EDGE_CURVE('',#3338,#3348,#1736,.T.);
#4145=EDGE_CURVE('',#3349,#3343,#1737,.T.);
#4146=EDGE_CURVE('',#3350,#3349,#196,.T.);
#4147=EDGE_CURVE('',#3350,#3344,#1738,.T.);
#4148=EDGE_CURVE('',#3351,#3342,#1739,.T.);
#4149=EDGE_CURVE('',#3349,#3351,#1740,.T.);
#4150=EDGE_CURVE('',#3352,#3341,#1741,.T.);
#4151=EDGE_CURVE('',#3351,#3352,#197,.T.);
#4152=EDGE_CURVE('',#3353,#3340,#1742,.T.);
#4153=EDGE_CURVE('',#3352,#3353,#198,.T.);
#4154=EDGE_CURVE('',#3354,#3339,#1743,.T.);
#4155=EDGE_CURVE('',#3353,#3354,#1744,.T.);
#4156=EDGE_CURVE('',#3355,#3337,#1745,.T.);
#4157=EDGE_CURVE('',#3354,#3355,#199,.T.);
#4158=EDGE_CURVE('',#3356,#3357,#200,.T.);
#4159=EDGE_CURVE('',#3358,#3356,#201,.T.);
#4160=EDGE_CURVE('',#3359,#3358,#202,.T.);
#4161=EDGE_CURVE('',#3360,#3359,#203,.T.);
#4162=EDGE_CURVE('',#3361,#3360,#1746,.T.);
#4163=EDGE_CURVE('',#3362,#3361,#1747,.T.);
#4164=EDGE_CURVE('',#3363,#3362,#204,.T.);
#4165=EDGE_CURVE('',#3364,#3363,#205,.T.);
#4166=EDGE_CURVE('',#3365,#3364,#1748,.T.);
#4167=EDGE_CURVE('',#3366,#3365,#206,.T.);
#4168=EDGE_CURVE('',#3367,#3366,#207,.T.);
#4169=EDGE_CURVE('',#3368,#3367,#1749,.T.);
#4170=EDGE_CURVE('',#3357,#3368,#1750,.T.);
#4171=EDGE_CURVE('',#3369,#3370,#1751,.T.);
#4172=EDGE_CURVE('',#3371,#3369,#1752,.T.);
#4173=EDGE_CURVE('',#3372,#3371,#208,.T.);
#4174=EDGE_CURVE('',#3373,#3372,#209,.T.);
#4175=EDGE_CURVE('',#3374,#3373,#1753,.T.);
#4176=EDGE_CURVE('',#3375,#3374,#210,.T.);
#4177=EDGE_CURVE('',#3376,#3375,#211,.T.);
#4178=EDGE_CURVE('',#3370,#3376,#1754,.T.);
#4179=EDGE_CURVE('',#3377,#3373,#1755,.T.);
#4180=EDGE_CURVE('',#3378,#3377,#1756,.T.);
#4181=EDGE_CURVE('',#3378,#3374,#1757,.T.);
#4182=EDGE_CURVE('',#3379,#3372,#1758,.T.);
#4183=EDGE_CURVE('',#3377,#3379,#212,.T.);
#4184=EDGE_CURVE('',#3380,#3371,#1759,.T.);
#4185=EDGE_CURVE('',#3379,#3380,#213,.T.);
#4186=EDGE_CURVE('',#3381,#3369,#1760,.T.);
#4187=EDGE_CURVE('',#3380,#3381,#1761,.T.);
#4188=EDGE_CURVE('',#3382,#3363,#1762,.T.);
#4189=EDGE_CURVE('',#3383,#3382,#214,.T.);
#4190=EDGE_CURVE('',#3383,#3364,#1763,.T.);
#4191=EDGE_CURVE('',#3384,#3362,#1764,.T.);
#4192=EDGE_CURVE('',#3382,#3384,#215,.T.);
#4193=EDGE_CURVE('',#3385,#3361,#1765,.T.);
#4194=EDGE_CURVE('',#3384,#3385,#1766,.T.);
#4195=EDGE_CURVE('',#3386,#3360,#1767,.T.);
#4196=EDGE_CURVE('',#3385,#3386,#1768,.T.);
#4197=EDGE_CURVE('',#3387,#3359,#1769,.T.);
#4198=EDGE_CURVE('',#3386,#3387,#216,.T.);
#4199=EDGE_CURVE('',#3388,#3358,#1770,.T.);
#4200=EDGE_CURVE('',#3387,#3388,#217,.T.);
#4201=EDGE_CURVE('',#3389,#3356,#1771,.T.);
#4202=EDGE_CURVE('',#3388,#3389,#218,.T.);
#4203=EDGE_CURVE('',#3390,#3391,#219,.T.);
#4204=EDGE_CURVE('',#3392,#3390,#220,.T.);
#4205=EDGE_CURVE('',#3393,#3392,#221,.T.);
#4206=EDGE_CURVE('',#3394,#3393,#222,.T.);
#4207=EDGE_CURVE('',#3395,#3394,#1772,.T.);
#4208=EDGE_CURVE('',#3396,#3395,#1773,.T.);
#4209=EDGE_CURVE('',#3397,#3396,#1774,.T.);
#4210=EDGE_CURVE('',#3398,#3397,#223,.T.);
#4211=EDGE_CURVE('',#3399,#3398,#224,.T.);
#4212=EDGE_CURVE('',#3400,#3399,#225,.T.);
#4213=EDGE_CURVE('',#3401,#3400,#226,.T.);
#4214=EDGE_CURVE('',#3402,#3401,#1775,.T.);
#4215=EDGE_CURVE('',#3403,#3402,#227,.T.);
#4216=EDGE_CURVE('',#3404,#3403,#228,.T.);
#4217=EDGE_CURVE('',#3405,#3404,#1776,.T.);
#4218=EDGE_CURVE('',#3406,#3405,#229,.T.);
#4219=EDGE_CURVE('',#3407,#3406,#230,.T.);
#4220=EDGE_CURVE('',#3408,#3407,#1777,.T.);
#4221=EDGE_CURVE('',#3409,#3408,#231,.T.);
#4222=EDGE_CURVE('',#3410,#3409,#232,.T.);
#4223=EDGE_CURVE('',#3391,#3410,#1778,.T.);
#4224=EDGE_CURVE('',#3411,#3412,#1779,.T.);
#4225=EDGE_CURVE('',#3413,#3411,#233,.T.);
#4226=EDGE_CURVE('',#3414,#3413,#1780,.T.);
#4227=EDGE_CURVE('',#3415,#3414,#234,.T.);
#4228=EDGE_CURVE('',#3416,#3415,#235,.T.);
#4229=EDGE_CURVE('',#3417,#3416,#1781,.T.);
#4230=EDGE_CURVE('',#3418,#3417,#236,.T.);
#4231=EDGE_CURVE('',#3419,#3418,#1782,.T.);
#4232=EDGE_CURVE('',#3412,#3419,#1783,.T.);
#4233=EDGE_CURVE('',#3420,#3416,#1784,.T.);
#4234=EDGE_CURVE('',#3421,#3420,#1785,.T.);
#4235=EDGE_CURVE('',#3421,#3417,#1786,.T.);
#4236=EDGE_CURVE('',#3422,#3415,#1787,.T.);
#4237=EDGE_CURVE('',#3420,#3422,#237,.T.);
#4238=EDGE_CURVE('',#3423,#3414,#1788,.T.);
#4239=EDGE_CURVE('',#3422,#3423,#238,.T.);
#4240=EDGE_CURVE('',#3424,#3413,#1789,.T.);
#4241=EDGE_CURVE('',#3423,#3424,#1790,.T.);
#4242=EDGE_CURVE('',#3425,#3411,#1791,.T.);
#4243=EDGE_CURVE('',#3424,#3425,#239,.T.);
#4244=EDGE_CURVE('',#3426,#3401,#1792,.T.);
#4245=EDGE_CURVE('',#3427,#3426,#1793,.T.);
#4246=EDGE_CURVE('',#3427,#3402,#1794,.T.);
#4247=EDGE_CURVE('',#3428,#3400,#1795,.T.);
#4248=EDGE_CURVE('',#3426,#3428,#240,.T.);
#4249=EDGE_CURVE('',#3429,#3399,#1796,.T.);
#4250=EDGE_CURVE('',#3428,#3429,#241,.T.);
#4251=EDGE_CURVE('',#3430,#3398,#1797,.T.);
#4252=EDGE_CURVE('',#3429,#3430,#242,.T.);
#4253=EDGE_CURVE('',#3431,#3397,#1798,.T.);
#4254=EDGE_CURVE('',#3430,#3431,#243,.T.);
#4255=EDGE_CURVE('',#3432,#3396,#1799,.T.);
#4256=EDGE_CURVE('',#3431,#3432,#1800,.T.);
#4257=EDGE_CURVE('',#3433,#3395,#1801,.T.);
#4258=EDGE_CURVE('',#3432,#3433,#1802,.T.);
#4259=EDGE_CURVE('',#3434,#3394,#1803,.T.);
#4260=EDGE_CURVE('',#3433,#3434,#1804,.T.);
#4261=EDGE_CURVE('',#3435,#3393,#1805,.T.);
#4262=EDGE_CURVE('',#3434,#3435,#244,.T.);
#4263=EDGE_CURVE('',#3436,#3392,#1806,.T.);
#4264=EDGE_CURVE('',#3435,#3436,#245,.T.);
#4265=EDGE_CURVE('',#3437,#3390,#1807,.T.);
#4266=EDGE_CURVE('',#3436,#3437,#246,.T.);
#4267=EDGE_CURVE('',#3438,#3439,#1808,.T.);
#4268=EDGE_CURVE('',#3438,#3440,#1809,.T.);
#4269=EDGE_CURVE('',#3440,#3441,#1810,.T.);
#4270=EDGE_CURVE('',#3439,#3441,#1811,.T.);
#4271=EDGE_CURVE('',#3442,#3438,#1812,.T.);
#4272=EDGE_CURVE('',#3442,#3443,#1813,.T.);
#4273=EDGE_CURVE('',#3443,#3440,#1814,.T.);
#4274=EDGE_CURVE('',#3444,#3442,#1815,.T.);
#4275=EDGE_CURVE('',#3444,#3445,#1816,.T.);
#4276=EDGE_CURVE('',#3445,#3443,#1817,.T.);
#4277=EDGE_CURVE('',#3439,#3444,#1818,.T.);
#4278=EDGE_CURVE('',#3441,#3445,#1819,.T.);
#4279=EDGE_CURVE('',#3446,#3446,#589,.T.);
#4280=EDGE_CURVE('',#3446,#3447,#1820,.T.);
#4281=EDGE_CURVE('',#3447,#3447,#590,.T.);
#4282=EDGE_CURVE('',#3448,#3449,#1821,.T.);
#4283=EDGE_CURVE('',#3448,#3450,#1822,.T.);
#4284=EDGE_CURVE('',#3450,#3451,#1823,.T.);
#4285=EDGE_CURVE('',#3449,#3451,#1824,.T.);
#4286=EDGE_CURVE('',#3452,#3448,#1825,.T.);
#4287=EDGE_CURVE('',#3452,#3453,#1826,.T.);
#4288=EDGE_CURVE('',#3453,#3450,#1827,.T.);
#4289=EDGE_CURVE('',#3454,#3452,#1828,.T.);
#4290=EDGE_CURVE('',#3454,#3455,#1829,.T.);
#4291=EDGE_CURVE('',#3455,#3453,#1830,.T.);
#4292=EDGE_CURVE('',#3449,#3454,#1831,.T.);
#4293=EDGE_CURVE('',#3451,#3455,#1832,.T.);
#4294=EDGE_CURVE('',#3456,#3457,#1833,.T.);
#4295=EDGE_CURVE('',#3456,#3458,#1834,.T.);
#4296=EDGE_CURVE('',#3458,#3459,#1835,.T.);
#4297=EDGE_CURVE('',#3457,#3459,#1836,.T.);
#4298=EDGE_CURVE('',#3460,#3456,#1837,.T.);
#4299=EDGE_CURVE('',#3460,#3461,#1838,.T.);
#4300=EDGE_CURVE('',#3461,#3458,#1839,.T.);
#4301=EDGE_CURVE('',#3462,#3460,#1840,.T.);
#4302=EDGE_CURVE('',#3462,#3463,#1841,.T.);
#4303=EDGE_CURVE('',#3463,#3461,#1842,.T.);
#4304=EDGE_CURVE('',#3457,#3462,#1843,.T.);
#4305=EDGE_CURVE('',#3459,#3463,#1844,.T.);
#4306=EDGE_CURVE('',#3464,#3465,#1845,.T.);
#4307=EDGE_CURVE('',#3464,#3466,#1846,.T.);
#4308=EDGE_CURVE('',#3466,#3467,#1847,.T.);
#4309=EDGE_CURVE('',#3465,#3467,#1848,.T.);
#4310=EDGE_CURVE('',#3468,#3464,#1849,.T.);
#4311=EDGE_CURVE('',#3468,#3469,#1850,.T.);
#4312=EDGE_CURVE('',#3469,#3466,#1851,.T.);
#4313=EDGE_CURVE('',#3470,#3468,#1852,.T.);
#4314=EDGE_CURVE('',#3470,#3471,#1853,.T.);
#4315=EDGE_CURVE('',#3471,#3469,#1854,.T.);
#4316=EDGE_CURVE('',#3465,#3470,#1855,.T.);
#4317=EDGE_CURVE('',#3467,#3471,#1856,.T.);
#4318=EDGE_CURVE('',#3472,#3473,#1857,.T.);
#4319=EDGE_CURVE('',#3473,#3474,#1858,.T.);
#4320=EDGE_CURVE('',#3474,#3475,#1859,.T.);
#4321=EDGE_CURVE('',#3472,#3475,#1860,.T.);
#4322=EDGE_CURVE('',#3473,#3476,#1861,.T.);
#4323=EDGE_CURVE('',#3476,#3477,#1862,.T.);
#4324=EDGE_CURVE('',#3477,#3474,#1863,.T.);
#4325=EDGE_CURVE('',#3475,#3477,#1864,.T.);
#4326=EDGE_CURVE('',#3476,#3472,#1865,.T.);
#4327=EDGE_CURVE('',#3478,#3475,#1866,.T.);
#4328=EDGE_CURVE('',#3479,#3478,#1867,.T.);
#4329=EDGE_CURVE('',#3477,#3479,#1868,.T.);
#4330=EDGE_CURVE('',#3474,#3480,#1869,.T.);
#4331=EDGE_CURVE('',#3481,#3480,#1870,.F.);
#4332=EDGE_CURVE('',#3482,#3481,#1871,.T.);
#4333=EDGE_CURVE('',#3483,#3482,#1872,.T.);
#4334=EDGE_CURVE('',#3483,#3484,#1873,.T.);
#4335=EDGE_CURVE('',#3485,#3484,#1874,.T.);
#4336=EDGE_CURVE('',#3486,#3485,#1875,.T.);
#4337=EDGE_CURVE('',#3478,#3486,#1876,.F.);
#4338=EDGE_CURVE('',#3487,#3488,#1877,.T.);
#4339=EDGE_CURVE('',#3489,#3487,#1878,.T.);
#4340=EDGE_CURVE('',#3490,#3489,#1879,.T.);
#4341=EDGE_CURVE('',#3488,#3490,#1880,.T.);
#4342=EDGE_CURVE('',#3491,#3492,#1881,.T.);
#4343=EDGE_CURVE('',#3493,#3491,#1882,.T.);
#4344=EDGE_CURVE('',#3492,#3493,#1883,.T.);
#4345=EDGE_CURVE('',#3494,#3495,#1884,.T.);
#4346=EDGE_CURVE('',#3496,#3494,#1885,.T.);
#4347=EDGE_CURVE('',#3495,#3496,#1886,.T.);
#4348=EDGE_CURVE('',#3497,#3498,#1887,.T.);
#4349=EDGE_CURVE('',#3499,#3497,#1888,.T.);
#4350=EDGE_CURVE('',#3498,#3499,#1889,.T.);
#4351=EDGE_CURVE('',#3494,#3500,#1890,.F.);
#4352=EDGE_CURVE('',#3500,#3501,#1891,.T.);
#4353=EDGE_CURVE('',#3501,#3496,#1892,.T.);
#4354=EDGE_CURVE('',#3501,#3502,#1893,.T.);
#4355=EDGE_CURVE('',#3502,#3495,#1894,.F.);
#4356=EDGE_CURVE('',#3498,#3503,#1895,.T.);
#4357=EDGE_CURVE('',#3503,#3504,#1896,.T.);
#4358=EDGE_CURVE('',#3497,#3504,#1897,.T.);
#4359=EDGE_CURVE('',#3504,#3505,#1898,.T.);
#4360=EDGE_CURVE('',#3505,#3499,#1899,.T.);
#4361=EDGE_CURVE('',#3505,#3503,#1900,.T.);
#4362=EDGE_CURVE('',#3506,#3504,#1901,.T.);
#4363=EDGE_CURVE('',#3507,#3506,#1902,.T.);
#4364=EDGE_CURVE('',#3505,#3507,#1903,.T.);
#4365=EDGE_CURVE('',#3503,#3508,#1904,.T.);
#4366=EDGE_CURVE('',#3506,#3508,#1905,.T.);
#4367=EDGE_CURVE('',#3491,#3509,#1906,.F.);
#4368=EDGE_CURVE('',#3509,#3510,#1907,.T.);
#4369=EDGE_CURVE('',#3510,#3493,#1908,.T.);
#4370=EDGE_CURVE('',#3510,#3511,#1909,.T.);
#4371=EDGE_CURVE('',#3511,#3492,#1910,.F.);
#4372=EDGE_CURVE('',#3512,#3513,#1911,.F.);
#4373=EDGE_CURVE('',#3513,#3514,#1912,.T.);
#4374=EDGE_CURVE('',#3514,#3515,#1913,.F.);
#4375=EDGE_CURVE('',#3515,#3512,#1914,.T.);
#4376=EDGE_CURVE('',#3513,#3516,#1915,.T.);
#4377=EDGE_CURVE('',#3517,#3516,#1916,.T.);
#4378=EDGE_CURVE('',#3518,#3517,#1917,.T.);
#4379=EDGE_CURVE('',#3519,#3518,#1918,.T.);
#4380=EDGE_CURVE('',#3519,#3520,#1919,.T.);
#4381=EDGE_CURVE('',#3521,#3520,#1920,.T.);
#4382=EDGE_CURVE('',#3522,#3521,#1921,.T.);
#4383=EDGE_CURVE('',#3522,#3509,#1922,.T.);
#4384=EDGE_CURVE('',#3511,#3509,#1923,.T.);
#4385=EDGE_CURVE('',#3511,#3523,#1924,.T.);
#4386=EDGE_CURVE('',#3524,#3523,#1925,.T.);
#4387=EDGE_CURVE('',#3525,#3524,#1926,.T.);
#4388=EDGE_CURVE('',#3526,#3525,#1927,.T.);
#4389=EDGE_CURVE('',#3527,#3526,#1928,.F.);
#4390=EDGE_CURVE('',#3527,#3514,#1929,.T.);
#4391=EDGE_CURVE('',#3528,#3485,#1930,.F.);
#4392=EDGE_CURVE('',#3484,#3529,#1931,.F.);
#4393=EDGE_CURVE('',#3529,#3528,#1932,.T.);
#4394=EDGE_CURVE('',#3530,#3531,#1933,.T.);
#4395=EDGE_CURVE('',#3531,#3532,#1934,.F.);
#4396=EDGE_CURVE('',#3532,#3533,#1935,.T.);
#4397=EDGE_CURVE('',#3533,#3530,#1936,.T.);
#4398=EDGE_CURVE('',#3533,#3534,#1937,.T.);
#4399=EDGE_CURVE('',#3534,#3535,#1938,.F.);
#4400=EDGE_CURVE('',#3535,#3530,#1939,.T.);
#4401=EDGE_CURVE('',#3536,#3177,#1940,.T.);
#4402=EDGE_CURVE('',#3537,#3536,#1941,.T.);
#4403=EDGE_CURVE('',#3538,#3537,#1942,.T.);
#4404=EDGE_CURVE('',#3168,#3538,#1943,.T.);
#4405=EDGE_CURVE('',#3539,#3540,#1944,.T.);
#4406=EDGE_CURVE('',#3541,#3539,#1945,.T.);
#4407=EDGE_CURVE('',#3542,#3541,#1946,.T.);
#4408=EDGE_CURVE('',#3540,#3542,#1947,.T.);
#4409=EDGE_CURVE('',#3535,#3531,#1948,.T.);
#4410=EDGE_CURVE('',#3543,#3544,#1949,.T.);
#4411=EDGE_CURVE('',#3545,#3543,#1950,.T.);
#4412=EDGE_CURVE('',#3546,#3545,#1951,.T.);
#4413=EDGE_CURVE('',#3544,#3546,#1952,.T.);
#4414=EDGE_CURVE('',#3547,#3548,#1953,.T.);
#4415=EDGE_CURVE('',#3548,#3539,#1954,.T.);
#4416=EDGE_CURVE('',#3540,#3547,#1955,.T.);
#4417=EDGE_CURVE('',#3548,#3549,#1956,.T.);
#4418=EDGE_CURVE('',#3549,#3541,#1957,.T.);
#4419=EDGE_CURVE('',#3549,#3550,#1958,.T.);
#4420=EDGE_CURVE('',#3550,#3542,#1959,.T.);
#4421=EDGE_CURVE('',#3550,#3547,#1960,.T.);
#4422=EDGE_CURVE('',#3551,#3548,#1961,.T.);
#4423=EDGE_CURVE('',#3552,#3551,#1962,.T.);
#4424=EDGE_CURVE('',#3549,#3552,#1963,.T.);
#4425=EDGE_CURVE('',#3547,#3553,#1964,.T.);
#4426=EDGE_CURVE('',#3554,#3553,#1965,.T.);
#4427=EDGE_CURVE('',#3554,#3555,#1966,.T.);
#4428=EDGE_CURVE('',#3556,#3555,#1967,.F.);
#4429=EDGE_CURVE('',#3557,#3556,#1968,.T.);
#4430=EDGE_CURVE('',#3558,#3557,#1969,.F.);
#4431=EDGE_CURVE('',#3558,#3559,#1970,.T.);
#4432=EDGE_CURVE('',#3484,#3559,#1971,.T.);
#4433=EDGE_CURVE('',#3560,#3483,#1972,.T.);
#4434=EDGE_CURVE('',#3560,#3561,#1973,.T.);
#4435=EDGE_CURVE('',#3520,#3561,#1974,.F.);
#4436=EDGE_CURVE('',#3551,#3519,#1975,.F.);
#4437=EDGE_CURVE('',#3562,#3187,#1976,.T.);
#4438=EDGE_CURVE('',#3188,#3562,#1977,.T.);
#4439=EDGE_CURVE('',#3483,#3543,#1978,.T.);
#4440=EDGE_CURVE('',#3544,#3560,#1979,.T.);
#4441=EDGE_CURVE('',#3482,#3545,#1980,.T.);
#4442=EDGE_CURVE('',#3482,#3563,#1981,.T.);
#4443=EDGE_CURVE('',#3563,#3546,#1982,.T.);
#4444=EDGE_CURVE('',#3563,#3560,#1983,.T.);
#4445=EDGE_CURVE('',#3564,#3565,#1984,.T.);
#4446=EDGE_CURVE('',#3565,#3522,#1985,.F.);
#4447=EDGE_CURVE('',#3521,#3564,#1986,.T.);
#4448=EDGE_CURVE('',#3561,#3564,#1987,.T.);
#4449=EDGE_CURVE('',#3532,#3566,#1988,.T.);
#4450=EDGE_CURVE('',#3567,#3566,#1989,.T.);
#4451=EDGE_CURVE('',#3568,#3567,#1990,.T.);
#4452=EDGE_CURVE('',#3565,#3568,#1991,.T.);
#4453=EDGE_CURVE('',#3563,#3564,#1992,.T.);
#4454=EDGE_CURVE('',#3569,#3481,#1993,.T.);
#4455=EDGE_CURVE('',#3486,#3569,#1994,.T.);
#4456=EDGE_CURVE('',#3570,#3485,#1995,.T.);
#4457=EDGE_CURVE('',#3571,#3570,#1996,.T.);
#4458=EDGE_CURVE('',#3572,#3571,#1997,.T.);
#4459=EDGE_CURVE('',#3573,#3572,#1998,.T.);
#4460=EDGE_CURVE('',#3574,#3573,#1999,.T.);
#4461=EDGE_CURVE('',#3575,#3574,#2000,.T.);
#4462=EDGE_CURVE('',#3575,#3576,#2001,.T.);
#4463=EDGE_CURVE('',#3577,#3576,#2002,.T.);
#4464=EDGE_CURVE('',#3578,#3577,#2003,.T.);
#4465=EDGE_CURVE('',#3579,#3578,#2004,.T.);
#4466=EDGE_CURVE('',#3580,#3579,#2005,.T.);
#4467=EDGE_CURVE('',#3533,#3580,#2006,.T.);
#4468=EDGE_CURVE('',#3523,#3567,#2007,.F.);
#4469=EDGE_CURVE('',#3566,#3524,#2008,.T.);
#4470=EDGE_CURVE('',#3566,#3581,#2009,.T.);
#4471=EDGE_CURVE('',#3581,#3525,#2010,.F.);
#4472=EDGE_CURVE('',#3518,#3552,#2011,.T.);
#4473=EDGE_CURVE('',#3582,#3552,#2012,.T.);
#4474=EDGE_CURVE('',#3517,#3582,#2013,.T.);
#4475=EDGE_CURVE('',#3516,#3583,#2014,.F.);
#4476=EDGE_CURVE('',#3583,#3582,#2015,.T.);
#4477=EDGE_CURVE('',#3550,#3582,#2016,.T.);
#4478=EDGE_CURVE('',#3584,#3580,#2017,.F.);
#4479=EDGE_CURVE('',#3585,#3584,#2018,.T.);
#4480=EDGE_CURVE('',#3586,#3585,#2019,.T.);
#4481=EDGE_CURVE('',#3578,#3586,#2020,.F.);
#4482=EDGE_CURVE('',#3587,#3577,#2021,.T.);
#4483=EDGE_CURVE('',#3588,#3587,#2022,.T.);
#4484=EDGE_CURVE('',#3589,#3588,#2023,.T.);
#4485=EDGE_CURVE('',#3590,#3589,#2024,.T.);
#4486=EDGE_CURVE('',#3590,#3591,#2025,.T.);
#4487=EDGE_CURVE('',#3592,#3591,#2026,.T.);
#4488=EDGE_CURVE('',#3592,#3593,#2027,.T.);
#4489=EDGE_CURVE('',#3553,#3593,#2028,.T.);
#4490=EDGE_CURVE('',#3583,#3594,#2029,.T.);
#4491=EDGE_CURVE('',#3526,#3594,#2030,.T.);
#4492=EDGE_CURVE('',#3534,#3581,#2031,.T.);
#4493=EDGE_CURVE('',#3595,#3596,#2032,.F.);
#4494=EDGE_CURVE('',#3596,#3597,#2033,.T.);
#4495=EDGE_CURVE('',#3597,#3598,#2034,.F.);
#4496=EDGE_CURVE('',#3598,#3595,#2035,.T.);
#4497=EDGE_CURVE('',#3599,#3600,#2036,.T.);
#4498=EDGE_CURVE('',#3599,#3601,#2037,.T.);
#4499=EDGE_CURVE('',#3602,#3601,#2038,.T.);
#4500=EDGE_CURVE('',#3600,#3602,#2039,.T.);
#4501=EDGE_CURVE('',#3603,#3515,#2040,.T.);
#4502=EDGE_CURVE('',#3512,#3603,#2041,.T.);
#4503=EDGE_CURVE('',#3604,#3605,#2042,.T.);
#4504=EDGE_CURVE('',#3606,#3604,#2043,.T.);
#4505=EDGE_CURVE('',#3605,#3606,#2044,.T.);
#4506=EDGE_CURVE('',#3597,#3607,#2045,.T.);
#4507=EDGE_CURVE('',#3607,#3596,#2046,.T.);
#4508=EDGE_CURVE('',#3608,#3513,#2047,.T.);
#4509=EDGE_CURVE('',#3603,#3608,#2048,.T.);
#4510=EDGE_CURVE('',#3514,#3608,#2049,.T.);
#4511=EDGE_CURVE('',#3608,#3609,#2050,.T.);
#4512=EDGE_CURVE('',#3594,#3609,#2051,.F.);
#4513=EDGE_CURVE('',#3609,#3527,#2052,.T.);
#4514=EDGE_CURVE('',#3605,#3610,#2053,.T.);
#4515=EDGE_CURVE('',#3610,#3611,#2054,.T.);
#4516=EDGE_CURVE('',#3611,#3604,#2055,.T.);
#4517=EDGE_CURVE('',#3612,#3610,#2056,.T.);
#4518=EDGE_CURVE('',#3606,#3612,#2057,.T.);
#4519=EDGE_CURVE('',#3611,#3612,#2058,.T.);
#4520=EDGE_CURVE('',#3611,#3613,#2059,.T.);
#4521=EDGE_CURVE('',#3614,#3613,#2060,.T.);
#4522=EDGE_CURVE('',#3612,#3614,#2061,.T.);
#4523=EDGE_CURVE('',#3615,#3610,#2062,.T.);
#4524=EDGE_CURVE('',#3613,#3615,#2063,.T.);
#4525=EDGE_CURVE('',#3616,#3522,#2064,.T.);
#4526=EDGE_CURVE('',#3568,#3616,#2065,.T.);
#4527=EDGE_CURVE('',#3523,#3616,#2066,.T.);
#4528=EDGE_CURVE('',#3510,#3616,#2067,.T.);
#4529=EDGE_CURVE('',#3569,#3479,#2068,.T.);
#4530=EDGE_CURVE('',#3480,#3479,#2069,.T.);
#4531=EDGE_CURVE('',#3506,#3617,#2070,.T.);
#4532=EDGE_CURVE('',#3618,#3508,#2071,.T.);
#4533=EDGE_CURVE('',#3618,#3615,#2072,.T.);
#4534=EDGE_CURVE('',#3615,#3614,#2073,.T.);
#4535=EDGE_CURVE('',#3617,#3614,#2074,.T.);
#4536=EDGE_CURVE('',#3586,#3618,#2075,.T.);
#4537=EDGE_CURVE('',#3585,#3613,#2076,.T.);
#4538=EDGE_CURVE('',#3617,#3584,#2077,.T.);
#4539=EDGE_CURVE('',#3619,#3620,#2078,.T.);
#4540=EDGE_CURVE('',#3620,#3590,#2079,.F.);
#4541=EDGE_CURVE('',#3589,#3619,#2080,.T.);
#4542=EDGE_CURVE('',#3588,#3621,#2081,.F.);
#4543=EDGE_CURVE('',#3621,#3619,#2082,.T.);
#4544=EDGE_CURVE('',#3620,#3598,#2083,.T.);
#4545=EDGE_CURVE('',#3595,#3619,#2084,.T.);
#4546=EDGE_CURVE('',#3622,#3621,#2085,.T.);
#4547=EDGE_CURVE('',#3623,#3622,#2086,.T.);
#4548=EDGE_CURVE('',#3623,#3500,#2087,.T.);
#4549=EDGE_CURVE('',#3502,#3500,#2088,.T.);
#4550=EDGE_CURVE('',#3502,#3624,#2089,.T.);
#4551=EDGE_CURVE('',#3625,#3624,#2090,.T.);
#4552=EDGE_CURVE('',#3557,#3625,#2091,.T.);
#4553=EDGE_CURVE('',#3626,#3556,#2092,.T.);
#4554=EDGE_CURVE('',#3627,#3626,#2093,.T.);
#4555=EDGE_CURVE('',#3628,#3627,#2094,.T.);
#4556=EDGE_CURVE('',#3629,#3628,#2095,.T.);
#4557=EDGE_CURVE('',#3595,#3629,#2096,.T.);
#4558=EDGE_CURVE('',#3629,#3598,#2097,.T.);
#4559=EDGE_CURVE('',#3607,#3629,#2098,.T.);
#4560=EDGE_CURVE('',#3591,#3628,#2099,.F.);
#4561=EDGE_CURVE('',#3579,#3507,#2100,.T.);
#4562=EDGE_CURVE('',#3508,#3507,#2101,.T.);
#4563=EDGE_CURVE('',#3627,#3592,#2102,.T.);
#4564=EDGE_CURVE('',#3626,#3630,#2103,.T.);
#4565=EDGE_CURVE('',#3630,#3592,#2104,.T.);
#4566=EDGE_CURVE('',#3555,#3630,#2105,.T.);
#4567=EDGE_CURVE('',#3630,#3631,#2106,.T.);
#4568=EDGE_CURVE('',#3593,#3631,#2107,.T.);
#4569=EDGE_CURVE('',#3631,#3554,#2108,.T.);
#4570=EDGE_CURVE('',#3622,#3575,#2109,.F.);
#4571=EDGE_CURVE('',#3574,#3623,#2110,.T.);
#4572=EDGE_CURVE('',#3573,#3632,#2111,.T.);
#4573=EDGE_CURVE('',#3632,#3623,#2112,.T.);
#4574=EDGE_CURVE('',#3572,#3624,#2113,.T.);
#4575=EDGE_CURVE('',#3624,#3632,#2114,.T.);
#4576=EDGE_CURVE('',#3571,#3558,#2115,.T.);
#4577=EDGE_CURVE('',#3625,#3571,#2116,.T.);
#4578=EDGE_CURVE('',#3501,#3632,#2117,.T.);
#4579=EDGE_CURVE('',#3633,#3634,#2118,.T.);
#4580=EDGE_CURVE('',#3634,#3587,#2119,.T.);
#4581=EDGE_CURVE('',#3633,#3577,#2120,.T.);
#4582=EDGE_CURVE('',#3634,#3635,#2121,.T.);
#4583=EDGE_CURVE('',#3635,#3576,#2122,.T.);
#4584=EDGE_CURVE('',#3576,#3587,#2123,.T.);
#4585=EDGE_CURVE('',#3635,#3633,#2124,.T.);
#4586=EDGE_CURVE('',#3174,#3636,#2125,.T.);
#4587=EDGE_CURVE('',#3637,#3162,#2126,.T.);
#4588=EDGE_CURVE('',#3638,#3637,#2127,.T.);
#4589=EDGE_CURVE('',#3636,#3638,#2128,.T.);
#4590=EDGE_CURVE('',#3639,#3529,#2129,.T.);
#4591=EDGE_CURVE('',#3640,#3639,#2130,.T.);
#4592=EDGE_CURVE('',#3528,#3640,#2131,.T.);
#4593=EDGE_CURVE('',#3641,#3642,#2132,.T.);
#4594=EDGE_CURVE('',#3643,#3641,#2133,.T.);
#4595=EDGE_CURVE('',#3644,#3643,#2134,.T.);
#4596=EDGE_CURVE('',#3642,#3644,#2135,.T.);
#4597=EDGE_CURVE('',#3640,#3570,#2136,.T.);
#4598=EDGE_CURVE('',#3559,#3639,#2137,.T.);
#4599=EDGE_CURVE('',#3559,#3570,#2138,.T.);
#4600=EDGE_CURVE('',#3643,#3593,#2139,.T.);
#4601=EDGE_CURVE('',#3644,#3631,#2140,.T.);
#4602=EDGE_CURVE('',#3553,#3641,#2141,.T.);
#4603=EDGE_CURVE('',#3642,#3554,#2142,.T.);
#4604=EDGE_CURVE('',#3601,#3175,#2143,.T.);
#4605=EDGE_CURVE('',#3636,#3601,#2144,.T.);
#4606=EDGE_CURVE('',#3645,#3637,#2145,.T.);
#4607=EDGE_CURVE('',#3489,#3645,#2146,.T.);
#4608=EDGE_CURVE('',#3637,#3489,#2147,.T.);
#4609=EDGE_CURVE('',#3487,#3638,#2148,.T.);
#4610=EDGE_CURVE('',#3602,#3487,#2149,.T.);
#4611=EDGE_CURVE('',#3638,#3602,#2150,.T.);
#4612=EDGE_CURVE('',#3538,#3646,#2151,.T.);
#4613=EDGE_CURVE('',#3490,#3538,#2152,.T.);
#4614=EDGE_CURVE('',#3646,#3490,#2153,.T.);
#4615=EDGE_CURVE('',#3537,#3488,#2154,.T.);
#4616=EDGE_CURVE('',#3600,#3537,#2155,.T.);
#4617=EDGE_CURVE('',#3488,#3600,#2156,.T.);
#4618=EDGE_CURVE('',#3176,#3599,#2157,.T.);
#4619=EDGE_CURVE('',#3599,#3536,#2158,.T.);
#4620=EDGE_CURVE('',#3645,#3646,#2159,.T.);
#4621=EDGE_CURVE('',#3646,#3166,#2160,.T.);
#4622=EDGE_CURVE('',#3163,#3645,#2161,.T.);
#4623=EDGE_CURVE('',#3299,#3647,#247,.T.);
#4624=EDGE_CURVE('',#3647,#3648,#2162,.T.);
#4625=EDGE_CURVE('',#3648,#3649,#2163,.T.);
#4626=EDGE_CURVE('',#3649,#3650,#2164,.T.);
#4627=EDGE_CURVE('',#3650,#3651,#248,.T.);
#4628=EDGE_CURVE('',#3651,#3652,#249,.T.);
#4629=EDGE_CURVE('',#3652,#3653,#250,.T.);
#4630=EDGE_CURVE('',#3653,#3654,#251,.T.);
#4631=EDGE_CURVE('',#3654,#3655,#2165,.T.);
#4632=EDGE_CURVE('',#3655,#3656,#2166,.T.);
#4633=EDGE_CURVE('',#3656,#3288,#2167,.T.);
#4634=EDGE_CURVE('',#3263,#3657,#252,.T.);
#4635=EDGE_CURVE('',#3657,#3658,#2168,.T.);
#4636=EDGE_CURVE('',#3658,#3659,#2169,.T.);
#4637=EDGE_CURVE('',#3659,#3660,#2170,.T.);
#4638=EDGE_CURVE('',#3660,#3661,#253,.T.);
#4639=EDGE_CURVE('',#3661,#3662,#254,.T.);
#4640=EDGE_CURVE('',#3662,#3663,#255,.T.);
#4641=EDGE_CURVE('',#3663,#3664,#256,.T.);
#4642=EDGE_CURVE('',#3664,#3665,#2171,.T.);
#4643=EDGE_CURVE('',#3665,#3666,#2172,.T.);
#4644=EDGE_CURVE('',#3666,#3667,#2173,.T.);
#4645=EDGE_CURVE('',#3667,#3252,#2174,.T.);
#4646=EDGE_CURVE('',#3195,#3668,#2175,.T.);
#4647=EDGE_CURVE('',#3668,#3194,#2176,.T.);
#4648=EDGE_CURVE('',#3226,#3669,#257,.T.);
#4649=EDGE_CURVE('',#3669,#3670,#2177,.T.);
#4650=EDGE_CURVE('',#3670,#3671,#258,.T.);
#4651=EDGE_CURVE('',#3671,#3672,#259,.T.);
#4652=EDGE_CURVE('',#3672,#3673,#2178,.T.);
#4653=EDGE_CURVE('',#3673,#3674,#260,.T.);
#4654=EDGE_CURVE('',#3674,#3675,#261,.T.);
#4655=EDGE_CURVE('',#3675,#3219,#262,.T.);
#4656=EDGE_CURVE('',#3389,#3676,#263,.T.);
#4657=EDGE_CURVE('',#3676,#3677,#2179,.T.);
#4658=EDGE_CURVE('',#3677,#3678,#2180,.T.);
#4659=EDGE_CURVE('',#3678,#3679,#264,.T.);
#4660=EDGE_CURVE('',#3679,#3680,#265,.T.);
#4661=EDGE_CURVE('',#3680,#3383,#2181,.T.);
#4662=EDGE_CURVE('',#3437,#3681,#266,.T.);
#4663=EDGE_CURVE('',#3681,#3682,#2182,.T.);
#4664=EDGE_CURVE('',#3682,#3683,#267,.T.);
#4665=EDGE_CURVE('',#3683,#3684,#268,.T.);
#4666=EDGE_CURVE('',#3684,#3685,#2183,.T.);
#4667=EDGE_CURVE('',#3685,#3686,#269,.T.);
#4668=EDGE_CURVE('',#3686,#3687,#270,.T.);
#4669=EDGE_CURVE('',#3687,#3688,#2184,.T.);
#4670=EDGE_CURVE('',#3688,#3689,#271,.T.);
#4671=EDGE_CURVE('',#3689,#3427,#272,.T.);
#4672=EDGE_CURVE('',#3355,#3690,#273,.T.);
#4673=EDGE_CURVE('',#3690,#3691,#2185,.T.);
#4674=EDGE_CURVE('',#3691,#3692,#274,.T.);
#4675=EDGE_CURVE('',#3692,#3693,#275,.T.);
#4676=EDGE_CURVE('',#3693,#3694,#2186,.T.);
#4677=EDGE_CURVE('',#3694,#3350,#276,.T.);
#4678=EDGE_CURVE('',#3336,#3695,#2187,.T.);
#4679=EDGE_CURVE('',#3695,#3696,#2188,.T.);
#4680=EDGE_CURVE('',#3696,#3697,#277,.T.);
#4681=EDGE_CURVE('',#3697,#3698,#278,.T.);
#4682=EDGE_CURVE('',#3698,#3699,#279,.T.);
#4683=EDGE_CURVE('',#3699,#3700,#280,.T.);
#4684=EDGE_CURVE('',#3700,#3701,#2189,.T.);
#4685=EDGE_CURVE('',#3701,#3702,#2190,.T.);
#4686=EDGE_CURVE('',#3702,#3703,#281,.T.);
#4687=EDGE_CURVE('',#3703,#3704,#282,.T.);
#4688=EDGE_CURVE('',#3704,#3705,#283,.T.);
#4689=EDGE_CURVE('',#3705,#3325,#284,.T.);
#4690=EDGE_CURVE('',#3656,#3278,#2191,.T.);
#4691=EDGE_CURVE('',#3655,#3279,#2192,.T.);
#4692=EDGE_CURVE('',#3654,#3280,#2193,.T.);
#4693=EDGE_CURVE('',#3653,#3281,#2194,.T.);
#4694=EDGE_CURVE('',#3652,#3282,#2195,.T.);
#4695=EDGE_CURVE('',#3651,#3283,#2196,.T.);
#4696=EDGE_CURVE('',#3650,#3284,#2197,.T.);
#4697=EDGE_CURVE('',#3649,#3285,#2198,.T.);
#4698=EDGE_CURVE('',#3648,#3286,#2199,.T.);
#4699=EDGE_CURVE('',#3647,#3265,#2200,.T.);
#4700=EDGE_CURVE('',#3667,#3241,#2201,.T.);
#4701=EDGE_CURVE('',#3666,#3242,#2202,.T.);
#4702=EDGE_CURVE('',#3665,#3243,#2203,.T.);
#4703=EDGE_CURVE('',#3664,#3244,#2204,.T.);
#4704=EDGE_CURVE('',#3663,#3245,#2205,.T.);
#4705=EDGE_CURVE('',#3662,#3246,#2206,.T.);
#4706=EDGE_CURVE('',#3661,#3247,#2207,.T.);
#4707=EDGE_CURVE('',#3660,#3248,#2208,.T.);
#4708=EDGE_CURVE('',#3659,#3249,#2209,.T.);
#4709=EDGE_CURVE('',#3658,#3250,#2210,.T.);
#4710=EDGE_CURVE('',#3657,#3228,#2211,.T.);
#4711=EDGE_CURVE('',#3668,#3190,#2212,.T.);
#4712=EDGE_CURVE('',#3217,#3216,#2213,.T.);
#4713=EDGE_CURVE('',#3675,#3206,#2214,.T.);
#4714=EDGE_CURVE('',#3674,#3207,#2215,.T.);
#4715=EDGE_CURVE('',#3673,#3208,#2216,.T.);
#4716=EDGE_CURVE('',#3672,#3209,#2217,.T.);
#4717=EDGE_CURVE('',#3671,#3210,#2218,.T.);
#4718=EDGE_CURVE('',#3670,#3211,#2219,.T.);
#4719=EDGE_CURVE('',#3669,#3197,#2220,.T.);
#4720=EDGE_CURVE('',#3706,#3378,#285,.T.);
#4721=EDGE_CURVE('',#3706,#3375,#2221,.T.);
#4722=EDGE_CURVE('',#3707,#3706,#286,.T.);
#4723=EDGE_CURVE('',#3707,#3376,#2222,.T.);
#4724=EDGE_CURVE('',#3708,#3707,#2223,.T.);
#4725=EDGE_CURVE('',#3708,#3370,#2224,.T.);
#4726=EDGE_CURVE('',#3381,#3708,#2225,.T.);
#4727=EDGE_CURVE('',#3680,#3365,#2226,.T.);
#4728=EDGE_CURVE('',#3679,#3366,#2227,.T.);
#4729=EDGE_CURVE('',#3678,#3367,#2228,.T.);
#4730=EDGE_CURVE('',#3677,#3368,#2229,.T.);
#4731=EDGE_CURVE('',#3676,#3357,#2230,.T.);
#4732=EDGE_CURVE('',#3709,#3421,#287,.T.);
#4733=EDGE_CURVE('',#3709,#3418,#2231,.T.);
#4734=EDGE_CURVE('',#3710,#3709,#2232,.T.);
#4735=EDGE_CURVE('',#3710,#3419,#2233,.T.);
#4736=EDGE_CURVE('',#3711,#3710,#2234,.T.);
#4737=EDGE_CURVE('',#3711,#3412,#2235,.T.);
#4738=EDGE_CURVE('',#3425,#3711,#2236,.T.);
#4739=EDGE_CURVE('',#3689,#3403,#2237,.T.);
#4740=EDGE_CURVE('',#3688,#3404,#2238,.T.);
#4741=EDGE_CURVE('',#3687,#3405,#2239,.T.);
#4742=EDGE_CURVE('',#3686,#3406,#2240,.T.);
#4743=EDGE_CURVE('',#3685,#3407,#2241,.T.);
#4744=EDGE_CURVE('',#3684,#3408,#2242,.T.);
#4745=EDGE_CURVE('',#3683,#3409,#2243,.T.);
#4746=EDGE_CURVE('',#3682,#3410,#2244,.T.);
#4747=EDGE_CURVE('',#3681,#3391,#2245,.T.);
#4748=EDGE_CURVE('',#3694,#3345,#2246,.T.);
#4749=EDGE_CURVE('',#3693,#3346,#2247,.T.);
#4750=EDGE_CURVE('',#3692,#3347,#2248,.T.);
#4751=EDGE_CURVE('',#3691,#3348,#2249,.T.);
#4752=EDGE_CURVE('',#3690,#3338,#2250,.T.);
#4753=EDGE_CURVE('',#3705,#3314,#2251,.T.);
#4754=EDGE_CURVE('',#3704,#3315,#2252,.T.);
#4755=EDGE_CURVE('',#3703,#3316,#2253,.T.);
#4756=EDGE_CURVE('',#3702,#3317,#2254,.T.);
#4757=EDGE_CURVE('',#3701,#3318,#2255,.T.);
#4758=EDGE_CURVE('',#3700,#3319,#2256,.T.);
#4759=EDGE_CURVE('',#3699,#3320,#2257,.T.);
#4760=EDGE_CURVE('',#3698,#3321,#2258,.T.);
#4761=EDGE_CURVE('',#3697,#3322,#2259,.T.);
#4762=EDGE_CURVE('',#3696,#3323,#2260,.T.);
#4763=EDGE_CURVE('',#3695,#3301,#2261,.T.);
#4764=EDGE_CURVE('',#3178,#3171,#2262,.F.);
#4765=EDGE_CURVE('',#3180,#3173,#2263,.F.);
#4766=EDGE_CURVE('',#3179,#3170,#2264,.T.);
#4767=EDGE_CURVE('',#3562,#3182,#2265,.T.);
#4768=EDGE_CURVE('',#3181,#3172,#2266,.T.);
#4769=ORIENTED_EDGE('',*,*,#3712,.F.);
#4770=ORIENTED_EDGE('',*,*,#3713,.F.);
#4771=ORIENTED_EDGE('',*,*,#3714,.F.);
#4772=ORIENTED_EDGE('',*,*,#3715,.F.);
#4773=ORIENTED_EDGE('',*,*,#3716,.F.);
#4774=ORIENTED_EDGE('',*,*,#3717,.F.);
#4775=ORIENTED_EDGE('',*,*,#3718,.F.);
#4776=ORIENTED_EDGE('',*,*,#3719,.F.);
#4777=ORIENTED_EDGE('',*,*,#3720,.F.);
#4778=ORIENTED_EDGE('',*,*,#3721,.F.);
#4779=ORIENTED_EDGE('',*,*,#3722,.F.);
#4780=ORIENTED_EDGE('',*,*,#3723,.F.);
#4781=ORIENTED_EDGE('',*,*,#3724,.F.);
#4782=ORIENTED_EDGE('',*,*,#3725,.F.);
#4783=ORIENTED_EDGE('',*,*,#3726,.F.);
#4784=ORIENTED_EDGE('',*,*,#3727,.F.);
#4785=ORIENTED_EDGE('',*,*,#3728,.F.);
#4786=ORIENTED_EDGE('',*,*,#3729,.F.);
#4787=ORIENTED_EDGE('',*,*,#3730,.F.);
#4788=ORIENTED_EDGE('',*,*,#3731,.F.);
#4789=ORIENTED_EDGE('',*,*,#3732,.F.);
#4790=ORIENTED_EDGE('',*,*,#3733,.F.);
#4791=ORIENTED_EDGE('',*,*,#3734,.F.);
#4792=ORIENTED_EDGE('',*,*,#3735,.F.);
#4793=ORIENTED_EDGE('',*,*,#3736,.F.);
#4794=ORIENTED_EDGE('',*,*,#3737,.F.);
#4795=ORIENTED_EDGE('',*,*,#3738,.F.);
#4796=ORIENTED_EDGE('',*,*,#3739,.F.);
#4797=ORIENTED_EDGE('',*,*,#3740,.F.);
#4798=ORIENTED_EDGE('',*,*,#3741,.F.);
#4799=ORIENTED_EDGE('',*,*,#3742,.F.);
#4800=ORIENTED_EDGE('',*,*,#3743,.F.);
#4801=ORIENTED_EDGE('',*,*,#3744,.F.);
#4802=ORIENTED_EDGE('',*,*,#3745,.F.);
#4803=ORIENTED_EDGE('',*,*,#3746,.F.);
#4804=ORIENTED_EDGE('',*,*,#3747,.F.);
#4805=ORIENTED_EDGE('',*,*,#3748,.F.);
#4806=ORIENTED_EDGE('',*,*,#3749,.F.);
#4807=ORIENTED_EDGE('',*,*,#3750,.F.);
#4808=ORIENTED_EDGE('',*,*,#3751,.F.);
#4809=ORIENTED_EDGE('',*,*,#3752,.F.);
#4810=ORIENTED_EDGE('',*,*,#3753,.F.);
#4811=ORIENTED_EDGE('',*,*,#3754,.F.);
#4812=ORIENTED_EDGE('',*,*,#3755,.F.);
#4813=ORIENTED_EDGE('',*,*,#3756,.F.);
#4814=ORIENTED_EDGE('',*,*,#3757,.F.);
#4815=ORIENTED_EDGE('',*,*,#3758,.F.);
#4816=ORIENTED_EDGE('',*,*,#3759,.F.);
#4817=ORIENTED_EDGE('',*,*,#3760,.F.);
#4818=ORIENTED_EDGE('',*,*,#3761,.F.);
#4819=ORIENTED_EDGE('',*,*,#3762,.F.);
#4820=ORIENTED_EDGE('',*,*,#3763,.F.);
#4821=ORIENTED_EDGE('',*,*,#3764,.F.);
#4822=ORIENTED_EDGE('',*,*,#3765,.F.);
#4823=ORIENTED_EDGE('',*,*,#3766,.F.);
#4824=ORIENTED_EDGE('',*,*,#3767,.F.);
#4825=ORIENTED_EDGE('',*,*,#3768,.F.);
#4826=ORIENTED_EDGE('',*,*,#3769,.F.);
#4827=ORIENTED_EDGE('',*,*,#3770,.F.);
#4828=ORIENTED_EDGE('',*,*,#3771,.F.);
#4829=ORIENTED_EDGE('',*,*,#3772,.F.);
#4830=ORIENTED_EDGE('',*,*,#3746,.T.);
#4831=ORIENTED_EDGE('',*,*,#3773,.F.);
#4832=ORIENTED_EDGE('',*,*,#3774,.T.);
#4833=ORIENTED_EDGE('',*,*,#3775,.T.);
#4834=ORIENTED_EDGE('',*,*,#3745,.T.);
#4835=ORIENTED_EDGE('',*,*,#3776,.F.);
#4836=ORIENTED_EDGE('',*,*,#3777,.T.);
#4837=ORIENTED_EDGE('',*,*,#3773,.T.);
#4838=ORIENTED_EDGE('',*,*,#3741,.T.);
#4839=ORIENTED_EDGE('',*,*,#3778,.F.);
#4840=ORIENTED_EDGE('',*,*,#3779,.T.);
#4841=ORIENTED_EDGE('',*,*,#3780,.T.);
#4842=ORIENTED_EDGE('',*,*,#3740,.T.);
#4843=ORIENTED_EDGE('',*,*,#3781,.F.);
#4844=ORIENTED_EDGE('',*,*,#3782,.T.);
#4845=ORIENTED_EDGE('',*,*,#3778,.T.);
#4846=ORIENTED_EDGE('',*,*,#3713,.T.);
#4847=ORIENTED_EDGE('',*,*,#3783,.F.);
#4848=ORIENTED_EDGE('',*,*,#3784,.F.);
#4849=ORIENTED_EDGE('',*,*,#3785,.T.);
#4850=ORIENTED_EDGE('',*,*,#3712,.T.);
#4851=ORIENTED_EDGE('',*,*,#3786,.F.);
#4852=ORIENTED_EDGE('',*,*,#3787,.F.);
#4853=ORIENTED_EDGE('',*,*,#3783,.T.);
#4854=ORIENTED_EDGE('',*,*,#3715,.T.);
#4855=ORIENTED_EDGE('',*,*,#3788,.F.);
#4856=ORIENTED_EDGE('',*,*,#3789,.F.);
#4857=ORIENTED_EDGE('',*,*,#3786,.T.);
#4858=ORIENTED_EDGE('',*,*,#3787,.T.);
#4859=ORIENTED_EDGE('',*,*,#3789,.T.);
#4860=ORIENTED_EDGE('',*,*,#3790,.T.);
#4861=ORIENTED_EDGE('',*,*,#3784,.T.);
#4862=ORIENTED_EDGE('',*,*,#3791,.F.);
#4863=ORIENTED_EDGE('',*,*,#3792,.F.);
#4864=ORIENTED_EDGE('',*,*,#3793,.F.);
#4865=ORIENTED_EDGE('',*,*,#3794,.F.);
#4866=ORIENTED_EDGE('',*,*,#3795,.F.);
#4867=ORIENTED_EDGE('',*,*,#3796,.F.);
#4868=ORIENTED_EDGE('',*,*,#3797,.F.);
#4869=ORIENTED_EDGE('',*,*,#3798,.F.);
#4870=ORIENTED_EDGE('',*,*,#3799,.F.);
#4871=ORIENTED_EDGE('',*,*,#3800,.F.);
#4872=ORIENTED_EDGE('',*,*,#3801,.F.);
#4873=ORIENTED_EDGE('',*,*,#3802,.F.);
#4874=ORIENTED_EDGE('',*,*,#3803,.F.);
#4875=ORIENTED_EDGE('',*,*,#3804,.F.);
#4876=ORIENTED_EDGE('',*,*,#3805,.F.);
#4877=ORIENTED_EDGE('',*,*,#3806,.F.);
#4878=ORIENTED_EDGE('',*,*,#3807,.F.);
#4879=ORIENTED_EDGE('',*,*,#3808,.F.);
#4880=ORIENTED_EDGE('',*,*,#3809,.F.);
#4881=ORIENTED_EDGE('',*,*,#3810,.F.);
#4882=ORIENTED_EDGE('',*,*,#3811,.F.);
#4883=ORIENTED_EDGE('',*,*,#3812,.F.);
#4884=ORIENTED_EDGE('',*,*,#3813,.F.);
#4885=ORIENTED_EDGE('',*,*,#3814,.F.);
#4886=ORIENTED_EDGE('',*,*,#3815,.F.);
#4887=ORIENTED_EDGE('',*,*,#3779,.F.);
#4888=ORIENTED_EDGE('',*,*,#3782,.F.);
#4889=ORIENTED_EDGE('',*,*,#3816,.F.);
#4890=ORIENTED_EDGE('',*,*,#3817,.F.);
#4891=ORIENTED_EDGE('',*,*,#3818,.F.);
#4892=ORIENTED_EDGE('',*,*,#3774,.F.);
#4893=ORIENTED_EDGE('',*,*,#3777,.F.);
#4894=ORIENTED_EDGE('',*,*,#3819,.F.);
#4895=ORIENTED_EDGE('',*,*,#3820,.F.);
#4896=ORIENTED_EDGE('',*,*,#3821,.F.);
#4897=ORIENTED_EDGE('',*,*,#3822,.F.);
#4898=ORIENTED_EDGE('',*,*,#3823,.F.);
#4899=ORIENTED_EDGE('',*,*,#3824,.F.);
#4900=ORIENTED_EDGE('',*,*,#3825,.F.);
#4901=ORIENTED_EDGE('',*,*,#3826,.F.);
#4902=ORIENTED_EDGE('',*,*,#3827,.F.);
#4903=ORIENTED_EDGE('',*,*,#3828,.F.);
#4904=ORIENTED_EDGE('',*,*,#3829,.F.);
#4905=ORIENTED_EDGE('',*,*,#3830,.F.);
#4906=ORIENTED_EDGE('',*,*,#3831,.F.);
#4907=ORIENTED_EDGE('',*,*,#3832,.F.);
#4908=ORIENTED_EDGE('',*,*,#3833,.F.);
#4909=ORIENTED_EDGE('',*,*,#3834,.F.);
#4910=ORIENTED_EDGE('',*,*,#3835,.F.);
#4911=ORIENTED_EDGE('',*,*,#3836,.F.);
#4912=ORIENTED_EDGE('',*,*,#3837,.F.);
#4913=ORIENTED_EDGE('',*,*,#3838,.F.);
#4914=ORIENTED_EDGE('',*,*,#3839,.F.);
#4915=ORIENTED_EDGE('',*,*,#3840,.F.);
#4916=ORIENTED_EDGE('',*,*,#3841,.F.);
#4917=ORIENTED_EDGE('',*,*,#3842,.F.);
#4918=ORIENTED_EDGE('',*,*,#3843,.F.);
#4919=ORIENTED_EDGE('',*,*,#3714,.T.);
#4920=ORIENTED_EDGE('',*,*,#3785,.F.);
#4921=ORIENTED_EDGE('',*,*,#3790,.F.);
#4922=ORIENTED_EDGE('',*,*,#3788,.T.);
#4923=ORIENTED_EDGE('',*,*,#3716,.T.);
#4924=ORIENTED_EDGE('',*,*,#3844,.T.);
#4925=ORIENTED_EDGE('',*,*,#3791,.T.);
#4926=ORIENTED_EDGE('',*,*,#3844,.F.);
#4927=ORIENTED_EDGE('',*,*,#3717,.T.);
#4928=ORIENTED_EDGE('',*,*,#3845,.T.);
#4929=ORIENTED_EDGE('',*,*,#3792,.T.);
#4930=ORIENTED_EDGE('',*,*,#3845,.F.);
#4931=ORIENTED_EDGE('',*,*,#3718,.T.);
#4932=ORIENTED_EDGE('',*,*,#3846,.T.);
#4933=ORIENTED_EDGE('',*,*,#3793,.T.);
#4934=ORIENTED_EDGE('',*,*,#3846,.F.);
#4935=ORIENTED_EDGE('',*,*,#3719,.T.);
#4936=ORIENTED_EDGE('',*,*,#3847,.T.);
#4937=ORIENTED_EDGE('',*,*,#3794,.T.);
#4938=ORIENTED_EDGE('',*,*,#3847,.F.);
#4939=ORIENTED_EDGE('',*,*,#3720,.T.);
#4940=ORIENTED_EDGE('',*,*,#3848,.T.);
#4941=ORIENTED_EDGE('',*,*,#3795,.T.);
#4942=ORIENTED_EDGE('',*,*,#3848,.F.);
#4943=ORIENTED_EDGE('',*,*,#3721,.T.);
#4944=ORIENTED_EDGE('',*,*,#3849,.T.);
#4945=ORIENTED_EDGE('',*,*,#3796,.T.);
#4946=ORIENTED_EDGE('',*,*,#3849,.F.);
#4947=ORIENTED_EDGE('',*,*,#3722,.T.);
#4948=ORIENTED_EDGE('',*,*,#3850,.T.);
#4949=ORIENTED_EDGE('',*,*,#3797,.T.);
#4950=ORIENTED_EDGE('',*,*,#3850,.F.);
#4951=ORIENTED_EDGE('',*,*,#3723,.T.);
#4952=ORIENTED_EDGE('',*,*,#3851,.T.);
#4953=ORIENTED_EDGE('',*,*,#3798,.T.);
#4954=ORIENTED_EDGE('',*,*,#3851,.F.);
#4955=ORIENTED_EDGE('',*,*,#3724,.T.);
#4956=ORIENTED_EDGE('',*,*,#3852,.T.);
#4957=ORIENTED_EDGE('',*,*,#3799,.T.);
#4958=ORIENTED_EDGE('',*,*,#3852,.F.);
#4959=ORIENTED_EDGE('',*,*,#3725,.T.);
#4960=ORIENTED_EDGE('',*,*,#3853,.T.);
#4961=ORIENTED_EDGE('',*,*,#3800,.T.);
#4962=ORIENTED_EDGE('',*,*,#3853,.F.);
#4963=ORIENTED_EDGE('',*,*,#3726,.T.);
#4964=ORIENTED_EDGE('',*,*,#3854,.T.);
#4965=ORIENTED_EDGE('',*,*,#3801,.T.);
#4966=ORIENTED_EDGE('',*,*,#3854,.F.);
#4967=ORIENTED_EDGE('',*,*,#3727,.T.);
#4968=ORIENTED_EDGE('',*,*,#3855,.T.);
#4969=ORIENTED_EDGE('',*,*,#3802,.T.);
#4970=ORIENTED_EDGE('',*,*,#3855,.F.);
#4971=ORIENTED_EDGE('',*,*,#3728,.T.);
#4972=ORIENTED_EDGE('',*,*,#3856,.T.);
#4973=ORIENTED_EDGE('',*,*,#3803,.T.);
#4974=ORIENTED_EDGE('',*,*,#3856,.F.);
#4975=ORIENTED_EDGE('',*,*,#3729,.T.);
#4976=ORIENTED_EDGE('',*,*,#3857,.T.);
#4977=ORIENTED_EDGE('',*,*,#3804,.T.);
#4978=ORIENTED_EDGE('',*,*,#3857,.F.);
#4979=ORIENTED_EDGE('',*,*,#3730,.T.);
#4980=ORIENTED_EDGE('',*,*,#3858,.T.);
#4981=ORIENTED_EDGE('',*,*,#3805,.T.);
#4982=ORIENTED_EDGE('',*,*,#3858,.F.);
#4983=ORIENTED_EDGE('',*,*,#3731,.T.);
#4984=ORIENTED_EDGE('',*,*,#3859,.T.);
#4985=ORIENTED_EDGE('',*,*,#3806,.T.);
#4986=ORIENTED_EDGE('',*,*,#3859,.F.);
#4987=ORIENTED_EDGE('',*,*,#3732,.T.);
#4988=ORIENTED_EDGE('',*,*,#3860,.T.);
#4989=ORIENTED_EDGE('',*,*,#3807,.T.);
#4990=ORIENTED_EDGE('',*,*,#3860,.F.);
#4991=ORIENTED_EDGE('',*,*,#3733,.T.);
#4992=ORIENTED_EDGE('',*,*,#3861,.T.);
#4993=ORIENTED_EDGE('',*,*,#3808,.T.);
#4994=ORIENTED_EDGE('',*,*,#3861,.F.);
#4995=ORIENTED_EDGE('',*,*,#3734,.T.);
#4996=ORIENTED_EDGE('',*,*,#3862,.T.);
#4997=ORIENTED_EDGE('',*,*,#3809,.T.);
#4998=ORIENTED_EDGE('',*,*,#3862,.F.);
#4999=ORIENTED_EDGE('',*,*,#3735,.T.);
#5000=ORIENTED_EDGE('',*,*,#3863,.T.);
#5001=ORIENTED_EDGE('',*,*,#3810,.T.);
#5002=ORIENTED_EDGE('',*,*,#3863,.F.);
#5003=ORIENTED_EDGE('',*,*,#3736,.T.);
#5004=ORIENTED_EDGE('',*,*,#3864,.T.);
#5005=ORIENTED_EDGE('',*,*,#3811,.T.);
#5006=ORIENTED_EDGE('',*,*,#3864,.F.);
#5007=ORIENTED_EDGE('',*,*,#3737,.T.);
#5008=ORIENTED_EDGE('',*,*,#3865,.T.);
#5009=ORIENTED_EDGE('',*,*,#3812,.T.);
#5010=ORIENTED_EDGE('',*,*,#3865,.F.);
#5011=ORIENTED_EDGE('',*,*,#3738,.T.);
#5012=ORIENTED_EDGE('',*,*,#3866,.T.);
#5013=ORIENTED_EDGE('',*,*,#3813,.T.);
#5014=ORIENTED_EDGE('',*,*,#3866,.F.);
#5015=ORIENTED_EDGE('',*,*,#3739,.T.);
#5016=ORIENTED_EDGE('',*,*,#3867,.F.);
#5017=ORIENTED_EDGE('',*,*,#3814,.T.);
#5018=ORIENTED_EDGE('',*,*,#3781,.T.);
#5019=ORIENTED_EDGE('',*,*,#3742,.T.);
#5020=ORIENTED_EDGE('',*,*,#3780,.F.);
#5021=ORIENTED_EDGE('',*,*,#3815,.T.);
#5022=ORIENTED_EDGE('',*,*,#3867,.T.);
#5023=ORIENTED_EDGE('',*,*,#3743,.T.);
#5024=ORIENTED_EDGE('',*,*,#3868,.T.);
#5025=ORIENTED_EDGE('',*,*,#3816,.T.);
#5026=ORIENTED_EDGE('',*,*,#3868,.F.);
#5027=ORIENTED_EDGE('',*,*,#3744,.T.);
#5028=ORIENTED_EDGE('',*,*,#3869,.F.);
#5029=ORIENTED_EDGE('',*,*,#3817,.T.);
#5030=ORIENTED_EDGE('',*,*,#3776,.T.);
#5031=ORIENTED_EDGE('',*,*,#3747,.T.);
#5032=ORIENTED_EDGE('',*,*,#3775,.F.);
#5033=ORIENTED_EDGE('',*,*,#3818,.T.);
#5034=ORIENTED_EDGE('',*,*,#3869,.T.);
#5035=ORIENTED_EDGE('',*,*,#3748,.T.);
#5036=ORIENTED_EDGE('',*,*,#3870,.T.);
#5037=ORIENTED_EDGE('',*,*,#3819,.T.);
#5038=ORIENTED_EDGE('',*,*,#3870,.F.);
#5039=ORIENTED_EDGE('',*,*,#3749,.T.);
#5040=ORIENTED_EDGE('',*,*,#3871,.T.);
#5041=ORIENTED_EDGE('',*,*,#3820,.T.);
#5042=ORIENTED_EDGE('',*,*,#3871,.F.);
#5043=ORIENTED_EDGE('',*,*,#3750,.T.);
#5044=ORIENTED_EDGE('',*,*,#3872,.T.);
#5045=ORIENTED_EDGE('',*,*,#3821,.T.);
#5046=ORIENTED_EDGE('',*,*,#3872,.F.);
#5047=ORIENTED_EDGE('',*,*,#3751,.T.);
#5048=ORIENTED_EDGE('',*,*,#3873,.T.);
#5049=ORIENTED_EDGE('',*,*,#3822,.T.);
#5050=ORIENTED_EDGE('',*,*,#3873,.F.);
#5051=ORIENTED_EDGE('',*,*,#3752,.T.);
#5052=ORIENTED_EDGE('',*,*,#3874,.T.);
#5053=ORIENTED_EDGE('',*,*,#3823,.T.);
#5054=ORIENTED_EDGE('',*,*,#3874,.F.);
#5055=ORIENTED_EDGE('',*,*,#3753,.T.);
#5056=ORIENTED_EDGE('',*,*,#3875,.T.);
#5057=ORIENTED_EDGE('',*,*,#3824,.T.);
#5058=ORIENTED_EDGE('',*,*,#3875,.F.);
#5059=ORIENTED_EDGE('',*,*,#3754,.T.);
#5060=ORIENTED_EDGE('',*,*,#3876,.T.);
#5061=ORIENTED_EDGE('',*,*,#3825,.T.);
#5062=ORIENTED_EDGE('',*,*,#3876,.F.);
#5063=ORIENTED_EDGE('',*,*,#3755,.T.);
#5064=ORIENTED_EDGE('',*,*,#3877,.T.);
#5065=ORIENTED_EDGE('',*,*,#3826,.T.);
#5066=ORIENTED_EDGE('',*,*,#3877,.F.);
#5067=ORIENTED_EDGE('',*,*,#3756,.T.);
#5068=ORIENTED_EDGE('',*,*,#3878,.T.);
#5069=ORIENTED_EDGE('',*,*,#3827,.T.);
#5070=ORIENTED_EDGE('',*,*,#3878,.F.);
#5071=ORIENTED_EDGE('',*,*,#3757,.T.);
#5072=ORIENTED_EDGE('',*,*,#3879,.T.);
#5073=ORIENTED_EDGE('',*,*,#3828,.T.);
#5074=ORIENTED_EDGE('',*,*,#3879,.F.);
#5075=ORIENTED_EDGE('',*,*,#3758,.T.);
#5076=ORIENTED_EDGE('',*,*,#3880,.T.);
#5077=ORIENTED_EDGE('',*,*,#3829,.T.);
#5078=ORIENTED_EDGE('',*,*,#3880,.F.);
#5079=ORIENTED_EDGE('',*,*,#3759,.T.);
#5080=ORIENTED_EDGE('',*,*,#3881,.T.);
#5081=ORIENTED_EDGE('',*,*,#3830,.T.);
#5082=ORIENTED_EDGE('',*,*,#3881,.F.);
#5083=ORIENTED_EDGE('',*,*,#3760,.T.);
#5084=ORIENTED_EDGE('',*,*,#3882,.T.);
#5085=ORIENTED_EDGE('',*,*,#3831,.T.);
#5086=ORIENTED_EDGE('',*,*,#3882,.F.);
#5087=ORIENTED_EDGE('',*,*,#3761,.T.);
#5088=ORIENTED_EDGE('',*,*,#3883,.T.);
#5089=ORIENTED_EDGE('',*,*,#3832,.T.);
#5090=ORIENTED_EDGE('',*,*,#3883,.F.);
#5091=ORIENTED_EDGE('',*,*,#3762,.T.);
#5092=ORIENTED_EDGE('',*,*,#3884,.T.);
#5093=ORIENTED_EDGE('',*,*,#3833,.T.);
#5094=ORIENTED_EDGE('',*,*,#3884,.F.);
#5095=ORIENTED_EDGE('',*,*,#3763,.T.);
#5096=ORIENTED_EDGE('',*,*,#3885,.T.);
#5097=ORIENTED_EDGE('',*,*,#3834,.T.);
#5098=ORIENTED_EDGE('',*,*,#3885,.F.);
#5099=ORIENTED_EDGE('',*,*,#3764,.T.);
#5100=ORIENTED_EDGE('',*,*,#3886,.T.);
#5101=ORIENTED_EDGE('',*,*,#3835,.T.);
#5102=ORIENTED_EDGE('',*,*,#3886,.F.);
#5103=ORIENTED_EDGE('',*,*,#3765,.T.);
#5104=ORIENTED_EDGE('',*,*,#3887,.T.);
#5105=ORIENTED_EDGE('',*,*,#3836,.T.);
#5106=ORIENTED_EDGE('',*,*,#3887,.F.);
#5107=ORIENTED_EDGE('',*,*,#3766,.T.);
#5108=ORIENTED_EDGE('',*,*,#3888,.T.);
#5109=ORIENTED_EDGE('',*,*,#3837,.T.);
#5110=ORIENTED_EDGE('',*,*,#3888,.F.);
#5111=ORIENTED_EDGE('',*,*,#3767,.T.);
#5112=ORIENTED_EDGE('',*,*,#3889,.T.);
#5113=ORIENTED_EDGE('',*,*,#3838,.T.);
#5114=ORIENTED_EDGE('',*,*,#3889,.F.);
#5115=ORIENTED_EDGE('',*,*,#3768,.T.);
#5116=ORIENTED_EDGE('',*,*,#3890,.T.);
#5117=ORIENTED_EDGE('',*,*,#3839,.T.);
#5118=ORIENTED_EDGE('',*,*,#3890,.F.);
#5119=ORIENTED_EDGE('',*,*,#3769,.T.);
#5120=ORIENTED_EDGE('',*,*,#3891,.T.);
#5121=ORIENTED_EDGE('',*,*,#3840,.T.);
#5122=ORIENTED_EDGE('',*,*,#3891,.F.);
#5123=ORIENTED_EDGE('',*,*,#3770,.T.);
#5124=ORIENTED_EDGE('',*,*,#3892,.T.);
#5125=ORIENTED_EDGE('',*,*,#3841,.T.);
#5126=ORIENTED_EDGE('',*,*,#3892,.F.);
#5127=ORIENTED_EDGE('',*,*,#3771,.T.);
#5128=ORIENTED_EDGE('',*,*,#3893,.T.);
#5129=ORIENTED_EDGE('',*,*,#3842,.T.);
#5130=ORIENTED_EDGE('',*,*,#3893,.F.);
#5131=ORIENTED_EDGE('',*,*,#3772,.T.);
#5132=ORIENTED_EDGE('',*,*,#3894,.T.);
#5133=ORIENTED_EDGE('',*,*,#3843,.T.);
#5134=ORIENTED_EDGE('',*,*,#3894,.F.);
#5135=ORIENTED_EDGE('',*,*,#3895,.F.);
#5136=ORIENTED_EDGE('',*,*,#3896,.T.);
#5137=ORIENTED_EDGE('',*,*,#3897,.F.);
#5138=ORIENTED_EDGE('',*,*,#3898,.F.);
#5139=ORIENTED_EDGE('',*,*,#3899,.F.);
#5140=ORIENTED_EDGE('',*,*,#3900,.F.);
#5141=ORIENTED_EDGE('',*,*,#3901,.F.);
#5142=ORIENTED_EDGE('',*,*,#3902,.T.);
#5143=ORIENTED_EDGE('',*,*,#3903,.F.);
#5144=ORIENTED_EDGE('',*,*,#3904,.F.);
#5145=ORIENTED_EDGE('',*,*,#3905,.T.);
#5146=ORIENTED_EDGE('',*,*,#3904,.T.);
#5147=ORIENTED_EDGE('',*,*,#3906,.F.);
#5148=ORIENTED_EDGE('',*,*,#3907,.F.);
#5149=ORIENTED_EDGE('',*,*,#3908,.F.);
#5150=ORIENTED_EDGE('',*,*,#3907,.T.);
#5151=ORIENTED_EDGE('',*,*,#3909,.F.);
#5152=ORIENTED_EDGE('',*,*,#3910,.F.);
#5153=ORIENTED_EDGE('',*,*,#3911,.T.);
#5154=ORIENTED_EDGE('',*,*,#3909,.T.);
#5155=ORIENTED_EDGE('',*,*,#3906,.T.);
#5156=ORIENTED_EDGE('',*,*,#3903,.T.);
#5157=ORIENTED_EDGE('',*,*,#3912,.T.);
#5158=ORIENTED_EDGE('',*,*,#3897,.T.);
#5159=ORIENTED_EDGE('',*,*,#3913,.T.);
#5160=ORIENTED_EDGE('',*,*,#3900,.T.);
#5161=ORIENTED_EDGE('',*,*,#3914,.T.);
#5162=ORIENTED_EDGE('',*,*,#3915,.T.);
#5163=ORIENTED_EDGE('',*,*,#3895,.T.);
#5164=ORIENTED_EDGE('',*,*,#3916,.T.);
#5165=ORIENTED_EDGE('',*,*,#3917,.T.);
#5166=ORIENTED_EDGE('',*,*,#3918,.T.);
#5167=ORIENTED_EDGE('',*,*,#3899,.T.);
#5168=ORIENTED_EDGE('',*,*,#3919,.T.);
#5169=ORIENTED_EDGE('',*,*,#3920,.F.);
#5170=ORIENTED_EDGE('',*,*,#3921,.T.);
#5171=ORIENTED_EDGE('',*,*,#3922,.F.);
#5172=ORIENTED_EDGE('',*,*,#3923,.T.);
#5173=ORIENTED_EDGE('',*,*,#3924,.F.);
#5174=ORIENTED_EDGE('',*,*,#3925,.F.);
#5175=ORIENTED_EDGE('',*,*,#3926,.F.);
#5176=ORIENTED_EDGE('',*,*,#3927,.F.);
#5177=ORIENTED_EDGE('',*,*,#3928,.F.);
#5178=ORIENTED_EDGE('',*,*,#3929,.F.);
#5179=ORIENTED_EDGE('',*,*,#3930,.F.);
#5180=ORIENTED_EDGE('',*,*,#3931,.F.);
#5181=ORIENTED_EDGE('',*,*,#3931,.T.);
#5182=ORIENTED_EDGE('',*,*,#3932,.F.);
#5183=ORIENTED_EDGE('',*,*,#3933,.F.);
#5184=ORIENTED_EDGE('',*,*,#3934,.F.);
#5185=ORIENTED_EDGE('',*,*,#3930,.T.);
#5186=ORIENTED_EDGE('',*,*,#3935,.F.);
#5187=ORIENTED_EDGE('',*,*,#3936,.F.);
#5188=ORIENTED_EDGE('',*,*,#3932,.T.);
#5189=ORIENTED_EDGE('',*,*,#3937,.F.);
#5190=ORIENTED_EDGE('',*,*,#3938,.F.);
#5191=ORIENTED_EDGE('',*,*,#3939,.F.);
#5192=ORIENTED_EDGE('',*,*,#3940,.F.);
#5193=ORIENTED_EDGE('',*,*,#3939,.T.);
#5194=ORIENTED_EDGE('',*,*,#3941,.F.);
#5195=ORIENTED_EDGE('',*,*,#3942,.F.);
#5196=ORIENTED_EDGE('',*,*,#3943,.T.);
#5197=ORIENTED_EDGE('',*,*,#3938,.T.);
#5198=ORIENTED_EDGE('',*,*,#3944,.F.);
#5199=ORIENTED_EDGE('',*,*,#3945,.F.);
#5200=ORIENTED_EDGE('',*,*,#3941,.T.);
#5201=ORIENTED_EDGE('',*,*,#3946,.F.);
#5202=ORIENTED_EDGE('',*,*,#3947,.F.);
#5203=ORIENTED_EDGE('',*,*,#3948,.F.);
#5204=ORIENTED_EDGE('',*,*,#3949,.F.);
#5205=ORIENTED_EDGE('',*,*,#3950,.F.);
#5206=ORIENTED_EDGE('',*,*,#3951,.F.);
#5207=ORIENTED_EDGE('',*,*,#3952,.F.);
#5208=ORIENTED_EDGE('',*,*,#3953,.F.);
#5209=ORIENTED_EDGE('',*,*,#3954,.F.);
#5210=ORIENTED_EDGE('',*,*,#3955,.F.);
#5211=ORIENTED_EDGE('',*,*,#3956,.F.);
#5212=ORIENTED_EDGE('',*,*,#3957,.F.);
#5213=ORIENTED_EDGE('',*,*,#3958,.F.);
#5214=ORIENTED_EDGE('',*,*,#3959,.F.);
#5215=ORIENTED_EDGE('',*,*,#3960,.F.);
#5216=ORIENTED_EDGE('',*,*,#3961,.F.);
#5217=ORIENTED_EDGE('',*,*,#3962,.F.);
#5218=ORIENTED_EDGE('',*,*,#3963,.F.);
#5219=ORIENTED_EDGE('',*,*,#3964,.F.);
#5220=ORIENTED_EDGE('',*,*,#3964,.T.);
#5221=ORIENTED_EDGE('',*,*,#3965,.F.);
#5222=ORIENTED_EDGE('',*,*,#3966,.F.);
#5223=ORIENTED_EDGE('',*,*,#3967,.T.);
#5224=ORIENTED_EDGE('',*,*,#3963,.T.);
#5225=ORIENTED_EDGE('',*,*,#3968,.F.);
#5226=ORIENTED_EDGE('',*,*,#3969,.F.);
#5227=ORIENTED_EDGE('',*,*,#3965,.T.);
#5228=ORIENTED_EDGE('',*,*,#3954,.T.);
#5229=ORIENTED_EDGE('',*,*,#3970,.F.);
#5230=ORIENTED_EDGE('',*,*,#3971,.F.);
#5231=ORIENTED_EDGE('',*,*,#3972,.T.);
#5232=ORIENTED_EDGE('',*,*,#3953,.T.);
#5233=ORIENTED_EDGE('',*,*,#3973,.F.);
#5234=ORIENTED_EDGE('',*,*,#3974,.F.);
#5235=ORIENTED_EDGE('',*,*,#3970,.T.);
#5236=ORIENTED_EDGE('',*,*,#3952,.T.);
#5237=ORIENTED_EDGE('',*,*,#3975,.F.);
#5238=ORIENTED_EDGE('',*,*,#3976,.F.);
#5239=ORIENTED_EDGE('',*,*,#3973,.T.);
#5240=ORIENTED_EDGE('',*,*,#3951,.T.);
#5241=ORIENTED_EDGE('',*,*,#3977,.F.);
#5242=ORIENTED_EDGE('',*,*,#3978,.F.);
#5243=ORIENTED_EDGE('',*,*,#3975,.T.);
#5244=ORIENTED_EDGE('',*,*,#3950,.T.);
#5245=ORIENTED_EDGE('',*,*,#3979,.F.);
#5246=ORIENTED_EDGE('',*,*,#3980,.F.);
#5247=ORIENTED_EDGE('',*,*,#3977,.T.);
#5248=ORIENTED_EDGE('',*,*,#3949,.T.);
#5249=ORIENTED_EDGE('',*,*,#3981,.F.);
#5250=ORIENTED_EDGE('',*,*,#3982,.F.);
#5251=ORIENTED_EDGE('',*,*,#3979,.T.);
#5252=ORIENTED_EDGE('',*,*,#3948,.T.);
#5253=ORIENTED_EDGE('',*,*,#3983,.F.);
#5254=ORIENTED_EDGE('',*,*,#3984,.F.);
#5255=ORIENTED_EDGE('',*,*,#3981,.T.);
#5256=ORIENTED_EDGE('',*,*,#3947,.T.);
#5257=ORIENTED_EDGE('',*,*,#3985,.F.);
#5258=ORIENTED_EDGE('',*,*,#3986,.F.);
#5259=ORIENTED_EDGE('',*,*,#3983,.T.);
#5260=ORIENTED_EDGE('',*,*,#3987,.F.);
#5261=ORIENTED_EDGE('',*,*,#3988,.F.);
#5262=ORIENTED_EDGE('',*,*,#3989,.F.);
#5263=ORIENTED_EDGE('',*,*,#3990,.F.);
#5264=ORIENTED_EDGE('',*,*,#3991,.F.);
#5265=ORIENTED_EDGE('',*,*,#3992,.F.);
#5266=ORIENTED_EDGE('',*,*,#3993,.F.);
#5267=ORIENTED_EDGE('',*,*,#3994,.F.);
#5268=ORIENTED_EDGE('',*,*,#3995,.F.);
#5269=ORIENTED_EDGE('',*,*,#3996,.F.);
#5270=ORIENTED_EDGE('',*,*,#3997,.F.);
#5271=ORIENTED_EDGE('',*,*,#3998,.F.);
#5272=ORIENTED_EDGE('',*,*,#3999,.F.);
#5273=ORIENTED_EDGE('',*,*,#4000,.F.);
#5274=ORIENTED_EDGE('',*,*,#4001,.F.);
#5275=ORIENTED_EDGE('',*,*,#4002,.F.);
#5276=ORIENTED_EDGE('',*,*,#4003,.F.);
#5277=ORIENTED_EDGE('',*,*,#4004,.F.);
#5278=ORIENTED_EDGE('',*,*,#4005,.F.);
#5279=ORIENTED_EDGE('',*,*,#4006,.F.);
#5280=ORIENTED_EDGE('',*,*,#4007,.F.);
#5281=ORIENTED_EDGE('',*,*,#4008,.F.);
#5282=ORIENTED_EDGE('',*,*,#4009,.F.);
#5283=ORIENTED_EDGE('',*,*,#4010,.F.);
#5284=ORIENTED_EDGE('',*,*,#3999,.T.);
#5285=ORIENTED_EDGE('',*,*,#4011,.F.);
#5286=ORIENTED_EDGE('',*,*,#4012,.F.);
#5287=ORIENTED_EDGE('',*,*,#4013,.T.);
#5288=ORIENTED_EDGE('',*,*,#3998,.T.);
#5289=ORIENTED_EDGE('',*,*,#4014,.F.);
#5290=ORIENTED_EDGE('',*,*,#4015,.F.);
#5291=ORIENTED_EDGE('',*,*,#4011,.T.);
#5292=ORIENTED_EDGE('',*,*,#3997,.T.);
#5293=ORIENTED_EDGE('',*,*,#4016,.F.);
#5294=ORIENTED_EDGE('',*,*,#4017,.F.);
#5295=ORIENTED_EDGE('',*,*,#4014,.T.);
#5296=ORIENTED_EDGE('',*,*,#3996,.T.);
#5297=ORIENTED_EDGE('',*,*,#4018,.F.);
#5298=ORIENTED_EDGE('',*,*,#4019,.F.);
#5299=ORIENTED_EDGE('',*,*,#4016,.T.);
#5300=ORIENTED_EDGE('',*,*,#3995,.T.);
#5301=ORIENTED_EDGE('',*,*,#4020,.F.);
#5302=ORIENTED_EDGE('',*,*,#4021,.F.);
#5303=ORIENTED_EDGE('',*,*,#4018,.T.);
#5304=ORIENTED_EDGE('',*,*,#3994,.T.);
#5305=ORIENTED_EDGE('',*,*,#4022,.F.);
#5306=ORIENTED_EDGE('',*,*,#4023,.F.);
#5307=ORIENTED_EDGE('',*,*,#4020,.T.);
#5308=ORIENTED_EDGE('',*,*,#3993,.T.);
#5309=ORIENTED_EDGE('',*,*,#4024,.F.);
#5310=ORIENTED_EDGE('',*,*,#4025,.F.);
#5311=ORIENTED_EDGE('',*,*,#4022,.T.);
#5312=ORIENTED_EDGE('',*,*,#3992,.T.);
#5313=ORIENTED_EDGE('',*,*,#4026,.F.);
#5314=ORIENTED_EDGE('',*,*,#4027,.F.);
#5315=ORIENTED_EDGE('',*,*,#4024,.T.);
#5316=ORIENTED_EDGE('',*,*,#3991,.T.);
#5317=ORIENTED_EDGE('',*,*,#4028,.F.);
#5318=ORIENTED_EDGE('',*,*,#4029,.F.);
#5319=ORIENTED_EDGE('',*,*,#4026,.T.);
#5320=ORIENTED_EDGE('',*,*,#3990,.T.);
#5321=ORIENTED_EDGE('',*,*,#4030,.F.);
#5322=ORIENTED_EDGE('',*,*,#4031,.F.);
#5323=ORIENTED_EDGE('',*,*,#4028,.T.);
#5324=ORIENTED_EDGE('',*,*,#3989,.T.);
#5325=ORIENTED_EDGE('',*,*,#4032,.F.);
#5326=ORIENTED_EDGE('',*,*,#4033,.F.);
#5327=ORIENTED_EDGE('',*,*,#4030,.T.);
#5328=ORIENTED_EDGE('',*,*,#3988,.T.);
#5329=ORIENTED_EDGE('',*,*,#4034,.F.);
#5330=ORIENTED_EDGE('',*,*,#4035,.F.);
#5331=ORIENTED_EDGE('',*,*,#4032,.T.);
#5332=ORIENTED_EDGE('',*,*,#4036,.F.);
#5333=ORIENTED_EDGE('',*,*,#4037,.F.);
#5334=ORIENTED_EDGE('',*,*,#4038,.F.);
#5335=ORIENTED_EDGE('',*,*,#4039,.F.);
#5336=ORIENTED_EDGE('',*,*,#4040,.F.);
#5337=ORIENTED_EDGE('',*,*,#4041,.F.);
#5338=ORIENTED_EDGE('',*,*,#4042,.F.);
#5339=ORIENTED_EDGE('',*,*,#4043,.F.);
#5340=ORIENTED_EDGE('',*,*,#4044,.F.);
#5341=ORIENTED_EDGE('',*,*,#4045,.F.);
#5342=ORIENTED_EDGE('',*,*,#4046,.F.);
#5343=ORIENTED_EDGE('',*,*,#4047,.F.);
#5344=ORIENTED_EDGE('',*,*,#4048,.F.);
#5345=ORIENTED_EDGE('',*,*,#4049,.F.);
#5346=ORIENTED_EDGE('',*,*,#4050,.F.);
#5347=ORIENTED_EDGE('',*,*,#4051,.F.);
#5348=ORIENTED_EDGE('',*,*,#4052,.F.);
#5349=ORIENTED_EDGE('',*,*,#4053,.F.);
#5350=ORIENTED_EDGE('',*,*,#4054,.F.);
#5351=ORIENTED_EDGE('',*,*,#4055,.F.);
#5352=ORIENTED_EDGE('',*,*,#4056,.F.);
#5353=ORIENTED_EDGE('',*,*,#4057,.F.);
#5354=ORIENTED_EDGE('',*,*,#4058,.F.);
#5355=ORIENTED_EDGE('',*,*,#4048,.T.);
#5356=ORIENTED_EDGE('',*,*,#4059,.F.);
#5357=ORIENTED_EDGE('',*,*,#4060,.F.);
#5358=ORIENTED_EDGE('',*,*,#4061,.T.);
#5359=ORIENTED_EDGE('',*,*,#4047,.T.);
#5360=ORIENTED_EDGE('',*,*,#4062,.F.);
#5361=ORIENTED_EDGE('',*,*,#4063,.F.);
#5362=ORIENTED_EDGE('',*,*,#4059,.T.);
#5363=ORIENTED_EDGE('',*,*,#4046,.T.);
#5364=ORIENTED_EDGE('',*,*,#4064,.F.);
#5365=ORIENTED_EDGE('',*,*,#4065,.F.);
#5366=ORIENTED_EDGE('',*,*,#4062,.T.);
#5367=ORIENTED_EDGE('',*,*,#4045,.T.);
#5368=ORIENTED_EDGE('',*,*,#4066,.F.);
#5369=ORIENTED_EDGE('',*,*,#4067,.F.);
#5370=ORIENTED_EDGE('',*,*,#4064,.T.);
#5371=ORIENTED_EDGE('',*,*,#4044,.T.);
#5372=ORIENTED_EDGE('',*,*,#4068,.F.);
#5373=ORIENTED_EDGE('',*,*,#4069,.F.);
#5374=ORIENTED_EDGE('',*,*,#4066,.T.);
#5375=ORIENTED_EDGE('',*,*,#4043,.T.);
#5376=ORIENTED_EDGE('',*,*,#4070,.F.);
#5377=ORIENTED_EDGE('',*,*,#4071,.F.);
#5378=ORIENTED_EDGE('',*,*,#4068,.T.);
#5379=ORIENTED_EDGE('',*,*,#4042,.T.);
#5380=ORIENTED_EDGE('',*,*,#4072,.F.);
#5381=ORIENTED_EDGE('',*,*,#4073,.F.);
#5382=ORIENTED_EDGE('',*,*,#4070,.T.);
#5383=ORIENTED_EDGE('',*,*,#4041,.T.);
#5384=ORIENTED_EDGE('',*,*,#4074,.F.);
#5385=ORIENTED_EDGE('',*,*,#4075,.F.);
#5386=ORIENTED_EDGE('',*,*,#4072,.T.);
#5387=ORIENTED_EDGE('',*,*,#4040,.T.);
#5388=ORIENTED_EDGE('',*,*,#4076,.F.);
#5389=ORIENTED_EDGE('',*,*,#4077,.F.);
#5390=ORIENTED_EDGE('',*,*,#4074,.T.);
#5391=ORIENTED_EDGE('',*,*,#4039,.T.);
#5392=ORIENTED_EDGE('',*,*,#4078,.F.);
#5393=ORIENTED_EDGE('',*,*,#4079,.F.);
#5394=ORIENTED_EDGE('',*,*,#4076,.T.);
#5395=ORIENTED_EDGE('',*,*,#4038,.T.);
#5396=ORIENTED_EDGE('',*,*,#4080,.F.);
#5397=ORIENTED_EDGE('',*,*,#4081,.F.);
#5398=ORIENTED_EDGE('',*,*,#4078,.T.);
#5399=ORIENTED_EDGE('',*,*,#4037,.T.);
#5400=ORIENTED_EDGE('',*,*,#4082,.F.);
#5401=ORIENTED_EDGE('',*,*,#4083,.F.);
#5402=ORIENTED_EDGE('',*,*,#4080,.T.);
#5403=ORIENTED_EDGE('',*,*,#4084,.F.);
#5404=ORIENTED_EDGE('',*,*,#4085,.F.);
#5405=ORIENTED_EDGE('',*,*,#4086,.F.);
#5406=ORIENTED_EDGE('',*,*,#4087,.F.);
#5407=ORIENTED_EDGE('',*,*,#4088,.F.);
#5408=ORIENTED_EDGE('',*,*,#4089,.F.);
#5409=ORIENTED_EDGE('',*,*,#4090,.F.);
#5410=ORIENTED_EDGE('',*,*,#4091,.F.);
#5411=ORIENTED_EDGE('',*,*,#4092,.F.);
#5412=ORIENTED_EDGE('',*,*,#4093,.F.);
#5413=ORIENTED_EDGE('',*,*,#4094,.F.);
#5414=ORIENTED_EDGE('',*,*,#4095,.F.);
#5415=ORIENTED_EDGE('',*,*,#4096,.F.);
#5416=ORIENTED_EDGE('',*,*,#4097,.F.);
#5417=ORIENTED_EDGE('',*,*,#4098,.F.);
#5418=ORIENTED_EDGE('',*,*,#4099,.F.);
#5419=ORIENTED_EDGE('',*,*,#4100,.F.);
#5420=ORIENTED_EDGE('',*,*,#4101,.F.);
#5421=ORIENTED_EDGE('',*,*,#4102,.F.);
#5422=ORIENTED_EDGE('',*,*,#4103,.F.);
#5423=ORIENTED_EDGE('',*,*,#4104,.F.);
#5424=ORIENTED_EDGE('',*,*,#4105,.F.);
#5425=ORIENTED_EDGE('',*,*,#4106,.F.);
#5426=ORIENTED_EDGE('',*,*,#4107,.F.);
#5427=ORIENTED_EDGE('',*,*,#4096,.T.);
#5428=ORIENTED_EDGE('',*,*,#4108,.F.);
#5429=ORIENTED_EDGE('',*,*,#4109,.F.);
#5430=ORIENTED_EDGE('',*,*,#4110,.T.);
#5431=ORIENTED_EDGE('',*,*,#4095,.T.);
#5432=ORIENTED_EDGE('',*,*,#4111,.F.);
#5433=ORIENTED_EDGE('',*,*,#4112,.F.);
#5434=ORIENTED_EDGE('',*,*,#4108,.T.);
#5435=ORIENTED_EDGE('',*,*,#4094,.T.);
#5436=ORIENTED_EDGE('',*,*,#4113,.F.);
#5437=ORIENTED_EDGE('',*,*,#4114,.F.);
#5438=ORIENTED_EDGE('',*,*,#4111,.T.);
#5439=ORIENTED_EDGE('',*,*,#4093,.T.);
#5440=ORIENTED_EDGE('',*,*,#4115,.F.);
#5441=ORIENTED_EDGE('',*,*,#4116,.F.);
#5442=ORIENTED_EDGE('',*,*,#4113,.T.);
#5443=ORIENTED_EDGE('',*,*,#4092,.T.);
#5444=ORIENTED_EDGE('',*,*,#4117,.F.);
#5445=ORIENTED_EDGE('',*,*,#4118,.F.);
#5446=ORIENTED_EDGE('',*,*,#4115,.T.);
#5447=ORIENTED_EDGE('',*,*,#4091,.T.);
#5448=ORIENTED_EDGE('',*,*,#4119,.F.);
#5449=ORIENTED_EDGE('',*,*,#4120,.F.);
#5450=ORIENTED_EDGE('',*,*,#4117,.T.);
#5451=ORIENTED_EDGE('',*,*,#4090,.T.);
#5452=ORIENTED_EDGE('',*,*,#4121,.F.);
#5453=ORIENTED_EDGE('',*,*,#4122,.F.);
#5454=ORIENTED_EDGE('',*,*,#4119,.T.);
#5455=ORIENTED_EDGE('',*,*,#4089,.T.);
#5456=ORIENTED_EDGE('',*,*,#4123,.F.);
#5457=ORIENTED_EDGE('',*,*,#4124,.F.);
#5458=ORIENTED_EDGE('',*,*,#4121,.T.);
#5459=ORIENTED_EDGE('',*,*,#4088,.T.);
#5460=ORIENTED_EDGE('',*,*,#4125,.F.);
#5461=ORIENTED_EDGE('',*,*,#4126,.F.);
#5462=ORIENTED_EDGE('',*,*,#4123,.T.);
#5463=ORIENTED_EDGE('',*,*,#4087,.T.);
#5464=ORIENTED_EDGE('',*,*,#4127,.F.);
#5465=ORIENTED_EDGE('',*,*,#4128,.F.);
#5466=ORIENTED_EDGE('',*,*,#4125,.T.);
#5467=ORIENTED_EDGE('',*,*,#4086,.T.);
#5468=ORIENTED_EDGE('',*,*,#4129,.F.);
#5469=ORIENTED_EDGE('',*,*,#4130,.F.);
#5470=ORIENTED_EDGE('',*,*,#4127,.T.);
#5471=ORIENTED_EDGE('',*,*,#4085,.T.);
#5472=ORIENTED_EDGE('',*,*,#4131,.F.);
#5473=ORIENTED_EDGE('',*,*,#4132,.F.);
#5474=ORIENTED_EDGE('',*,*,#4129,.T.);
#5475=ORIENTED_EDGE('',*,*,#4133,.F.);
#5476=ORIENTED_EDGE('',*,*,#4134,.F.);
#5477=ORIENTED_EDGE('',*,*,#4135,.F.);
#5478=ORIENTED_EDGE('',*,*,#4136,.F.);
#5479=ORIENTED_EDGE('',*,*,#4137,.F.);
#5480=ORIENTED_EDGE('',*,*,#4138,.F.);
#5481=ORIENTED_EDGE('',*,*,#4139,.F.);
#5482=ORIENTED_EDGE('',*,*,#4140,.F.);
#5483=ORIENTED_EDGE('',*,*,#4141,.F.);
#5484=ORIENTED_EDGE('',*,*,#4142,.F.);
#5485=ORIENTED_EDGE('',*,*,#4143,.F.);
#5486=ORIENTED_EDGE('',*,*,#4144,.F.);
#5487=ORIENTED_EDGE('',*,*,#4139,.T.);
#5488=ORIENTED_EDGE('',*,*,#4145,.F.);
#5489=ORIENTED_EDGE('',*,*,#4146,.F.);
#5490=ORIENTED_EDGE('',*,*,#4147,.T.);
#5491=ORIENTED_EDGE('',*,*,#4138,.T.);
#5492=ORIENTED_EDGE('',*,*,#4148,.F.);
#5493=ORIENTED_EDGE('',*,*,#4149,.F.);
#5494=ORIENTED_EDGE('',*,*,#4145,.T.);
#5495=ORIENTED_EDGE('',*,*,#4137,.T.);
#5496=ORIENTED_EDGE('',*,*,#4150,.F.);
#5497=ORIENTED_EDGE('',*,*,#4151,.F.);
#5498=ORIENTED_EDGE('',*,*,#4148,.T.);
#5499=ORIENTED_EDGE('',*,*,#4136,.T.);
#5500=ORIENTED_EDGE('',*,*,#4152,.F.);
#5501=ORIENTED_EDGE('',*,*,#4153,.F.);
#5502=ORIENTED_EDGE('',*,*,#4150,.T.);
#5503=ORIENTED_EDGE('',*,*,#4135,.T.);
#5504=ORIENTED_EDGE('',*,*,#4154,.F.);
#5505=ORIENTED_EDGE('',*,*,#4155,.F.);
#5506=ORIENTED_EDGE('',*,*,#4152,.T.);
#5507=ORIENTED_EDGE('',*,*,#4134,.T.);
#5508=ORIENTED_EDGE('',*,*,#4156,.F.);
#5509=ORIENTED_EDGE('',*,*,#4157,.F.);
#5510=ORIENTED_EDGE('',*,*,#4154,.T.);
#5511=ORIENTED_EDGE('',*,*,#4158,.F.);
#5512=ORIENTED_EDGE('',*,*,#4159,.F.);
#5513=ORIENTED_EDGE('',*,*,#4160,.F.);
#5514=ORIENTED_EDGE('',*,*,#4161,.F.);
#5515=ORIENTED_EDGE('',*,*,#4162,.F.);
#5516=ORIENTED_EDGE('',*,*,#4163,.F.);
#5517=ORIENTED_EDGE('',*,*,#4164,.F.);
#5518=ORIENTED_EDGE('',*,*,#4165,.F.);
#5519=ORIENTED_EDGE('',*,*,#4166,.F.);
#5520=ORIENTED_EDGE('',*,*,#4167,.F.);
#5521=ORIENTED_EDGE('',*,*,#4168,.F.);
#5522=ORIENTED_EDGE('',*,*,#4169,.F.);
#5523=ORIENTED_EDGE('',*,*,#4170,.F.);
#5524=ORIENTED_EDGE('',*,*,#4171,.F.);
#5525=ORIENTED_EDGE('',*,*,#4172,.F.);
#5526=ORIENTED_EDGE('',*,*,#4173,.F.);
#5527=ORIENTED_EDGE('',*,*,#4174,.F.);
#5528=ORIENTED_EDGE('',*,*,#4175,.F.);
#5529=ORIENTED_EDGE('',*,*,#4176,.F.);
#5530=ORIENTED_EDGE('',*,*,#4177,.F.);
#5531=ORIENTED_EDGE('',*,*,#4178,.F.);
#5532=ORIENTED_EDGE('',*,*,#4175,.T.);
#5533=ORIENTED_EDGE('',*,*,#4179,.F.);
#5534=ORIENTED_EDGE('',*,*,#4180,.F.);
#5535=ORIENTED_EDGE('',*,*,#4181,.T.);
#5536=ORIENTED_EDGE('',*,*,#4174,.T.);
#5537=ORIENTED_EDGE('',*,*,#4182,.F.);
#5538=ORIENTED_EDGE('',*,*,#4183,.F.);
#5539=ORIENTED_EDGE('',*,*,#4179,.T.);
#5540=ORIENTED_EDGE('',*,*,#4173,.T.);
#5541=ORIENTED_EDGE('',*,*,#4184,.F.);
#5542=ORIENTED_EDGE('',*,*,#4185,.F.);
#5543=ORIENTED_EDGE('',*,*,#4182,.T.);
#5544=ORIENTED_EDGE('',*,*,#4172,.T.);
#5545=ORIENTED_EDGE('',*,*,#4186,.F.);
#5546=ORIENTED_EDGE('',*,*,#4187,.F.);
#5547=ORIENTED_EDGE('',*,*,#4184,.T.);
#5548=ORIENTED_EDGE('',*,*,#4165,.T.);
#5549=ORIENTED_EDGE('',*,*,#4188,.F.);
#5550=ORIENTED_EDGE('',*,*,#4189,.F.);
#5551=ORIENTED_EDGE('',*,*,#4190,.T.);
#5552=ORIENTED_EDGE('',*,*,#4164,.T.);
#5553=ORIENTED_EDGE('',*,*,#4191,.F.);
#5554=ORIENTED_EDGE('',*,*,#4192,.F.);
#5555=ORIENTED_EDGE('',*,*,#4188,.T.);
#5556=ORIENTED_EDGE('',*,*,#4163,.T.);
#5557=ORIENTED_EDGE('',*,*,#4193,.F.);
#5558=ORIENTED_EDGE('',*,*,#4194,.F.);
#5559=ORIENTED_EDGE('',*,*,#4191,.T.);
#5560=ORIENTED_EDGE('',*,*,#4162,.T.);
#5561=ORIENTED_EDGE('',*,*,#4195,.F.);
#5562=ORIENTED_EDGE('',*,*,#4196,.F.);
#5563=ORIENTED_EDGE('',*,*,#4193,.T.);
#5564=ORIENTED_EDGE('',*,*,#4161,.T.);
#5565=ORIENTED_EDGE('',*,*,#4197,.F.);
#5566=ORIENTED_EDGE('',*,*,#4198,.F.);
#5567=ORIENTED_EDGE('',*,*,#4195,.T.);
#5568=ORIENTED_EDGE('',*,*,#4160,.T.);
#5569=ORIENTED_EDGE('',*,*,#4199,.F.);
#5570=ORIENTED_EDGE('',*,*,#4200,.F.);
#5571=ORIENTED_EDGE('',*,*,#4197,.T.);
#5572=ORIENTED_EDGE('',*,*,#4159,.T.);
#5573=ORIENTED_EDGE('',*,*,#4201,.F.);
#5574=ORIENTED_EDGE('',*,*,#4202,.F.);
#5575=ORIENTED_EDGE('',*,*,#4199,.T.);
#5576=ORIENTED_EDGE('',*,*,#4203,.F.);
#5577=ORIENTED_EDGE('',*,*,#4204,.F.);
#5578=ORIENTED_EDGE('',*,*,#4205,.F.);
#5579=ORIENTED_EDGE('',*,*,#4206,.F.);
#5580=ORIENTED_EDGE('',*,*,#4207,.F.);
#5581=ORIENTED_EDGE('',*,*,#4208,.F.);
#5582=ORIENTED_EDGE('',*,*,#4209,.F.);
#5583=ORIENTED_EDGE('',*,*,#4210,.F.);
#5584=ORIENTED_EDGE('',*,*,#4211,.F.);
#5585=ORIENTED_EDGE('',*,*,#4212,.F.);
#5586=ORIENTED_EDGE('',*,*,#4213,.F.);
#5587=ORIENTED_EDGE('',*,*,#4214,.F.);
#5588=ORIENTED_EDGE('',*,*,#4215,.F.);
#5589=ORIENTED_EDGE('',*,*,#4216,.F.);
#5590=ORIENTED_EDGE('',*,*,#4217,.F.);
#5591=ORIENTED_EDGE('',*,*,#4218,.F.);
#5592=ORIENTED_EDGE('',*,*,#4219,.F.);
#5593=ORIENTED_EDGE('',*,*,#4220,.F.);
#5594=ORIENTED_EDGE('',*,*,#4221,.F.);
#5595=ORIENTED_EDGE('',*,*,#4222,.F.);
#5596=ORIENTED_EDGE('',*,*,#4223,.F.);
#5597=ORIENTED_EDGE('',*,*,#4224,.F.);
#5598=ORIENTED_EDGE('',*,*,#4225,.F.);
#5599=ORIENTED_EDGE('',*,*,#4226,.F.);
#5600=ORIENTED_EDGE('',*,*,#4227,.F.);
#5601=ORIENTED_EDGE('',*,*,#4228,.F.);
#5602=ORIENTED_EDGE('',*,*,#4229,.F.);
#5603=ORIENTED_EDGE('',*,*,#4230,.F.);
#5604=ORIENTED_EDGE('',*,*,#4231,.F.);
#5605=ORIENTED_EDGE('',*,*,#4232,.F.);
#5606=ORIENTED_EDGE('',*,*,#4229,.T.);
#5607=ORIENTED_EDGE('',*,*,#4233,.F.);
#5608=ORIENTED_EDGE('',*,*,#4234,.F.);
#5609=ORIENTED_EDGE('',*,*,#4235,.T.);
#5610=ORIENTED_EDGE('',*,*,#4228,.T.);
#5611=ORIENTED_EDGE('',*,*,#4236,.F.);
#5612=ORIENTED_EDGE('',*,*,#4237,.F.);
#5613=ORIENTED_EDGE('',*,*,#4233,.T.);
#5614=ORIENTED_EDGE('',*,*,#4227,.T.);
#5615=ORIENTED_EDGE('',*,*,#4238,.F.);
#5616=ORIENTED_EDGE('',*,*,#4239,.F.);
#5617=ORIENTED_EDGE('',*,*,#4236,.T.);
#5618=ORIENTED_EDGE('',*,*,#4226,.T.);
#5619=ORIENTED_EDGE('',*,*,#4240,.F.);
#5620=ORIENTED_EDGE('',*,*,#4241,.F.);
#5621=ORIENTED_EDGE('',*,*,#4238,.T.);
#5622=ORIENTED_EDGE('',*,*,#4225,.T.);
#5623=ORIENTED_EDGE('',*,*,#4242,.F.);
#5624=ORIENTED_EDGE('',*,*,#4243,.F.);
#5625=ORIENTED_EDGE('',*,*,#4240,.T.);
#5626=ORIENTED_EDGE('',*,*,#4214,.T.);
#5627=ORIENTED_EDGE('',*,*,#4244,.F.);
#5628=ORIENTED_EDGE('',*,*,#4245,.F.);
#5629=ORIENTED_EDGE('',*,*,#4246,.T.);
#5630=ORIENTED_EDGE('',*,*,#4213,.T.);
#5631=ORIENTED_EDGE('',*,*,#4247,.F.);
#5632=ORIENTED_EDGE('',*,*,#4248,.F.);
#5633=ORIENTED_EDGE('',*,*,#4244,.T.);
#5634=ORIENTED_EDGE('',*,*,#4212,.T.);
#5635=ORIENTED_EDGE('',*,*,#4249,.F.);
#5636=ORIENTED_EDGE('',*,*,#4250,.F.);
#5637=ORIENTED_EDGE('',*,*,#4247,.T.);
#5638=ORIENTED_EDGE('',*,*,#4211,.T.);
#5639=ORIENTED_EDGE('',*,*,#4251,.F.);
#5640=ORIENTED_EDGE('',*,*,#4252,.F.);
#5641=ORIENTED_EDGE('',*,*,#4249,.T.);
#5642=ORIENTED_EDGE('',*,*,#4210,.T.);
#5643=ORIENTED_EDGE('',*,*,#4253,.F.);
#5644=ORIENTED_EDGE('',*,*,#4254,.F.);
#5645=ORIENTED_EDGE('',*,*,#4251,.T.);
#5646=ORIENTED_EDGE('',*,*,#4209,.T.);
#5647=ORIENTED_EDGE('',*,*,#4255,.F.);
#5648=ORIENTED_EDGE('',*,*,#4256,.F.);
#5649=ORIENTED_EDGE('',*,*,#4253,.T.);
#5650=ORIENTED_EDGE('',*,*,#4208,.T.);
#5651=ORIENTED_EDGE('',*,*,#4257,.F.);
#5652=ORIENTED_EDGE('',*,*,#4258,.F.);
#5653=ORIENTED_EDGE('',*,*,#4255,.T.);
#5654=ORIENTED_EDGE('',*,*,#4207,.T.);
#5655=ORIENTED_EDGE('',*,*,#4259,.F.);
#5656=ORIENTED_EDGE('',*,*,#4260,.F.);
#5657=ORIENTED_EDGE('',*,*,#4257,.T.);
#5658=ORIENTED_EDGE('',*,*,#4206,.T.);
#5659=ORIENTED_EDGE('',*,*,#4261,.F.);
#5660=ORIENTED_EDGE('',*,*,#4262,.F.);
#5661=ORIENTED_EDGE('',*,*,#4259,.T.);
#5662=ORIENTED_EDGE('',*,*,#4205,.T.);
#5663=ORIENTED_EDGE('',*,*,#4263,.F.);
#5664=ORIENTED_EDGE('',*,*,#4264,.F.);
#5665=ORIENTED_EDGE('',*,*,#4261,.T.);
#5666=ORIENTED_EDGE('',*,*,#4204,.T.);
#5667=ORIENTED_EDGE('',*,*,#4265,.F.);
#5668=ORIENTED_EDGE('',*,*,#4266,.F.);
#5669=ORIENTED_EDGE('',*,*,#4263,.T.);
#5670=ORIENTED_EDGE('',*,*,#4267,.F.);
#5671=ORIENTED_EDGE('',*,*,#4268,.T.);
#5672=ORIENTED_EDGE('',*,*,#4269,.T.);
#5673=ORIENTED_EDGE('',*,*,#4270,.F.);
#5674=ORIENTED_EDGE('',*,*,#4271,.F.);
#5675=ORIENTED_EDGE('',*,*,#4272,.T.);
#5676=ORIENTED_EDGE('',*,*,#4273,.T.);
#5677=ORIENTED_EDGE('',*,*,#4268,.F.);
#5678=ORIENTED_EDGE('',*,*,#4274,.F.);
#5679=ORIENTED_EDGE('',*,*,#4275,.T.);
#5680=ORIENTED_EDGE('',*,*,#4276,.T.);
#5681=ORIENTED_EDGE('',*,*,#4272,.F.);
#5682=ORIENTED_EDGE('',*,*,#4277,.F.);
#5683=ORIENTED_EDGE('',*,*,#4270,.T.);
#5684=ORIENTED_EDGE('',*,*,#4278,.T.);
#5685=ORIENTED_EDGE('',*,*,#4275,.F.);
#5686=ORIENTED_EDGE('',*,*,#4278,.F.);
#5687=ORIENTED_EDGE('',*,*,#4269,.F.);
#5688=ORIENTED_EDGE('',*,*,#4273,.F.);
#5689=ORIENTED_EDGE('',*,*,#4276,.F.);
#5690=ORIENTED_EDGE('',*,*,#4279,.F.);
#5691=ORIENTED_EDGE('',*,*,#4280,.T.);
#5692=ORIENTED_EDGE('',*,*,#4281,.T.);
#5693=ORIENTED_EDGE('',*,*,#4280,.F.);
#5694=ORIENTED_EDGE('',*,*,#4281,.F.);
#5695=ORIENTED_EDGE('',*,*,#4282,.F.);
#5696=ORIENTED_EDGE('',*,*,#4283,.T.);
#5697=ORIENTED_EDGE('',*,*,#4284,.T.);
#5698=ORIENTED_EDGE('',*,*,#4285,.F.);
#5699=ORIENTED_EDGE('',*,*,#4286,.F.);
#5700=ORIENTED_EDGE('',*,*,#4287,.T.);
#5701=ORIENTED_EDGE('',*,*,#4288,.T.);
#5702=ORIENTED_EDGE('',*,*,#4283,.F.);
#5703=ORIENTED_EDGE('',*,*,#4289,.F.);
#5704=ORIENTED_EDGE('',*,*,#4290,.T.);
#5705=ORIENTED_EDGE('',*,*,#4291,.T.);
#5706=ORIENTED_EDGE('',*,*,#4287,.F.);
#5707=ORIENTED_EDGE('',*,*,#4292,.F.);
#5708=ORIENTED_EDGE('',*,*,#4285,.T.);
#5709=ORIENTED_EDGE('',*,*,#4293,.T.);
#5710=ORIENTED_EDGE('',*,*,#4290,.F.);
#5711=ORIENTED_EDGE('',*,*,#4293,.F.);
#5712=ORIENTED_EDGE('',*,*,#4284,.F.);
#5713=ORIENTED_EDGE('',*,*,#4288,.F.);
#5714=ORIENTED_EDGE('',*,*,#4291,.F.);
#5715=ORIENTED_EDGE('',*,*,#4294,.F.);
#5716=ORIENTED_EDGE('',*,*,#4295,.T.);
#5717=ORIENTED_EDGE('',*,*,#4296,.T.);
#5718=ORIENTED_EDGE('',*,*,#4297,.F.);
#5719=ORIENTED_EDGE('',*,*,#4298,.F.);
#5720=ORIENTED_EDGE('',*,*,#4299,.T.);
#5721=ORIENTED_EDGE('',*,*,#4300,.T.);
#5722=ORIENTED_EDGE('',*,*,#4295,.F.);
#5723=ORIENTED_EDGE('',*,*,#4301,.F.);
#5724=ORIENTED_EDGE('',*,*,#4302,.T.);
#5725=ORIENTED_EDGE('',*,*,#4303,.T.);
#5726=ORIENTED_EDGE('',*,*,#4299,.F.);
#5727=ORIENTED_EDGE('',*,*,#4304,.F.);
#5728=ORIENTED_EDGE('',*,*,#4297,.T.);
#5729=ORIENTED_EDGE('',*,*,#4305,.T.);
#5730=ORIENTED_EDGE('',*,*,#4302,.F.);
#5731=ORIENTED_EDGE('',*,*,#4305,.F.);
#5732=ORIENTED_EDGE('',*,*,#4296,.F.);
#5733=ORIENTED_EDGE('',*,*,#4300,.F.);
#5734=ORIENTED_EDGE('',*,*,#4303,.F.);
#5735=ORIENTED_EDGE('',*,*,#4306,.F.);
#5736=ORIENTED_EDGE('',*,*,#4307,.T.);
#5737=ORIENTED_EDGE('',*,*,#4308,.T.);
#5738=ORIENTED_EDGE('',*,*,#4309,.F.);
#5739=ORIENTED_EDGE('',*,*,#4310,.F.);
#5740=ORIENTED_EDGE('',*,*,#4311,.T.);
#5741=ORIENTED_EDGE('',*,*,#4312,.T.);
#5742=ORIENTED_EDGE('',*,*,#4307,.F.);
#5743=ORIENTED_EDGE('',*,*,#4313,.F.);
#5744=ORIENTED_EDGE('',*,*,#4314,.T.);
#5745=ORIENTED_EDGE('',*,*,#4315,.T.);
#5746=ORIENTED_EDGE('',*,*,#4311,.F.);
#5747=ORIENTED_EDGE('',*,*,#4316,.F.);
#5748=ORIENTED_EDGE('',*,*,#4309,.T.);
#5749=ORIENTED_EDGE('',*,*,#4317,.T.);
#5750=ORIENTED_EDGE('',*,*,#4314,.F.);
#5751=ORIENTED_EDGE('',*,*,#4317,.F.);
#5752=ORIENTED_EDGE('',*,*,#4308,.F.);
#5753=ORIENTED_EDGE('',*,*,#4312,.F.);
#5754=ORIENTED_EDGE('',*,*,#4315,.F.);
#5755=ORIENTED_EDGE('',*,*,#4318,.T.);
#5756=ORIENTED_EDGE('',*,*,#4319,.T.);
#5757=ORIENTED_EDGE('',*,*,#4320,.T.);
#5758=ORIENTED_EDGE('',*,*,#4321,.F.);
#5759=ORIENTED_EDGE('',*,*,#4322,.T.);
#5760=ORIENTED_EDGE('',*,*,#4323,.T.);
#5761=ORIENTED_EDGE('',*,*,#4324,.T.);
#5762=ORIENTED_EDGE('',*,*,#4319,.F.);
#5763=ORIENTED_EDGE('',*,*,#4325,.T.);
#5764=ORIENTED_EDGE('',*,*,#4323,.F.);
#5765=ORIENTED_EDGE('',*,*,#4326,.T.);
#5766=ORIENTED_EDGE('',*,*,#4321,.T.);
#5767=ORIENTED_EDGE('',*,*,#4325,.F.);
#5768=ORIENTED_EDGE('',*,*,#4327,.F.);
#5769=ORIENTED_EDGE('',*,*,#4328,.F.);
#5770=ORIENTED_EDGE('',*,*,#4329,.F.);
#5771=ORIENTED_EDGE('',*,*,#4320,.F.);
#5772=ORIENTED_EDGE('',*,*,#4330,.T.);
#5773=ORIENTED_EDGE('',*,*,#4331,.F.);
#5774=ORIENTED_EDGE('',*,*,#4332,.F.);
#5775=ORIENTED_EDGE('',*,*,#4333,.F.);
#5776=ORIENTED_EDGE('',*,*,#4334,.T.);
#5777=ORIENTED_EDGE('',*,*,#4335,.F.);
#5778=ORIENTED_EDGE('',*,*,#4336,.F.);
#5779=ORIENTED_EDGE('',*,*,#4337,.F.);
#5780=ORIENTED_EDGE('',*,*,#4327,.T.);
#5781=ORIENTED_EDGE('',*,*,#4338,.F.);
#5782=ORIENTED_EDGE('',*,*,#4339,.F.);
#5783=ORIENTED_EDGE('',*,*,#4340,.F.);
#5784=ORIENTED_EDGE('',*,*,#4341,.F.);
#5785=ORIENTED_EDGE('',*,*,#4342,.F.);
#5786=ORIENTED_EDGE('',*,*,#4343,.F.);
#5787=ORIENTED_EDGE('',*,*,#4344,.F.);
#5788=ORIENTED_EDGE('',*,*,#4345,.F.);
#5789=ORIENTED_EDGE('',*,*,#4346,.F.);
#5790=ORIENTED_EDGE('',*,*,#4347,.F.);
#5791=ORIENTED_EDGE('',*,*,#4348,.F.);
#5792=ORIENTED_EDGE('',*,*,#4349,.F.);
#5793=ORIENTED_EDGE('',*,*,#4350,.F.);
#5794=ORIENTED_EDGE('',*,*,#4318,.F.);
#5795=ORIENTED_EDGE('',*,*,#4326,.F.);
#5796=ORIENTED_EDGE('',*,*,#4322,.F.);
#5797=ORIENTED_EDGE('',*,*,#4346,.T.);
#5798=ORIENTED_EDGE('',*,*,#4351,.T.);
#5799=ORIENTED_EDGE('',*,*,#4352,.T.);
#5800=ORIENTED_EDGE('',*,*,#4353,.T.);
#5801=ORIENTED_EDGE('',*,*,#4354,.T.);
#5802=ORIENTED_EDGE('',*,*,#4355,.T.);
#5803=ORIENTED_EDGE('',*,*,#4347,.T.);
#5804=ORIENTED_EDGE('',*,*,#4353,.F.);
#5805=ORIENTED_EDGE('',*,*,#4348,.T.);
#5806=ORIENTED_EDGE('',*,*,#4356,.T.);
#5807=ORIENTED_EDGE('',*,*,#4357,.T.);
#5808=ORIENTED_EDGE('',*,*,#4358,.F.);
#5809=ORIENTED_EDGE('',*,*,#4359,.T.);
#5810=ORIENTED_EDGE('',*,*,#4360,.T.);
#5811=ORIENTED_EDGE('',*,*,#4349,.T.);
#5812=ORIENTED_EDGE('',*,*,#4358,.T.);
#5813=ORIENTED_EDGE('',*,*,#4350,.T.);
#5814=ORIENTED_EDGE('',*,*,#4360,.F.);
#5815=ORIENTED_EDGE('',*,*,#4361,.T.);
#5816=ORIENTED_EDGE('',*,*,#4356,.F.);
#5817=ORIENTED_EDGE('',*,*,#4359,.F.);
#5818=ORIENTED_EDGE('',*,*,#4362,.F.);
#5819=ORIENTED_EDGE('',*,*,#4363,.F.);
#5820=ORIENTED_EDGE('',*,*,#4364,.F.);
#5821=ORIENTED_EDGE('',*,*,#4357,.F.);
#5822=ORIENTED_EDGE('',*,*,#4365,.T.);
#5823=ORIENTED_EDGE('',*,*,#4366,.F.);
#5824=ORIENTED_EDGE('',*,*,#4362,.T.);
#5825=ORIENTED_EDGE('',*,*,#4343,.T.);
#5826=ORIENTED_EDGE('',*,*,#4367,.T.);
#5827=ORIENTED_EDGE('',*,*,#4368,.T.);
#5828=ORIENTED_EDGE('',*,*,#4369,.T.);
#5829=ORIENTED_EDGE('',*,*,#4370,.T.);
#5830=ORIENTED_EDGE('',*,*,#4371,.T.);
#5831=ORIENTED_EDGE('',*,*,#4344,.T.);
#5832=ORIENTED_EDGE('',*,*,#4369,.F.);
#5833=ORIENTED_EDGE('',*,*,#4372,.T.);
#5834=ORIENTED_EDGE('',*,*,#4373,.T.);
#5835=ORIENTED_EDGE('',*,*,#4374,.T.);
#5836=ORIENTED_EDGE('',*,*,#4375,.T.);
#5837=ORIENTED_EDGE('',*,*,#4373,.F.);
#5838=ORIENTED_EDGE('',*,*,#4376,.T.);
#5839=ORIENTED_EDGE('',*,*,#4377,.F.);
#5840=ORIENTED_EDGE('',*,*,#4378,.F.);
#5841=ORIENTED_EDGE('',*,*,#4379,.F.);
#5842=ORIENTED_EDGE('',*,*,#4380,.T.);
#5843=ORIENTED_EDGE('',*,*,#4381,.F.);
#5844=ORIENTED_EDGE('',*,*,#4382,.F.);
#5845=ORIENTED_EDGE('',*,*,#4383,.T.);
#5846=ORIENTED_EDGE('',*,*,#4384,.F.);
#5847=ORIENTED_EDGE('',*,*,#4385,.T.);
#5848=ORIENTED_EDGE('',*,*,#4386,.F.);
#5849=ORIENTED_EDGE('',*,*,#4387,.F.);
#5850=ORIENTED_EDGE('',*,*,#4388,.F.);
#5851=ORIENTED_EDGE('',*,*,#4389,.F.);
#5852=ORIENTED_EDGE('',*,*,#4390,.T.);
#5853=ORIENTED_EDGE('',*,*,#4391,.T.);
#5854=ORIENTED_EDGE('',*,*,#4335,.T.);
#5855=ORIENTED_EDGE('',*,*,#4392,.T.);
#5856=ORIENTED_EDGE('',*,*,#4393,.T.);
#5857=ORIENTED_EDGE('',*,*,#4394,.T.);
#5858=ORIENTED_EDGE('',*,*,#4395,.T.);
#5859=ORIENTED_EDGE('',*,*,#4396,.T.);
#5860=ORIENTED_EDGE('',*,*,#4397,.T.);
#5861=ORIENTED_EDGE('',*,*,#4398,.T.);
#5862=ORIENTED_EDGE('',*,*,#4399,.T.);
#5863=ORIENTED_EDGE('',*,*,#4400,.T.);
#5864=ORIENTED_EDGE('',*,*,#4397,.F.);
#5865=ORIENTED_EDGE('',*,*,#4401,.F.);
#5866=ORIENTED_EDGE('',*,*,#4402,.F.);
#5867=ORIENTED_EDGE('',*,*,#4403,.F.);
#5868=ORIENTED_EDGE('',*,*,#4404,.F.);
#5869=ORIENTED_EDGE('',*,*,#3910,.T.);
#5870=ORIENTED_EDGE('',*,*,#3911,.F.);
#5871=ORIENTED_EDGE('',*,*,#3896,.F.);
#5872=ORIENTED_EDGE('',*,*,#3923,.F.);
#5873=ORIENTED_EDGE('',*,*,#4405,.F.);
#5874=ORIENTED_EDGE('',*,*,#4406,.F.);
#5875=ORIENTED_EDGE('',*,*,#4407,.F.);
#5876=ORIENTED_EDGE('',*,*,#4408,.F.);
#5877=ORIENTED_EDGE('',*,*,#4409,.T.);
#5878=ORIENTED_EDGE('',*,*,#4394,.F.);
#5879=ORIENTED_EDGE('',*,*,#4400,.F.);
#5880=ORIENTED_EDGE('',*,*,#4410,.F.);
#5881=ORIENTED_EDGE('',*,*,#4411,.F.);
#5882=ORIENTED_EDGE('',*,*,#4412,.F.);
#5883=ORIENTED_EDGE('',*,*,#4413,.F.);
#5884=ORIENTED_EDGE('',*,*,#4414,.T.);
#5885=ORIENTED_EDGE('',*,*,#4415,.T.);
#5886=ORIENTED_EDGE('',*,*,#4405,.T.);
#5887=ORIENTED_EDGE('',*,*,#4416,.T.);
#5888=ORIENTED_EDGE('',*,*,#4417,.T.);
#5889=ORIENTED_EDGE('',*,*,#4418,.T.);
#5890=ORIENTED_EDGE('',*,*,#4406,.T.);
#5891=ORIENTED_EDGE('',*,*,#4415,.F.);
#5892=ORIENTED_EDGE('',*,*,#4407,.T.);
#5893=ORIENTED_EDGE('',*,*,#4418,.F.);
#5894=ORIENTED_EDGE('',*,*,#4419,.T.);
#5895=ORIENTED_EDGE('',*,*,#4420,.T.);
#5896=ORIENTED_EDGE('',*,*,#4421,.T.);
#5897=ORIENTED_EDGE('',*,*,#4416,.F.);
#5898=ORIENTED_EDGE('',*,*,#4408,.T.);
#5899=ORIENTED_EDGE('',*,*,#4420,.F.);
#5900=ORIENTED_EDGE('',*,*,#4417,.F.);
#5901=ORIENTED_EDGE('',*,*,#4422,.F.);
#5902=ORIENTED_EDGE('',*,*,#4423,.F.);
#5903=ORIENTED_EDGE('',*,*,#4424,.F.);
#5904=ORIENTED_EDGE('',*,*,#4414,.F.);
#5905=ORIENTED_EDGE('',*,*,#4425,.T.);
#5906=ORIENTED_EDGE('',*,*,#4426,.F.);
#5907=ORIENTED_EDGE('',*,*,#4427,.T.);
#5908=ORIENTED_EDGE('',*,*,#4428,.F.);
#5909=ORIENTED_EDGE('',*,*,#4429,.F.);
#5910=ORIENTED_EDGE('',*,*,#4430,.F.);
#5911=ORIENTED_EDGE('',*,*,#4431,.T.);
#5912=ORIENTED_EDGE('',*,*,#4432,.F.);
#5913=ORIENTED_EDGE('',*,*,#4334,.F.);
#5914=ORIENTED_EDGE('',*,*,#4433,.F.);
#5915=ORIENTED_EDGE('',*,*,#4434,.T.);
#5916=ORIENTED_EDGE('',*,*,#4435,.F.);
#5917=ORIENTED_EDGE('',*,*,#4380,.F.);
#5918=ORIENTED_EDGE('',*,*,#4436,.F.);
#5919=ORIENTED_EDGE('',*,*,#4422,.T.);
#5920=ORIENTED_EDGE('',*,*,#4437,.T.);
#5921=ORIENTED_EDGE('',*,*,#3933,.T.);
#5922=ORIENTED_EDGE('',*,*,#3936,.T.);
#5923=ORIENTED_EDGE('',*,*,#4438,.T.);
#5924=ORIENTED_EDGE('',*,*,#4433,.T.);
#5925=ORIENTED_EDGE('',*,*,#4439,.T.);
#5926=ORIENTED_EDGE('',*,*,#4410,.T.);
#5927=ORIENTED_EDGE('',*,*,#4440,.T.);
#5928=ORIENTED_EDGE('',*,*,#4333,.T.);
#5929=ORIENTED_EDGE('',*,*,#4441,.T.);
#5930=ORIENTED_EDGE('',*,*,#4411,.T.);
#5931=ORIENTED_EDGE('',*,*,#4439,.F.);
#5932=ORIENTED_EDGE('',*,*,#4442,.T.);
#5933=ORIENTED_EDGE('',*,*,#4443,.T.);
#5934=ORIENTED_EDGE('',*,*,#4412,.T.);
#5935=ORIENTED_EDGE('',*,*,#4441,.F.);
#5936=ORIENTED_EDGE('',*,*,#4413,.T.);
#5937=ORIENTED_EDGE('',*,*,#4443,.F.);
#5938=ORIENTED_EDGE('',*,*,#4444,.T.);
#5939=ORIENTED_EDGE('',*,*,#4440,.F.);
#5940=ORIENTED_EDGE('',*,*,#4384,.T.);
#5941=ORIENTED_EDGE('',*,*,#4367,.F.);
#5942=ORIENTED_EDGE('',*,*,#4342,.T.);
#5943=ORIENTED_EDGE('',*,*,#4371,.F.);
#5944=ORIENTED_EDGE('',*,*,#4445,.T.);
#5945=ORIENTED_EDGE('',*,*,#4446,.T.);
#5946=ORIENTED_EDGE('',*,*,#4382,.T.);
#5947=ORIENTED_EDGE('',*,*,#4447,.T.);
#5948=ORIENTED_EDGE('',*,*,#4381,.T.);
#5949=ORIENTED_EDGE('',*,*,#4435,.T.);
#5950=ORIENTED_EDGE('',*,*,#4448,.T.);
#5951=ORIENTED_EDGE('',*,*,#4447,.F.);
#5952=ORIENTED_EDGE('',*,*,#4396,.F.);
#5953=ORIENTED_EDGE('',*,*,#4449,.T.);
#5954=ORIENTED_EDGE('',*,*,#4450,.F.);
#5955=ORIENTED_EDGE('',*,*,#4451,.F.);
#5956=ORIENTED_EDGE('',*,*,#4452,.F.);
#5957=ORIENTED_EDGE('',*,*,#4445,.F.);
#5958=ORIENTED_EDGE('',*,*,#4453,.F.);
#5959=ORIENTED_EDGE('',*,*,#4442,.F.);
#5960=ORIENTED_EDGE('',*,*,#4332,.T.);
#5961=ORIENTED_EDGE('',*,*,#4454,.F.);
#5962=ORIENTED_EDGE('',*,*,#4455,.F.);
#5963=ORIENTED_EDGE('',*,*,#4336,.T.);
#5964=ORIENTED_EDGE('',*,*,#4456,.F.);
#5965=ORIENTED_EDGE('',*,*,#4457,.F.);
#5966=ORIENTED_EDGE('',*,*,#4458,.F.);
#5967=ORIENTED_EDGE('',*,*,#4459,.F.);
#5968=ORIENTED_EDGE('',*,*,#4460,.F.);
#5969=ORIENTED_EDGE('',*,*,#4461,.F.);
#5970=ORIENTED_EDGE('',*,*,#4462,.T.);
#5971=ORIENTED_EDGE('',*,*,#4463,.F.);
#5972=ORIENTED_EDGE('',*,*,#4464,.F.);
#5973=ORIENTED_EDGE('',*,*,#4465,.F.);
#5974=ORIENTED_EDGE('',*,*,#4466,.F.);
#5975=ORIENTED_EDGE('',*,*,#4467,.F.);
#5976=ORIENTED_EDGE('',*,*,#4444,.F.);
#5977=ORIENTED_EDGE('',*,*,#4453,.T.);
#5978=ORIENTED_EDGE('',*,*,#4448,.F.);
#5979=ORIENTED_EDGE('',*,*,#4434,.F.);
#5980=ORIENTED_EDGE('',*,*,#4386,.T.);
#5981=ORIENTED_EDGE('',*,*,#4468,.T.);
#5982=ORIENTED_EDGE('',*,*,#4450,.T.);
#5983=ORIENTED_EDGE('',*,*,#4469,.T.);
#5984=ORIENTED_EDGE('',*,*,#4470,.T.);
#5985=ORIENTED_EDGE('',*,*,#4471,.T.);
#5986=ORIENTED_EDGE('',*,*,#4387,.T.);
#5987=ORIENTED_EDGE('',*,*,#4469,.F.);
#5988=ORIENTED_EDGE('',*,*,#4423,.T.);
#5989=ORIENTED_EDGE('',*,*,#4436,.T.);
#5990=ORIENTED_EDGE('',*,*,#4379,.T.);
#5991=ORIENTED_EDGE('',*,*,#4472,.T.);
#5992=ORIENTED_EDGE('',*,*,#4473,.T.);
#5993=ORIENTED_EDGE('',*,*,#4472,.F.);
#5994=ORIENTED_EDGE('',*,*,#4378,.T.);
#5995=ORIENTED_EDGE('',*,*,#4474,.T.);
#5996=ORIENTED_EDGE('',*,*,#4377,.T.);
#5997=ORIENTED_EDGE('',*,*,#4475,.T.);
#5998=ORIENTED_EDGE('',*,*,#4476,.T.);
#5999=ORIENTED_EDGE('',*,*,#4474,.F.);
#6000=ORIENTED_EDGE('',*,*,#4419,.F.);
#6001=ORIENTED_EDGE('',*,*,#4424,.T.);
#6002=ORIENTED_EDGE('',*,*,#4473,.F.);
#6003=ORIENTED_EDGE('',*,*,#4477,.F.);
#6004=ORIENTED_EDGE('',*,*,#4398,.F.);
#6005=ORIENTED_EDGE('',*,*,#4467,.T.);
#6006=ORIENTED_EDGE('',*,*,#4478,.F.);
#6007=ORIENTED_EDGE('',*,*,#4479,.F.);
#6008=ORIENTED_EDGE('',*,*,#4480,.F.);
#6009=ORIENTED_EDGE('',*,*,#4481,.F.);
#6010=ORIENTED_EDGE('',*,*,#4464,.T.);
#6011=ORIENTED_EDGE('',*,*,#4482,.F.);
#6012=ORIENTED_EDGE('',*,*,#4483,.F.);
#6013=ORIENTED_EDGE('',*,*,#4484,.F.);
#6014=ORIENTED_EDGE('',*,*,#4485,.F.);
#6015=ORIENTED_EDGE('',*,*,#4486,.T.);
#6016=ORIENTED_EDGE('',*,*,#4487,.F.);
#6017=ORIENTED_EDGE('',*,*,#4488,.T.);
#6018=ORIENTED_EDGE('',*,*,#4489,.F.);
#6019=ORIENTED_EDGE('',*,*,#4425,.F.);
#6020=ORIENTED_EDGE('',*,*,#4421,.F.);
#6021=ORIENTED_EDGE('',*,*,#4477,.T.);
#6022=ORIENTED_EDGE('',*,*,#4476,.F.);
#6023=ORIENTED_EDGE('',*,*,#4490,.T.);
#6024=ORIENTED_EDGE('',*,*,#4491,.F.);
#6025=ORIENTED_EDGE('',*,*,#4388,.T.);
#6026=ORIENTED_EDGE('',*,*,#4471,.F.);
#6027=ORIENTED_EDGE('',*,*,#4492,.F.);
#6028=ORIENTED_EDGE('',*,*,#4493,.T.);
#6029=ORIENTED_EDGE('',*,*,#4494,.T.);
#6030=ORIENTED_EDGE('',*,*,#4495,.T.);
#6031=ORIENTED_EDGE('',*,*,#4496,.T.);
#6032=ORIENTED_EDGE('',*,*,#4497,.F.);
#6033=ORIENTED_EDGE('',*,*,#4498,.T.);
#6034=ORIENTED_EDGE('',*,*,#4499,.F.);
#6035=ORIENTED_EDGE('',*,*,#4500,.F.);
#6036=ORIENTED_EDGE('',*,*,#4501,.F.);
#6037=ORIENTED_EDGE('',*,*,#4502,.F.);
#6038=ORIENTED_EDGE('',*,*,#4375,.F.);
#6039=ORIENTED_EDGE('',*,*,#4503,.F.);
#6040=ORIENTED_EDGE('',*,*,#4504,.F.);
#6041=ORIENTED_EDGE('',*,*,#4505,.F.);
#6042=ORIENTED_EDGE('',*,*,#4506,.F.);
#6043=ORIENTED_EDGE('',*,*,#4494,.F.);
#6044=ORIENTED_EDGE('',*,*,#4507,.F.);
#6045=ORIENTED_EDGE('',*,*,#4508,.T.);
#6046=ORIENTED_EDGE('',*,*,#4372,.F.);
#6047=ORIENTED_EDGE('',*,*,#4502,.T.);
#6048=ORIENTED_EDGE('',*,*,#4509,.T.);
#6049=ORIENTED_EDGE('',*,*,#4501,.T.);
#6050=ORIENTED_EDGE('',*,*,#4374,.F.);
#6051=ORIENTED_EDGE('',*,*,#4510,.T.);
#6052=ORIENTED_EDGE('',*,*,#4509,.F.);
#6053=ORIENTED_EDGE('',*,*,#4508,.F.);
#6054=ORIENTED_EDGE('',*,*,#4511,.T.);
#6055=ORIENTED_EDGE('',*,*,#4512,.F.);
#6056=ORIENTED_EDGE('',*,*,#4490,.F.);
#6057=ORIENTED_EDGE('',*,*,#4475,.F.);
#6058=ORIENTED_EDGE('',*,*,#4376,.F.);
#6059=ORIENTED_EDGE('',*,*,#4510,.F.);
#6060=ORIENTED_EDGE('',*,*,#4390,.F.);
#6061=ORIENTED_EDGE('',*,*,#4513,.F.);
#6062=ORIENTED_EDGE('',*,*,#4511,.F.);
#6063=ORIENTED_EDGE('',*,*,#4512,.T.);
#6064=ORIENTED_EDGE('',*,*,#4513,.T.);
#6065=ORIENTED_EDGE('',*,*,#4389,.T.);
#6066=ORIENTED_EDGE('',*,*,#4491,.T.);
#6067=ORIENTED_EDGE('',*,*,#4503,.T.);
#6068=ORIENTED_EDGE('',*,*,#4514,.T.);
#6069=ORIENTED_EDGE('',*,*,#4515,.T.);
#6070=ORIENTED_EDGE('',*,*,#4516,.T.);
#6071=ORIENTED_EDGE('',*,*,#4517,.T.);
#6072=ORIENTED_EDGE('',*,*,#4514,.F.);
#6073=ORIENTED_EDGE('',*,*,#4505,.T.);
#6074=ORIENTED_EDGE('',*,*,#4518,.T.);
#6075=ORIENTED_EDGE('',*,*,#4504,.T.);
#6076=ORIENTED_EDGE('',*,*,#4516,.F.);
#6077=ORIENTED_EDGE('',*,*,#4519,.T.);
#6078=ORIENTED_EDGE('',*,*,#4518,.F.);
#6079=ORIENTED_EDGE('',*,*,#4519,.F.);
#6080=ORIENTED_EDGE('',*,*,#4520,.T.);
#6081=ORIENTED_EDGE('',*,*,#4521,.F.);
#6082=ORIENTED_EDGE('',*,*,#4522,.F.);
#6083=ORIENTED_EDGE('',*,*,#4515,.F.);
#6084=ORIENTED_EDGE('',*,*,#4523,.F.);
#6085=ORIENTED_EDGE('',*,*,#4524,.F.);
#6086=ORIENTED_EDGE('',*,*,#4520,.F.);
#6087=ORIENTED_EDGE('',*,*,#4525,.T.);
#6088=ORIENTED_EDGE('',*,*,#4446,.F.);
#6089=ORIENTED_EDGE('',*,*,#4452,.T.);
#6090=ORIENTED_EDGE('',*,*,#4526,.T.);
#6091=ORIENTED_EDGE('',*,*,#4451,.T.);
#6092=ORIENTED_EDGE('',*,*,#4468,.F.);
#6093=ORIENTED_EDGE('',*,*,#4527,.T.);
#6094=ORIENTED_EDGE('',*,*,#4526,.F.);
#6095=ORIENTED_EDGE('',*,*,#4368,.F.);
#6096=ORIENTED_EDGE('',*,*,#4383,.F.);
#6097=ORIENTED_EDGE('',*,*,#4525,.F.);
#6098=ORIENTED_EDGE('',*,*,#4528,.F.);
#6099=ORIENTED_EDGE('',*,*,#4370,.F.);
#6100=ORIENTED_EDGE('',*,*,#4528,.T.);
#6101=ORIENTED_EDGE('',*,*,#4527,.F.);
#6102=ORIENTED_EDGE('',*,*,#4385,.F.);
#6103=ORIENTED_EDGE('',*,*,#4328,.T.);
#6104=ORIENTED_EDGE('',*,*,#4337,.T.);
#6105=ORIENTED_EDGE('',*,*,#4455,.T.);
#6106=ORIENTED_EDGE('',*,*,#4529,.T.);
#6107=ORIENTED_EDGE('',*,*,#4454,.T.);
#6108=ORIENTED_EDGE('',*,*,#4331,.T.);
#6109=ORIENTED_EDGE('',*,*,#4530,.T.);
#6110=ORIENTED_EDGE('',*,*,#4529,.F.);
#6111=ORIENTED_EDGE('',*,*,#4324,.F.);
#6112=ORIENTED_EDGE('',*,*,#4329,.T.);
#6113=ORIENTED_EDGE('',*,*,#4530,.F.);
#6114=ORIENTED_EDGE('',*,*,#4330,.F.);
#6115=ORIENTED_EDGE('',*,*,#4531,.F.);
#6116=ORIENTED_EDGE('',*,*,#4366,.T.);
#6117=ORIENTED_EDGE('',*,*,#4532,.F.);
#6118=ORIENTED_EDGE('',*,*,#4533,.T.);
#6119=ORIENTED_EDGE('',*,*,#4534,.T.);
#6120=ORIENTED_EDGE('',*,*,#4535,.F.);
#6121=ORIENTED_EDGE('',*,*,#4536,.F.);
#6122=ORIENTED_EDGE('',*,*,#4480,.T.);
#6123=ORIENTED_EDGE('',*,*,#4537,.T.);
#6124=ORIENTED_EDGE('',*,*,#4524,.T.);
#6125=ORIENTED_EDGE('',*,*,#4533,.F.);
#6126=ORIENTED_EDGE('',*,*,#4538,.F.);
#6127=ORIENTED_EDGE('',*,*,#4535,.T.);
#6128=ORIENTED_EDGE('',*,*,#4521,.T.);
#6129=ORIENTED_EDGE('',*,*,#4537,.F.);
#6130=ORIENTED_EDGE('',*,*,#4479,.T.);
#6131=ORIENTED_EDGE('',*,*,#4517,.F.);
#6132=ORIENTED_EDGE('',*,*,#4522,.T.);
#6133=ORIENTED_EDGE('',*,*,#4534,.F.);
#6134=ORIENTED_EDGE('',*,*,#4523,.T.);
#6135=ORIENTED_EDGE('',*,*,#4539,.T.);
#6136=ORIENTED_EDGE('',*,*,#4540,.T.);
#6137=ORIENTED_EDGE('',*,*,#4485,.T.);
#6138=ORIENTED_EDGE('',*,*,#4541,.T.);
#6139=ORIENTED_EDGE('',*,*,#4484,.T.);
#6140=ORIENTED_EDGE('',*,*,#4542,.T.);
#6141=ORIENTED_EDGE('',*,*,#4543,.T.);
#6142=ORIENTED_EDGE('',*,*,#4541,.F.);
#6143=ORIENTED_EDGE('',*,*,#4496,.F.);
#6144=ORIENTED_EDGE('',*,*,#4544,.F.);
#6145=ORIENTED_EDGE('',*,*,#4539,.F.);
#6146=ORIENTED_EDGE('',*,*,#4545,.F.);
#6147=ORIENTED_EDGE('',*,*,#4543,.F.);
#6148=ORIENTED_EDGE('',*,*,#4546,.F.);
#6149=ORIENTED_EDGE('',*,*,#4547,.F.);
#6150=ORIENTED_EDGE('',*,*,#4548,.T.);
#6151=ORIENTED_EDGE('',*,*,#4549,.F.);
#6152=ORIENTED_EDGE('',*,*,#4550,.T.);
#6153=ORIENTED_EDGE('',*,*,#4551,.F.);
#6154=ORIENTED_EDGE('',*,*,#4552,.F.);
#6155=ORIENTED_EDGE('',*,*,#4429,.T.);
#6156=ORIENTED_EDGE('',*,*,#4553,.F.);
#6157=ORIENTED_EDGE('',*,*,#4554,.F.);
#6158=ORIENTED_EDGE('',*,*,#4555,.F.);
#6159=ORIENTED_EDGE('',*,*,#4556,.F.);
#6160=ORIENTED_EDGE('',*,*,#4557,.F.);
#6161=ORIENTED_EDGE('',*,*,#4545,.T.);
#6162=ORIENTED_EDGE('',*,*,#4558,.T.);
#6163=ORIENTED_EDGE('',*,*,#4495,.F.);
#6164=ORIENTED_EDGE('',*,*,#4506,.T.);
#6165=ORIENTED_EDGE('',*,*,#4559,.T.);
#6166=ORIENTED_EDGE('',*,*,#4507,.T.);
#6167=ORIENTED_EDGE('',*,*,#4493,.F.);
#6168=ORIENTED_EDGE('',*,*,#4557,.T.);
#6169=ORIENTED_EDGE('',*,*,#4559,.F.);
#6170=ORIENTED_EDGE('',*,*,#4558,.F.);
#6171=ORIENTED_EDGE('',*,*,#4556,.T.);
#6172=ORIENTED_EDGE('',*,*,#4560,.F.);
#6173=ORIENTED_EDGE('',*,*,#4486,.F.);
#6174=ORIENTED_EDGE('',*,*,#4540,.F.);
#6175=ORIENTED_EDGE('',*,*,#4544,.T.);
#6176=ORIENTED_EDGE('',*,*,#4363,.T.);
#6177=ORIENTED_EDGE('',*,*,#4531,.T.);
#6178=ORIENTED_EDGE('',*,*,#4538,.T.);
#6179=ORIENTED_EDGE('',*,*,#4478,.T.);
#6180=ORIENTED_EDGE('',*,*,#4466,.T.);
#6181=ORIENTED_EDGE('',*,*,#4561,.T.);
#6182=ORIENTED_EDGE('',*,*,#4465,.T.);
#6183=ORIENTED_EDGE('',*,*,#4481,.T.);
#6184=ORIENTED_EDGE('',*,*,#4536,.T.);
#6185=ORIENTED_EDGE('',*,*,#4532,.T.);
#6186=ORIENTED_EDGE('',*,*,#4562,.T.);
#6187=ORIENTED_EDGE('',*,*,#4561,.F.);
#6188=ORIENTED_EDGE('',*,*,#4361,.F.);
#6189=ORIENTED_EDGE('',*,*,#4364,.T.);
#6190=ORIENTED_EDGE('',*,*,#4562,.F.);
#6191=ORIENTED_EDGE('',*,*,#4365,.F.);
#6192=ORIENTED_EDGE('',*,*,#4487,.T.);
#6193=ORIENTED_EDGE('',*,*,#4560,.T.);
#6194=ORIENTED_EDGE('',*,*,#4555,.T.);
#6195=ORIENTED_EDGE('',*,*,#4563,.T.);
#6196=ORIENTED_EDGE('',*,*,#4554,.T.);
#6197=ORIENTED_EDGE('',*,*,#4564,.T.);
#6198=ORIENTED_EDGE('',*,*,#4565,.T.);
#6199=ORIENTED_EDGE('',*,*,#4563,.F.);
#6200=ORIENTED_EDGE('',*,*,#4553,.T.);
#6201=ORIENTED_EDGE('',*,*,#4428,.T.);
#6202=ORIENTED_EDGE('',*,*,#4566,.T.);
#6203=ORIENTED_EDGE('',*,*,#4564,.F.);
#6204=ORIENTED_EDGE('',*,*,#4565,.F.);
#6205=ORIENTED_EDGE('',*,*,#4567,.T.);
#6206=ORIENTED_EDGE('',*,*,#4568,.F.);
#6207=ORIENTED_EDGE('',*,*,#4488,.F.);
#6208=ORIENTED_EDGE('',*,*,#4566,.F.);
#6209=ORIENTED_EDGE('',*,*,#4427,.F.);
#6210=ORIENTED_EDGE('',*,*,#4569,.F.);
#6211=ORIENTED_EDGE('',*,*,#4567,.F.);
#6212=ORIENTED_EDGE('',*,*,#4549,.T.);
#6213=ORIENTED_EDGE('',*,*,#4351,.F.);
#6214=ORIENTED_EDGE('',*,*,#4345,.T.);
#6215=ORIENTED_EDGE('',*,*,#4355,.F.);
#6216=ORIENTED_EDGE('',*,*,#4547,.T.);
#6217=ORIENTED_EDGE('',*,*,#4570,.T.);
#6218=ORIENTED_EDGE('',*,*,#4461,.T.);
#6219=ORIENTED_EDGE('',*,*,#4571,.T.);
#6220=ORIENTED_EDGE('',*,*,#4460,.T.);
#6221=ORIENTED_EDGE('',*,*,#4572,.T.);
#6222=ORIENTED_EDGE('',*,*,#4573,.T.);
#6223=ORIENTED_EDGE('',*,*,#4571,.F.);
#6224=ORIENTED_EDGE('',*,*,#4459,.T.);
#6225=ORIENTED_EDGE('',*,*,#4574,.T.);
#6226=ORIENTED_EDGE('',*,*,#4575,.T.);
#6227=ORIENTED_EDGE('',*,*,#4572,.F.);
#6228=ORIENTED_EDGE('',*,*,#4576,.T.);
#6229=ORIENTED_EDGE('',*,*,#4430,.T.);
#6230=ORIENTED_EDGE('',*,*,#4552,.T.);
#6231=ORIENTED_EDGE('',*,*,#4577,.T.);
#6232=ORIENTED_EDGE('',*,*,#4458,.T.);
#6233=ORIENTED_EDGE('',*,*,#4577,.F.);
#6234=ORIENTED_EDGE('',*,*,#4551,.T.);
#6235=ORIENTED_EDGE('',*,*,#4574,.F.);
#6236=ORIENTED_EDGE('',*,*,#4352,.F.);
#6237=ORIENTED_EDGE('',*,*,#4548,.F.);
#6238=ORIENTED_EDGE('',*,*,#4573,.F.);
#6239=ORIENTED_EDGE('',*,*,#4578,.F.);
#6240=ORIENTED_EDGE('',*,*,#4354,.F.);
#6241=ORIENTED_EDGE('',*,*,#4578,.T.);
#6242=ORIENTED_EDGE('',*,*,#4575,.F.);
#6243=ORIENTED_EDGE('',*,*,#4550,.F.);
#6244=ORIENTED_EDGE('',*,*,#4579,.T.);
#6245=ORIENTED_EDGE('',*,*,#4580,.T.);
#6246=ORIENTED_EDGE('',*,*,#4482,.T.);
#6247=ORIENTED_EDGE('',*,*,#4581,.F.);
#6248=ORIENTED_EDGE('',*,*,#4582,.T.);
#6249=ORIENTED_EDGE('',*,*,#4583,.T.);
#6250=ORIENTED_EDGE('',*,*,#4584,.T.);
#6251=ORIENTED_EDGE('',*,*,#4580,.F.);
#6252=ORIENTED_EDGE('',*,*,#4463,.T.);
#6253=ORIENTED_EDGE('',*,*,#4583,.F.);
#6254=ORIENTED_EDGE('',*,*,#4585,.T.);
#6255=ORIENTED_EDGE('',*,*,#4581,.T.);
#6256=ORIENTED_EDGE('',*,*,#4586,.F.);
#6257=ORIENTED_EDGE('',*,*,#3919,.F.);
#6258=ORIENTED_EDGE('',*,*,#3898,.T.);
#6259=ORIENTED_EDGE('',*,*,#3912,.F.);
#6260=ORIENTED_EDGE('',*,*,#3902,.F.);
#6261=ORIENTED_EDGE('',*,*,#4587,.F.);
#6262=ORIENTED_EDGE('',*,*,#4588,.F.);
#6263=ORIENTED_EDGE('',*,*,#4589,.F.);
#6264=ORIENTED_EDGE('',*,*,#4590,.F.);
#6265=ORIENTED_EDGE('',*,*,#4591,.F.);
#6266=ORIENTED_EDGE('',*,*,#4592,.F.);
#6267=ORIENTED_EDGE('',*,*,#4393,.F.);
#6268=ORIENTED_EDGE('',*,*,#4593,.F.);
#6269=ORIENTED_EDGE('',*,*,#4594,.F.);
#6270=ORIENTED_EDGE('',*,*,#4595,.F.);
#6271=ORIENTED_EDGE('',*,*,#4596,.F.);
#6272=ORIENTED_EDGE('',*,*,#4579,.F.);
#6273=ORIENTED_EDGE('',*,*,#4585,.F.);
#6274=ORIENTED_EDGE('',*,*,#4582,.F.);
#6275=ORIENTED_EDGE('',*,*,#4456,.T.);
#6276=ORIENTED_EDGE('',*,*,#4391,.F.);
#6277=ORIENTED_EDGE('',*,*,#4592,.T.);
#6278=ORIENTED_EDGE('',*,*,#4597,.T.);
#6279=ORIENTED_EDGE('',*,*,#4590,.T.);
#6280=ORIENTED_EDGE('',*,*,#4392,.F.);
#6281=ORIENTED_EDGE('',*,*,#4432,.T.);
#6282=ORIENTED_EDGE('',*,*,#4598,.T.);
#6283=ORIENTED_EDGE('',*,*,#4591,.T.);
#6284=ORIENTED_EDGE('',*,*,#4598,.F.);
#6285=ORIENTED_EDGE('',*,*,#4599,.T.);
#6286=ORIENTED_EDGE('',*,*,#4597,.F.);
#6287=ORIENTED_EDGE('',*,*,#4576,.F.);
#6288=ORIENTED_EDGE('',*,*,#4457,.T.);
#6289=ORIENTED_EDGE('',*,*,#4599,.F.);
#6290=ORIENTED_EDGE('',*,*,#4431,.F.);
#6291=ORIENTED_EDGE('',*,*,#4595,.T.);
#6292=ORIENTED_EDGE('',*,*,#4600,.T.);
#6293=ORIENTED_EDGE('',*,*,#4568,.T.);
#6294=ORIENTED_EDGE('',*,*,#4601,.F.);
#6295=ORIENTED_EDGE('',*,*,#4426,.T.);
#6296=ORIENTED_EDGE('',*,*,#4602,.T.);
#6297=ORIENTED_EDGE('',*,*,#4593,.T.);
#6298=ORIENTED_EDGE('',*,*,#4603,.T.);
#6299=ORIENTED_EDGE('',*,*,#4594,.T.);
#6300=ORIENTED_EDGE('',*,*,#4602,.F.);
#6301=ORIENTED_EDGE('',*,*,#4489,.T.);
#6302=ORIENTED_EDGE('',*,*,#4600,.F.);
#6303=ORIENTED_EDGE('',*,*,#4569,.T.);
#6304=ORIENTED_EDGE('',*,*,#4603,.F.);
#6305=ORIENTED_EDGE('',*,*,#4596,.T.);
#6306=ORIENTED_EDGE('',*,*,#4601,.T.);
#6307=ORIENTED_EDGE('',*,*,#4604,.T.);
#6308=ORIENTED_EDGE('',*,*,#3920,.T.);
#6309=ORIENTED_EDGE('',*,*,#4586,.T.);
#6310=ORIENTED_EDGE('',*,*,#4605,.T.);
#6311=ORIENTED_EDGE('',*,*,#4606,.F.);
#6312=ORIENTED_EDGE('',*,*,#4607,.F.);
#6313=ORIENTED_EDGE('',*,*,#4608,.F.);
#6314=ORIENTED_EDGE('',*,*,#4609,.F.);
#6315=ORIENTED_EDGE('',*,*,#4610,.F.);
#6316=ORIENTED_EDGE('',*,*,#4611,.F.);
#6317=ORIENTED_EDGE('',*,*,#4612,.F.);
#6318=ORIENTED_EDGE('',*,*,#4613,.F.);
#6319=ORIENTED_EDGE('',*,*,#4614,.F.);
#6320=ORIENTED_EDGE('',*,*,#4615,.F.);
#6321=ORIENTED_EDGE('',*,*,#4616,.F.);
#6322=ORIENTED_EDGE('',*,*,#4617,.F.);
#6323=ORIENTED_EDGE('',*,*,#4401,.T.);
#6324=ORIENTED_EDGE('',*,*,#3922,.T.);
#6325=ORIENTED_EDGE('',*,*,#4618,.T.);
#6326=ORIENTED_EDGE('',*,*,#4619,.T.);
#6327=ORIENTED_EDGE('',*,*,#4497,.T.);
#6328=ORIENTED_EDGE('',*,*,#4616,.T.);
#6329=ORIENTED_EDGE('',*,*,#4402,.T.);
#6330=ORIENTED_EDGE('',*,*,#4619,.F.);
#6331=ORIENTED_EDGE('',*,*,#4610,.T.);
#6332=ORIENTED_EDGE('',*,*,#4338,.T.);
#6333=ORIENTED_EDGE('',*,*,#4617,.T.);
#6334=ORIENTED_EDGE('',*,*,#4500,.T.);
#6335=ORIENTED_EDGE('',*,*,#4615,.T.);
#6336=ORIENTED_EDGE('',*,*,#4341,.T.);
#6337=ORIENTED_EDGE('',*,*,#4613,.T.);
#6338=ORIENTED_EDGE('',*,*,#4403,.T.);
#6339=ORIENTED_EDGE('',*,*,#4607,.T.);
#6340=ORIENTED_EDGE('',*,*,#4620,.T.);
#6341=ORIENTED_EDGE('',*,*,#4614,.T.);
#6342=ORIENTED_EDGE('',*,*,#4340,.T.);
#6343=ORIENTED_EDGE('',*,*,#3908,.T.);
#6344=ORIENTED_EDGE('',*,*,#4404,.T.);
#6345=ORIENTED_EDGE('',*,*,#4612,.T.);
#6346=ORIENTED_EDGE('',*,*,#4621,.T.);
#6347=ORIENTED_EDGE('',*,*,#4589,.T.);
#6348=ORIENTED_EDGE('',*,*,#4611,.T.);
#6349=ORIENTED_EDGE('',*,*,#4499,.T.);
#6350=ORIENTED_EDGE('',*,*,#4605,.F.);
#6351=ORIENTED_EDGE('',*,*,#4609,.T.);
#6352=ORIENTED_EDGE('',*,*,#4588,.T.);
#6353=ORIENTED_EDGE('',*,*,#4608,.T.);
#6354=ORIENTED_EDGE('',*,*,#4339,.T.);
#6355=ORIENTED_EDGE('',*,*,#3901,.T.);
#6356=ORIENTED_EDGE('',*,*,#4622,.T.);
#6357=ORIENTED_EDGE('',*,*,#4606,.T.);
#6358=ORIENTED_EDGE('',*,*,#4587,.T.);
#6359=ORIENTED_EDGE('',*,*,#4618,.F.);
#6360=ORIENTED_EDGE('',*,*,#3921,.F.);
#6361=ORIENTED_EDGE('',*,*,#4604,.F.);
#6362=ORIENTED_EDGE('',*,*,#4498,.F.);
#6363=ORIENTED_EDGE('',*,*,#4621,.F.);
#6364=ORIENTED_EDGE('',*,*,#4620,.F.);
#6365=ORIENTED_EDGE('',*,*,#4622,.F.);
#6366=ORIENTED_EDGE('',*,*,#3905,.F.);
#6367=ORIENTED_EDGE('',*,*,#4267,.T.);
#6368=ORIENTED_EDGE('',*,*,#4277,.T.);
#6369=ORIENTED_EDGE('',*,*,#4274,.T.);
#6370=ORIENTED_EDGE('',*,*,#4271,.T.);
#6371=ORIENTED_EDGE('',*,*,#4279,.T.);
#6372=ORIENTED_EDGE('',*,*,#4282,.T.);
#6373=ORIENTED_EDGE('',*,*,#4292,.T.);
#6374=ORIENTED_EDGE('',*,*,#4289,.T.);
#6375=ORIENTED_EDGE('',*,*,#4286,.T.);
#6376=ORIENTED_EDGE('',*,*,#4294,.T.);
#6377=ORIENTED_EDGE('',*,*,#4304,.T.);
#6378=ORIENTED_EDGE('',*,*,#4301,.T.);
#6379=ORIENTED_EDGE('',*,*,#4298,.T.);
#6380=ORIENTED_EDGE('',*,*,#4306,.T.);
#6381=ORIENTED_EDGE('',*,*,#4316,.T.);
#6382=ORIENTED_EDGE('',*,*,#4313,.T.);
#6383=ORIENTED_EDGE('',*,*,#4310,.T.);
#6384=ORIENTED_EDGE('',*,*,#4083,.T.);
#6385=ORIENTED_EDGE('',*,*,#4623,.T.);
#6386=ORIENTED_EDGE('',*,*,#4624,.T.);
#6387=ORIENTED_EDGE('',*,*,#4625,.T.);
#6388=ORIENTED_EDGE('',*,*,#4626,.T.);
#6389=ORIENTED_EDGE('',*,*,#4627,.T.);
#6390=ORIENTED_EDGE('',*,*,#4628,.T.);
#6391=ORIENTED_EDGE('',*,*,#4629,.T.);
#6392=ORIENTED_EDGE('',*,*,#4630,.T.);
#6393=ORIENTED_EDGE('',*,*,#4631,.T.);
#6394=ORIENTED_EDGE('',*,*,#4632,.T.);
#6395=ORIENTED_EDGE('',*,*,#4633,.T.);
#6396=ORIENTED_EDGE('',*,*,#4060,.T.);
#6397=ORIENTED_EDGE('',*,*,#4063,.T.);
#6398=ORIENTED_EDGE('',*,*,#4065,.T.);
#6399=ORIENTED_EDGE('',*,*,#4067,.T.);
#6400=ORIENTED_EDGE('',*,*,#4069,.T.);
#6401=ORIENTED_EDGE('',*,*,#4071,.T.);
#6402=ORIENTED_EDGE('',*,*,#4073,.T.);
#6403=ORIENTED_EDGE('',*,*,#4075,.T.);
#6404=ORIENTED_EDGE('',*,*,#4077,.T.);
#6405=ORIENTED_EDGE('',*,*,#4079,.T.);
#6406=ORIENTED_EDGE('',*,*,#4081,.T.);
#6407=ORIENTED_EDGE('',*,*,#4035,.T.);
#6408=ORIENTED_EDGE('',*,*,#4634,.T.);
#6409=ORIENTED_EDGE('',*,*,#4635,.T.);
#6410=ORIENTED_EDGE('',*,*,#4636,.T.);
#6411=ORIENTED_EDGE('',*,*,#4637,.T.);
#6412=ORIENTED_EDGE('',*,*,#4638,.T.);
#6413=ORIENTED_EDGE('',*,*,#4639,.T.);
#6414=ORIENTED_EDGE('',*,*,#4640,.T.);
#6415=ORIENTED_EDGE('',*,*,#4641,.T.);
#6416=ORIENTED_EDGE('',*,*,#4642,.T.);
#6417=ORIENTED_EDGE('',*,*,#4643,.T.);
#6418=ORIENTED_EDGE('',*,*,#4644,.T.);
#6419=ORIENTED_EDGE('',*,*,#4645,.T.);
#6420=ORIENTED_EDGE('',*,*,#4012,.T.);
#6421=ORIENTED_EDGE('',*,*,#4015,.T.);
#6422=ORIENTED_EDGE('',*,*,#4017,.T.);
#6423=ORIENTED_EDGE('',*,*,#4019,.T.);
#6424=ORIENTED_EDGE('',*,*,#4021,.T.);
#6425=ORIENTED_EDGE('',*,*,#4023,.T.);
#6426=ORIENTED_EDGE('',*,*,#4025,.T.);
#6427=ORIENTED_EDGE('',*,*,#4027,.T.);
#6428=ORIENTED_EDGE('',*,*,#4029,.T.);
#6429=ORIENTED_EDGE('',*,*,#4031,.T.);
#6430=ORIENTED_EDGE('',*,*,#4033,.T.);
#6431=ORIENTED_EDGE('',*,*,#3945,.T.);
#6432=ORIENTED_EDGE('',*,*,#4646,.T.);
#6433=ORIENTED_EDGE('',*,*,#4647,.T.);
#6434=ORIENTED_EDGE('',*,*,#3942,.T.);
#6435=ORIENTED_EDGE('',*,*,#3986,.T.);
#6436=ORIENTED_EDGE('',*,*,#4648,.T.);
#6437=ORIENTED_EDGE('',*,*,#4649,.T.);
#6438=ORIENTED_EDGE('',*,*,#4650,.T.);
#6439=ORIENTED_EDGE('',*,*,#4651,.T.);
#6440=ORIENTED_EDGE('',*,*,#4652,.T.);
#6441=ORIENTED_EDGE('',*,*,#4653,.T.);
#6442=ORIENTED_EDGE('',*,*,#4654,.T.);
#6443=ORIENTED_EDGE('',*,*,#4655,.T.);
#6444=ORIENTED_EDGE('',*,*,#3971,.T.);
#6445=ORIENTED_EDGE('',*,*,#3974,.T.);
#6446=ORIENTED_EDGE('',*,*,#3976,.T.);
#6447=ORIENTED_EDGE('',*,*,#3978,.T.);
#6448=ORIENTED_EDGE('',*,*,#3980,.T.);
#6449=ORIENTED_EDGE('',*,*,#3982,.T.);
#6450=ORIENTED_EDGE('',*,*,#3984,.T.);
#6451=ORIENTED_EDGE('',*,*,#4202,.T.);
#6452=ORIENTED_EDGE('',*,*,#4656,.T.);
#6453=ORIENTED_EDGE('',*,*,#4657,.T.);
#6454=ORIENTED_EDGE('',*,*,#4658,.T.);
#6455=ORIENTED_EDGE('',*,*,#4659,.T.);
#6456=ORIENTED_EDGE('',*,*,#4660,.T.);
#6457=ORIENTED_EDGE('',*,*,#4661,.T.);
#6458=ORIENTED_EDGE('',*,*,#4189,.T.);
#6459=ORIENTED_EDGE('',*,*,#4192,.T.);
#6460=ORIENTED_EDGE('',*,*,#4194,.T.);
#6461=ORIENTED_EDGE('',*,*,#4196,.T.);
#6462=ORIENTED_EDGE('',*,*,#4198,.T.);
#6463=ORIENTED_EDGE('',*,*,#4200,.T.);
#6464=ORIENTED_EDGE('',*,*,#4266,.T.);
#6465=ORIENTED_EDGE('',*,*,#4662,.T.);
#6466=ORIENTED_EDGE('',*,*,#4663,.T.);
#6467=ORIENTED_EDGE('',*,*,#4664,.T.);
#6468=ORIENTED_EDGE('',*,*,#4665,.T.);
#6469=ORIENTED_EDGE('',*,*,#4666,.T.);
#6470=ORIENTED_EDGE('',*,*,#4667,.T.);
#6471=ORIENTED_EDGE('',*,*,#4668,.T.);
#6472=ORIENTED_EDGE('',*,*,#4669,.T.);
#6473=ORIENTED_EDGE('',*,*,#4670,.T.);
#6474=ORIENTED_EDGE('',*,*,#4671,.T.);
#6475=ORIENTED_EDGE('',*,*,#4245,.T.);
#6476=ORIENTED_EDGE('',*,*,#4248,.T.);
#6477=ORIENTED_EDGE('',*,*,#4250,.T.);
#6478=ORIENTED_EDGE('',*,*,#4252,.T.);
#6479=ORIENTED_EDGE('',*,*,#4254,.T.);
#6480=ORIENTED_EDGE('',*,*,#4256,.T.);
#6481=ORIENTED_EDGE('',*,*,#4258,.T.);
#6482=ORIENTED_EDGE('',*,*,#4260,.T.);
#6483=ORIENTED_EDGE('',*,*,#4262,.T.);
#6484=ORIENTED_EDGE('',*,*,#4264,.T.);
#6485=ORIENTED_EDGE('',*,*,#4157,.T.);
#6486=ORIENTED_EDGE('',*,*,#4672,.T.);
#6487=ORIENTED_EDGE('',*,*,#4673,.T.);
#6488=ORIENTED_EDGE('',*,*,#4674,.T.);
#6489=ORIENTED_EDGE('',*,*,#4675,.T.);
#6490=ORIENTED_EDGE('',*,*,#4676,.T.);
#6491=ORIENTED_EDGE('',*,*,#4677,.T.);
#6492=ORIENTED_EDGE('',*,*,#4146,.T.);
#6493=ORIENTED_EDGE('',*,*,#4149,.T.);
#6494=ORIENTED_EDGE('',*,*,#4151,.T.);
#6495=ORIENTED_EDGE('',*,*,#4153,.T.);
#6496=ORIENTED_EDGE('',*,*,#4155,.T.);
#6497=ORIENTED_EDGE('',*,*,#4132,.T.);
#6498=ORIENTED_EDGE('',*,*,#4678,.T.);
#6499=ORIENTED_EDGE('',*,*,#4679,.T.);
#6500=ORIENTED_EDGE('',*,*,#4680,.T.);
#6501=ORIENTED_EDGE('',*,*,#4681,.T.);
#6502=ORIENTED_EDGE('',*,*,#4682,.T.);
#6503=ORIENTED_EDGE('',*,*,#4683,.T.);
#6504=ORIENTED_EDGE('',*,*,#4684,.T.);
#6505=ORIENTED_EDGE('',*,*,#4685,.T.);
#6506=ORIENTED_EDGE('',*,*,#4686,.T.);
#6507=ORIENTED_EDGE('',*,*,#4687,.T.);
#6508=ORIENTED_EDGE('',*,*,#4688,.T.);
#6509=ORIENTED_EDGE('',*,*,#4689,.T.);
#6510=ORIENTED_EDGE('',*,*,#4109,.T.);
#6511=ORIENTED_EDGE('',*,*,#4112,.T.);
#6512=ORIENTED_EDGE('',*,*,#4114,.T.);
#6513=ORIENTED_EDGE('',*,*,#4116,.T.);
#6514=ORIENTED_EDGE('',*,*,#4118,.T.);
#6515=ORIENTED_EDGE('',*,*,#4120,.T.);
#6516=ORIENTED_EDGE('',*,*,#4122,.T.);
#6517=ORIENTED_EDGE('',*,*,#4124,.T.);
#6518=ORIENTED_EDGE('',*,*,#4126,.T.);
#6519=ORIENTED_EDGE('',*,*,#4128,.T.);
#6520=ORIENTED_EDGE('',*,*,#4130,.T.);
#6521=ORIENTED_EDGE('',*,*,#4049,.T.);
#6522=ORIENTED_EDGE('',*,*,#4061,.F.);
#6523=ORIENTED_EDGE('',*,*,#4633,.F.);
#6524=ORIENTED_EDGE('',*,*,#4690,.T.);
#6525=ORIENTED_EDGE('',*,*,#4050,.T.);
#6526=ORIENTED_EDGE('',*,*,#4690,.F.);
#6527=ORIENTED_EDGE('',*,*,#4632,.F.);
#6528=ORIENTED_EDGE('',*,*,#4691,.T.);
#6529=ORIENTED_EDGE('',*,*,#4051,.T.);
#6530=ORIENTED_EDGE('',*,*,#4691,.F.);
#6531=ORIENTED_EDGE('',*,*,#4631,.F.);
#6532=ORIENTED_EDGE('',*,*,#4692,.T.);
#6533=ORIENTED_EDGE('',*,*,#4052,.T.);
#6534=ORIENTED_EDGE('',*,*,#4692,.F.);
#6535=ORIENTED_EDGE('',*,*,#4630,.F.);
#6536=ORIENTED_EDGE('',*,*,#4693,.T.);
#6537=ORIENTED_EDGE('',*,*,#4053,.T.);
#6538=ORIENTED_EDGE('',*,*,#4693,.F.);
#6539=ORIENTED_EDGE('',*,*,#4629,.F.);
#6540=ORIENTED_EDGE('',*,*,#4694,.T.);
#6541=ORIENTED_EDGE('',*,*,#4054,.T.);
#6542=ORIENTED_EDGE('',*,*,#4694,.F.);
#6543=ORIENTED_EDGE('',*,*,#4628,.F.);
#6544=ORIENTED_EDGE('',*,*,#4695,.T.);
#6545=ORIENTED_EDGE('',*,*,#4055,.T.);
#6546=ORIENTED_EDGE('',*,*,#4695,.F.);
#6547=ORIENTED_EDGE('',*,*,#4627,.F.);
#6548=ORIENTED_EDGE('',*,*,#4696,.T.);
#6549=ORIENTED_EDGE('',*,*,#4056,.T.);
#6550=ORIENTED_EDGE('',*,*,#4696,.F.);
#6551=ORIENTED_EDGE('',*,*,#4626,.F.);
#6552=ORIENTED_EDGE('',*,*,#4697,.T.);
#6553=ORIENTED_EDGE('',*,*,#4057,.T.);
#6554=ORIENTED_EDGE('',*,*,#4697,.F.);
#6555=ORIENTED_EDGE('',*,*,#4625,.F.);
#6556=ORIENTED_EDGE('',*,*,#4698,.T.);
#6557=ORIENTED_EDGE('',*,*,#4058,.T.);
#6558=ORIENTED_EDGE('',*,*,#4698,.F.);
#6559=ORIENTED_EDGE('',*,*,#4624,.F.);
#6560=ORIENTED_EDGE('',*,*,#4699,.T.);
#6561=ORIENTED_EDGE('',*,*,#4036,.T.);
#6562=ORIENTED_EDGE('',*,*,#4699,.F.);
#6563=ORIENTED_EDGE('',*,*,#4623,.F.);
#6564=ORIENTED_EDGE('',*,*,#4082,.T.);
#6565=ORIENTED_EDGE('',*,*,#4000,.T.);
#6566=ORIENTED_EDGE('',*,*,#4013,.F.);
#6567=ORIENTED_EDGE('',*,*,#4645,.F.);
#6568=ORIENTED_EDGE('',*,*,#4700,.T.);
#6569=ORIENTED_EDGE('',*,*,#4001,.T.);
#6570=ORIENTED_EDGE('',*,*,#4700,.F.);
#6571=ORIENTED_EDGE('',*,*,#4644,.F.);
#6572=ORIENTED_EDGE('',*,*,#4701,.T.);
#6573=ORIENTED_EDGE('',*,*,#4002,.T.);
#6574=ORIENTED_EDGE('',*,*,#4701,.F.);
#6575=ORIENTED_EDGE('',*,*,#4643,.F.);
#6576=ORIENTED_EDGE('',*,*,#4702,.T.);
#6577=ORIENTED_EDGE('',*,*,#4003,.T.);
#6578=ORIENTED_EDGE('',*,*,#4702,.F.);
#6579=ORIENTED_EDGE('',*,*,#4642,.F.);
#6580=ORIENTED_EDGE('',*,*,#4703,.T.);
#6581=ORIENTED_EDGE('',*,*,#4004,.T.);
#6582=ORIENTED_EDGE('',*,*,#4703,.F.);
#6583=ORIENTED_EDGE('',*,*,#4641,.F.);
#6584=ORIENTED_EDGE('',*,*,#4704,.T.);
#6585=ORIENTED_EDGE('',*,*,#4005,.T.);
#6586=ORIENTED_EDGE('',*,*,#4704,.F.);
#6587=ORIENTED_EDGE('',*,*,#4640,.F.);
#6588=ORIENTED_EDGE('',*,*,#4705,.T.);
#6589=ORIENTED_EDGE('',*,*,#4006,.T.);
#6590=ORIENTED_EDGE('',*,*,#4705,.F.);
#6591=ORIENTED_EDGE('',*,*,#4639,.F.);
#6592=ORIENTED_EDGE('',*,*,#4706,.T.);
#6593=ORIENTED_EDGE('',*,*,#4007,.T.);
#6594=ORIENTED_EDGE('',*,*,#4706,.F.);
#6595=ORIENTED_EDGE('',*,*,#4638,.F.);
#6596=ORIENTED_EDGE('',*,*,#4707,.T.);
#6597=ORIENTED_EDGE('',*,*,#4008,.T.);
#6598=ORIENTED_EDGE('',*,*,#4707,.F.);
#6599=ORIENTED_EDGE('',*,*,#4637,.F.);
#6600=ORIENTED_EDGE('',*,*,#4708,.T.);
#6601=ORIENTED_EDGE('',*,*,#4009,.T.);
#6602=ORIENTED_EDGE('',*,*,#4708,.F.);
#6603=ORIENTED_EDGE('',*,*,#4636,.F.);
#6604=ORIENTED_EDGE('',*,*,#4709,.T.);
#6605=ORIENTED_EDGE('',*,*,#4010,.T.);
#6606=ORIENTED_EDGE('',*,*,#4709,.F.);
#6607=ORIENTED_EDGE('',*,*,#4635,.F.);
#6608=ORIENTED_EDGE('',*,*,#4710,.T.);
#6609=ORIENTED_EDGE('',*,*,#3987,.T.);
#6610=ORIENTED_EDGE('',*,*,#4710,.F.);
#6611=ORIENTED_EDGE('',*,*,#4634,.F.);
#6612=ORIENTED_EDGE('',*,*,#4034,.T.);
#6613=ORIENTED_EDGE('',*,*,#3940,.T.);
#6614=ORIENTED_EDGE('',*,*,#3943,.F.);
#6615=ORIENTED_EDGE('',*,*,#4647,.F.);
#6616=ORIENTED_EDGE('',*,*,#4711,.T.);
#6617=ORIENTED_EDGE('',*,*,#3937,.T.);
#6618=ORIENTED_EDGE('',*,*,#4711,.F.);
#6619=ORIENTED_EDGE('',*,*,#4646,.F.);
#6620=ORIENTED_EDGE('',*,*,#3944,.T.);
#6621=ORIENTED_EDGE('',*,*,#3962,.T.);
#6622=ORIENTED_EDGE('',*,*,#3967,.F.);
#6623=ORIENTED_EDGE('',*,*,#4712,.F.);
#6624=ORIENTED_EDGE('',*,*,#3968,.T.);
#6625=ORIENTED_EDGE('',*,*,#3955,.T.);
#6626=ORIENTED_EDGE('',*,*,#3972,.F.);
#6627=ORIENTED_EDGE('',*,*,#4655,.F.);
#6628=ORIENTED_EDGE('',*,*,#4713,.T.);
#6629=ORIENTED_EDGE('',*,*,#3956,.T.);
#6630=ORIENTED_EDGE('',*,*,#4713,.F.);
#6631=ORIENTED_EDGE('',*,*,#4654,.F.);
#6632=ORIENTED_EDGE('',*,*,#4714,.T.);
#6633=ORIENTED_EDGE('',*,*,#3957,.T.);
#6634=ORIENTED_EDGE('',*,*,#4714,.F.);
#6635=ORIENTED_EDGE('',*,*,#4653,.F.);
#6636=ORIENTED_EDGE('',*,*,#4715,.T.);
#6637=ORIENTED_EDGE('',*,*,#3958,.T.);
#6638=ORIENTED_EDGE('',*,*,#4715,.F.);
#6639=ORIENTED_EDGE('',*,*,#4652,.F.);
#6640=ORIENTED_EDGE('',*,*,#4716,.T.);
#6641=ORIENTED_EDGE('',*,*,#3959,.T.);
#6642=ORIENTED_EDGE('',*,*,#4716,.F.);
#6643=ORIENTED_EDGE('',*,*,#4651,.F.);
#6644=ORIENTED_EDGE('',*,*,#4717,.T.);
#6645=ORIENTED_EDGE('',*,*,#3960,.T.);
#6646=ORIENTED_EDGE('',*,*,#4717,.F.);
#6647=ORIENTED_EDGE('',*,*,#4650,.F.);
#6648=ORIENTED_EDGE('',*,*,#4718,.T.);
#6649=ORIENTED_EDGE('',*,*,#3961,.T.);
#6650=ORIENTED_EDGE('',*,*,#4718,.F.);
#6651=ORIENTED_EDGE('',*,*,#4649,.F.);
#6652=ORIENTED_EDGE('',*,*,#4719,.T.);
#6653=ORIENTED_EDGE('',*,*,#3946,.T.);
#6654=ORIENTED_EDGE('',*,*,#4719,.F.);
#6655=ORIENTED_EDGE('',*,*,#4648,.F.);
#6656=ORIENTED_EDGE('',*,*,#3985,.T.);
#6657=ORIENTED_EDGE('',*,*,#4176,.T.);
#6658=ORIENTED_EDGE('',*,*,#4181,.F.);
#6659=ORIENTED_EDGE('',*,*,#4720,.F.);
#6660=ORIENTED_EDGE('',*,*,#4721,.T.);
#6661=ORIENTED_EDGE('',*,*,#4177,.T.);
#6662=ORIENTED_EDGE('',*,*,#4721,.F.);
#6663=ORIENTED_EDGE('',*,*,#4722,.F.);
#6664=ORIENTED_EDGE('',*,*,#4723,.T.);
#6665=ORIENTED_EDGE('',*,*,#4178,.T.);
#6666=ORIENTED_EDGE('',*,*,#4723,.F.);
#6667=ORIENTED_EDGE('',*,*,#4724,.F.);
#6668=ORIENTED_EDGE('',*,*,#4725,.T.);
#6669=ORIENTED_EDGE('',*,*,#4171,.T.);
#6670=ORIENTED_EDGE('',*,*,#4725,.F.);
#6671=ORIENTED_EDGE('',*,*,#4726,.F.);
#6672=ORIENTED_EDGE('',*,*,#4186,.T.);
#6673=ORIENTED_EDGE('',*,*,#4166,.T.);
#6674=ORIENTED_EDGE('',*,*,#4190,.F.);
#6675=ORIENTED_EDGE('',*,*,#4661,.F.);
#6676=ORIENTED_EDGE('',*,*,#4727,.T.);
#6677=ORIENTED_EDGE('',*,*,#4167,.T.);
#6678=ORIENTED_EDGE('',*,*,#4727,.F.);
#6679=ORIENTED_EDGE('',*,*,#4660,.F.);
#6680=ORIENTED_EDGE('',*,*,#4728,.T.);
#6681=ORIENTED_EDGE('',*,*,#4168,.T.);
#6682=ORIENTED_EDGE('',*,*,#4728,.F.);
#6683=ORIENTED_EDGE('',*,*,#4659,.F.);
#6684=ORIENTED_EDGE('',*,*,#4729,.T.);
#6685=ORIENTED_EDGE('',*,*,#4169,.T.);
#6686=ORIENTED_EDGE('',*,*,#4729,.F.);
#6687=ORIENTED_EDGE('',*,*,#4658,.F.);
#6688=ORIENTED_EDGE('',*,*,#4730,.T.);
#6689=ORIENTED_EDGE('',*,*,#4170,.T.);
#6690=ORIENTED_EDGE('',*,*,#4730,.F.);
#6691=ORIENTED_EDGE('',*,*,#4657,.F.);
#6692=ORIENTED_EDGE('',*,*,#4731,.T.);
#6693=ORIENTED_EDGE('',*,*,#4158,.T.);
#6694=ORIENTED_EDGE('',*,*,#4731,.F.);
#6695=ORIENTED_EDGE('',*,*,#4656,.F.);
#6696=ORIENTED_EDGE('',*,*,#4201,.T.);
#6697=ORIENTED_EDGE('',*,*,#4230,.T.);
#6698=ORIENTED_EDGE('',*,*,#4235,.F.);
#6699=ORIENTED_EDGE('',*,*,#4732,.F.);
#6700=ORIENTED_EDGE('',*,*,#4733,.T.);
#6701=ORIENTED_EDGE('',*,*,#4231,.T.);
#6702=ORIENTED_EDGE('',*,*,#4733,.F.);
#6703=ORIENTED_EDGE('',*,*,#4734,.F.);
#6704=ORIENTED_EDGE('',*,*,#4735,.T.);
#6705=ORIENTED_EDGE('',*,*,#4232,.T.);
#6706=ORIENTED_EDGE('',*,*,#4735,.F.);
#6707=ORIENTED_EDGE('',*,*,#4736,.F.);
#6708=ORIENTED_EDGE('',*,*,#4737,.T.);
#6709=ORIENTED_EDGE('',*,*,#4224,.T.);
#6710=ORIENTED_EDGE('',*,*,#4737,.F.);
#6711=ORIENTED_EDGE('',*,*,#4738,.F.);
#6712=ORIENTED_EDGE('',*,*,#4242,.T.);
#6713=ORIENTED_EDGE('',*,*,#4215,.T.);
#6714=ORIENTED_EDGE('',*,*,#4246,.F.);
#6715=ORIENTED_EDGE('',*,*,#4671,.F.);
#6716=ORIENTED_EDGE('',*,*,#4739,.T.);
#6717=ORIENTED_EDGE('',*,*,#4216,.T.);
#6718=ORIENTED_EDGE('',*,*,#4739,.F.);
#6719=ORIENTED_EDGE('',*,*,#4670,.F.);
#6720=ORIENTED_EDGE('',*,*,#4740,.T.);
#6721=ORIENTED_EDGE('',*,*,#4217,.T.);
#6722=ORIENTED_EDGE('',*,*,#4740,.F.);
#6723=ORIENTED_EDGE('',*,*,#4669,.F.);
#6724=ORIENTED_EDGE('',*,*,#4741,.T.);
#6725=ORIENTED_EDGE('',*,*,#4218,.T.);
#6726=ORIENTED_EDGE('',*,*,#4741,.F.);
#6727=ORIENTED_EDGE('',*,*,#4668,.F.);
#6728=ORIENTED_EDGE('',*,*,#4742,.T.);
#6729=ORIENTED_EDGE('',*,*,#4219,.T.);
#6730=ORIENTED_EDGE('',*,*,#4742,.F.);
#6731=ORIENTED_EDGE('',*,*,#4667,.F.);
#6732=ORIENTED_EDGE('',*,*,#4743,.T.);
#6733=ORIENTED_EDGE('',*,*,#4220,.T.);
#6734=ORIENTED_EDGE('',*,*,#4743,.F.);
#6735=ORIENTED_EDGE('',*,*,#4666,.F.);
#6736=ORIENTED_EDGE('',*,*,#4744,.T.);
#6737=ORIENTED_EDGE('',*,*,#4221,.T.);
#6738=ORIENTED_EDGE('',*,*,#4744,.F.);
#6739=ORIENTED_EDGE('',*,*,#4665,.F.);
#6740=ORIENTED_EDGE('',*,*,#4745,.T.);
#6741=ORIENTED_EDGE('',*,*,#4222,.T.);
#6742=ORIENTED_EDGE('',*,*,#4745,.F.);
#6743=ORIENTED_EDGE('',*,*,#4664,.F.);
#6744=ORIENTED_EDGE('',*,*,#4746,.T.);
#6745=ORIENTED_EDGE('',*,*,#4223,.T.);
#6746=ORIENTED_EDGE('',*,*,#4746,.F.);
#6747=ORIENTED_EDGE('',*,*,#4663,.F.);
#6748=ORIENTED_EDGE('',*,*,#4747,.T.);
#6749=ORIENTED_EDGE('',*,*,#4203,.T.);
#6750=ORIENTED_EDGE('',*,*,#4747,.F.);
#6751=ORIENTED_EDGE('',*,*,#4662,.F.);
#6752=ORIENTED_EDGE('',*,*,#4265,.T.);
#6753=ORIENTED_EDGE('',*,*,#4140,.T.);
#6754=ORIENTED_EDGE('',*,*,#4147,.F.);
#6755=ORIENTED_EDGE('',*,*,#4677,.F.);
#6756=ORIENTED_EDGE('',*,*,#4748,.T.);
#6757=ORIENTED_EDGE('',*,*,#4141,.T.);
#6758=ORIENTED_EDGE('',*,*,#4748,.F.);
#6759=ORIENTED_EDGE('',*,*,#4676,.F.);
#6760=ORIENTED_EDGE('',*,*,#4749,.T.);
#6761=ORIENTED_EDGE('',*,*,#4142,.T.);
#6762=ORIENTED_EDGE('',*,*,#4749,.F.);
#6763=ORIENTED_EDGE('',*,*,#4675,.F.);
#6764=ORIENTED_EDGE('',*,*,#4750,.T.);
#6765=ORIENTED_EDGE('',*,*,#4143,.T.);
#6766=ORIENTED_EDGE('',*,*,#4750,.F.);
#6767=ORIENTED_EDGE('',*,*,#4674,.F.);
#6768=ORIENTED_EDGE('',*,*,#4751,.T.);
#6769=ORIENTED_EDGE('',*,*,#4144,.T.);
#6770=ORIENTED_EDGE('',*,*,#4751,.F.);
#6771=ORIENTED_EDGE('',*,*,#4673,.F.);
#6772=ORIENTED_EDGE('',*,*,#4752,.T.);
#6773=ORIENTED_EDGE('',*,*,#4133,.T.);
#6774=ORIENTED_EDGE('',*,*,#4752,.F.);
#6775=ORIENTED_EDGE('',*,*,#4672,.F.);
#6776=ORIENTED_EDGE('',*,*,#4156,.T.);
#6777=ORIENTED_EDGE('',*,*,#4097,.T.);
#6778=ORIENTED_EDGE('',*,*,#4110,.F.);
#6779=ORIENTED_EDGE('',*,*,#4689,.F.);
#6780=ORIENTED_EDGE('',*,*,#4753,.T.);
#6781=ORIENTED_EDGE('',*,*,#4098,.T.);
#6782=ORIENTED_EDGE('',*,*,#4753,.F.);
#6783=ORIENTED_EDGE('',*,*,#4688,.F.);
#6784=ORIENTED_EDGE('',*,*,#4754,.T.);
#6785=ORIENTED_EDGE('',*,*,#4099,.T.);
#6786=ORIENTED_EDGE('',*,*,#4754,.F.);
#6787=ORIENTED_EDGE('',*,*,#4687,.F.);
#6788=ORIENTED_EDGE('',*,*,#4755,.T.);
#6789=ORIENTED_EDGE('',*,*,#4100,.T.);
#6790=ORIENTED_EDGE('',*,*,#4755,.F.);
#6791=ORIENTED_EDGE('',*,*,#4686,.F.);
#6792=ORIENTED_EDGE('',*,*,#4756,.T.);
#6793=ORIENTED_EDGE('',*,*,#4101,.T.);
#6794=ORIENTED_EDGE('',*,*,#4756,.F.);
#6795=ORIENTED_EDGE('',*,*,#4685,.F.);
#6796=ORIENTED_EDGE('',*,*,#4757,.T.);
#6797=ORIENTED_EDGE('',*,*,#4102,.T.);
#6798=ORIENTED_EDGE('',*,*,#4757,.F.);
#6799=ORIENTED_EDGE('',*,*,#4684,.F.);
#6800=ORIENTED_EDGE('',*,*,#4758,.T.);
#6801=ORIENTED_EDGE('',*,*,#4103,.T.);
#6802=ORIENTED_EDGE('',*,*,#4758,.F.);
#6803=ORIENTED_EDGE('',*,*,#4683,.F.);
#6804=ORIENTED_EDGE('',*,*,#4759,.T.);
#6805=ORIENTED_EDGE('',*,*,#4104,.T.);
#6806=ORIENTED_EDGE('',*,*,#4759,.F.);
#6807=ORIENTED_EDGE('',*,*,#4682,.F.);
#6808=ORIENTED_EDGE('',*,*,#4760,.T.);
#6809=ORIENTED_EDGE('',*,*,#4105,.T.);
#6810=ORIENTED_EDGE('',*,*,#4760,.F.);
#6811=ORIENTED_EDGE('',*,*,#4681,.F.);
#6812=ORIENTED_EDGE('',*,*,#4761,.T.);
#6813=ORIENTED_EDGE('',*,*,#4106,.T.);
#6814=ORIENTED_EDGE('',*,*,#4761,.F.);
#6815=ORIENTED_EDGE('',*,*,#4680,.F.);
#6816=ORIENTED_EDGE('',*,*,#4762,.T.);
#6817=ORIENTED_EDGE('',*,*,#4107,.T.);
#6818=ORIENTED_EDGE('',*,*,#4762,.F.);
#6819=ORIENTED_EDGE('',*,*,#4679,.F.);
#6820=ORIENTED_EDGE('',*,*,#4763,.T.);
#6821=ORIENTED_EDGE('',*,*,#4084,.T.);
#6822=ORIENTED_EDGE('',*,*,#4763,.F.);
#6823=ORIENTED_EDGE('',*,*,#4678,.F.);
#6824=ORIENTED_EDGE('',*,*,#4131,.T.);
#6825=ORIENTED_EDGE('',*,*,#4243,.T.);
#6826=ORIENTED_EDGE('',*,*,#4738,.T.);
#6827=ORIENTED_EDGE('',*,*,#4736,.T.);
#6828=ORIENTED_EDGE('',*,*,#4734,.T.);
#6829=ORIENTED_EDGE('',*,*,#4732,.T.);
#6830=ORIENTED_EDGE('',*,*,#4234,.T.);
#6831=ORIENTED_EDGE('',*,*,#4237,.T.);
#6832=ORIENTED_EDGE('',*,*,#4239,.T.);
#6833=ORIENTED_EDGE('',*,*,#4241,.T.);
#6834=ORIENTED_EDGE('',*,*,#4187,.T.);
#6835=ORIENTED_EDGE('',*,*,#4726,.T.);
#6836=ORIENTED_EDGE('',*,*,#4724,.T.);
#6837=ORIENTED_EDGE('',*,*,#4722,.T.);
#6838=ORIENTED_EDGE('',*,*,#4720,.T.);
#6839=ORIENTED_EDGE('',*,*,#4180,.T.);
#6840=ORIENTED_EDGE('',*,*,#4183,.T.);
#6841=ORIENTED_EDGE('',*,*,#4185,.T.);
#6842=ORIENTED_EDGE('',*,*,#4764,.T.);
#6843=ORIENTED_EDGE('',*,*,#3914,.F.);
#6844=ORIENTED_EDGE('',*,*,#3918,.F.);
#6845=ORIENTED_EDGE('',*,*,#4765,.F.);
#6846=ORIENTED_EDGE('',*,*,#3925,.T.);
#6847=ORIENTED_EDGE('',*,*,#4766,.T.);
#6848=ORIENTED_EDGE('',*,*,#3915,.F.);
#6849=ORIENTED_EDGE('',*,*,#4764,.F.);
#6850=ORIENTED_EDGE('',*,*,#3924,.T.);
#6851=ORIENTED_EDGE('',*,*,#3929,.T.);
#6852=ORIENTED_EDGE('',*,*,#4767,.F.);
#6853=ORIENTED_EDGE('',*,*,#4438,.F.);
#6854=ORIENTED_EDGE('',*,*,#3935,.T.);
#6855=ORIENTED_EDGE('',*,*,#3928,.T.);
#6856=ORIENTED_EDGE('',*,*,#3934,.T.);
#6857=ORIENTED_EDGE('',*,*,#4437,.F.);
#6858=ORIENTED_EDGE('',*,*,#4767,.T.);
#6859=ORIENTED_EDGE('',*,*,#4765,.T.);
#6860=ORIENTED_EDGE('',*,*,#3917,.F.);
#6861=ORIENTED_EDGE('',*,*,#4768,.F.);
#6862=ORIENTED_EDGE('',*,*,#3926,.T.);
#6863=ORIENTED_EDGE('',*,*,#4470,.F.);
#6864=ORIENTED_EDGE('',*,*,#4449,.F.);
#6865=ORIENTED_EDGE('',*,*,#4395,.F.);
#6866=ORIENTED_EDGE('',*,*,#4409,.F.);
#6867=ORIENTED_EDGE('',*,*,#4399,.F.);
#6868=ORIENTED_EDGE('',*,*,#4492,.T.);
#6869=ORIENTED_EDGE('',*,*,#4584,.F.);
#6870=ORIENTED_EDGE('',*,*,#4462,.F.);
#6871=ORIENTED_EDGE('',*,*,#4570,.F.);
#6872=ORIENTED_EDGE('',*,*,#4546,.T.);
#6873=ORIENTED_EDGE('',*,*,#4542,.F.);
#6874=ORIENTED_EDGE('',*,*,#4483,.T.);
#6875=ORIENTED_EDGE('',*,*,#3969,.T.);
#6876=ORIENTED_EDGE('',*,*,#4712,.T.);
#6877=ORIENTED_EDGE('',*,*,#3966,.T.);
#6878=ORIENTED_EDGE('',*,*,#4768,.T.);
#6879=ORIENTED_EDGE('',*,*,#3916,.F.);
#6880=ORIENTED_EDGE('',*,*,#3913,.F.);
#6881=ORIENTED_EDGE('',*,*,#4766,.F.);
#6882=ORIENTED_EDGE('',*,*,#3927,.T.);
#6883=PLANE('',#7530);
#6884=PLANE('',#7586);
#6885=PLANE('',#7589);
#6886=PLANE('',#7590);
#6887=PLANE('',#7591);
#6888=PLANE('',#7592);
#6889=PLANE('',#7593);
#6890=PLANE('',#7645);
#6891=PLANE('',#7670);
#6892=PLANE('',#7673);
#6893=PLANE('',#7699);
#6894=PLANE('',#7700);
#6895=PLANE('',#7701);
#6896=PLANE('',#7702);
#6897=PLANE('',#7703);
#6898=PLANE('',#7704);
#6899=PLANE('',#7705);
#6900=PLANE('',#7706);
#6901=PLANE('',#7707);
#6902=PLANE('',#7708);
#6903=PLANE('',#7709);
#6904=PLANE('',#7710);
#6905=PLANE('',#7711);
#6906=PLANE('',#7712);
#6907=PLANE('',#7713);
#6908=PLANE('',#7714);
#6909=PLANE('',#7715);
#6910=PLANE('',#7716);
#6911=PLANE('',#7717);
#6912=PLANE('',#7718);
#6913=PLANE('',#7719);
#6914=PLANE('',#7720);
#6915=PLANE('',#7721);
#6916=PLANE('',#7722);
#6917=PLANE('',#7723);
#6918=PLANE('',#7724);
#6919=PLANE('',#7725);
#6920=PLANE('',#7726);
#6921=PLANE('',#7727);
#6922=PLANE('',#7728);
#6923=PLANE('',#7729);
#6924=PLANE('',#7730);
#6925=PLANE('',#7731);
#6926=PLANE('',#7732);
#6927=PLANE('',#7733);
#6928=PLANE('',#7734);
#6929=PLANE('',#7735);
#6930=PLANE('',#7736);
#6931=PLANE('',#7737);
#6932=PLANE('',#7738);
#6933=PLANE('',#7739);
#6934=PLANE('',#7740);
#6935=PLANE('',#7741);
#6936=PLANE('',#7742);
#6937=PLANE('',#7743);
#6938=PLANE('',#7744);
#6939=PLANE('',#7745);
#6940=PLANE('',#7746);
#6941=PLANE('',#7747);
#6942=PLANE('',#7748);
#6943=PLANE('',#7749);
#6944=PLANE('',#7750);
#6945=PLANE('',#7751);
#6946=PLANE('',#7752);
#6947=PLANE('',#7756);
#6948=PLANE('',#7757);
#6949=PLANE('',#7758);
#6950=PLANE('',#7759);
#6951=PLANE('',#7760);
#6952=PLANE('',#7761);
#6953=PLANE('',#7762);
#6954=PLANE('',#7763);
#6955=PLANE('',#7764);
#6956=PLANE('',#7765);
#6957=PLANE('',#7766);
#6958=PLANE('',#7767);
#6959=PLANE('',#7768);
#6960=PLANE('',#7769);
#6961=PLANE('',#7770);
#6962=PLANE('',#7771);
#6963=PLANE('',#7772);
#6964=PLANE('',#7773);
#6965=PLANE('',#7774);
#6966=PLANE('',#7775);
#6967=PLANE('',#7776);
#6968=PLANE('',#7777);
#6969=PLANE('',#7778);
#6970=PLANE('',#7779);
#6971=PLANE('',#7780);
#6972=PLANE('',#7781);
#6973=PLANE('',#7782);
#6974=PLANE('',#7783);
#6975=PLANE('',#7784);
#6976=PLANE('',#7785);
#6977=PLANE('',#7786);
#6978=PLANE('',#7787);
#6979=PLANE('',#7788);
#6980=PLANE('',#7789);
#6981=PLANE('',#7790);
#6982=PLANE('',#7791);
#6983=PLANE('',#7792);
#6984=PLANE('',#7793);
#6985=PLANE('',#7794);
#6986=PLANE('',#7795);
#6987=PLANE('',#7796);
#6988=PLANE('',#7797);
#6989=PLANE('',#7798);
#6990=PLANE('',#7799);
#6991=PLANE('',#7800);
#6992=PLANE('',#7801);
#6993=PLANE('',#7802);
#6994=PLANE('',#7803);
#6995=PLANE('',#7804);
#6996=PLANE('',#7805);
#6997=PLANE('',#7806);
#6998=PLANE('',#7807);
#6999=PLANE('',#7808);
#7000=PLANE('',#7809);
#7001=PLANE('',#7810);
#7002=PLANE('',#7811);
#7003=PLANE('',#7812);
#7004=PLANE('',#7813);
#7005=PLANE('',#7814);
#7006=PLANE('',#7815);
#7007=PLANE('',#7816);
#7008=PLANE('',#7817);
#7009=PLANE('',#7818);
#7010=PLANE('',#7819);
#7011=PLANE('',#7820);
#7012=PLANE('',#7821);
#7013=PLANE('',#7822);
#7014=PLANE('',#7823);
#7015=PLANE('',#7824);
#7016=PLANE('',#7825);
#7017=PLANE('',#7826);
#7018=PLANE('',#7827);
#7019=PLANE('',#7828);
#7020=PLANE('',#7829);
#7021=PLANE('',#7830);
#7022=PLANE('',#7831);
#7023=PLANE('',#7832);
#7024=PLANE('',#7833);
#7025=PLANE('',#7834);
#7026=PLANE('',#7835);
#7027=PLANE('',#7836);
#7028=PLANE('',#7837);
#7029=PLANE('',#7838);
#7030=PLANE('',#7839);
#7031=PLANE('',#7840);
#7032=PLANE('',#7841);
#7033=PLANE('',#7842);
#7034=PLANE('',#7843);
#7035=PLANE('',#7844);
#7036=PLANE('',#7845);
#7037=PLANE('',#7846);
#7038=PLANE('',#7847);
#7039=PLANE('',#7848);
#7040=PLANE('',#7849);
#7041=PLANE('',#7850);
#7042=PLANE('',#7851);
#7043=PLANE('',#7852);
#7044=PLANE('',#7853);
#7045=PLANE('',#7854);
#7046=PLANE('',#7855);
#7047=PLANE('',#7856);
#7048=PLANE('',#7857);
#7049=PLANE('',#7858);
#7050=PLANE('',#7859);
#7051=PLANE('',#7860);
#7052=PLANE('',#7861);
#7053=PLANE('',#7862);
#7054=PLANE('',#7863);
#7055=PLANE('',#7864);
#7056=PLANE('',#7865);
#7057=PLANE('',#7866);
#7058=PLANE('',#7867);
#7059=PLANE('',#7868);
#7060=PLANE('',#7869);
#7061=PLANE('',#7870);
#7062=PLANE('',#7871);
#7063=PLANE('',#7872);
#7064=PLANE('',#7873);
#7065=PLANE('',#7874);
#7066=PLANE('',#7875);
#7067=PLANE('',#7876);
#7068=PLANE('',#7877);
#7069=PLANE('',#7878);
#7070=PLANE('',#7879);
#7071=PLANE('',#7880);
#7072=PLANE('',#7881);
#7073=PLANE('',#7882);
#7074=PLANE('',#7883);
#7075=PLANE('',#7884);
#7076=PLANE('',#7885);
#7077=PLANE('',#7886);
#7078=PLANE('',#7887);
#7079=PLANE('',#7888);
#7080=PLANE('',#7889);
#7081=PLANE('',#7890);
#7082=PLANE('',#7891);
#7083=PLANE('',#7892);
#7084=PLANE('',#7893);
#7085=PLANE('',#7894);
#7086=PLANE('',#7895);
#7087=PLANE('',#7896);
#7088=PLANE('',#7897);
#7089=PLANE('',#7898);
#7090=PLANE('',#7899);
#7091=PLANE('',#7900);
#7092=PLANE('',#7901);
#7093=PLANE('',#7902);
#7094=PLANE('',#7903);
#7095=PLANE('',#7904);
#7096=PLANE('',#7905);
#7097=PLANE('',#7906);
#7098=PLANE('',#7907);
#7099=PLANE('',#7908);
#7100=PLANE('',#7909);
#7101=PLANE('',#7910);
#7102=PLANE('',#7911);
#7103=PLANE('',#7912);
#7104=PLANE('',#7913);
#7105=PLANE('',#7914);
#7106=PLANE('',#7915);
#7107=PLANE('',#7916);
#7108=PLANE('',#7917);
#7109=PLANE('',#7918);
#7110=PLANE('',#7919);
#7111=PLANE('',#7920);
#7112=PLANE('',#7921);
#7113=PLANE('',#7922);
#7114=PLANE('',#7923);
#7115=PLANE('',#7924);
#7116=PLANE('',#7925);
#7117=PLANE('',#7926);
#7118=PLANE('',#7927);
#7119=PLANE('',#7928);
#7120=PLANE('',#7929);
#7121=PLANE('',#7930);
#7122=PLANE('',#7931);
#7123=PLANE('',#7932);
#7124=PLANE('',#7933);
#7125=PLANE('',#7934);
#7126=ADVANCED_FACE('',(#591,#350,#351,#352,#353,#354,#355,#356,#357,#358,
#359,#360,#361,#362,#363,#364,#365,#366,#367,#368,#369,#370,#371,#372,#373,
#374,#375,#376,#377,#378,#379,#380,#381,#382,#383,#384,#385,#386,#387,#388,
#389,#390,#391,#392,#393,#394,#395,#396,#397,#398,#399,#400),#6883,.T.);
#7127=ADVANCED_FACE('',(#592),#296,.F.);
#7128=ADVANCED_FACE('',(#593),#6884,.T.);
#7129=ADVANCED_FACE('',(#594),#297,.F.);
#7130=ADVANCED_FACE('',(#595),#6885,.T.);
#7131=ADVANCED_FACE('',(#596),#6886,.T.);
#7132=ADVANCED_FACE('',(#597),#6887,.T.);
#7133=ADVANCED_FACE('',(#598),#6888,.T.);
#7134=ADVANCED_FACE('',(#599,#401,#402,#403,#404,#405,#406,#407,#408,#409,
#410,#411,#412,#413,#414,#415,#416,#417,#418,#419,#420,#421,#422,#423,#424,
#425,#426,#427,#428,#429,#430,#431,#432,#433,#434,#435,#436,#437,#438,#439,
#440,#441,#442,#443,#444,#445,#446,#447,#448,#449,#450,#451),#6889,.F.);
#7135=ADVANCED_FACE('',(#600),#6890,.T.);
#7136=ADVANCED_FACE('',(#601),#298,.F.);
#7137=ADVANCED_FACE('',(#602),#299,.F.);
#7138=ADVANCED_FACE('',(#603),#300,.F.);
#7139=ADVANCED_FACE('',(#604),#301,.F.);
#7140=ADVANCED_FACE('',(#605),#302,.F.);
#7141=ADVANCED_FACE('',(#606),#303,.F.);
#7142=ADVANCED_FACE('',(#607),#304,.F.);
#7143=ADVANCED_FACE('',(#608),#305,.F.);
#7144=ADVANCED_FACE('',(#609),#306,.F.);
#7145=ADVANCED_FACE('',(#610),#307,.F.);
#7146=ADVANCED_FACE('',(#611),#308,.F.);
#7147=ADVANCED_FACE('',(#612),#309,.F.);
#7148=ADVANCED_FACE('',(#613),#310,.F.);
#7149=ADVANCED_FACE('',(#614),#311,.F.);
#7150=ADVANCED_FACE('',(#615),#312,.F.);
#7151=ADVANCED_FACE('',(#616),#313,.F.);
#7152=ADVANCED_FACE('',(#617),#314,.F.);
#7153=ADVANCED_FACE('',(#618),#315,.F.);
#7154=ADVANCED_FACE('',(#619),#316,.F.);
#7155=ADVANCED_FACE('',(#620),#317,.F.);
#7156=ADVANCED_FACE('',(#621),#318,.F.);
#7157=ADVANCED_FACE('',(#622),#319,.F.);
#7158=ADVANCED_FACE('',(#623),#320,.F.);
#7159=ADVANCED_FACE('',(#624),#321,.F.);
#7160=ADVANCED_FACE('',(#625),#6891,.T.);
#7161=ADVANCED_FACE('',(#626),#322,.F.);
#7162=ADVANCED_FACE('',(#627),#323,.F.);
#7163=ADVANCED_FACE('',(#628),#6892,.T.);
#7164=ADVANCED_FACE('',(#629),#324,.F.);
#7165=ADVANCED_FACE('',(#630),#325,.F.);
#7166=ADVANCED_FACE('',(#631),#326,.F.);
#7167=ADVANCED_FACE('',(#632),#327,.F.);
#7168=ADVANCED_FACE('',(#633),#328,.F.);
#7169=ADVANCED_FACE('',(#634),#329,.F.);
#7170=ADVANCED_FACE('',(#635),#330,.F.);
#7171=ADVANCED_FACE('',(#636),#331,.F.);
#7172=ADVANCED_FACE('',(#637),#332,.F.);
#7173=ADVANCED_FACE('',(#638),#333,.F.);
#7174=ADVANCED_FACE('',(#639),#334,.F.);
#7175=ADVANCED_FACE('',(#640),#335,.F.);
#7176=ADVANCED_FACE('',(#641),#336,.F.);
#7177=ADVANCED_FACE('',(#642),#337,.F.);
#7178=ADVANCED_FACE('',(#643),#338,.F.);
#7179=ADVANCED_FACE('',(#644),#339,.F.);
#7180=ADVANCED_FACE('',(#645),#340,.F.);
#7181=ADVANCED_FACE('',(#646),#341,.F.);
#7182=ADVANCED_FACE('',(#647),#342,.F.);
#7183=ADVANCED_FACE('',(#648),#343,.F.);
#7184=ADVANCED_FACE('',(#649),#344,.F.);
#7185=ADVANCED_FACE('',(#650),#345,.F.);
#7186=ADVANCED_FACE('',(#651),#346,.F.);
#7187=ADVANCED_FACE('',(#652),#347,.F.);
#7188=ADVANCED_FACE('',(#653),#348,.F.);
#7189=ADVANCED_FACE('',(#654),#6893,.T.);
#7190=ADVANCED_FACE('',(#655),#6894,.T.);
#7191=ADVANCED_FACE('',(#656),#6895,.T.);
#7192=ADVANCED_FACE('',(#657),#6896,.T.);
#7193=ADVANCED_FACE('',(#658),#6897,.T.);
#7194=ADVANCED_FACE('',(#659),#6898,.F.);
#7195=ADVANCED_FACE('',(#660),#6899,.T.);
#7196=ADVANCED_FACE('',(#661,#452),#6900,.F.);
#7197=ADVANCED_FACE('',(#662),#6901,.T.);
#7198=ADVANCED_FACE('',(#663),#6902,.T.);
#7199=ADVANCED_FACE('',(#664),#6903,.T.);
#7200=ADVANCED_FACE('',(#665),#6904,.F.);
#7201=ADVANCED_FACE('',(#666),#6905,.F.);
#7202=ADVANCED_FACE('',(#667,#453),#6906,.T.);
#7203=ADVANCED_FACE('',(#668),#6907,.F.);
#7204=ADVANCED_FACE('',(#669),#6908,.F.);
#7205=ADVANCED_FACE('',(#670),#15,.F.);
#7206=ADVANCED_FACE('',(#671),#6909,.F.);
#7207=ADVANCED_FACE('',(#672),#6910,.F.);
#7208=ADVANCED_FACE('',(#673),#6911,.F.);
#7209=ADVANCED_FACE('',(#674),#16,.F.);
#7210=ADVANCED_FACE('',(#675),#17,.F.);
#7211=ADVANCED_FACE('',(#676),#18,.F.);
#7212=ADVANCED_FACE('',(#677),#19,.F.);
#7213=ADVANCED_FACE('',(#678),#6912,.T.);
#7214=ADVANCED_FACE('',(#679),#6913,.F.);
#7215=ADVANCED_FACE('',(#680),#6914,.F.);
#7216=ADVANCED_FACE('',(#681),#20,.F.);
#7217=ADVANCED_FACE('',(#682),#21,.F.);
#7218=ADVANCED_FACE('',(#683),#22,.F.);
#7219=ADVANCED_FACE('',(#684),#23,.F.);
#7220=ADVANCED_FACE('',(#685),#6915,.F.);
#7221=ADVANCED_FACE('',(#686),#6916,.F.);
#7222=ADVANCED_FACE('',(#687),#6917,.F.);
#7223=ADVANCED_FACE('',(#688),#24,.F.);
#7224=ADVANCED_FACE('',(#689),#25,.F.);
#7225=ADVANCED_FACE('',(#690),#26,.F.);
#7226=ADVANCED_FACE('',(#691),#6918,.T.);
#7227=ADVANCED_FACE('',(#692),#6919,.F.);
#7228=ADVANCED_FACE('',(#693),#27,.F.);
#7229=ADVANCED_FACE('',(#694),#28,.F.);
#7230=ADVANCED_FACE('',(#695),#29,.F.);
#7231=ADVANCED_FACE('',(#696),#30,.F.);
#7232=ADVANCED_FACE('',(#697),#6920,.F.);
#7233=ADVANCED_FACE('',(#698),#31,.F.);
#7234=ADVANCED_FACE('',(#699),#32,.F.);
#7235=ADVANCED_FACE('',(#700),#6921,.F.);
#7236=ADVANCED_FACE('',(#701),#33,.F.);
#7237=ADVANCED_FACE('',(#702),#34,.F.);
#7238=ADVANCED_FACE('',(#703),#35,.F.);
#7239=ADVANCED_FACE('',(#704),#6922,.T.);
#7240=ADVANCED_FACE('',(#705),#6923,.F.);
#7241=ADVANCED_FACE('',(#706),#6924,.F.);
#7242=ADVANCED_FACE('',(#707),#36,.F.);
#7243=ADVANCED_FACE('',(#708),#37,.F.);
#7244=ADVANCED_FACE('',(#709),#38,.F.);
#7245=ADVANCED_FACE('',(#710),#39,.F.);
#7246=ADVANCED_FACE('',(#711),#6925,.F.);
#7247=ADVANCED_FACE('',(#712),#6926,.F.);
#7248=ADVANCED_FACE('',(#713),#40,.F.);
#7249=ADVANCED_FACE('',(#714),#41,.F.);
#7250=ADVANCED_FACE('',(#715),#42,.F.);
#7251=ADVANCED_FACE('',(#716),#43,.F.);
#7252=ADVANCED_FACE('',(#717),#6927,.T.);
#7253=ADVANCED_FACE('',(#718),#44,.F.);
#7254=ADVANCED_FACE('',(#719),#6928,.F.);
#7255=ADVANCED_FACE('',(#720),#45,.F.);
#7256=ADVANCED_FACE('',(#721),#46,.F.);
#7257=ADVANCED_FACE('',(#722),#6929,.F.);
#7258=ADVANCED_FACE('',(#723),#47,.F.);
#7259=ADVANCED_FACE('',(#724,#454),#6930,.T.);
#7260=ADVANCED_FACE('',(#725),#6931,.F.);
#7261=ADVANCED_FACE('',(#726),#48,.F.);
#7262=ADVANCED_FACE('',(#727),#49,.F.);
#7263=ADVANCED_FACE('',(#728),#6932,.F.);
#7264=ADVANCED_FACE('',(#729),#50,.F.);
#7265=ADVANCED_FACE('',(#730),#51,.F.);
#7266=ADVANCED_FACE('',(#731),#6933,.F.);
#7267=ADVANCED_FACE('',(#732),#6934,.F.);
#7268=ADVANCED_FACE('',(#733),#52,.F.);
#7269=ADVANCED_FACE('',(#734),#53,.F.);
#7270=ADVANCED_FACE('',(#735),#54,.F.);
#7271=ADVANCED_FACE('',(#736,#455),#6935,.T.);
#7272=ADVANCED_FACE('',(#737),#6936,.F.);
#7273=ADVANCED_FACE('',(#738),#55,.F.);
#7274=ADVANCED_FACE('',(#739),#56,.F.);
#7275=ADVANCED_FACE('',(#740),#6937,.F.);
#7276=ADVANCED_FACE('',(#741),#57,.F.);
#7277=ADVANCED_FACE('',(#742),#6938,.F.);
#7278=ADVANCED_FACE('',(#743),#58,.F.);
#7279=ADVANCED_FACE('',(#744),#59,.F.);
#7280=ADVANCED_FACE('',(#745),#60,.F.);
#7281=ADVANCED_FACE('',(#746),#61,.F.);
#7282=ADVANCED_FACE('',(#747),#6939,.F.);
#7283=ADVANCED_FACE('',(#748),#6940,.F.);
#7284=ADVANCED_FACE('',(#749),#6941,.F.);
#7285=ADVANCED_FACE('',(#750),#62,.F.);
#7286=ADVANCED_FACE('',(#751),#63,.F.);
#7287=ADVANCED_FACE('',(#752),#64,.F.);
#7288=ADVANCED_FACE('',(#753),#6942,.F.);
#7289=ADVANCED_FACE('',(#754),#6943,.F.);
#7290=ADVANCED_FACE('',(#755),#6944,.F.);
#7291=ADVANCED_FACE('',(#756),#6945,.F.);
#7292=ADVANCED_FACE('',(#757),#6946,.F.);
#7293=ADVANCED_FACE('',(#758),#349,.F.);
#7294=ADVANCED_FACE('',(#759),#6947,.T.);
#7295=ADVANCED_FACE('',(#760),#6948,.F.);
#7296=ADVANCED_FACE('',(#761),#6949,.F.);
#7297=ADVANCED_FACE('',(#762),#6950,.F.);
#7298=ADVANCED_FACE('',(#763),#6951,.F.);
#7299=ADVANCED_FACE('',(#764),#6952,.F.);
#7300=ADVANCED_FACE('',(#765),#6953,.F.);
#7301=ADVANCED_FACE('',(#766),#6954,.F.);
#7302=ADVANCED_FACE('',(#767),#6955,.F.);
#7303=ADVANCED_FACE('',(#768),#6956,.F.);
#7304=ADVANCED_FACE('',(#769),#6957,.F.);
#7305=ADVANCED_FACE('',(#770),#6958,.F.);
#7306=ADVANCED_FACE('',(#771),#6959,.F.);
#7307=ADVANCED_FACE('',(#772),#6960,.F.);
#7308=ADVANCED_FACE('',(#773),#6961,.F.);
#7309=ADVANCED_FACE('',(#774),#6962,.F.);
#7310=ADVANCED_FACE('',(#775),#6963,.T.);
#7311=ADVANCED_FACE('',(#776),#6964,.T.);
#7312=ADVANCED_FACE('',(#777),#6965,.T.);
#7313=ADVANCED_FACE('',(#778),#6966,.T.);
#7314=ADVANCED_FACE('',(#779),#6967,.F.);
#7315=ADVANCED_FACE('',(#780,#456,#457,#458,#459),#6968,.T.);
#7316=ADVANCED_FACE('',(#781),#6969,.T.);
#7317=ADVANCED_FACE('',(#782),#6970,.T.);
#7318=ADVANCED_FACE('',(#783),#6971,.T.);
#7319=ADVANCED_FACE('',(#784),#6972,.T.);
#7320=ADVANCED_FACE('',(#785),#6973,.T.);
#7321=ADVANCED_FACE('',(#786),#6974,.T.);
#7322=ADVANCED_FACE('',(#787),#6975,.F.);
#7323=ADVANCED_FACE('',(#788),#6976,.T.);
#7324=ADVANCED_FACE('',(#789),#6977,.T.);
#7325=ADVANCED_FACE('',(#790),#6978,.T.);
#7326=ADVANCED_FACE('',(#791),#6979,.F.);
#7327=ADVANCED_FACE('',(#792),#6980,.T.);
#7328=ADVANCED_FACE('',(#793),#6981,.T.);
#7329=ADVANCED_FACE('',(#794),#6982,.T.);
#7330=ADVANCED_FACE('',(#795,#460,#461,#462),#6983,.T.);
#7331=ADVANCED_FACE('',(#796),#6984,.T.);
#7332=ADVANCED_FACE('',(#797),#6985,.T.);
#7333=ADVANCED_FACE('',(#798),#6986,.T.);
#7334=ADVANCED_FACE('',(#799),#6987,.T.);
#7335=ADVANCED_FACE('',(#800),#6988,.T.);
#7336=ADVANCED_FACE('',(#801,#463),#6989,.T.);
#7337=ADVANCED_FACE('',(#802),#6990,.T.);
#7338=ADVANCED_FACE('',(#803),#6991,.T.);
#7339=ADVANCED_FACE('',(#804),#6992,.T.);
#7340=ADVANCED_FACE('',(#805),#6993,.T.);
#7341=ADVANCED_FACE('',(#806),#6994,.T.);
#7342=ADVANCED_FACE('',(#807),#6995,.T.);
#7343=ADVANCED_FACE('',(#808),#6996,.T.);
#7344=ADVANCED_FACE('',(#809),#6997,.T.);
#7345=ADVANCED_FACE('',(#810),#6998,.T.);
#7346=ADVANCED_FACE('',(#811),#6999,.T.);
#7347=ADVANCED_FACE('',(#812),#7000,.T.);
#7348=ADVANCED_FACE('',(#813),#7001,.T.);
#7349=ADVANCED_FACE('',(#814),#7002,.T.);
#7350=ADVANCED_FACE('',(#815),#7003,.T.);
#7351=ADVANCED_FACE('',(#816),#7004,.T.);
#7352=ADVANCED_FACE('',(#817),#7005,.F.);
#7353=ADVANCED_FACE('',(#818),#7006,.T.);
#7354=ADVANCED_FACE('',(#819,#464,#465,#466),#7007,.T.);
#7355=ADVANCED_FACE('',(#820),#7008,.T.);
#7356=ADVANCED_FACE('',(#821),#7009,.T.);
#7357=ADVANCED_FACE('',(#822),#7010,.F.);
#7358=ADVANCED_FACE('',(#823),#7011,.T.);
#7359=ADVANCED_FACE('',(#824),#7012,.T.);
#7360=ADVANCED_FACE('',(#825),#7013,.T.);
#7361=ADVANCED_FACE('',(#826),#7014,.T.);
#7362=ADVANCED_FACE('',(#827),#7015,.T.);
#7363=ADVANCED_FACE('',(#828),#7016,.T.);
#7364=ADVANCED_FACE('',(#829),#7017,.T.);
#7365=ADVANCED_FACE('',(#830),#7018,.T.);
#7366=ADVANCED_FACE('',(#831),#7019,.T.);
#7367=ADVANCED_FACE('',(#832),#7020,.T.);
#7368=ADVANCED_FACE('',(#833),#7021,.T.);
#7369=ADVANCED_FACE('',(#834),#7022,.T.);
#7370=ADVANCED_FACE('',(#835),#7023,.T.);
#7371=ADVANCED_FACE('',(#836),#7024,.T.);
#7372=ADVANCED_FACE('',(#837),#7025,.T.);
#7373=ADVANCED_FACE('',(#838),#7026,.T.);
#7374=ADVANCED_FACE('',(#839),#7027,.T.);
#7375=ADVANCED_FACE('',(#840),#7028,.T.);
#7376=ADVANCED_FACE('',(#841),#7029,.T.);
#7377=ADVANCED_FACE('',(#842),#7030,.T.);
#7378=ADVANCED_FACE('',(#843),#7031,.T.);
#7379=ADVANCED_FACE('',(#844),#7032,.F.);
#7380=ADVANCED_FACE('',(#845),#7033,.T.);
#7381=ADVANCED_FACE('',(#846),#7034,.T.);
#7382=ADVANCED_FACE('',(#847),#7035,.F.);
#7383=ADVANCED_FACE('',(#848),#7036,.T.);
#7384=ADVANCED_FACE('',(#849),#7037,.T.);
#7385=ADVANCED_FACE('',(#850),#7038,.T.);
#7386=ADVANCED_FACE('',(#851),#7039,.T.);
#7387=ADVANCED_FACE('',(#852),#7040,.T.);
#7388=ADVANCED_FACE('',(#853),#7041,.T.);
#7389=ADVANCED_FACE('',(#854),#7042,.T.);
#7390=ADVANCED_FACE('',(#855),#7043,.T.);
#7391=ADVANCED_FACE('',(#856),#7044,.T.);
#7392=ADVANCED_FACE('',(#857),#7045,.T.);
#7393=ADVANCED_FACE('',(#858),#7046,.T.);
#7394=ADVANCED_FACE('',(#859),#7047,.T.);
#7395=ADVANCED_FACE('',(#860),#7048,.T.);
#7396=ADVANCED_FACE('',(#861),#7049,.T.);
#7397=ADVANCED_FACE('',(#862),#7050,.T.);
#7398=ADVANCED_FACE('',(#863),#7051,.T.);
#7399=ADVANCED_FACE('',(#864),#7052,.T.);
#7400=ADVANCED_FACE('',(#865),#7053,.T.);
#7401=ADVANCED_FACE('',(#866),#7054,.T.);
#7402=ADVANCED_FACE('',(#867,#467,#468,#469),#7055,.T.);
#7403=ADVANCED_FACE('',(#868),#7056,.T.);
#7404=ADVANCED_FACE('',(#869),#7057,.T.);
#7405=ADVANCED_FACE('',(#870),#7058,.T.);
#7406=ADVANCED_FACE('',(#871),#7059,.T.);
#7407=ADVANCED_FACE('',(#872),#7060,.T.);
#7408=ADVANCED_FACE('',(#873),#7061,.T.);
#7409=ADVANCED_FACE('',(#874),#7062,.T.);
#7410=ADVANCED_FACE('',(#875),#7063,.T.);
#7411=ADVANCED_FACE('',(#876),#7064,.T.);
#7412=ADVANCED_FACE('',(#877),#7065,.T.);
#7413=ADVANCED_FACE('',(#878),#7066,.T.);
#7414=ADVANCED_FACE('',(#879),#7067,.T.);
#7415=ADVANCED_FACE('',(#880),#7068,.T.);
#7416=ADVANCED_FACE('',(#881),#7069,.T.);
#7417=ADVANCED_FACE('',(#882),#7070,.T.);
#7418=ADVANCED_FACE('',(#883),#7071,.T.);
#7419=ADVANCED_FACE('',(#884),#7072,.T.);
#7420=ADVANCED_FACE('',(#885),#7073,.T.);
#7421=ADVANCED_FACE('',(#886),#7074,.T.);
#7422=ADVANCED_FACE('',(#887),#7075,.T.);
#7423=ADVANCED_FACE('',(#888),#7076,.T.);
#7424=ADVANCED_FACE('',(#889),#7077,.T.);
#7425=ADVANCED_FACE('',(#890),#7078,.T.);
#7426=ADVANCED_FACE('',(#891,#470,#471,#472,#473,#474,#475,#476,#477,#478,
#479,#480,#481,#482),#7079,.T.);
#7427=ADVANCED_FACE('',(#892),#7080,.F.);
#7428=ADVANCED_FACE('',(#893),#7081,.F.);
#7429=ADVANCED_FACE('',(#894),#7082,.F.);
#7430=ADVANCED_FACE('',(#895),#65,.F.);
#7431=ADVANCED_FACE('',(#896),#66,.F.);
#7432=ADVANCED_FACE('',(#897),#67,.F.);
#7433=ADVANCED_FACE('',(#898),#68,.F.);
#7434=ADVANCED_FACE('',(#899),#7083,.F.);
#7435=ADVANCED_FACE('',(#900),#7084,.F.);
#7436=ADVANCED_FACE('',(#901),#7085,.F.);
#7437=ADVANCED_FACE('',(#902),#69,.F.);
#7438=ADVANCED_FACE('',(#903),#7086,.F.);
#7439=ADVANCED_FACE('',(#904),#7087,.F.);
#7440=ADVANCED_FACE('',(#905),#7088,.F.);
#7441=ADVANCED_FACE('',(#906),#7089,.F.);
#7442=ADVANCED_FACE('',(#907),#70,.F.);
#7443=ADVANCED_FACE('',(#908),#71,.F.);
#7444=ADVANCED_FACE('',(#909),#72,.F.);
#7445=ADVANCED_FACE('',(#910),#73,.F.);
#7446=ADVANCED_FACE('',(#911),#7090,.F.);
#7447=ADVANCED_FACE('',(#912),#7091,.F.);
#7448=ADVANCED_FACE('',(#913),#7092,.F.);
#7449=ADVANCED_FACE('',(#914),#74,.F.);
#7450=ADVANCED_FACE('',(#915),#7093,.F.);
#7451=ADVANCED_FACE('',(#916),#7094,.F.);
#7452=ADVANCED_FACE('',(#917),#7095,.F.);
#7453=ADVANCED_FACE('',(#918),#75,.F.);
#7454=ADVANCED_FACE('',(#919),#76,.F.);
#7455=ADVANCED_FACE('',(#920),#77,.F.);
#7456=ADVANCED_FACE('',(#921),#7096,.F.);
#7457=ADVANCED_FACE('',(#922),#78,.F.);
#7458=ADVANCED_FACE('',(#923),#79,.F.);
#7459=ADVANCED_FACE('',(#924),#7097,.F.);
#7460=ADVANCED_FACE('',(#925),#80,.F.);
#7461=ADVANCED_FACE('',(#926),#81,.F.);
#7462=ADVANCED_FACE('',(#927),#82,.F.);
#7463=ADVANCED_FACE('',(#928),#7098,.F.);
#7464=ADVANCED_FACE('',(#929),#7099,.F.);
#7465=ADVANCED_FACE('',(#930),#7100,.F.);
#7466=ADVANCED_FACE('',(#931),#83,.F.);
#7467=ADVANCED_FACE('',(#932),#84,.F.);
#7468=ADVANCED_FACE('',(#933),#7101,.F.);
#7469=ADVANCED_FACE('',(#934),#7102,.F.);
#7470=ADVANCED_FACE('',(#935),#85,.F.);
#7471=ADVANCED_FACE('',(#936),#86,.F.);
#7472=ADVANCED_FACE('',(#937),#7103,.F.);
#7473=ADVANCED_FACE('',(#938),#7104,.F.);
#7474=ADVANCED_FACE('',(#939),#7105,.F.);
#7475=ADVANCED_FACE('',(#940),#87,.F.);
#7476=ADVANCED_FACE('',(#941),#88,.F.);
#7477=ADVANCED_FACE('',(#942),#7106,.F.);
#7478=ADVANCED_FACE('',(#943),#89,.F.);
#7479=ADVANCED_FACE('',(#944),#90,.F.);
#7480=ADVANCED_FACE('',(#945),#7107,.F.);
#7481=ADVANCED_FACE('',(#946),#91,.F.);
#7482=ADVANCED_FACE('',(#947),#92,.F.);
#7483=ADVANCED_FACE('',(#948),#7108,.F.);
#7484=ADVANCED_FACE('',(#949),#93,.F.);
#7485=ADVANCED_FACE('',(#950),#94,.F.);
#7486=ADVANCED_FACE('',(#951),#7109,.F.);
#7487=ADVANCED_FACE('',(#952),#95,.F.);
#7488=ADVANCED_FACE('',(#953),#96,.F.);
#7489=ADVANCED_FACE('',(#954),#7110,.F.);
#7490=ADVANCED_FACE('',(#955),#97,.F.);
#7491=ADVANCED_FACE('',(#956),#98,.F.);
#7492=ADVANCED_FACE('',(#957),#99,.F.);
#7493=ADVANCED_FACE('',(#958),#100,.F.);
#7494=ADVANCED_FACE('',(#959),#101,.F.);
#7495=ADVANCED_FACE('',(#960),#7111,.F.);
#7496=ADVANCED_FACE('',(#961),#7112,.F.);
#7497=ADVANCED_FACE('',(#962),#102,.F.);
#7498=ADVANCED_FACE('',(#963),#103,.F.);
#7499=ADVANCED_FACE('',(#964),#104,.F.);
#7500=ADVANCED_FACE('',(#965),#105,.F.);
#7501=ADVANCED_FACE('',(#966),#7113,.F.);
#7502=ADVANCED_FACE('',(#967),#7114,.F.);
#7503=ADVANCED_FACE('',(#968),#7115,.T.);
#7504=ADVANCED_FACE('',(#969),#7116,.T.);
#7505=ADVANCED_FACE('',(#970),#7117,.T.);
#7506=ADVANCED_FACE('',(#971),#7118,.T.);
#7507=ADVANCED_FACE('',(#972),#7119,.T.);
#7508=ADVANCED_FACE('',(#973),#7120,.T.);
#7509=ADVANCED_FACE('',(#974),#7121,.T.);
#7510=ADVANCED_FACE('',(#975),#7122,.T.);
#7511=ADVANCED_FACE('',(#976),#7123,.T.);
#7512=ADVANCED_FACE('',(#977),#7124,.T.);
#7513=ADVANCED_FACE('',(#978),#7125,.T.);
#7514=CLOSED_SHELL('',(#7126,#7127,#7128,#7129,#7130,#7131,#7132,#7133,
#7134,#7135,#7136,#7137,#7138,#7139,#7140,#7141,#7142,#7143,#7144,#7145,
#7146,#7147,#7148,#7149,#7150,#7151,#7152,#7153,#7154,#7155,#7156,#7157,
#7158,#7159,#7160,#7161,#7162,#7163,#7164,#7165,#7166,#7167,#7168,#7169,
#7170,#7171,#7172,#7173,#7174,#7175,#7176,#7177,#7178,#7179,#7180,#7181,
#7182,#7183,#7184,#7185,#7186,#7187,#7188));
#7515=CLOSED_SHELL('',(#7189,#7190,#7191,#7192,#7193,#7194,#7195,#7196,
#7197,#7198,#7199,#7200,#7201,#7202,#7203,#7204,#7205,#7206,#7207,#7208,
#7209,#7210,#7211,#7212,#7213,#7214,#7215,#7216,#7217,#7218,#7219,#7220,
#7221,#7222,#7223,#7224,#7225,#7226,#7227,#7228,#7229,#7230,#7231,#7232,
#7233,#7234,#7235,#7236,#7237,#7238,#7239,#7240,#7241,#7242,#7243,#7244,
#7245,#7246,#7247,#7248,#7249,#7250,#7251,#7252,#7253,#7254,#7255,#7256,
#7257,#7258,#7259,#7260,#7261,#7262,#7263,#7264,#7265,#7266,#7267,#7268,
#7269,#7270,#7271,#7272,#7273,#7274,#7275,#7276,#7277,#7278,#7279,#7280,
#7281,#7282,#7283,#7284,#7285,#7286,#7287,#7288,#7289,#7290,#7291,#7292,
#7293,#7294,#7295,#7296,#7297,#7298,#7299,#7300,#7301,#7302,#7303,#7304,
#7305,#7306,#7307,#7308,#7309,#7310,#7311,#7312,#7313,#7314,#7315,#7316,
#7317,#7318,#7319,#7320,#7321,#7322,#7323,#7324,#7325,#7326,#7327,#7328,
#7329,#7330,#7331,#7332,#7333,#7334,#7335,#7336,#7337,#7338,#7339,#7340,
#7341,#7342,#7343,#7344,#7345,#7346,#7347,#7348,#7349,#7350,#7351,#7352,
#7353,#7354,#7355,#7356,#7357,#7358,#7359,#7360,#7361,#7362,#7363,#7364,
#7365,#7366,#7367,#7368,#7369,#7370,#7371,#7372,#7373,#7374,#7375,#7376,
#7377,#7378,#7379,#7380,#7381,#7382,#7383,#7384,#7385,#7386,#7387,#7388,
#7389,#7390,#7391,#7392,#7393,#7394,#7395,#7396,#7397,#7398,#7399,#7400,
#7401,#7402,#7403,#7404,#7405,#7406,#7407,#7408,#7409,#7410,#7411,#7412,
#7413,#7414,#7415,#7416,#7417,#7418,#7419,#7420,#7421,#7422,#7423,#7424,
#7425,#7426,#7427,#7428,#7429,#7430,#7431,#7432,#7433,#7434,#7435,#7436,
#7437,#7438,#7439,#7440,#7441,#7442,#7443,#7444,#7445,#7446,#7447,#7448,
#7449,#7450,#7451,#7452,#7453,#7454,#7455,#7456,#7457,#7458,#7459,#7460,
#7461,#7462,#7463,#7464,#7465,#7466,#7467,#7468,#7469,#7470,#7471,#7472,
#7473,#7474,#7475,#7476,#7477,#7478,#7479,#7480,#7481,#7482,#7483,#7484,
#7485,#7486,#7487,#7488,#7489,#7490,#7491,#7492,#7493,#7494,#7495,#7496,
#7497,#7498,#7499,#7500,#7501,#7502,#7503,#7504,#7505,#7506,#7507,#7508,
#7509,#7510,#7511,#7512,#7513));
#7516=DERIVED_UNIT_ELEMENT(#7518,1.);
#7517=DERIVED_UNIT_ELEMENT(#13381,-3.);
#7518=(
MASS_UNIT()
NAMED_UNIT(*)
SI_UNIT(.KILO.,.GRAM.)
);
#7519=DERIVED_UNIT((#7516,#7517));
#7520=MEASURE_REPRESENTATION_ITEM('density measure',
POSITIVE_RATIO_MEASURE(7850.),#7519);
#7521=PROPERTY_DEFINITION_REPRESENTATION(#7526,#7523);
#7522=PROPERTY_DEFINITION_REPRESENTATION(#7527,#7524);
#7523=REPRESENTATION('material name',(#7525),#13378);
#7524=REPRESENTATION('density',(#7520),#13378);
#7525=DESCRIPTIVE_REPRESENTATION_ITEM('Steel','Steel');
#7526=PROPERTY_DEFINITION('material property','material name',#13393);
#7527=PROPERTY_DEFINITION('material property','density of part',#13393);
#7528=AXIS2_PLACEMENT_3D('',#9519,#7936,#7937);
#7529=AXIS2_PLACEMENT_3D('',#9520,#7938,#7939);
#7530=AXIS2_PLACEMENT_3D('',#9521,#7940,#7941);
#7531=AXIS2_PLACEMENT_3D('',#9531,#7946,#7947);
#7532=AXIS2_PLACEMENT_3D('',#9533,#7948,#7949);
#7533=AXIS2_PLACEMENT_3D('',#9535,#7950,#7951);
#7534=AXIS2_PLACEMENT_3D('',#9537,#7952,#7953);
#7535=AXIS2_PLACEMENT_3D('',#9539,#7954,#7955);
#7536=AXIS2_PLACEMENT_3D('',#9541,#7956,#7957);
#7537=AXIS2_PLACEMENT_3D('',#9543,#7958,#7959);
#7538=AXIS2_PLACEMENT_3D('',#9545,#7960,#7961);
#7539=AXIS2_PLACEMENT_3D('',#9547,#7962,#7963);
#7540=AXIS2_PLACEMENT_3D('',#9549,#7964,#7965);
#7541=AXIS2_PLACEMENT_3D('',#9551,#7966,#7967);
#7542=AXIS2_PLACEMENT_3D('',#9553,#7968,#7969);
#7543=AXIS2_PLACEMENT_3D('',#9555,#7970,#7971);
#7544=AXIS2_PLACEMENT_3D('',#9557,#7972,#7973);
#7545=AXIS2_PLACEMENT_3D('',#9559,#7974,#7975);
#7546=AXIS2_PLACEMENT_3D('',#9561,#7976,#7977);
#7547=AXIS2_PLACEMENT_3D('',#9563,#7978,#7979);
#7548=AXIS2_PLACEMENT_3D('',#9565,#7980,#7981);
#7549=AXIS2_PLACEMENT_3D('',#9567,#7982,#7983);
#7550=AXIS2_PLACEMENT_3D('',#9569,#7984,#7985);
#7551=AXIS2_PLACEMENT_3D('',#9571,#7986,#7987);
#7552=AXIS2_PLACEMENT_3D('',#9573,#7988,#7989);
#7553=AXIS2_PLACEMENT_3D('',#9575,#7990,#7991);
#7554=AXIS2_PLACEMENT_3D('',#9578,#7992,#7993);
#7555=AXIS2_PLACEMENT_3D('',#9582,#7995,#7996);
#7556=AXIS2_PLACEMENT_3D('',#9585,#7998,#7999);
#7557=AXIS2_PLACEMENT_3D('',#9588,#8000,#8001);
#7558=AXIS2_PLACEMENT_3D('',#9592,#8003,#8004);
#7559=AXIS2_PLACEMENT_3D('',#9595,#8006,#8007);
#7560=AXIS2_PLACEMENT_3D('',#9597,#8008,#8009);
#7561=AXIS2_PLACEMENT_3D('',#9599,#8010,#8011);
#7562=AXIS2_PLACEMENT_3D('',#9601,#8012,#8013);
#7563=AXIS2_PLACEMENT_3D('',#9603,#8014,#8015);
#7564=AXIS2_PLACEMENT_3D('',#9605,#8016,#8017);
#7565=AXIS2_PLACEMENT_3D('',#9607,#8018,#8019);
#7566=AXIS2_PLACEMENT_3D('',#9609,#8020,#8021);
#7567=AXIS2_PLACEMENT_3D('',#9611,#8022,#8023);
#7568=AXIS2_PLACEMENT_3D('',#9613,#8024,#8025);
#7569=AXIS2_PLACEMENT_3D('',#9615,#8026,#8027);
#7570=AXIS2_PLACEMENT_3D('',#9617,#8028,#8029);
#7571=AXIS2_PLACEMENT_3D('',#9619,#8030,#8031);
#7572=AXIS2_PLACEMENT_3D('',#9621,#8032,#8033);
#7573=AXIS2_PLACEMENT_3D('',#9623,#8034,#8035);
#7574=AXIS2_PLACEMENT_3D('',#9625,#8036,#8037);
#7575=AXIS2_PLACEMENT_3D('',#9627,#8038,#8039);
#7576=AXIS2_PLACEMENT_3D('',#9629,#8040,#8041);
#7577=AXIS2_PLACEMENT_3D('',#9631,#8042,#8043);
#7578=AXIS2_PLACEMENT_3D('',#9633,#8044,#8045);
#7579=AXIS2_PLACEMENT_3D('',#9635,#8046,#8047);
#7580=AXIS2_PLACEMENT_3D('',#9637,#8048,#8049);
#7581=AXIS2_PLACEMENT_3D('',#9639,#8050,#8051);
#7582=AXIS2_PLACEMENT_3D('',#9641,#8052,#8053);
#7583=AXIS2_PLACEMENT_3D('',#9643,#8054,#8055);
#7584=AXIS2_PLACEMENT_3D('',#9644,#8056,#8057);
#7585=AXIS2_PLACEMENT_3D('',#9648,#8059,#8060);
#7586=AXIS2_PLACEMENT_3D('',#9650,#8062,#8063);
#7587=AXIS2_PLACEMENT_3D('',#9654,#8066,#8067);
#7588=AXIS2_PLACEMENT_3D('',#9658,#8069,#8070);
#7589=AXIS2_PLACEMENT_3D('',#9660,#8072,#8073);
#7590=AXIS2_PLACEMENT_3D('',#9664,#8076,#8077);
#7591=AXIS2_PLACEMENT_3D('',#9670,#8081,#8082);
#7592=AXIS2_PLACEMENT_3D('',#9674,#8085,#8086);
#7593=AXIS2_PLACEMENT_3D('',#9678,#8089,#8090);
#7594=AXIS2_PLACEMENT_3D('',#9681,#8092,#8093);
#7595=AXIS2_PLACEMENT_3D('',#9683,#8094,#8095);
#7596=AXIS2_PLACEMENT_3D('',#9685,#8096,#8097);
#7597=AXIS2_PLACEMENT_3D('',#9687,#8098,#8099);
#7598=AXIS2_PLACEMENT_3D('',#9689,#8100,#8101);
#7599=AXIS2_PLACEMENT_3D('',#9691,#8102,#8103);
#7600=AXIS2_PLACEMENT_3D('',#9693,#8104,#8105);
#7601=AXIS2_PLACEMENT_3D('',#9695,#8106,#8107);
#7602=AXIS2_PLACEMENT_3D('',#9697,#8108,#8109);
#7603=AXIS2_PLACEMENT_3D('',#9699,#8110,#8111);
#7604=AXIS2_PLACEMENT_3D('',#9701,#8112,#8113);
#7605=AXIS2_PLACEMENT_3D('',#9703,#8114,#8115);
#7606=AXIS2_PLACEMENT_3D('',#9705,#8116,#8117);
#7607=AXIS2_PLACEMENT_3D('',#9707,#8118,#8119);
#7608=AXIS2_PLACEMENT_3D('',#9709,#8120,#8121);
#7609=AXIS2_PLACEMENT_3D('',#9711,#8122,#8123);
#7610=AXIS2_PLACEMENT_3D('',#9713,#8124,#8125);
#7611=AXIS2_PLACEMENT_3D('',#9715,#8126,#8127);
#7612=AXIS2_PLACEMENT_3D('',#9717,#8128,#8129);
#7613=AXIS2_PLACEMENT_3D('',#9719,#8130,#8131);
#7614=AXIS2_PLACEMENT_3D('',#9721,#8132,#8133);
#7615=AXIS2_PLACEMENT_3D('',#9723,#8134,#8135);
#7616=AXIS2_PLACEMENT_3D('',#9725,#8136,#8137);
#7617=AXIS2_PLACEMENT_3D('',#9727,#8138,#8139);
#7618=AXIS2_PLACEMENT_3D('',#9730,#8141,#8142);
#7619=AXIS2_PLACEMENT_3D('',#9732,#8143,#8144);
#7620=AXIS2_PLACEMENT_3D('',#9735,#8146,#8147);
#7621=AXIS2_PLACEMENT_3D('',#9737,#8148,#8149);
#7622=AXIS2_PLACEMENT_3D('',#9739,#8150,#8151);
#7623=AXIS2_PLACEMENT_3D('',#9741,#8152,#8153);
#7624=AXIS2_PLACEMENT_3D('',#9743,#8154,#8155);
#7625=AXIS2_PLACEMENT_3D('',#9745,#8156,#8157);
#7626=AXIS2_PLACEMENT_3D('',#9747,#8158,#8159);
#7627=AXIS2_PLACEMENT_3D('',#9749,#8160,#8161);
#7628=AXIS2_PLACEMENT_3D('',#9751,#8162,#8163);
#7629=AXIS2_PLACEMENT_3D('',#9753,#8164,#8165);
#7630=AXIS2_PLACEMENT_3D('',#9755,#8166,#8167);
#7631=AXIS2_PLACEMENT_3D('',#9757,#8168,#8169);
#7632=AXIS2_PLACEMENT_3D('',#9759,#8170,#8171);
#7633=AXIS2_PLACEMENT_3D('',#9761,#8172,#8173);
#7634=AXIS2_PLACEMENT_3D('',#9763,#8174,#8175);
#7635=AXIS2_PLACEMENT_3D('',#9765,#8176,#8177);
#7636=AXIS2_PLACEMENT_3D('',#9767,#8178,#8179);
#7637=AXIS2_PLACEMENT_3D('',#9769,#8180,#8181);
#7638=AXIS2_PLACEMENT_3D('',#9771,#8182,#8183);
#7639=AXIS2_PLACEMENT_3D('',#9773,#8184,#8185);
#7640=AXIS2_PLACEMENT_3D('',#9775,#8186,#8187);
#7641=AXIS2_PLACEMENT_3D('',#9777,#8188,#8189);
#7642=AXIS2_PLACEMENT_3D('',#9779,#8190,#8191);
#7643=AXIS2_PLACEMENT_3D('',#9781,#8192,#8193);
#7644=AXIS2_PLACEMENT_3D('',#9783,#8194,#8195);
#7645=AXIS2_PLACEMENT_3D('',#9784,#8196,#8197);
#7646=AXIS2_PLACEMENT_3D('',#9785,#8198,#8199);
#7647=AXIS2_PLACEMENT_3D('',#9787,#8201,#8202);
#7648=AXIS2_PLACEMENT_3D('',#9789,#8204,#8205);
#7649=AXIS2_PLACEMENT_3D('',#9791,#8207,#8208);
#7650=AXIS2_PLACEMENT_3D('',#9793,#8210,#8211);
#7651=AXIS2_PLACEMENT_3D('',#9795,#8213,#8214);
#7652=AXIS2_PLACEMENT_3D('',#9797,#8216,#8217);
#7653=AXIS2_PLACEMENT_3D('',#9799,#8219,#8220);
#7654=AXIS2_PLACEMENT_3D('',#9801,#8222,#8223);
#7655=AXIS2_PLACEMENT_3D('',#9803,#8225,#8226);
#7656=AXIS2_PLACEMENT_3D('',#9805,#8228,#8229);
#7657=AXIS2_PLACEMENT_3D('',#9807,#8231,#8232);
#7658=AXIS2_PLACEMENT_3D('',#9809,#8234,#8235);
#7659=AXIS2_PLACEMENT_3D('',#9811,#8237,#8238);
#7660=AXIS2_PLACEMENT_3D('',#9813,#8240,#8241);
#7661=AXIS2_PLACEMENT_3D('',#9815,#8243,#8244);
#7662=AXIS2_PLACEMENT_3D('',#9817,#8246,#8247);
#7663=AXIS2_PLACEMENT_3D('',#9819,#8249,#8250);
#7664=AXIS2_PLACEMENT_3D('',#9821,#8252,#8253);
#7665=AXIS2_PLACEMENT_3D('',#9823,#8255,#8256);
#7666=AXIS2_PLACEMENT_3D('',#9825,#8258,#8259);
#7667=AXIS2_PLACEMENT_3D('',#9827,#8261,#8262);
#7668=AXIS2_PLACEMENT_3D('',#9829,#8264,#8265);
#7669=AXIS2_PLACEMENT_3D('',#9831,#8267,#8268);
#7670=AXIS2_PLACEMENT_3D('',#9833,#8270,#8271);
#7671=AXIS2_PLACEMENT_3D('',#9834,#8272,#8273);
#7672=AXIS2_PLACEMENT_3D('',#9836,#8275,#8276);
#7673=AXIS2_PLACEMENT_3D('',#9838,#8278,#8279);
#7674=AXIS2_PLACEMENT_3D('',#9839,#8280,#8281);
#7675=AXIS2_PLACEMENT_3D('',#9841,#8283,#8284);
#7676=AXIS2_PLACEMENT_3D('',#9843,#8286,#8287);
#7677=AXIS2_PLACEMENT_3D('',#9845,#8289,#8290);
#7678=AXIS2_PLACEMENT_3D('',#9847,#8292,#8293);
#7679=AXIS2_PLACEMENT_3D('',#9849,#8295,#8296);
#7680=AXIS2_PLACEMENT_3D('',#9851,#8298,#8299);
#7681=AXIS2_PLACEMENT_3D('',#9853,#8301,#8302);
#7682=AXIS2_PLACEMENT_3D('',#9855,#8304,#8305);
#7683=AXIS2_PLACEMENT_3D('',#9857,#8307,#8308);
#7684=AXIS2_PLACEMENT_3D('',#9859,#8310,#8311);
#7685=AXIS2_PLACEMENT_3D('',#9861,#8313,#8314);
#7686=AXIS2_PLACEMENT_3D('',#9863,#8316,#8317);
#7687=AXIS2_PLACEMENT_3D('',#9865,#8319,#8320);
#7688=AXIS2_PLACEMENT_3D('',#9867,#8322,#8323);
#7689=AXIS2_PLACEMENT_3D('',#9869,#8325,#8326);
#7690=AXIS2_PLACEMENT_3D('',#9871,#8328,#8329);
#7691=AXIS2_PLACEMENT_3D('',#9873,#8331,#8332);
#7692=AXIS2_PLACEMENT_3D('',#9875,#8334,#8335);
#7693=AXIS2_PLACEMENT_3D('',#9877,#8337,#8338);
#7694=AXIS2_PLACEMENT_3D('',#9879,#8340,#8341);
#7695=AXIS2_PLACEMENT_3D('',#9881,#8343,#8344);
#7696=AXIS2_PLACEMENT_3D('',#9883,#8346,#8347);
#7697=AXIS2_PLACEMENT_3D('',#9885,#8349,#8350);
#7698=AXIS2_PLACEMENT_3D('',#9887,#8352,#8353);
#7699=AXIS2_PLACEMENT_3D('',#9889,#8355,#8356);
#7700=AXIS2_PLACEMENT_3D('',#9902,#8363,#8364);
#7701=AXIS2_PLACEMENT_3D('',#9911,#8369,#8370);
#7702=AXIS2_PLACEMENT_3D('',#9917,#8374,#8375);
#7703=AXIS2_PLACEMENT_3D('',#9923,#8379,#8380);
#7704=AXIS2_PLACEMENT_3D('',#9926,#8383,#8384);
#7705=AXIS2_PLACEMENT_3D('',#9932,#8388,#8389);
#7706=AXIS2_PLACEMENT_3D('',#9947,#8398,#8399);
#7707=AXIS2_PLACEMENT_3D('',#9964,#8408,#8409);
#7708=AXIS2_PLACEMENT_3D('',#9970,#8413,#8414);
#7709=AXIS2_PLACEMENT_3D('',#9974,#8417,#8418);
#7710=AXIS2_PLACEMENT_3D('',#9983,#8423,#8424);
#7711=AXIS2_PLACEMENT_3D('',#9989,#8428,#8429);
#7712=AXIS2_PLACEMENT_3D('',#9993,#8432,#8433);
#7713=AXIS2_PLACEMENT_3D('',#10098,#8442,#8443);
#7714=AXIS2_PLACEMENT_3D('',#10104,#8447,#8448);
#7715=AXIS2_PLACEMENT_3D('',#10127,#8453,#8454);
#7716=AXIS2_PLACEMENT_3D('',#10131,#8457,#8458);
#7717=AXIS2_PLACEMENT_3D('',#10135,#8461,#8462);
#7718=AXIS2_PLACEMENT_3D('',#10207,#8469,#8470);
#7719=AXIS2_PLACEMENT_3D('',#10328,#8483,#8484);
#7720=AXIS2_PLACEMENT_3D('',#10334,#8488,#8489);
#7721=AXIS2_PLACEMENT_3D('',#10406,#8496,#8497);
#7722=AXIS2_PLACEMENT_3D('',#10410,#8500,#8501);
#7723=AXIS2_PLACEMENT_3D('',#10414,#8504,#8505);
#7724=AXIS2_PLACEMENT_3D('',#10469,#8511,#8512);
#7725=AXIS2_PLACEMENT_3D('',#10600,#8522,#8523);
#7726=AXIS2_PLACEMENT_3D('',#10674,#8531,#8532);
#7727=AXIS2_PLACEMENT_3D('',#10712,#8537,#8538);
#7728=AXIS2_PLACEMENT_3D('',#10767,#8544,#8545);
#7729=AXIS2_PLACEMENT_3D('',#10912,#8554,#8555);
#7730=AXIS2_PLACEMENT_3D('',#10918,#8559,#8560);
#7731=AXIS2_PLACEMENT_3D('',#10990,#8567,#8568);
#7732=AXIS2_PLACEMENT_3D('',#10994,#8571,#8572);
#7733=AXIS2_PLACEMENT_3D('',#11066,#8579,#8580);
#7734=AXIS2_PLACEMENT_3D('',#11158,#8587,#8588);
#7735=AXIS2_PLACEMENT_3D('',#11196,#8593,#8594);
#7736=AXIS2_PLACEMENT_3D('',#11217,#8598,#8599);
#7737=AXIS2_PLACEMENT_3D('',#11332,#8609,#8610);
#7738=AXIS2_PLACEMENT_3D('',#11372,#8616,#8617);
#7739=AXIS2_PLACEMENT_3D('',#11412,#8623,#8624);
#7740=AXIS2_PLACEMENT_3D('',#11416,#8627,#8628);
#7741=AXIS2_PLACEMENT_3D('',#11471,#8634,#8635);
#7742=AXIS2_PLACEMENT_3D('',#11640,#8648,#8649);
#7743=AXIS2_PLACEMENT_3D('',#11680,#8655,#8656);
#7744=AXIS2_PLACEMENT_3D('',#11701,#8660,#8661);
#7745=AXIS2_PLACEMENT_3D('',#11775,#8669,#8670);
#7746=AXIS2_PLACEMENT_3D('',#11779,#8673,#8674);
#7747=AXIS2_PLACEMENT_3D('',#11783,#8677,#8678);
#7748=AXIS2_PLACEMENT_3D('',#11838,#8684,#8685);
#7749=AXIS2_PLACEMENT_3D('',#11847,#8690,#8691);
#7750=AXIS2_PLACEMENT_3D('',#11853,#8695,#8696);
#7751=AXIS2_PLACEMENT_3D('',#11859,#8700,#8701);
#7752=AXIS2_PLACEMENT_3D('',#11862,#8704,#8705);
#7753=AXIS2_PLACEMENT_3D('',#11863,#8706,#8707);
#7754=AXIS2_PLACEMENT_3D('',#11865,#8708,#8709);
#7755=AXIS2_PLACEMENT_3D('',#11868,#8711,#8712);
#7756=AXIS2_PLACEMENT_3D('',#11869,#8713,#8714);
#7757=AXIS2_PLACEMENT_3D('',#11870,#8715,#8716);
#7758=AXIS2_PLACEMENT_3D('',#11879,#8721,#8722);
#7759=AXIS2_PLACEMENT_3D('',#11885,#8726,#8727);
#7760=AXIS2_PLACEMENT_3D('',#11891,#8731,#8732);
#7761=AXIS2_PLACEMENT_3D('',#11894,#8735,#8736);
#7762=AXIS2_PLACEMENT_3D('',#11895,#8737,#8738);
#7763=AXIS2_PLACEMENT_3D('',#11904,#8743,#8744);
#7764=AXIS2_PLACEMENT_3D('',#11910,#8748,#8749);
#7765=AXIS2_PLACEMENT_3D('',#11916,#8753,#8754);
#7766=AXIS2_PLACEMENT_3D('',#11919,#8757,#8758);
#7767=AXIS2_PLACEMENT_3D('',#11920,#8759,#8760);
#7768=AXIS2_PLACEMENT_3D('',#11929,#8765,#8766);
#7769=AXIS2_PLACEMENT_3D('',#11935,#8770,#8771);
#7770=AXIS2_PLACEMENT_3D('',#11941,#8775,#8776);
#7771=AXIS2_PLACEMENT_3D('',#11944,#8779,#8780);
#7772=AXIS2_PLACEMENT_3D('',#11945,#8781,#8782);
#7773=AXIS2_PLACEMENT_3D('',#11954,#8787,#8788);
#7774=AXIS2_PLACEMENT_3D('',#11960,#8792,#8793);
#7775=AXIS2_PLACEMENT_3D('',#11963,#8796,#8797);
#7776=AXIS2_PLACEMENT_3D('',#11969,#8801,#8802);
#7777=AXIS2_PLACEMENT_3D('',#11985,#8811,#8812);
#7778=AXIS2_PLACEMENT_3D('',#12012,#8826,#8827);
#7779=AXIS2_PLACEMENT_3D('',#12018,#8831,#8832);
#7780=AXIS2_PLACEMENT_3D('',#12022,#8835,#8836);
#7781=AXIS2_PLACEMENT_3D('',#12028,#8840,#8841);
#7782=AXIS2_PLACEMENT_3D('',#12032,#8844,#8845);
#7783=AXIS2_PLACEMENT_3D('',#12034,#8847,#8848);
#7784=AXIS2_PLACEMENT_3D('',#12040,#8852,#8853);
#7785=AXIS2_PLACEMENT_3D('',#12044,#8856,#8857);
#7786=AXIS2_PLACEMENT_3D('',#12050,#8861,#8862);
#7787=AXIS2_PLACEMENT_3D('',#12054,#8865,#8866);
#7788=AXIS2_PLACEMENT_3D('',#12063,#8871,#8872);
#7789=AXIS2_PLACEMENT_3D('',#12091,#8888,#8889);
#7790=AXIS2_PLACEMENT_3D('',#12097,#8893,#8894);
#7791=AXIS2_PLACEMENT_3D('',#12106,#8899,#8900);
#7792=AXIS2_PLACEMENT_3D('',#12112,#8904,#8905);
#7793=AXIS2_PLACEMENT_3D('',#12137,#8919,#8920);
#7794=AXIS2_PLACEMENT_3D('',#12143,#8924,#8925);
#7795=AXIS2_PLACEMENT_3D('',#12147,#8928,#8929);
#7796=AXIS2_PLACEMENT_3D('',#12151,#8932,#8933);
#7797=AXIS2_PLACEMENT_3D('',#12153,#8935,#8936);
#7798=AXIS2_PLACEMENT_3D('',#12159,#8940,#8941);
#7799=AXIS2_PLACEMENT_3D('',#12184,#8956,#8957);
#7800=AXIS2_PLACEMENT_3D('',#12187,#8960,#8961);
#7801=AXIS2_PLACEMENT_3D('',#12189,#8963,#8964);
#7802=AXIS2_PLACEMENT_3D('',#12193,#8967,#8968);
#7803=AXIS2_PLACEMENT_3D('',#12195,#8970,#8971);
#7804=AXIS2_PLACEMENT_3D('',#12196,#8972,#8973);
#7805=AXIS2_PLACEMENT_3D('',#12202,#8977,#8978);
#7806=AXIS2_PLACEMENT_3D('',#12204,#8980,#8981);
#7807=AXIS2_PLACEMENT_3D('',#12239,#9001,#9002);
#7808=AXIS2_PLACEMENT_3D('',#12240,#9003,#9004);
#7809=AXIS2_PLACEMENT_3D('',#12243,#9007,#9008);
#7810=AXIS2_PLACEMENT_3D('',#12247,#9011,#9012);
#7811=AXIS2_PLACEMENT_3D('',#12249,#9014,#9015);
#7812=AXIS2_PLACEMENT_3D('',#12253,#9018,#9019);
#7813=AXIS2_PLACEMENT_3D('',#12257,#9022,#9023);
#7814=AXIS2_PLACEMENT_3D('',#12259,#9025,#9026);
#7815=AXIS2_PLACEMENT_3D('',#12286,#9042,#9043);
#7816=AXIS2_PLACEMENT_3D('',#12295,#9048,#9049);
#7817=AXIS2_PLACEMENT_3D('',#12316,#9061,#9062);
#7818=AXIS2_PLACEMENT_3D('',#12320,#9065,#9066);
#7819=AXIS2_PLACEMENT_3D('',#12322,#9068,#9069);
#7820=AXIS2_PLACEMENT_3D('',#12326,#9072,#9073);
#7821=AXIS2_PLACEMENT_3D('',#12328,#9075,#9076);
#7822=AXIS2_PLACEMENT_3D('',#12329,#9077,#9078);
#7823=AXIS2_PLACEMENT_3D('',#12335,#9082,#9083);
#7824=AXIS2_PLACEMENT_3D('',#12339,#9086,#9087);
#7825=AXIS2_PLACEMENT_3D('',#12341,#9089,#9090);
#7826=AXIS2_PLACEMENT_3D('',#12347,#9094,#9095);
#7827=AXIS2_PLACEMENT_3D('',#12351,#9098,#9099);
#7828=AXIS2_PLACEMENT_3D('',#12355,#9102,#9103);
#7829=AXIS2_PLACEMENT_3D('',#12357,#9105,#9106);
#7830=AXIS2_PLACEMENT_3D('',#12359,#9108,#9109);
#7831=AXIS2_PLACEMENT_3D('',#12360,#9110,#9111);
#7832=AXIS2_PLACEMENT_3D('',#12362,#9113,#9114);
#7833=AXIS2_PLACEMENT_3D('',#12364,#9116,#9117);
#7834=AXIS2_PLACEMENT_3D('',#12365,#9118,#9119);
#7835=AXIS2_PLACEMENT_3D('',#12373,#9125,#9126);
#7836=AXIS2_PLACEMENT_3D('',#12376,#9129,#9130);
#7837=AXIS2_PLACEMENT_3D('',#12378,#9132,#9133);
#7838=AXIS2_PLACEMENT_3D('',#12379,#9134,#9135);
#7839=AXIS2_PLACEMENT_3D('',#12385,#9139,#9140);
#7840=AXIS2_PLACEMENT_3D('',#12389,#9143,#9144);
#7841=AXIS2_PLACEMENT_3D('',#12392,#9147,#9148);
#7842=AXIS2_PLACEMENT_3D('',#12413,#9161,#9162);
#7843=AXIS2_PLACEMENT_3D('',#12416,#9165,#9166);
#7844=AXIS2_PLACEMENT_3D('',#12417,#9167,#9168);
#7845=AXIS2_PLACEMENT_3D('',#12419,#9170,#9171);
#7846=AXIS2_PLACEMENT_3D('',#12421,#9173,#9174);
#7847=AXIS2_PLACEMENT_3D('',#12423,#9176,#9177);
#7848=AXIS2_PLACEMENT_3D('',#12424,#9178,#9179);
#7849=AXIS2_PLACEMENT_3D('',#12426,#9181,#9182);
#7850=AXIS2_PLACEMENT_3D('',#12430,#9185,#9186);
#7851=AXIS2_PLACEMENT_3D('',#12432,#9188,#9189);
#7852=AXIS2_PLACEMENT_3D('',#12436,#9192,#9193);
#7853=AXIS2_PLACEMENT_3D('',#12438,#9195,#9196);
#7854=AXIS2_PLACEMENT_3D('',#12439,#9197,#9198);
#7855=AXIS2_PLACEMENT_3D('',#12442,#9201,#9202);
#7856=AXIS2_PLACEMENT_3D('',#12446,#9205,#9206);
#7857=AXIS2_PLACEMENT_3D('',#12449,#9209,#9210);
#7858=AXIS2_PLACEMENT_3D('',#12452,#9213,#9214);
#7859=AXIS2_PLACEMENT_3D('',#12453,#9215,#9216);
#7860=AXIS2_PLACEMENT_3D('',#12455,#9218,#9219);
#7861=AXIS2_PLACEMENT_3D('',#12456,#9220,#9221);
#7862=AXIS2_PLACEMENT_3D('',#12462,#9225,#9226);
#7863=AXIS2_PLACEMENT_3D('',#12467,#9230,#9231);
#7864=AXIS2_PLACEMENT_3D('',#12469,#9233,#9234);
#7865=AXIS2_PLACEMENT_3D('',#12490,#9246,#9247);
#7866=AXIS2_PLACEMENT_3D('',#12492,#9249,#9250);
#7867=AXIS2_PLACEMENT_3D('',#12494,#9252,#9253);
#7868=AXIS2_PLACEMENT_3D('',#12496,#9255,#9256);
#7869=AXIS2_PLACEMENT_3D('',#12497,#9257,#9258);
#7870=AXIS2_PLACEMENT_3D('',#12500,#9261,#9262);
#7871=AXIS2_PLACEMENT_3D('',#12503,#9265,#9266);
#7872=AXIS2_PLACEMENT_3D('',#12504,#9267,#9268);
#7873=AXIS2_PLACEMENT_3D('',#12505,#9269,#9270);
#7874=AXIS2_PLACEMENT_3D('',#12508,#9273,#9274);
#7875=AXIS2_PLACEMENT_3D('',#12513,#9278,#9279);
#7876=AXIS2_PLACEMENT_3D('',#12517,#9283,#9284);
#7877=AXIS2_PLACEMENT_3D('',#12522,#9288,#9289);
#7878=AXIS2_PLACEMENT_3D('',#12526,#9293,#9294);
#7879=AXIS2_PLACEMENT_3D('',#12529,#9297,#9298);
#7880=AXIS2_PLACEMENT_3D('',#12530,#9299,#9300);
#7881=AXIS2_PLACEMENT_3D('',#12531,#9301,#9302);
#7882=AXIS2_PLACEMENT_3D('',#12532,#9303,#9304);
#7883=AXIS2_PLACEMENT_3D('',#12534,#9306,#9307);
#7884=AXIS2_PLACEMENT_3D('',#12536,#9309,#9310);
#7885=AXIS2_PLACEMENT_3D('',#12537,#9311,#9312);
#7886=AXIS2_PLACEMENT_3D('',#12538,#9313,#9314);
#7887=AXIS2_PLACEMENT_3D('',#12540,#9316,#9317);
#7888=AXIS2_PLACEMENT_3D('',#12541,#9318,#9319);
#7889=AXIS2_PLACEMENT_3D('',#12820,#9349,#9350);
#7890=AXIS2_PLACEMENT_3D('',#12822,#9352,#9353);
#7891=AXIS2_PLACEMENT_3D('',#12824,#9355,#9356);
#7892=AXIS2_PLACEMENT_3D('',#12870,#9362,#9363);
#7893=AXIS2_PLACEMENT_3D('',#12872,#9365,#9366);
#7894=AXIS2_PLACEMENT_3D('',#12874,#9368,#9369);
#7895=AXIS2_PLACEMENT_3D('',#12886,#9371,#9372);
#7896=AXIS2_PLACEMENT_3D('',#12888,#9374,#9375);
#7897=AXIS2_PLACEMENT_3D('',#12890,#9377,#9378);
#7898=AXIS2_PLACEMENT_3D('',#12892,#9380,#9381);
#7899=AXIS2_PLACEMENT_3D('',#12938,#9387,#9388);
#7900=AXIS2_PLACEMENT_3D('',#12940,#9390,#9391);
#7901=AXIS2_PLACEMENT_3D('',#12942,#9393,#9394);
#7902=AXIS2_PLACEMENT_3D('',#12954,#9396,#9397);
#7903=AXIS2_PLACEMENT_3D('',#12956,#9399,#9400);
#7904=AXIS2_PLACEMENT_3D('',#12957,#9401,#9402);
#7905=AXIS2_PLACEMENT_3D('',#12992,#9407,#9408);
#7906=AXIS2_PLACEMENT_3D('',#13016,#9412,#9413);
#7907=AXIS2_PLACEMENT_3D('',#13062,#9417,#9418);
#7908=AXIS2_PLACEMENT_3D('',#13066,#9421,#9422);
#7909=AXIS2_PLACEMENT_3D('',#13068,#9424,#9425);
#7910=AXIS2_PLACEMENT_3D('',#13092,#9429,#9430);
#7911=AXIS2_PLACEMENT_3D('',#13094,#9432,#9433);
#7912=AXIS2_PLACEMENT_3D('',#13123,#9436,#9437);
#7913=AXIS2_PLACEMENT_3D('',#13127,#9440,#9441);
#7914=AXIS2_PLACEMENT_3D('',#13131,#9444,#9445);
#7915=AXIS2_PLACEMENT_3D('',#13155,#9449,#9450);
#7916=AXIS2_PLACEMENT_3D('',#13179,#9454,#9455);
#7917=AXIS2_PLACEMENT_3D('',#13203,#9459,#9460);
#7918=AXIS2_PLACEMENT_3D('',#13226,#9463,#9464);
#7919=AXIS2_PLACEMENT_3D('',#13250,#9468,#9469);
#7920=AXIS2_PLACEMENT_3D('',#13306,#9475,#9476);
#7921=AXIS2_PLACEMENT_3D('',#13308,#9478,#9479);
#7922=AXIS2_PLACEMENT_3D('',#13354,#9485,#9486);
#7923=AXIS2_PLACEMENT_3D('',#13356,#9488,#9489);
#7924=AXIS2_PLACEMENT_3D('',#13357,#9490,#9491);
#7925=AXIS2_PLACEMENT_3D('',#13358,#9492,#9493);
#7926=AXIS2_PLACEMENT_3D('',#13359,#9494,#9495);
#7927=AXIS2_PLACEMENT_3D('',#13362,#9498,#9499);
#7928=AXIS2_PLACEMENT_3D('',#13364,#9501,#9502);
#7929=AXIS2_PLACEMENT_3D('',#13366,#9504,#9505);
#7930=AXIS2_PLACEMENT_3D('',#13367,#9506,#9507);
#7931=AXIS2_PLACEMENT_3D('',#13369,#9509,#9510);
#7932=AXIS2_PLACEMENT_3D('',#13370,#9511,#9512);
#7933=AXIS2_PLACEMENT_3D('',#13371,#9513,#9514);
#7934=AXIS2_PLACEMENT_3D('',#13372,#9515,#9516);
#7935=AXIS2_PLACEMENT_3D('',#13373,#9517,#9518);
#7936=DIRECTION('axis',(0.,0.,1.));
#7937=DIRECTION('refdir',(1.,0.,0.));
#7938=DIRECTION('axis',(0.,0.,1.));
#7939=DIRECTION('refdir',(1.,0.,0.));
#7940=DIRECTION('center_axis',(0.,-0.422618261740699,0.90630778703665));
#7941=DIRECTION('ref_axis',(1.,0.,0.));
#7942=DIRECTION('',(-1.,0.,0.));
#7943=DIRECTION('',(0.,-0.90630778703665,-0.422618261740699));
#7944=DIRECTION('',(1.,0.,0.));
#7945=DIRECTION('',(0.,0.90630778703665,0.422618261740699));
#7946=DIRECTION('center_axis',(0.,-0.422618261740699,0.90630778703665));
#7947=DIRECTION('ref_axis',(0.,-0.90630778703665,-0.422618261740699));
#7948=DIRECTION('center_axis',(0.,-0.422618261740699,0.90630778703665));
#7949=DIRECTION('ref_axis',(0.,-0.90630778703665,-0.422618261740699));
#7950=DIRECTION('center_axis',(0.,-0.422618261740699,0.90630778703665));
#7951=DIRECTION('ref_axis',(0.,-0.90630778703665,-0.422618261740699));
#7952=DIRECTION('center_axis',(0.,-0.422618261740699,0.90630778703665));
#7953=DIRECTION('ref_axis',(0.,-0.90630778703665,-0.422618261740699));
#7954=DIRECTION('center_axis',(0.,-0.422618261740699,0.90630778703665));
#7955=DIRECTION('ref_axis',(0.,-0.90630778703665,-0.422618261740699));
#7956=DIRECTION('center_axis',(0.,-0.422618261740699,0.90630778703665));
#7957=DIRECTION('ref_axis',(0.,-0.90630778703665,-0.422618261740699));
#7958=DIRECTION('center_axis',(0.,-0.422618261740699,0.90630778703665));
#7959=DIRECTION('ref_axis',(0.,-0.90630778703665,-0.422618261740699));
#7960=DIRECTION('center_axis',(0.,-0.422618261740699,0.90630778703665));
#7961=DIRECTION('ref_axis',(0.,-0.90630778703665,-0.422618261740699));
#7962=DIRECTION('center_axis',(0.,-0.422618261740699,0.90630778703665));
#7963=DIRECTION('ref_axis',(0.,-0.90630778703665,-0.422618261740699));
#7964=DIRECTION('center_axis',(0.,-0.422618261740699,0.90630778703665));
#7965=DIRECTION('ref_axis',(0.,-0.90630778703665,-0.422618261740699));
#7966=DIRECTION('center_axis',(0.,-0.422618261740699,0.90630778703665));
#7967=DIRECTION('ref_axis',(0.,-0.90630778703665,-0.422618261740699));
#7968=DIRECTION('center_axis',(0.,-0.422618261740699,0.90630778703665));
#7969=DIRECTION('ref_axis',(0.,-0.90630778703665,-0.422618261740699));
#7970=DIRECTION('center_axis',(0.,-0.422618261740699,0.90630778703665));
#7971=DIRECTION('ref_axis',(0.,-0.90630778703665,-0.422618261740699));
#7972=DIRECTION('center_axis',(0.,-0.422618261740699,0.90630778703665));
#7973=DIRECTION('ref_axis',(0.,-0.90630778703665,-0.422618261740699));
#7974=DIRECTION('center_axis',(0.,-0.422618261740699,0.90630778703665));
#7975=DIRECTION('ref_axis',(0.,-0.90630778703665,-0.422618261740699));
#7976=DIRECTION('center_axis',(0.,-0.422618261740699,0.90630778703665));
#7977=DIRECTION('ref_axis',(0.,-0.90630778703665,-0.422618261740699));
#7978=DIRECTION('center_axis',(0.,-0.422618261740699,0.90630778703665));
#7979=DIRECTION('ref_axis',(0.,-0.90630778703665,-0.422618261740699));
#7980=DIRECTION('center_axis',(0.,-0.422618261740699,0.90630778703665));
#7981=DIRECTION('ref_axis',(0.,-0.90630778703665,-0.422618261740699));
#7982=DIRECTION('center_axis',(0.,-0.422618261740699,0.90630778703665));
#7983=DIRECTION('ref_axis',(0.,-0.90630778703665,-0.422618261740699));
#7984=DIRECTION('center_axis',(0.,-0.422618261740699,0.90630778703665));
#7985=DIRECTION('ref_axis',(0.,-0.90630778703665,-0.422618261740699));
#7986=DIRECTION('center_axis',(0.,-0.422618261740699,0.90630778703665));
#7987=DIRECTION('ref_axis',(0.,-0.90630778703665,-0.422618261740699));
#7988=DIRECTION('center_axis',(0.,-0.422618261740699,0.90630778703665));
#7989=DIRECTION('ref_axis',(0.,-0.90630778703665,-0.422618261740699));
#7990=DIRECTION('center_axis',(0.,-0.422618261740699,0.90630778703665));
#7991=DIRECTION('ref_axis',(0.,-0.90630778703665,-0.422618261740699));
#7992=DIRECTION('center_axis',(0.,-0.422618261740699,0.90630778703665));
#7993=DIRECTION('ref_axis',(0.,-0.90630778703665,-0.422618261740699));
#7994=DIRECTION('',(1.,0.,0.));
#7995=DIRECTION('center_axis',(0.,-0.422618261740699,0.90630778703665));
#7996=DIRECTION('ref_axis',(0.,0.90630778703665,0.422618261740699));
#7997=DIRECTION('',(-1.,0.,0.));
#7998=DIRECTION('center_axis',(0.,-0.422618261740699,0.90630778703665));
#7999=DIRECTION('ref_axis',(0.,-0.90630778703665,-0.422618261740699));
#8000=DIRECTION('center_axis',(0.,-0.422618261740699,0.90630778703665));
#8001=DIRECTION('ref_axis',(0.,-0.90630778703665,-0.422618261740699));
#8002=DIRECTION('',(1.,0.,0.));
#8003=DIRECTION('center_axis',(0.,-0.422618261740699,0.90630778703665));
#8004=DIRECTION('ref_axis',(0.,0.90630778703665,0.422618261740699));
#8005=DIRECTION('',(-1.,0.,0.));
#8006=DIRECTION('center_axis',(0.,-0.422618261740699,0.90630778703665));
#8007=DIRECTION('ref_axis',(0.,-0.90630778703665,-0.422618261740699));
#8008=DIRECTION('center_axis',(0.,-0.422618261740699,0.90630778703665));
#8009=DIRECTION('ref_axis',(0.,-0.90630778703665,-0.422618261740699));
#8010=DIRECTION('center_axis',(0.,-0.422618261740699,0.90630778703665));
#8011=DIRECTION('ref_axis',(0.,-0.90630778703665,-0.422618261740699));
#8012=DIRECTION('center_axis',(0.,-0.422618261740699,0.90630778703665));
#8013=DIRECTION('ref_axis',(0.,-0.90630778703665,-0.422618261740699));
#8014=DIRECTION('center_axis',(0.,-0.422618261740699,0.90630778703665));
#8015=DIRECTION('ref_axis',(0.,-0.90630778703665,-0.422618261740699));
#8016=DIRECTION('center_axis',(0.,-0.422618261740699,0.90630778703665));
#8017=DIRECTION('ref_axis',(0.,-0.90630778703665,-0.422618261740699));
#8018=DIRECTION('center_axis',(0.,-0.422618261740699,0.90630778703665));
#8019=DIRECTION('ref_axis',(0.,-0.90630778703665,-0.422618261740699));
#8020=DIRECTION('center_axis',(0.,-0.422618261740699,0.90630778703665));
#8021=DIRECTION('ref_axis',(0.,-0.90630778703665,-0.422618261740699));
#8022=DIRECTION('center_axis',(0.,-0.422618261740699,0.90630778703665));
#8023=DIRECTION('ref_axis',(0.,-0.90630778703665,-0.422618261740699));
#8024=DIRECTION('center_axis',(0.,-0.422618261740699,0.90630778703665));
#8025=DIRECTION('ref_axis',(0.,-0.90630778703665,-0.422618261740699));
#8026=DIRECTION('center_axis',(0.,-0.422618261740699,0.90630778703665));
#8027=DIRECTION('ref_axis',(0.,-0.90630778703665,-0.422618261740699));
#8028=DIRECTION('center_axis',(0.,-0.422618261740699,0.90630778703665));
#8029=DIRECTION('ref_axis',(0.,-0.90630778703665,-0.422618261740699));
#8030=DIRECTION('center_axis',(0.,-0.422618261740699,0.90630778703665));
#8031=DIRECTION('ref_axis',(0.,-0.90630778703665,-0.422618261740699));
#8032=DIRECTION('center_axis',(0.,-0.422618261740699,0.90630778703665));
#8033=DIRECTION('ref_axis',(0.,-0.90630778703665,-0.422618261740699));
#8034=DIRECTION('center_axis',(0.,-0.422618261740699,0.90630778703665));
#8035=DIRECTION('ref_axis',(0.,-0.90630778703665,-0.422618261740699));
#8036=DIRECTION('center_axis',(0.,-0.422618261740699,0.90630778703665));
#8037=DIRECTION('ref_axis',(0.,-0.90630778703665,-0.422618261740699));
#8038=DIRECTION('center_axis',(0.,-0.422618261740699,0.90630778703665));
#8039=DIRECTION('ref_axis',(0.,-0.90630778703665,-0.422618261740699));
#8040=DIRECTION('center_axis',(0.,-0.422618261740699,0.90630778703665));
#8041=DIRECTION('ref_axis',(0.,-0.90630778703665,-0.422618261740699));
#8042=DIRECTION('center_axis',(0.,-0.422618261740699,0.90630778703665));
#8043=DIRECTION('ref_axis',(0.,-0.90630778703665,-0.422618261740699));
#8044=DIRECTION('center_axis',(0.,-0.422618261740699,0.90630778703665));
#8045=DIRECTION('ref_axis',(0.,-0.90630778703665,-0.422618261740699));
#8046=DIRECTION('center_axis',(0.,-0.422618261740699,0.90630778703665));
#8047=DIRECTION('ref_axis',(0.,-0.90630778703665,-0.422618261740699));
#8048=DIRECTION('center_axis',(0.,-0.422618261740699,0.90630778703665));
#8049=DIRECTION('ref_axis',(0.,-0.90630778703665,-0.422618261740699));
#8050=DIRECTION('center_axis',(0.,-0.422618261740699,0.90630778703665));
#8051=DIRECTION('ref_axis',(0.,-0.90630778703665,-0.422618261740699));
#8052=DIRECTION('center_axis',(0.,-0.422618261740699,0.90630778703665));
#8053=DIRECTION('ref_axis',(0.,-0.90630778703665,-0.422618261740699));
#8054=DIRECTION('center_axis',(0.,-0.422618261740699,0.90630778703665));
#8055=DIRECTION('ref_axis',(0.,-0.90630778703665,-0.422618261740699));
#8056=DIRECTION('center_axis',(0.,0.422618261740699,-0.90630778703665));
#8057=DIRECTION('ref_axis',(0.,0.90630778703665,0.422618261740699));
#8058=DIRECTION('',(0.,-0.422618261740699,0.90630778703665));
#8059=DIRECTION('center_axis',(0.,0.422618261740699,-0.90630778703665));
#8060=DIRECTION('ref_axis',(0.,0.90630778703665,0.422618261740699));
#8061=DIRECTION('',(0.,-0.422618261740699,0.90630778703665));
#8062=DIRECTION('center_axis',(0.,0.90630778703665,0.422618261740699));
#8063=DIRECTION('ref_axis',(1.,0.,0.));
#8064=DIRECTION('',(0.,-0.422618261740699,0.90630778703665));
#8065=DIRECTION('',(-1.,0.,0.));
#8066=DIRECTION('center_axis',(0.,0.422618261740699,-0.90630778703665));
#8067=DIRECTION('ref_axis',(0.,0.90630778703665,0.422618261740699));
#8068=DIRECTION('',(0.,-0.422618261740699,0.90630778703665));
#8069=DIRECTION('center_axis',(0.,0.422618261740699,-0.90630778703665));
#8070=DIRECTION('ref_axis',(0.,0.90630778703665,0.422618261740699));
#8071=DIRECTION('',(0.,-0.422618261740699,0.90630778703665));
#8072=DIRECTION('center_axis',(0.,0.90630778703665,0.422618261740699));
#8073=DIRECTION('ref_axis',(1.,0.,0.));
#8074=DIRECTION('',(0.,-0.422618261740699,0.90630778703665));
#8075=DIRECTION('',(-1.,0.,0.));
#8076=DIRECTION('center_axis',(1.,0.,0.));
#8077=DIRECTION('ref_axis',(0.,-0.90630778703665,-0.422618261740699));
#8078=DIRECTION('',(0.,-0.422618261740699,0.90630778703665));
#8079=DIRECTION('',(0.,-0.90630778703665,-0.422618261740699));
#8080=DIRECTION('',(0.,-0.422618261740699,0.90630778703665));
#8081=DIRECTION('center_axis',(0.,-0.90630778703665,-0.422618261740699));
#8082=DIRECTION('ref_axis',(-1.,0.,0.));
#8083=DIRECTION('',(0.,-0.422618261740699,0.90630778703665));
#8084=DIRECTION('',(-1.,0.,0.));
#8085=DIRECTION('center_axis',(-1.,0.,0.));
#8086=DIRECTION('ref_axis',(0.,0.90630778703665,0.422618261740699));
#8087=DIRECTION('',(0.,-0.422618261740699,0.90630778703665));
#8088=DIRECTION('',(0.,0.90630778703665,0.422618261740699));
#8089=DIRECTION('center_axis',(0.,-0.422618261740699,0.90630778703665));
#8090=DIRECTION('ref_axis',(1.,0.,0.));
#8091=DIRECTION('',(1.,0.,0.));
#8092=DIRECTION('center_axis',(0.,0.422618261740699,-0.90630778703665));
#8093=DIRECTION('ref_axis',(0.,-0.90630778703665,-0.422618261740699));
#8094=DIRECTION('center_axis',(0.,0.422618261740699,-0.90630778703665));
#8095=DIRECTION('ref_axis',(0.,-0.90630778703665,-0.422618261740699));
#8096=DIRECTION('center_axis',(0.,0.422618261740699,-0.90630778703665));
#8097=DIRECTION('ref_axis',(0.,-0.90630778703665,-0.422618261740699));
#8098=DIRECTION('center_axis',(0.,0.422618261740699,-0.90630778703665));
#8099=DIRECTION('ref_axis',(0.,-0.90630778703665,-0.422618261740699));
#8100=DIRECTION('center_axis',(0.,0.422618261740699,-0.90630778703665));
#8101=DIRECTION('ref_axis',(0.,-0.90630778703665,-0.422618261740699));
#8102=DIRECTION('center_axis',(0.,0.422618261740699,-0.90630778703665));
#8103=DIRECTION('ref_axis',(0.,-0.90630778703665,-0.422618261740699));
#8104=DIRECTION('center_axis',(0.,0.422618261740699,-0.90630778703665));
#8105=DIRECTION('ref_axis',(0.,-0.90630778703665,-0.422618261740699));
#8106=DIRECTION('center_axis',(0.,0.422618261740699,-0.90630778703665));
#8107=DIRECTION('ref_axis',(0.,-0.90630778703665,-0.422618261740699));
#8108=DIRECTION('center_axis',(0.,0.422618261740699,-0.90630778703665));
#8109=DIRECTION('ref_axis',(0.,-0.90630778703665,-0.422618261740699));
#8110=DIRECTION('center_axis',(0.,0.422618261740699,-0.90630778703665));
#8111=DIRECTION('ref_axis',(0.,-0.90630778703665,-0.422618261740699));
#8112=DIRECTION('center_axis',(0.,0.422618261740699,-0.90630778703665));
#8113=DIRECTION('ref_axis',(0.,-0.90630778703665,-0.422618261740699));
#8114=DIRECTION('center_axis',(0.,0.422618261740699,-0.90630778703665));
#8115=DIRECTION('ref_axis',(0.,-0.90630778703665,-0.422618261740699));
#8116=DIRECTION('center_axis',(0.,0.422618261740699,-0.90630778703665));
#8117=DIRECTION('ref_axis',(0.,-0.90630778703665,-0.422618261740699));
#8118=DIRECTION('center_axis',(0.,0.422618261740699,-0.90630778703665));
#8119=DIRECTION('ref_axis',(0.,-0.90630778703665,-0.422618261740699));
#8120=DIRECTION('center_axis',(0.,0.422618261740699,-0.90630778703665));
#8121=DIRECTION('ref_axis',(0.,-0.90630778703665,-0.422618261740699));
#8122=DIRECTION('center_axis',(0.,0.422618261740699,-0.90630778703665));
#8123=DIRECTION('ref_axis',(0.,-0.90630778703665,-0.422618261740699));
#8124=DIRECTION('center_axis',(0.,0.422618261740699,-0.90630778703665));
#8125=DIRECTION('ref_axis',(0.,-0.90630778703665,-0.422618261740699));
#8126=DIRECTION('center_axis',(0.,0.422618261740699,-0.90630778703665));
#8127=DIRECTION('ref_axis',(0.,-0.90630778703665,-0.422618261740699));
#8128=DIRECTION('center_axis',(0.,0.422618261740699,-0.90630778703665));
#8129=DIRECTION('ref_axis',(0.,-0.90630778703665,-0.422618261740699));
#8130=DIRECTION('center_axis',(0.,0.422618261740699,-0.90630778703665));
#8131=DIRECTION('ref_axis',(0.,-0.90630778703665,-0.422618261740699));
#8132=DIRECTION('center_axis',(0.,0.422618261740699,-0.90630778703665));
#8133=DIRECTION('ref_axis',(0.,-0.90630778703665,-0.422618261740699));
#8134=DIRECTION('center_axis',(0.,0.422618261740699,-0.90630778703665));
#8135=DIRECTION('ref_axis',(0.,-0.90630778703665,-0.422618261740699));
#8136=DIRECTION('center_axis',(0.,0.422618261740699,-0.90630778703665));
#8137=DIRECTION('ref_axis',(0.,-0.90630778703665,-0.422618261740699));
#8138=DIRECTION('center_axis',(0.,0.422618261740699,-0.90630778703665));
#8139=DIRECTION('ref_axis',(0.,-0.90630778703665,-0.422618261740699));
#8140=DIRECTION('',(1.,0.,0.));
#8141=DIRECTION('center_axis',(0.,0.422618261740699,-0.90630778703665));
#8142=DIRECTION('ref_axis',(0.,-0.90630778703665,-0.422618261740699));
#8143=DIRECTION('center_axis',(0.,0.422618261740699,-0.90630778703665));
#8144=DIRECTION('ref_axis',(0.,-0.90630778703665,-0.422618261740699));
#8145=DIRECTION('',(1.,0.,0.));
#8146=DIRECTION('center_axis',(0.,0.422618261740699,-0.90630778703665));
#8147=DIRECTION('ref_axis',(0.,-0.90630778703665,-0.422618261740699));
#8148=DIRECTION('center_axis',(0.,0.422618261740699,-0.90630778703665));
#8149=DIRECTION('ref_axis',(0.,-0.90630778703665,-0.422618261740699));
#8150=DIRECTION('center_axis',(0.,0.422618261740699,-0.90630778703665));
#8151=DIRECTION('ref_axis',(0.,-0.90630778703665,-0.422618261740699));
#8152=DIRECTION('center_axis',(0.,0.422618261740699,-0.90630778703665));
#8153=DIRECTION('ref_axis',(0.,-0.90630778703665,-0.422618261740699));
#8154=DIRECTION('center_axis',(0.,0.422618261740699,-0.90630778703665));
#8155=DIRECTION('ref_axis',(0.,-0.90630778703665,-0.422618261740699));
#8156=DIRECTION('center_axis',(0.,0.422618261740699,-0.90630778703665));
#8157=DIRECTION('ref_axis',(0.,-0.90630778703665,-0.422618261740699));
#8158=DIRECTION('center_axis',(0.,0.422618261740699,-0.90630778703665));
#8159=DIRECTION('ref_axis',(0.,-0.90630778703665,-0.422618261740699));
#8160=DIRECTION('center_axis',(0.,0.422618261740699,-0.90630778703665));
#8161=DIRECTION('ref_axis',(0.,-0.90630778703665,-0.422618261740699));
#8162=DIRECTION('center_axis',(0.,0.422618261740699,-0.90630778703665));
#8163=DIRECTION('ref_axis',(0.,-0.90630778703665,-0.422618261740699));
#8164=DIRECTION('center_axis',(0.,0.422618261740699,-0.90630778703665));
#8165=DIRECTION('ref_axis',(0.,-0.90630778703665,-0.422618261740699));
#8166=DIRECTION('center_axis',(0.,0.422618261740699,-0.90630778703665));
#8167=DIRECTION('ref_axis',(0.,-0.90630778703665,-0.422618261740699));
#8168=DIRECTION('center_axis',(0.,0.422618261740699,-0.90630778703665));
#8169=DIRECTION('ref_axis',(0.,-0.90630778703665,-0.422618261740699));
#8170=DIRECTION('center_axis',(0.,0.422618261740699,-0.90630778703665));
#8171=DIRECTION('ref_axis',(0.,-0.90630778703665,-0.422618261740699));
#8172=DIRECTION('center_axis',(0.,0.422618261740699,-0.90630778703665));
#8173=DIRECTION('ref_axis',(0.,-0.90630778703665,-0.422618261740699));
#8174=DIRECTION('center_axis',(0.,0.422618261740699,-0.90630778703665));
#8175=DIRECTION('ref_axis',(0.,-0.90630778703665,-0.422618261740699));
#8176=DIRECTION('center_axis',(0.,0.422618261740699,-0.90630778703665));
#8177=DIRECTION('ref_axis',(0.,-0.90630778703665,-0.422618261740699));
#8178=DIRECTION('center_axis',(0.,0.422618261740699,-0.90630778703665));
#8179=DIRECTION('ref_axis',(0.,-0.90630778703665,-0.422618261740699));
#8180=DIRECTION('center_axis',(0.,0.422618261740699,-0.90630778703665));
#8181=DIRECTION('ref_axis',(0.,-0.90630778703665,-0.422618261740699));
#8182=DIRECTION('center_axis',(0.,0.422618261740699,-0.90630778703665));
#8183=DIRECTION('ref_axis',(0.,-0.90630778703665,-0.422618261740699));
#8184=DIRECTION('center_axis',(0.,0.422618261740699,-0.90630778703665));
#8185=DIRECTION('ref_axis',(0.,-0.90630778703665,-0.422618261740699));
#8186=DIRECTION('center_axis',(0.,0.422618261740699,-0.90630778703665));
#8187=DIRECTION('ref_axis',(0.,-0.90630778703665,-0.422618261740699));
#8188=DIRECTION('center_axis',(0.,0.422618261740699,-0.90630778703665));
#8189=DIRECTION('ref_axis',(0.,-0.90630778703665,-0.422618261740699));
#8190=DIRECTION('center_axis',(0.,0.422618261740699,-0.90630778703665));
#8191=DIRECTION('ref_axis',(0.,-0.90630778703665,-0.422618261740699));
#8192=DIRECTION('center_axis',(0.,0.422618261740699,-0.90630778703665));
#8193=DIRECTION('ref_axis',(0.,-0.90630778703665,-0.422618261740699));
#8194=DIRECTION('center_axis',(0.,0.422618261740699,-0.90630778703665));
#8195=DIRECTION('ref_axis',(0.,-0.90630778703665,-0.422618261740699));
#8196=DIRECTION('center_axis',(0.,0.90630778703665,0.422618261740699));
#8197=DIRECTION('ref_axis',(1.,0.,0.));
#8198=DIRECTION('center_axis',(0.,0.422618261740699,-0.90630778703665));
#8199=DIRECTION('ref_axis',(0.,-0.90630778703665,-0.422618261740699));
#8200=DIRECTION('',(0.,0.422618261740699,-0.90630778703665));
#8201=DIRECTION('center_axis',(0.,0.422618261740699,-0.90630778703665));
#8202=DIRECTION('ref_axis',(0.,-0.90630778703665,-0.422618261740699));
#8203=DIRECTION('',(0.,0.422618261740699,-0.90630778703665));
#8204=DIRECTION('center_axis',(0.,0.422618261740699,-0.90630778703665));
#8205=DIRECTION('ref_axis',(0.,-0.90630778703665,-0.422618261740699));
#8206=DIRECTION('',(0.,0.422618261740699,-0.90630778703665));
#8207=DIRECTION('center_axis',(0.,0.422618261740699,-0.90630778703665));
#8208=DIRECTION('ref_axis',(0.,-0.90630778703665,-0.422618261740699));
#8209=DIRECTION('',(0.,0.422618261740699,-0.90630778703665));
#8210=DIRECTION('center_axis',(0.,0.422618261740699,-0.90630778703665));
#8211=DIRECTION('ref_axis',(0.,-0.90630778703665,-0.422618261740699));
#8212=DIRECTION('',(0.,0.422618261740699,-0.90630778703665));
#8213=DIRECTION('center_axis',(0.,0.422618261740699,-0.90630778703665));
#8214=DIRECTION('ref_axis',(0.,-0.90630778703665,-0.422618261740699));
#8215=DIRECTION('',(0.,0.422618261740699,-0.90630778703665));
#8216=DIRECTION('center_axis',(0.,0.422618261740699,-0.90630778703665));
#8217=DIRECTION('ref_axis',(0.,-0.90630778703665,-0.422618261740699));
#8218=DIRECTION('',(0.,0.422618261740699,-0.90630778703665));
#8219=DIRECTION('center_axis',(0.,0.422618261740699,-0.90630778703665));
#8220=DIRECTION('ref_axis',(0.,-0.90630778703665,-0.422618261740699));
#8221=DIRECTION('',(0.,0.422618261740699,-0.90630778703665));
#8222=DIRECTION('center_axis',(0.,0.422618261740699,-0.90630778703665));
#8223=DIRECTION('ref_axis',(0.,-0.90630778703665,-0.422618261740699));
#8224=DIRECTION('',(0.,0.422618261740699,-0.90630778703665));
#8225=DIRECTION('center_axis',(0.,0.422618261740699,-0.90630778703665));
#8226=DIRECTION('ref_axis',(0.,-0.90630778703665,-0.422618261740699));
#8227=DIRECTION('',(0.,0.422618261740699,-0.90630778703665));
#8228=DIRECTION('center_axis',(0.,0.422618261740699,-0.90630778703665));
#8229=DIRECTION('ref_axis',(0.,-0.90630778703665,-0.422618261740699));
#8230=DIRECTION('',(0.,0.422618261740699,-0.90630778703665));
#8231=DIRECTION('center_axis',(0.,0.422618261740699,-0.90630778703665));
#8232=DIRECTION('ref_axis',(0.,-0.90630778703665,-0.422618261740699));
#8233=DIRECTION('',(0.,0.422618261740699,-0.90630778703665));
#8234=DIRECTION('center_axis',(0.,0.422618261740699,-0.90630778703665));
#8235=DIRECTION('ref_axis',(0.,-0.90630778703665,-0.422618261740699));
#8236=DIRECTION('',(0.,0.422618261740699,-0.90630778703665));
#8237=DIRECTION('center_axis',(0.,0.422618261740699,-0.90630778703665));
#8238=DIRECTION('ref_axis',(0.,-0.90630778703665,-0.422618261740699));
#8239=DIRECTION('',(0.,0.422618261740699,-0.90630778703665));
#8240=DIRECTION('center_axis',(0.,0.422618261740699,-0.90630778703665));
#8241=DIRECTION('ref_axis',(0.,-0.90630778703665,-0.422618261740699));
#8242=DIRECTION('',(0.,0.422618261740699,-0.90630778703665));
#8243=DIRECTION('center_axis',(0.,0.422618261740699,-0.90630778703665));
#8244=DIRECTION('ref_axis',(0.,-0.90630778703665,-0.422618261740699));
#8245=DIRECTION('',(0.,0.422618261740699,-0.90630778703665));
#8246=DIRECTION('center_axis',(0.,0.422618261740699,-0.90630778703665));
#8247=DIRECTION('ref_axis',(0.,-0.90630778703665,-0.422618261740699));
#8248=DIRECTION('',(0.,0.422618261740699,-0.90630778703665));
#8249=DIRECTION('center_axis',(0.,0.422618261740699,-0.90630778703665));
#8250=DIRECTION('ref_axis',(0.,-0.90630778703665,-0.422618261740699));
#8251=DIRECTION('',(0.,0.422618261740699,-0.90630778703665));
#8252=DIRECTION('center_axis',(0.,0.422618261740699,-0.90630778703665));
#8253=DIRECTION('ref_axis',(0.,-0.90630778703665,-0.422618261740699));
#8254=DIRECTION('',(0.,0.422618261740699,-0.90630778703665));
#8255=DIRECTION('center_axis',(0.,0.422618261740699,-0.90630778703665));
#8256=DIRECTION('ref_axis',(0.,-0.90630778703665,-0.422618261740699));
#8257=DIRECTION('',(0.,0.422618261740699,-0.90630778703665));
#8258=DIRECTION('center_axis',(0.,0.422618261740699,-0.90630778703665));
#8259=DIRECTION('ref_axis',(0.,-0.90630778703665,-0.422618261740699));
#8260=DIRECTION('',(0.,0.422618261740699,-0.90630778703665));
#8261=DIRECTION('center_axis',(0.,0.422618261740699,-0.90630778703665));
#8262=DIRECTION('ref_axis',(0.,-0.90630778703665,-0.422618261740699));
#8263=DIRECTION('',(0.,0.422618261740699,-0.90630778703665));
#8264=DIRECTION('center_axis',(0.,0.422618261740699,-0.90630778703665));
#8265=DIRECTION('ref_axis',(0.,-0.90630778703665,-0.422618261740699));
#8266=DIRECTION('',(0.,0.422618261740699,-0.90630778703665));
#8267=DIRECTION('center_axis',(0.,0.422618261740699,-0.90630778703665));
#8268=DIRECTION('ref_axis',(0.,-0.90630778703665,-0.422618261740699));
#8269=DIRECTION('',(0.,-0.422618261740699,0.90630778703665));
#8270=DIRECTION('center_axis',(0.,-0.90630778703665,-0.422618261740699));
#8271=DIRECTION('ref_axis',(-1.,0.,0.));
#8272=DIRECTION('center_axis',(0.,0.422618261740699,-0.90630778703665));
#8273=DIRECTION('ref_axis',(0.,-0.90630778703665,-0.422618261740699));
#8274=DIRECTION('',(0.,0.422618261740699,-0.90630778703665));
#8275=DIRECTION('center_axis',(0.,0.422618261740699,-0.90630778703665));
#8276=DIRECTION('ref_axis',(0.,-0.90630778703665,-0.422618261740699));
#8277=DIRECTION('',(0.,-0.422618261740699,0.90630778703665));
#8278=DIRECTION('center_axis',(0.,-0.90630778703665,-0.422618261740699));
#8279=DIRECTION('ref_axis',(-1.,0.,0.));
#8280=DIRECTION('center_axis',(0.,0.422618261740699,-0.90630778703665));
#8281=DIRECTION('ref_axis',(0.,-0.90630778703665,-0.422618261740699));
#8282=DIRECTION('',(0.,0.422618261740699,-0.90630778703665));
#8283=DIRECTION('center_axis',(0.,0.422618261740699,-0.90630778703665));
#8284=DIRECTION('ref_axis',(0.,-0.90630778703665,-0.422618261740699));
#8285=DIRECTION('',(0.,0.422618261740699,-0.90630778703665));
#8286=DIRECTION('center_axis',(0.,0.422618261740699,-0.90630778703665));
#8287=DIRECTION('ref_axis',(0.,-0.90630778703665,-0.422618261740699));
#8288=DIRECTION('',(0.,0.422618261740699,-0.90630778703665));
#8289=DIRECTION('center_axis',(0.,0.422618261740699,-0.90630778703665));
#8290=DIRECTION('ref_axis',(0.,-0.90630778703665,-0.422618261740699));
#8291=DIRECTION('',(0.,0.422618261740699,-0.90630778703665));
#8292=DIRECTION('center_axis',(0.,0.422618261740699,-0.90630778703665));
#8293=DIRECTION('ref_axis',(0.,-0.90630778703665,-0.422618261740699));
#8294=DIRECTION('',(0.,0.422618261740699,-0.90630778703665));
#8295=DIRECTION('center_axis',(0.,0.422618261740699,-0.90630778703665));
#8296=DIRECTION('ref_axis',(0.,-0.90630778703665,-0.422618261740699));
#8297=DIRECTION('',(0.,0.422618261740699,-0.90630778703665));
#8298=DIRECTION('center_axis',(0.,0.422618261740699,-0.90630778703665));
#8299=DIRECTION('ref_axis',(0.,-0.90630778703665,-0.422618261740699));
#8300=DIRECTION('',(0.,0.422618261740699,-0.90630778703665));
#8301=DIRECTION('center_axis',(0.,0.422618261740699,-0.90630778703665));
#8302=DIRECTION('ref_axis',(0.,-0.90630778703665,-0.422618261740699));
#8303=DIRECTION('',(0.,0.422618261740699,-0.90630778703665));
#8304=DIRECTION('center_axis',(0.,0.422618261740699,-0.90630778703665));
#8305=DIRECTION('ref_axis',(0.,-0.90630778703665,-0.422618261740699));
#8306=DIRECTION('',(0.,0.422618261740699,-0.90630778703665));
#8307=DIRECTION('center_axis',(0.,0.422618261740699,-0.90630778703665));
#8308=DIRECTION('ref_axis',(0.,-0.90630778703665,-0.422618261740699));
#8309=DIRECTION('',(0.,0.422618261740699,-0.90630778703665));
#8310=DIRECTION('center_axis',(0.,0.422618261740699,-0.90630778703665));
#8311=DIRECTION('ref_axis',(0.,-0.90630778703665,-0.422618261740699));
#8312=DIRECTION('',(0.,0.422618261740699,-0.90630778703665));
#8313=DIRECTION('center_axis',(0.,0.422618261740699,-0.90630778703665));
#8314=DIRECTION('ref_axis',(0.,-0.90630778703665,-0.422618261740699));
#8315=DIRECTION('',(0.,0.422618261740699,-0.90630778703665));
#8316=DIRECTION('center_axis',(0.,0.422618261740699,-0.90630778703665));
#8317=DIRECTION('ref_axis',(0.,-0.90630778703665,-0.422618261740699));
#8318=DIRECTION('',(0.,0.422618261740699,-0.90630778703665));
#8319=DIRECTION('center_axis',(0.,0.422618261740699,-0.90630778703665));
#8320=DIRECTION('ref_axis',(0.,-0.90630778703665,-0.422618261740699));
#8321=DIRECTION('',(0.,0.422618261740699,-0.90630778703665));
#8322=DIRECTION('center_axis',(0.,0.422618261740699,-0.90630778703665));
#8323=DIRECTION('ref_axis',(0.,-0.90630778703665,-0.422618261740699));
#8324=DIRECTION('',(0.,0.422618261740699,-0.90630778703665));
#8325=DIRECTION('center_axis',(0.,0.422618261740699,-0.90630778703665));
#8326=DIRECTION('ref_axis',(0.,-0.90630778703665,-0.422618261740699));
#8327=DIRECTION('',(0.,0.422618261740699,-0.90630778703665));
#8328=DIRECTION('center_axis',(0.,0.422618261740699,-0.90630778703665));
#8329=DIRECTION('ref_axis',(0.,-0.90630778703665,-0.422618261740699));
#8330=DIRECTION('',(0.,0.422618261740699,-0.90630778703665));
#8331=DIRECTION('center_axis',(0.,0.422618261740699,-0.90630778703665));
#8332=DIRECTION('ref_axis',(0.,-0.90630778703665,-0.422618261740699));
#8333=DIRECTION('',(0.,0.422618261740699,-0.90630778703665));
#8334=DIRECTION('center_axis',(0.,0.422618261740699,-0.90630778703665));
#8335=DIRECTION('ref_axis',(0.,-0.90630778703665,-0.422618261740699));
#8336=DIRECTION('',(0.,0.422618261740699,-0.90630778703665));
#8337=DIRECTION('center_axis',(0.,0.422618261740699,-0.90630778703665));
#8338=DIRECTION('ref_axis',(0.,-0.90630778703665,-0.422618261740699));
#8339=DIRECTION('',(0.,0.422618261740699,-0.90630778703665));
#8340=DIRECTION('center_axis',(0.,0.422618261740699,-0.90630778703665));
#8341=DIRECTION('ref_axis',(0.,-0.90630778703665,-0.422618261740699));
#8342=DIRECTION('',(0.,0.422618261740699,-0.90630778703665));
#8343=DIRECTION('center_axis',(0.,0.422618261740699,-0.90630778703665));
#8344=DIRECTION('ref_axis',(0.,-0.90630778703665,-0.422618261740699));
#8345=DIRECTION('',(0.,0.422618261740699,-0.90630778703665));
#8346=DIRECTION('center_axis',(0.,0.422618261740699,-0.90630778703665));
#8347=DIRECTION('ref_axis',(0.,-0.90630778703665,-0.422618261740699));
#8348=DIRECTION('',(0.,0.422618261740699,-0.90630778703665));
#8349=DIRECTION('center_axis',(0.,0.422618261740699,-0.90630778703665));
#8350=DIRECTION('ref_axis',(0.,-0.90630778703665,-0.422618261740699));
#8351=DIRECTION('',(0.,0.422618261740699,-0.90630778703665));
#8352=DIRECTION('center_axis',(0.,0.422618261740699,-0.90630778703665));
#8353=DIRECTION('ref_axis',(0.,-0.90630778703665,-0.422618261740699));
#8354=DIRECTION('',(0.,0.422618261740699,-0.90630778703665));
#8355=DIRECTION('center_axis',(0.,0.90630778703665,0.422618261740699));
#8356=DIRECTION('ref_axis',(-1.,0.,0.));
#8357=DIRECTION('',(1.,0.,0.));
#8358=DIRECTION('',(-5.9211894646675E-15,-0.422618261740699,0.90630778703665));
#8359=DIRECTION('',(-1.,3.94430452610506E-31,0.));
#8360=DIRECTION('',(-5.9211894646675E-15,-0.422618261740699,0.90630778703665));
#8361=DIRECTION('',(1.,0.,0.));
#8362=DIRECTION('',(1.,0.,0.));
#8363=DIRECTION('center_axis',(0.740965645273295,-0.608624590629172,-0.283806307551829));
#8364=DIRECTION('ref_axis',(0.671542934237812,0.671542934237824,0.313145613014974));
#8365=DIRECTION('',(-0.671542934237815,-0.671542934237821,-0.313145613014974));
#8366=DIRECTION('',(-5.9211894646675E-15,-0.422618261740699,0.90630778703665));
#8367=DIRECTION('',(0.671542934237812,0.671542934237824,0.313145613014974));
#8368=DIRECTION('',(-5.9211894646675E-15,-0.422618261740699,0.90630778703665));
#8369=DIRECTION('center_axis',(-2.77036313069284E-17,-0.90630778703665,
-0.422618261740699));
#8370=DIRECTION('ref_axis',(1.,-2.51080167826615E-17,-1.17080605068393E-17));
#8371=DIRECTION('',(1.,-2.46467549924106E-17,-1.1492970601631E-17));
#8372=DIRECTION('',(1.,-2.51080167826619E-17,-1.17080605068393E-17));
#8373=DIRECTION('',(-5.9211894646675E-15,-0.422618261740699,0.90630778703665));
#8374=DIRECTION('center_axis',(-0.740965645273286,-0.608624590629177,-0.283806307551841));
#8375=DIRECTION('ref_axis',(0.671542934237822,-0.671542934237816,-0.313145613014968));
#8376=DIRECTION('',(-0.671542934237818,0.671542934237818,0.313145613014973));
#8377=DIRECTION('',(0.671542934237822,-0.671542934237816,-0.313145613014968));
#8378=DIRECTION('',(-5.9211894646675E-15,-0.422618261740699,0.90630778703665));
#8379=DIRECTION('center_axis',(-5.9211894646675E-15,-0.422618261740699,
0.90630778703665));
#8380=DIRECTION('ref_axis',(1.,0.,6.53330970930746E-15));
#8381=DIRECTION('',(3.57475390645292E-31,-0.90630778703665,-0.422618261740699));
#8382=DIRECTION('',(-3.57475390645292E-31,0.90630778703665,0.422618261740699));
#8383=DIRECTION('center_axis',(-5.92118946466744E-15,-0.422618261740699,
0.90630778703665));
#8384=DIRECTION('ref_axis',(1.,-2.5024027989951E-15,5.36642012034748E-15));
#8385=DIRECTION('',(0.,-0.90630778703665,-0.422618261740699));
#8386=DIRECTION('',(0.,0.90630778703665,0.422618261740699));
#8387=DIRECTION('',(1.,0.,0.));
#8388=DIRECTION('center_axis',(0.,-0.422618261740699,0.90630778703665));
#8389=DIRECTION('ref_axis',(1.,0.,0.));
#8390=DIRECTION('',(0.,-0.90630778703665,-0.422618261740699));
#8391=DIRECTION('',(-1.,0.,0.));
#8392=DIRECTION('',(0.,0.90630778703665,0.422618261740699));
#8393=DIRECTION('',(0.,0.90630778703665,0.422618261740699));
#8394=DIRECTION('',(0.707106781186545,-0.640856382055791,-0.298836238730121));
#8395=DIRECTION('',(-1.,0.,0.));
#8396=DIRECTION('',(0.707106781186552,0.640856382055785,0.298836238730118));
#8397=DIRECTION('',(0.,-0.90630778703665,-0.422618261740699));
#8398=DIRECTION('center_axis',(0.,0.422618261740699,-0.90630778703665));
#8399=DIRECTION('ref_axis',(-1.,0.,0.));
#8400=DIRECTION('',(-1.,0.,0.));
#8401=DIRECTION('',(0.,-0.90630778703665,-0.422618261740699));
#8402=DIRECTION('',(1.,0.,0.));
#8403=DIRECTION('',(0.,0.90630778703665,0.422618261740699));
#8404=DIRECTION('',(1.,0.,0.));
#8405=DIRECTION('',(0.,-0.90630778703665,-0.422618261740699));
#8406=DIRECTION('',(-1.,0.,0.));
#8407=DIRECTION('',(0.,0.90630778703665,0.422618261740699));
#8408=DIRECTION('center_axis',(-1.,0.,0.));
#8409=DIRECTION('ref_axis',(0.,0.90630778703665,0.422618261740699));
#8410=DIRECTION('',(0.,-0.422618261740699,0.90630778703665));
#8411=DIRECTION('',(0.,0.90630778703665,0.422618261740699));
#8412=DIRECTION('',(0.,0.422618261740699,-0.90630778703665));
#8413=DIRECTION('center_axis',(0.,-0.90630778703665,-0.422618261740699));
#8414=DIRECTION('ref_axis',(-1.,0.,0.));
#8415=DIRECTION('',(0.,-0.422618261740699,0.90630778703665));
#8416=DIRECTION('',(-1.,0.,0.));
#8417=DIRECTION('center_axis',(0.,-1.,0.));
#8418=DIRECTION('ref_axis',(0.,0.,-1.));
#8419=DIRECTION('',(0.,0.,-1.));
#8420=DIRECTION('',(1.,0.,0.));
#8421=DIRECTION('',(0.,0.,1.));
#8422=DIRECTION('',(-1.,0.,0.));
#8423=DIRECTION('center_axis',(-1.,0.,0.));
#8424=DIRECTION('ref_axis',(0.,-1.11022302462516E-16,1.));
#8425=DIRECTION('',(0.,1.,2.77555756156289E-16));
#8426=DIRECTION('',(0.,0.,1.));
#8427=DIRECTION('',(0.,1.,2.77555756156289E-16));
#8428=DIRECTION('center_axis',(0.,-2.77555756156289E-16,1.));
#8429=DIRECTION('ref_axis',(1.,0.,0.));
#8430=DIRECTION('',(0.,1.,2.77555756156289E-16));
#8431=DIRECTION('',(1.,0.,0.));
#8432=DIRECTION('center_axis',(0.,-1.,-5.55111512312578E-17));
#8433=DIRECTION('ref_axis',(1.,0.,0.));
#8434=DIRECTION('',(-0.287305562851063,5.31707445304039E-17,-0.957838981016556));
#8435=DIRECTION('',(-1.,0.,0.));
#8436=DIRECTION('',(-0.295279168171967,-5.30359654944923E-17,0.95541101775292));
#8437=DIRECTION('',(0.27662235034709,5.33450343337486E-17,-0.960978706990145));
#8438=DIRECTION('',(0.284707008152318,-5.32137991116587E-17,0.958614583400939));
#8439=DIRECTION('',(-0.262358686614573,-5.35666191507999E-17,0.964970424188159));
#8440=DIRECTION('',(1.,0.,0.));
#8441=DIRECTION('',(-0.268904910643433,5.34664939884185E-17,-0.963166729612193));
#8442=DIRECTION('center_axis',(0.963166729612193,5.55111512312578E-17,-0.268904910643433));
#8443=DIRECTION('ref_axis',(-0.268904910643433,1.11022302462516E-16,-0.963166729612193));
#8444=DIRECTION('',(0.,1.,2.77555756156289E-16));
#8445=DIRECTION('',(-0.268904910643433,0.,-0.963166729612193));
#8446=DIRECTION('',(0.,1.,2.77555756156289E-16));
#8447=DIRECTION('center_axis',(0.,-2.77555756156289E-16,1.));
#8448=DIRECTION('ref_axis',(1.,0.,0.));
#8449=DIRECTION('',(0.,1.,2.77555756156289E-16));
#8450=DIRECTION('',(1.,0.,0.));
#8451=DIRECTION('',(0.,1.,2.77555756156289E-16));
#8452=DIRECTION('',(0.,1.,2.77555756156289E-16));
#8453=DIRECTION('center_axis',(-0.95541101775292,4.16333634234434E-17,-0.295279168171967));
#8454=DIRECTION('ref_axis',(-0.295279168171967,-1.11022302462516E-16,0.95541101775292));
#8455=DIRECTION('',(0.,1.,2.77555756156289E-16));
#8456=DIRECTION('',(-0.295279168171967,0.,0.95541101775292));
#8457=DIRECTION('center_axis',(0.,2.77555756156289E-16,-1.));
#8458=DIRECTION('ref_axis',(-1.,0.,0.));
#8459=DIRECTION('',(0.,1.,2.77555756156289E-16));
#8460=DIRECTION('',(-1.,0.,0.));
#8461=DIRECTION('center_axis',(0.957838981016556,5.55111512312578E-17,-0.287305562851063));
#8462=DIRECTION('ref_axis',(-0.287305562851063,1.11022302462516E-16,-0.957838981016556));
#8463=DIRECTION('',(0.,1.,2.77555756156289E-16));
#8464=DIRECTION('',(-0.287305562851063,0.,-0.957838981016556));
#8465=DIRECTION('',(0.,1.,2.77555756156289E-16));
#8466=DIRECTION('',(0.,1.,2.77555756156289E-16));
#8467=DIRECTION('',(0.,1.,2.77555756156289E-16));
#8468=DIRECTION('',(0.,1.,2.77555756156289E-16));
#8469=DIRECTION('center_axis',(0.,-1.,-5.55111512312578E-17));
#8470=DIRECTION('ref_axis',(1.,0.,0.));
#8471=DIRECTION('',(0.,5.55111512312578E-17,-1.));
#8472=DIRECTION('',(-0.493762863539083,4.82723079852461E-17,-0.869596593018674));
#8473=DIRECTION('',(0.,-5.55111512312578E-17,1.));
#8474=DIRECTION('',(0.,5.55111512312578E-17,-1.));
#8475=DIRECTION('',(1.,0.,0.));
#8476=DIRECTION('',(0.557607527511445,-4.60800686194844E-17,0.830104719455668));
#8477=DIRECTION('',(0.5448464068152,4.65480910854032E-17,-0.838535862668119));
#8478=DIRECTION('',(1.,0.,0.));
#8479=DIRECTION('',(0.,-5.55111512312578E-17,1.));
#8480=DIRECTION('',(0.,5.55111512312578E-17,-1.));
#8481=DIRECTION('',(-0.488953307271695,-4.84229300144101E-17,0.872309958276341));
#8482=DIRECTION('',(0.,-5.55111512312578E-17,1.));
#8483=DIRECTION('center_axis',(0.,-1.11022302462516E-16,1.));
#8484=DIRECTION('ref_axis',(1.,0.,0.));
#8485=DIRECTION('',(0.,1.,1.11022302462516E-16));
#8486=DIRECTION('',(1.,0.,0.));
#8487=DIRECTION('',(0.,1.,1.11022302462516E-16));
#8488=DIRECTION('center_axis',(1.,0.,0.));
#8489=DIRECTION('ref_axis',(0.,1.11022302462516E-16,-1.));
#8490=DIRECTION('',(0.,1.,1.11022302462516E-16));
#8491=DIRECTION('',(0.,0.,-1.));
#8492=DIRECTION('',(0.,1.,1.11022302462516E-16));
#8493=DIRECTION('',(0.,1.,1.11022302462516E-16));
#8494=DIRECTION('',(0.,1.,1.11022302462516E-16));
#8495=DIRECTION('',(0.,1.,1.11022302462516E-16));
#8496=DIRECTION('center_axis',(-1.,0.,0.));
#8497=DIRECTION('ref_axis',(0.,-1.11022302462516E-16,1.));
#8498=DIRECTION('',(0.,1.,1.11022302462516E-16));
#8499=DIRECTION('',(0.,0.,1.));
#8500=DIRECTION('center_axis',(0.869596593018674,2.77555756156289E-17,-0.493762863539083));
#8501=DIRECTION('ref_axis',(-0.493762863539083,1.11022302462516E-16,-0.869596593018674));
#8502=DIRECTION('',(0.,1.,1.11022302462516E-16));
#8503=DIRECTION('',(-0.493762863539083,0.,-0.869596593018674));
#8504=DIRECTION('center_axis',(1.,0.,0.));
#8505=DIRECTION('ref_axis',(0.,1.11022302462516E-16,-1.));
#8506=DIRECTION('',(0.,1.,1.11022302462516E-16));
#8507=DIRECTION('',(0.,0.,-1.));
#8508=DIRECTION('',(0.,1.,1.11022302462516E-16));
#8509=DIRECTION('',(0.,1.,1.11022302462516E-16));
#8510=DIRECTION('',(0.,1.,1.11022302462516E-16));
#8511=DIRECTION('center_axis',(0.,-1.,-5.55111512312578E-17));
#8512=DIRECTION('ref_axis',(1.,0.,0.));
#8513=DIRECTION('',(-1.,0.,0.));
#8514=DIRECTION('',(0.,5.55111512312578E-17,-1.));
#8515=DIRECTION('',(0.,-5.55111512312578E-17,1.));
#8516=DIRECTION('',(1.,0.,0.));
#8517=DIRECTION('',(0.,5.55111512312578E-17,-1.));
#8518=DIRECTION('',(1.,0.,0.));
#8519=DIRECTION('',(-1.,0.,0.));
#8520=DIRECTION('',(0.,-5.55111512312578E-17,1.));
#8521=DIRECTION('',(1.,0.,0.));
#8522=DIRECTION('center_axis',(-1.,0.,0.));
#8523=DIRECTION('ref_axis',(0.,-1.11022302462516E-16,1.));
#8524=DIRECTION('',(0.,1.,2.77555756156289E-16));
#8525=DIRECTION('',(0.,0.,1.));
#8526=DIRECTION('',(0.,1.,2.77555756156289E-16));
#8527=DIRECTION('',(0.,1.,2.77555756156289E-16));
#8528=DIRECTION('',(0.,1.,2.77555756156289E-16));
#8529=DIRECTION('',(0.,1.,2.77555756156289E-16));
#8530=DIRECTION('',(0.,1.,2.77555756156289E-16));
#8531=DIRECTION('center_axis',(1.,0.,0.));
#8532=DIRECTION('ref_axis',(0.,1.11022302462516E-16,-1.));
#8533=DIRECTION('',(0.,1.,2.77555756156289E-16));
#8534=DIRECTION('',(0.,0.,-1.));
#8535=DIRECTION('',(0.,1.,2.77555756156289E-16));
#8536=DIRECTION('',(0.,1.,2.77555756156289E-16));
#8537=DIRECTION('center_axis',(0.,2.77555756156289E-16,-1.));
#8538=DIRECTION('ref_axis',(-1.,0.,0.));
#8539=DIRECTION('',(0.,1.,2.77555756156289E-16));
#8540=DIRECTION('',(-1.,0.,0.));
#8541=DIRECTION('',(0.,1.,2.77555756156289E-16));
#8542=DIRECTION('',(0.,1.,2.77555756156289E-16));
#8543=DIRECTION('',(0.,1.,2.77555756156289E-16));
#8544=DIRECTION('center_axis',(0.,-1.,-5.55111512312578E-17));
#8545=DIRECTION('ref_axis',(1.,0.,0.));
#8546=DIRECTION('',(-0.496773338474984,-4.81770357049337E-17,0.867880320194218));
#8547=DIRECTION('',(0.50656352328732,4.78618612843387E-17,-0.862202642581625));
#8548=DIRECTION('',(-0.510076725377501,4.77467457564768E-17,-0.86012890558809));
#8549=DIRECTION('',(0.489250340224804,-4.84136839953646E-17,0.872143396804627));
#8550=DIRECTION('',(0.491725787080958,4.8336340921458E-17,-0.870750107849326));
#8551=DIRECTION('',(-0.508226044202365,-4.78075199103865E-17,0.861223715415696));
#8552=DIRECTION('',(0.492524384091469,-4.83112796857659E-17,0.870298644762428));
#8553=DIRECTION('',(-0.491697662509629,4.83372225369487E-17,-0.870765989622107));
#8554=DIRECTION('center_axis',(0.870750107849326,-1.11022302462516E-16,
0.491725787080958));
#8555=DIRECTION('ref_axis',(0.491725787080958,1.11022302462516E-16,-0.870750107849326));
#8556=DIRECTION('',(0.,1.,2.77555756156289E-16));
#8557=DIRECTION('',(0.491725787080958,0.,-0.870750107849326));
#8558=DIRECTION('',(0.,1.,2.77555756156289E-16));
#8559=DIRECTION('center_axis',(-0.872143396804628,-1.38777878078145E-16,
0.489250340224804));
#8560=DIRECTION('ref_axis',(0.489250340224804,-1.11022302462516E-16,0.872143396804627));
#8561=DIRECTION('',(0.,1.,2.77555756156289E-16));
#8562=DIRECTION('',(0.489250340224804,0.,0.872143396804627));
#8563=DIRECTION('',(0.,1.,2.77555756156289E-16));
#8564=DIRECTION('',(0.,1.,2.77555756156289E-16));
#8565=DIRECTION('',(0.,1.,2.77555756156289E-16));
#8566=DIRECTION('',(0.,1.,2.77555756156289E-16));
#8567=DIRECTION('center_axis',(0.86012890558809,1.38777878078145E-16,-0.510076725377501));
#8568=DIRECTION('ref_axis',(-0.510076725377501,5.55111512312578E-17,-0.86012890558809));
#8569=DIRECTION('',(0.,1.,2.77555756156289E-16));
#8570=DIRECTION('',(-0.510076725377501,-1.11022302462516E-16,-0.86012890558809));
#8571=DIRECTION('center_axis',(0.862202642581625,-1.38777878078145E-16,
0.50656352328732));
#8572=DIRECTION('ref_axis',(0.50656352328732,5.55111512312578E-17,-0.862202642581625));
#8573=DIRECTION('',(0.,1.,2.77555756156289E-16));
#8574=DIRECTION('',(0.50656352328732,5.55111512312578E-17,-0.862202642581625));
#8575=DIRECTION('',(0.,1.,2.77555756156289E-16));
#8576=DIRECTION('',(0.,1.,2.77555756156289E-16));
#8577=DIRECTION('',(0.,1.,2.77555756156289E-16));
#8578=DIRECTION('',(0.,1.,2.77555756156289E-16));
#8579=DIRECTION('center_axis',(0.,-1.,-5.55111512312578E-17));
#8580=DIRECTION('ref_axis',(1.,0.,0.));
#8581=DIRECTION('',(1.,0.,0.));
#8582=DIRECTION('',(0.,-5.55111512312578E-17,1.));
#8583=DIRECTION('',(-1.,0.,0.));
#8584=DIRECTION('',(0.,5.55111512312578E-17,-1.));
#8585=DIRECTION('',(0.,1.,-5.55111512312578E-17));
#8586=DIRECTION('',(0.,1.,-5.55111512312578E-17));
#8587=DIRECTION('center_axis',(-1.,0.,0.));
#8588=DIRECTION('ref_axis',(0.,-1.11022302462516E-16,1.));
#8589=DIRECTION('',(0.,1.,-5.55111512312578E-17));
#8590=DIRECTION('',(0.,0.,1.));
#8591=DIRECTION('',(0.,1.,-5.55111512312578E-17));
#8592=DIRECTION('',(0.,1.,-5.55111512312578E-17));
#8593=DIRECTION('center_axis',(0.,5.55111512312578E-17,1.));
#8594=DIRECTION('ref_axis',(1.,0.,0.));
#8595=DIRECTION('',(0.,1.,-5.55111512312578E-17));
#8596=DIRECTION('',(1.,0.,0.));
#8597=DIRECTION('',(0.,1.,-5.55111512312578E-17));
#8598=DIRECTION('center_axis',(0.,-1.,-5.55111512312578E-17));
#8599=DIRECTION('ref_axis',(1.,0.,0.));
#8600=DIRECTION('',(0.,5.55111512312578E-17,-1.));
#8601=DIRECTION('',(-1.,0.,0.));
#8602=DIRECTION('',(0.,5.55111512312578E-17,-1.));
#8603=DIRECTION('',(1.,0.,0.));
#8604=DIRECTION('',(0.,-5.55111512312578E-17,1.));
#8605=DIRECTION('',(0.,5.55111512312578E-17,-1.));
#8606=DIRECTION('',(-1.,0.,0.));
#8607=DIRECTION('',(0.,-5.55111512312578E-17,1.));
#8608=DIRECTION('',(1.,0.,0.));
#8609=DIRECTION('center_axis',(-1.,0.,0.));
#8610=DIRECTION('ref_axis',(0.,-1.11022302462516E-16,1.));
#8611=DIRECTION('',(0.,1.,2.77555756156289E-16));
#8612=DIRECTION('',(0.,0.,1.));
#8613=DIRECTION('',(0.,1.,2.77555756156289E-16));
#8614=DIRECTION('',(0.,1.,2.77555756156289E-16));
#8615=DIRECTION('',(0.,1.,2.77555756156289E-16));
#8616=DIRECTION('center_axis',(0.,2.77555756156289E-16,-1.));
#8617=DIRECTION('ref_axis',(-1.,0.,0.));
#8618=DIRECTION('',(0.,1.,2.77555756156289E-16));
#8619=DIRECTION('',(-1.,0.,0.));
#8620=DIRECTION('',(0.,1.,2.77555756156289E-16));
#8621=DIRECTION('',(0.,1.,2.77555756156289E-16));
#8622=DIRECTION('',(0.,1.,2.77555756156289E-16));
#8623=DIRECTION('center_axis',(0.,2.77555756156289E-16,-1.));
#8624=DIRECTION('ref_axis',(-1.,0.,0.));
#8625=DIRECTION('',(0.,1.,2.77555756156289E-16));
#8626=DIRECTION('',(-1.,0.,0.));
#8627=DIRECTION('center_axis',(1.,0.,0.));
#8628=DIRECTION('ref_axis',(0.,1.11022302462516E-16,-1.));
#8629=DIRECTION('',(0.,1.,2.77555756156289E-16));
#8630=DIRECTION('',(0.,0.,-1.));
#8631=DIRECTION('',(0.,1.,2.77555756156289E-16));
#8632=DIRECTION('',(0.,1.,2.77555756156289E-16));
#8633=DIRECTION('',(0.,1.,2.77555756156289E-16));
#8634=DIRECTION('center_axis',(0.,-1.,-5.55111512312578E-17));
#8635=DIRECTION('ref_axis',(1.,0.,0.));
#8636=DIRECTION('',(-1.,0.,0.));
#8637=DIRECTION('',(0.,-5.55111512312578E-17,1.));
#8638=DIRECTION('',(1.,0.,0.));
#8639=DIRECTION('',(-1.,0.,0.));
#8640=DIRECTION('',(-0.439601321401201,4.98597278587531E-17,-0.898193007221899));
#8641=DIRECTION('',(0.440199384383861,4.98434655340498E-17,-0.897900051224004));
#8642=DIRECTION('',(1.,0.,0.));
#8643=DIRECTION('',(-1.,0.,0.));
#8644=DIRECTION('',(-0.445553611181559,-4.96966500976036E-17,0.895255259444519));
#8645=DIRECTION('',(0.428923435766206,-5.01454903832289E-17,0.903340847216881));
#8646=DIRECTION('',(0.999932173491145,-6.46528389151721E-19,0.0116468200498726));
#8647=DIRECTION('',(0.,5.55111512312578E-17,-1.));
#8648=DIRECTION('center_axis',(-0.903340847216881,5.55111512312578E-17,
0.428923435766206));
#8649=DIRECTION('ref_axis',(0.428923435766206,-1.66533453693773E-16,0.903340847216881));
#8650=DIRECTION('',(0.,1.,5.55111512312578E-17));
#8651=DIRECTION('',(0.428923435766206,-1.11022302462516E-16,0.903340847216881));
#8652=DIRECTION('',(0.,1.,5.55111512312578E-17));
#8653=DIRECTION('',(0.,1.,5.55111512312578E-17));
#8654=DIRECTION('',(0.,1.,5.55111512312578E-17));
#8655=DIRECTION('center_axis',(-0.895255259444519,2.77555756156289E-17,
-0.445553611181559));
#8656=DIRECTION('ref_axis',(-0.445553611181559,-5.55111512312578E-17,0.895255259444519));
#8657=DIRECTION('',(0.,1.,5.55111512312578E-17));
#8658=DIRECTION('',(-0.445553611181559,0.,0.895255259444519));
#8659=DIRECTION('',(0.,1.,5.55111512312578E-17));
#8660=DIRECTION('center_axis',(0.,5.55111512312578E-17,-1.));
#8661=DIRECTION('ref_axis',(-1.,0.,0.));
#8662=DIRECTION('',(0.,1.,5.55111512312578E-17));
#8663=DIRECTION('',(-1.,0.,0.));
#8664=DIRECTION('',(0.,1.,5.55111512312578E-17));
#8665=DIRECTION('',(0.,1.,5.55111512312578E-17));
#8666=DIRECTION('',(0.,1.,5.55111512312578E-17));
#8667=DIRECTION('',(0.,1.,5.55111512312578E-17));
#8668=DIRECTION('',(0.,1.,5.55111512312578E-17));
#8669=DIRECTION('center_axis',(0.,-5.55111512312578E-17,1.));
#8670=DIRECTION('ref_axis',(1.,0.,0.));
#8671=DIRECTION('',(0.,1.,5.55111512312578E-17));
#8672=DIRECTION('',(1.,0.,0.));
#8673=DIRECTION('center_axis',(-1.,0.,0.));
#8674=DIRECTION('ref_axis',(0.,-1.11022302462516E-16,1.));
#8675=DIRECTION('',(0.,1.,5.55111512312578E-17));
#8676=DIRECTION('',(0.,0.,1.));
#8677=DIRECTION('center_axis',(0.,5.55111512312578E-17,-1.));
#8678=DIRECTION('ref_axis',(-1.,0.,0.));
#8679=DIRECTION('',(0.,1.,5.55111512312578E-17));
#8680=DIRECTION('',(-1.,0.,0.));
#8681=DIRECTION('',(0.,1.,5.55111512312578E-17));
#8682=DIRECTION('',(0.,1.,5.55111512312578E-17));
#8683=DIRECTION('',(0.,1.,5.55111512312578E-17));
#8684=DIRECTION('center_axis',(0.,0.,-1.));
#8685=DIRECTION('ref_axis',(-1.,0.,0.));
#8686=DIRECTION('',(-1.,0.,0.));
#8687=DIRECTION('',(0.,1.,0.));
#8688=DIRECTION('',(-1.,0.,0.));
#8689=DIRECTION('',(0.,1.,0.));
#8690=DIRECTION('center_axis',(1.,0.,0.));
#8691=DIRECTION('ref_axis',(0.,0.,-1.));
#8692=DIRECTION('',(0.,0.,-1.));
#8693=DIRECTION('',(0.,1.,0.));
#8694=DIRECTION('',(0.,0.,-1.));
#8695=DIRECTION('center_axis',(0.,0.,1.));
#8696=DIRECTION('ref_axis',(1.,0.,0.));
#8697=DIRECTION('',(1.,0.,0.));
#8698=DIRECTION('',(0.,1.,0.));
#8699=DIRECTION('',(1.,0.,0.));
#8700=DIRECTION('center_axis',(-1.,0.,0.));
#8701=DIRECTION('ref_axis',(0.,0.,1.));
#8702=DIRECTION('',(0.,0.,1.));
#8703=DIRECTION('',(0.,0.,1.));
#8704=DIRECTION('center_axis',(0.,1.,0.));
#8705=DIRECTION('ref_axis',(0.,0.,1.));
#8706=DIRECTION('center_axis',(0.,1.,0.));
#8707=DIRECTION('ref_axis',(1.,0.,0.));
#8708=DIRECTION('center_axis',(0.,1.,0.));
#8709=DIRECTION('ref_axis',(1.,0.,0.));
#8710=DIRECTION('',(0.,1.,0.));
#8711=DIRECTION('center_axis',(0.,1.,0.));
#8712=DIRECTION('ref_axis',(1.,0.,0.));
#8713=DIRECTION('center_axis',(0.,-1.,0.));
#8714=DIRECTION('ref_axis',(1.,0.,0.));
#8715=DIRECTION('center_axis',(0.,0.,-1.));
#8716=DIRECTION('ref_axis',(-1.,0.,0.));
#8717=DIRECTION('',(-1.,0.,0.));
#8718=DIRECTION('',(0.,1.,0.));
#8719=DIRECTION('',(-1.,0.,0.));
#8720=DIRECTION('',(0.,1.,0.));
#8721=DIRECTION('center_axis',(1.,0.,0.));
#8722=DIRECTION('ref_axis',(0.,0.,-1.));
#8723=DIRECTION('',(0.,0.,-1.));
#8724=DIRECTION('',(0.,1.,0.));
#8725=DIRECTION('',(0.,0.,-1.));
#8726=DIRECTION('center_axis',(0.,0.,1.));
#8727=DIRECTION('ref_axis',(1.,0.,0.));
#8728=DIRECTION('',(1.,0.,0.));
#8729=DIRECTION('',(0.,1.,0.));
#8730=DIRECTION('',(1.,0.,0.));
#8731=DIRECTION('center_axis',(-1.,0.,0.));
#8732=DIRECTION('ref_axis',(0.,0.,1.));
#8733=DIRECTION('',(0.,0.,1.));
#8734=DIRECTION('',(0.,0.,1.));
#8735=DIRECTION('center_axis',(0.,1.,0.));
#8736=DIRECTION('ref_axis',(0.,0.,1.));
#8737=DIRECTION('center_axis',(-0.707106781186548,0.,-0.707106781186548));
#8738=DIRECTION('ref_axis',(-0.707106781186548,0.,0.707106781186548));
#8739=DIRECTION('',(-0.707106781186548,0.,0.707106781186548));
#8740=DIRECTION('',(0.,1.,0.));
#8741=DIRECTION('',(-0.707106781186548,0.,0.707106781186548));
#8742=DIRECTION('',(0.,1.,0.));
#8743=DIRECTION('center_axis',(0.707106781186548,0.,-0.707106781186547));
#8744=DIRECTION('ref_axis',(-0.707106781186547,0.,-0.707106781186548));
#8745=DIRECTION('',(-0.707106781186547,0.,-0.707106781186548));
#8746=DIRECTION('',(0.,1.,0.));
#8747=DIRECTION('',(-0.707106781186547,0.,-0.707106781186548));
#8748=DIRECTION('center_axis',(0.707106781186552,0.,0.707106781186543));
#8749=DIRECTION('ref_axis',(0.707106781186543,0.,-0.707106781186552));
#8750=DIRECTION('',(0.707106781186543,0.,-0.707106781186552));
#8751=DIRECTION('',(0.,1.,0.));
#8752=DIRECTION('',(0.707106781186543,0.,-0.707106781186552));
#8753=DIRECTION('center_axis',(-0.707106781186547,0.,0.707106781186548));
#8754=DIRECTION('ref_axis',(0.707106781186548,0.,0.707106781186547));
#8755=DIRECTION('',(0.707106781186548,0.,0.707106781186547));
#8756=DIRECTION('',(0.707106781186548,0.,0.707106781186547));
#8757=DIRECTION('center_axis',(0.,1.,0.));
#8758=DIRECTION('ref_axis',(0.,0.,1.));
#8759=DIRECTION('center_axis',(0.,0.,-1.));
#8760=DIRECTION('ref_axis',(-1.,0.,0.));
#8761=DIRECTION('',(-1.,0.,0.));
#8762=DIRECTION('',(0.,1.,0.));
#8763=DIRECTION('',(-1.,0.,0.));
#8764=DIRECTION('',(0.,1.,0.));
#8765=DIRECTION('center_axis',(1.,0.,0.));
#8766=DIRECTION('ref_axis',(0.,0.,-1.));
#8767=DIRECTION('',(0.,0.,-1.));
#8768=DIRECTION('',(0.,1.,0.));
#8769=DIRECTION('',(0.,0.,-1.));
#8770=DIRECTION('center_axis',(0.,0.,1.));
#8771=DIRECTION('ref_axis',(1.,0.,0.));
#8772=DIRECTION('',(1.,0.,0.));
#8773=DIRECTION('',(0.,1.,0.));
#8774=DIRECTION('',(1.,0.,0.));
#8775=DIRECTION('center_axis',(-1.,0.,0.));
#8776=DIRECTION('ref_axis',(0.,0.,1.));
#8777=DIRECTION('',(0.,0.,1.));
#8778=DIRECTION('',(0.,0.,1.));
#8779=DIRECTION('center_axis',(0.,1.,0.));
#8780=DIRECTION('ref_axis',(0.,0.,1.));
#8781=DIRECTION('center_axis',(0.,0.707106781186547,-0.707106781186548));
#8782=DIRECTION('ref_axis',(-1.,0.,0.));
#8783=DIRECTION('',(-1.,0.,0.));
#8784=DIRECTION('',(0.893173838434544,0.31799409926609,0.317994099266089));
#8785=DIRECTION('',(1.,0.,0.));
#8786=DIRECTION('',(-0.893173838434543,0.31799409926609,0.317994099266091));
#8787=DIRECTION('center_axis',(0.446856886092919,-0.548013616027321,-0.707106781186548));
#8788=DIRECTION('ref_axis',(-0.845346848703438,0.,-0.534217844504624));
#8789=DIRECTION('',(0.775008288150959,0.631951068752416,-7.01606626965407E-17));
#8790=DIRECTION('',(7.25435425196679E-15,-0.790411880237396,0.612575758236958));
#8791=DIRECTION('',(-0.775008288150959,-0.631951068752416,7.01606626965407E-17));
#8792=DIRECTION('center_axis',(-0.446856886092921,-0.548013616027322,-0.707106781186546));
#8793=DIRECTION('ref_axis',(-0.845346848703436,0.,0.534217844504626));
#8794=DIRECTION('',(-0.775008288150959,0.631951068752416,-7.01606626965408E-17));
#8795=DIRECTION('',(0.775008288150959,-0.631951068752416,7.01606626965408E-17));
#8796=DIRECTION('center_axis',(-0.631951068752416,-0.775008288150959,5.55111512312578E-17));
#8797=DIRECTION('ref_axis',(0.775008288150959,-0.631951068752416,-5.55111512312578E-17));
#8798=DIRECTION('',(1.75681801886487E-16,-1.11022302462516E-16,-1.));
#8799=DIRECTION('',(0.775008288150959,-0.631951068752416,3.50803313482704E-17));
#8800=DIRECTION('',(0.,-2.22044604925031E-16,1.));
#8801=DIRECTION('center_axis',(0.,-1.,-5.55111512312578E-17));
#8802=DIRECTION('ref_axis',(1.,0.,0.));
#8803=DIRECTION('',(1.75681801886487E-16,1.11022302462516E-16,1.));
#8804=DIRECTION('',(-0.845346848703437,-2.96550475567329E-17,0.534217844504626));
#8805=DIRECTION('',(1.,0.,0.));
#8806=DIRECTION('',(0.,5.55111512312578E-17,-1.));
#8807=DIRECTION('',(1.,0.,0.));
#8808=DIRECTION('',(0.,-5.55111512312578E-17,1.));
#8809=DIRECTION('',(1.,0.,0.));
#8810=DIRECTION('',(-0.845346848703442,2.96550475567325E-17,-0.534217844504619));
#8811=DIRECTION('center_axis',(0.,-1.11022302462516E-16,-1.));
#8812=DIRECTION('ref_axis',(0.,1.,-1.11022302462516E-16));
#8813=DIRECTION('',(-1.,0.,0.));
#8814=DIRECTION('',(0.,1.,-1.11022302462516E-16));
#8815=DIRECTION('',(1.,0.,0.));
#8816=DIRECTION('',(0.,-1.,1.11022302462516E-16));
#8817=DIRECTION('',(0.,1.,-1.11022302462516E-16));
#8818=DIRECTION('',(-0.775008288150959,-0.631951068752416,7.01606626965407E-17));
#8819=DIRECTION('',(0.775008288150958,-0.631951068752416,7.01606626965408E-17));
#8820=DIRECTION('',(0.,-1.,1.11022302462516E-16));
#8821=DIRECTION('',(0.775008288150959,0.631951068752416,-7.01606626965407E-17));
#8822=DIRECTION('',(-0.775008288150959,0.631951068752416,-7.01606626965407E-17));
#8823=DIRECTION('',(1.,0.,0.));
#8824=DIRECTION('',(-0.775008288150959,0.631951068752416,-7.01606626965407E-17));
#8825=DIRECTION('',(-0.775008288150959,-0.631951068752416,7.01606626965407E-17));
#8826=DIRECTION('center_axis',(0.446856886092919,-0.548013616027321,-0.707106781186548));
#8827=DIRECTION('ref_axis',(-0.845346848703438,0.,-0.534217844504624));
#8828=DIRECTION('',(0.394237057306356,0.830153169778232,-0.39423705730636));
#8829=DIRECTION('',(-0.775008288150959,-0.631951068752416,7.01606626965407E-17));
#8830=DIRECTION('',(-0.845346848703438,1.58160253635909E-15,-0.534217844504624));
#8831=DIRECTION('center_axis',(0.446856886092919,0.54801361602732,-0.707106781186549));
#8832=DIRECTION('ref_axis',(-0.845346848703439,0.,-0.534217844504623));
#8833=DIRECTION('',(0.775008288150959,-0.631951068752416,7.01606626965407E-17));
#8834=DIRECTION('',(-0.394237057306356,0.830153169778233,0.39423705730636));
#8835=DIRECTION('center_axis',(0.,-0.707106781186539,-0.707106781186556));
#8836=DIRECTION('ref_axis',(-1.,0.,0.));
#8837=DIRECTION('',(-0.893173838434544,-0.317994099266089,0.317994099266089));
#8838=DIRECTION('',(-1.,0.,0.));
#8839=DIRECTION('',(0.893173838434545,-0.317994099266088,0.317994099266087));
#8840=DIRECTION('center_axis',(0.446856886092916,0.548013616027317,-0.707106781186553));
#8841=DIRECTION('ref_axis',(-0.845346848703441,0.,-0.534217844504619));
#8842=DIRECTION('',(0.775008288150959,-0.631951068752416,7.01606626965407E-17));
#8843=DIRECTION('',(-7.25435425196676E-15,-0.790411880237396,-0.612575758236958));
#8844=DIRECTION('center_axis',(-0.446856886092922,0.548013616027324,-0.707106781186543));
#8845=DIRECTION('ref_axis',(-0.845346848703435,0.,0.53421784450463));
#8846=DIRECTION('',(0.775008288150959,0.631951068752416,-7.01606626965407E-17));
#8847=DIRECTION('center_axis',(0.631951068752416,0.775008288150959,5.55111512312578E-17));
#8848=DIRECTION('ref_axis',(-0.775008288150959,0.631951068752416,0.));
#8849=DIRECTION('',(0.,0.,-1.));
#8850=DIRECTION('',(-0.775008288150959,0.631951068752416,-3.50803313482704E-17));
#8851=DIRECTION('',(0.,-2.22044604925031E-16,1.));
#8852=DIRECTION('center_axis',(0.,1.,5.55111512312578E-17));
#8853=DIRECTION('ref_axis',(-1.,0.,0.));
#8854=DIRECTION('',(0.,-1.11022302462516E-16,1.));
#8855=DIRECTION('',(1.,0.,0.));
#8856=DIRECTION('center_axis',(-0.446856886092922,0.548013616027324,-0.707106781186544));
#8857=DIRECTION('ref_axis',(-0.845346848703435,0.,0.534217844504628));
#8858=DIRECTION('',(-0.394237057306361,-0.83015316977823,-0.39423705730636));
#8859=DIRECTION('',(0.775008288150959,0.631951068752416,-7.01606626965407E-17));
#8860=DIRECTION('',(0.845346848703441,4.74480760907724E-15,-0.534217844504619));
#8861=DIRECTION('center_axis',(-0.446856886092914,-0.548013616027314,-0.707106781186556));
#8862=DIRECTION('ref_axis',(-0.845346848703444,0.,0.534217844504615));
#8863=DIRECTION('',(-0.775008288150958,0.631951068752416,-7.01606626965408E-17));
#8864=DIRECTION('',(0.394237057306355,-0.830153169778236,0.394237057306354));
#8865=DIRECTION('center_axis',(0.707106781186548,0.707106781186547,-7.85046229341887E-17));
#8866=DIRECTION('ref_axis',(-1.11022302462515E-16,0.,-1.));
#8867=DIRECTION('',(-0.577350269189619,0.57735026918962,0.577350269189637));
#8868=DIRECTION('',(0.,-1.11022302462516E-16,-1.));
#8869=DIRECTION('',(0.39524640961257,-0.39524640961257,0.829192710638935));
#8870=DIRECTION('',(0.,1.11022302462516E-16,1.));
#8871=DIRECTION('center_axis',(-1.,0.,0.));
#8872=DIRECTION('ref_axis',(0.,-1.,-5.55111512312578E-17));
#8873=DIRECTION('',(0.,-1.,1.11022302462516E-16));
#8874=DIRECTION('',(0.,-5.55111512312578E-17,1.));
#8875=DIRECTION('',(0.,0.707106781186547,0.707106781186548));
#8876=DIRECTION('',(0.,0.707106781186547,-0.707106781186548));
#8877=DIRECTION('',(0.,-0.90630778703665,-0.422618261740699));
#8878=DIRECTION('',(0.,-0.707106781186548,0.707106781186547));
#8879=DIRECTION('',(0.,1.,-5.55111512312578E-17));
#8880=DIRECTION('',(0.,5.55111512312578E-17,-1.));
#8881=DIRECTION('',(0.,-1.,1.11022302462516E-16));
#8882=DIRECTION('',(0.,-5.55111512312578E-17,1.));
#8883=DIRECTION('',(0.,1.,-5.55111512312578E-17));
#8884=DIRECTION('',(0.,-0.707106781186548,-0.707106781186547));
#8885=DIRECTION('',(0.,-5.55111512312578E-17,1.));
#8886=DIRECTION('',(0.,0.613472428652989,0.789716138421017));
#8887=DIRECTION('',(0.,1.,5.55111512312578E-17));
#8888=DIRECTION('center_axis',(0.707106781186552,0.707106781186543,3.92523114670941E-17));
#8889=DIRECTION('ref_axis',(5.55111512312572E-17,0.,-1.));
#8890=DIRECTION('',(0.577350269189623,-0.577350269189629,-0.577350269189625));
#8891=DIRECTION('',(-0.644710818692429,0.644710818692437,-0.410726089409798));
#8892=DIRECTION('',(0.,5.55111512312578E-17,-1.));
#8893=DIRECTION('center_axis',(-0.707106781186546,3.92523114670945E-17,
0.707106781186549));
#8894=DIRECTION('ref_axis',(0.707106781186549,0.,0.707106781186546));
#8895=DIRECTION('',(0.,-1.,5.55111512312578E-17));
#8896=DIRECTION('',(-0.577350269189627,-0.577350269189625,-0.577350269189625));
#8897=DIRECTION('',(0.,1.,-5.55111512312578E-17));
#8898=DIRECTION('',(-0.577350269189627,0.577350269189623,-0.577350269189628));
#8899=DIRECTION('center_axis',(-0.707106781186551,-0.707106781186544,-3.92523114670942E-17));
#8900=DIRECTION('ref_axis',(-5.55111512312573E-17,0.,1.));
#8901=DIRECTION('',(0.,-5.55111512312578E-17,1.));
#8902=DIRECTION('',(0.577350269189622,-0.577350269189628,-0.577350269189628));
#8903=DIRECTION('',(0.,5.55111512312578E-17,-1.));
#8904=DIRECTION('center_axis',(-1.,0.,0.));
#8905=DIRECTION('ref_axis',(0.,-0.90630778703665,-0.422618261740699));
#8906=DIRECTION('',(0.,-0.422618261740699,0.90630778703665));
#8907=DIRECTION('',(0.,1.11022302462516E-16,1.));
#8908=DIRECTION('',(0.,1.,-1.11022302462516E-16));
#8909=DIRECTION('',(0.,0.,-1.));
#8910=DIRECTION('',(0.,0.90630778703665,0.422618261740699));
#8911=DIRECTION('',(0.,-0.707106781186547,0.707106781186548));
#8912=DIRECTION('',(0.,-0.707106781186547,-0.707106781186548));
#8913=DIRECTION('',(0.,5.55111512312578E-17,-1.));
#8914=DIRECTION('',(0.,-0.707106781186548,-0.707106781186547));
#8915=DIRECTION('',(0.,0.90630778703665,0.422618261740699));
#8916=DIRECTION('',(0.,-5.55111512312578E-17,1.));
#8917=DIRECTION('',(0.,-1.,5.55111512312578E-17));
#8918=DIRECTION('',(0.,0.707106781186548,-0.707106781186547));
#8919=DIRECTION('center_axis',(-0.707106781186548,0.29883623873012,-0.640856382055788));
#8920=DIRECTION('ref_axis',(-0.671542934237818,0.,0.740965645273289));
#8921=DIRECTION('',(0.,-0.90630778703665,-0.422618261740699));
#8922=DIRECTION('',(-0.497542812164523,-0.854261067613374,0.150629274789056));
#8923=DIRECTION('',(0.473306150771124,-0.473306150771126,-0.742941838426429));
#8924=DIRECTION('center_axis',(-0.707106781186544,0.500000000000003,0.500000000000003));
#8925=DIRECTION('ref_axis',(0.57735026918963,0.,0.816496580927723));
#8926=DIRECTION('',(0.,0.707106781186547,-0.707106781186548));
#8927=DIRECTION('',(-0.577350269189627,-3.41860033134857E-15,-0.816496580927725));
#8928=DIRECTION('center_axis',(-0.707106781186542,-0.500000000000004,0.500000000000004));
#8929=DIRECTION('ref_axis',(0.577350269189631,0.,0.816496580927722));
#8930=DIRECTION('',(0.,0.707106781186547,0.707106781186548));
#8931=DIRECTION('',(-0.678598344545852,0.678598344545839,-0.281084637714827));
#8932=DIRECTION('center_axis',(-0.707106781186553,-0.707106781186542,-3.92523114670941E-17));
#8933=DIRECTION('ref_axis',(-5.55111512312569E-17,0.,1.));
#8934=DIRECTION('',(0.,-5.55111512312578E-17,1.));
#8935=DIRECTION('center_axis',(0.,0.707106781186548,0.707106781186547));
#8936=DIRECTION('ref_axis',(0.,-0.707106781186547,0.707106781186548));
#8937=DIRECTION('',(-1.,0.,0.));
#8938=DIRECTION('',(0.,-0.707106781186547,0.707106781186548));
#8939=DIRECTION('',(1.,0.,0.));
#8940=DIRECTION('center_axis',(0.,0.422618261740699,-0.90630778703665));
#8941=DIRECTION('ref_axis',(-1.,0.,0.));
#8942=DIRECTION('',(1.,0.,0.));
#8943=DIRECTION('',(0.,0.90630778703665,0.422618261740699));
#8944=DIRECTION('',(-1.,0.,0.));
#8945=DIRECTION('',(-0.68479107877173,-0.660462233559942,-0.307978597431156));
#8946=DIRECTION('',(0.,0.90630778703665,0.422618261740699));
#8947=DIRECTION('',(0.684791078771729,-0.660462233559943,-0.307978597431157));
#8948=DIRECTION('',(1.,0.,0.));
#8949=DIRECTION('',(0.,0.90630778703665,0.422618261740699));
#8950=DIRECTION('',(0.,-0.90630778703665,-0.422618261740699));
#8951=DIRECTION('',(1.,0.,0.));
#8952=DIRECTION('',(0.684791078771734,0.660462233559939,0.307978597431155));
#8953=DIRECTION('',(-0.684791078771734,0.660462233559939,0.307978597431155));
#8954=DIRECTION('',(1.,0.,0.));
#8955=DIRECTION('',(0.,-0.90630778703665,-0.422618261740699));
#8956=DIRECTION('center_axis',(-0.707106781186548,0.29883623873012,-0.640856382055788));
#8957=DIRECTION('ref_axis',(-0.671542934237818,0.,0.740965645273289));
#8958=DIRECTION('',(-0.644710818692431,-0.644710818692434,0.4107260894098));
#8959=DIRECTION('',(0.633687274224638,-0.134332375957558,-0.76183676155417));
#8960=DIRECTION('center_axis',(-0.707106781186549,0.707106781186546,3.92523114670943E-17));
#8961=DIRECTION('ref_axis',(5.55111512312577E-17,0.,1.));
#8962=DIRECTION('',(-0.577350269189627,-0.577350269189628,-0.577350269189623));
#8963=DIRECTION('center_axis',(-0.707106781186545,3.92523114670945E-17,
0.70710678118655));
#8964=DIRECTION('ref_axis',(0.70710678118655,0.,0.707106781186545));
#8965=DIRECTION('',(0.,1.,-5.55111512312578E-17));
#8966=DIRECTION('',(-0.357406744336592,0.862856209461017,-0.357406744336594));
#8967=DIRECTION('center_axis',(-0.707106781186549,-0.499999999999999,-0.499999999999999));
#8968=DIRECTION('ref_axis',(-0.577350269189625,0.,0.816496580927727));
#8969=DIRECTION('',(0.,-0.707106781186548,0.707106781186547));
#8970=DIRECTION('center_axis',(0.707106781186547,-7.85046229341888E-17,
-0.707106781186548));
#8971=DIRECTION('ref_axis',(-0.707106781186548,0.,-0.707106781186547));
#8972=DIRECTION('center_axis',(0.707106781186548,3.92523114670943E-17,0.707106781186547));
#8973=DIRECTION('ref_axis',(0.707106781186547,0.,-0.707106781186548));
#8974=DIRECTION('',(0.,-1.,5.55111512312578E-17));
#8975=DIRECTION('',(-0.39423705730636,-0.83015316977823,0.394237057306361));
#8976=DIRECTION('',(-0.35740674433659,-0.862856209461017,0.357406744336596));
#8977=DIRECTION('center_axis',(0.707106781186549,-0.499999999999999,-0.499999999999999));
#8978=DIRECTION('ref_axis',(-0.577350269189624,0.,-0.816496580927727));
#8979=DIRECTION('',(0.,0.707106781186548,-0.707106781186547));
#8980=DIRECTION('center_axis',(0.,5.55111512312578E-17,1.));
#8981=DIRECTION('ref_axis',(0.,-1.,5.55111512312578E-17));
#8982=DIRECTION('',(1.,0.,0.));
#8983=DIRECTION('',(0.,-1.,5.55111512312578E-17));
#8984=DIRECTION('',(-0.775008288150958,0.631951068752416,-3.50803313482704E-17));
#8985=DIRECTION('',(0.775008288150959,0.631951068752416,-3.50803313482704E-17));
#8986=DIRECTION('',(1.,0.,0.));
#8987=DIRECTION('',(-0.775008288150959,-0.631951068752416,3.50803313482704E-17));
#8988=DIRECTION('',(-0.775008288150959,0.631951068752416,-3.50803313482704E-17));
#8989=DIRECTION('',(0.,-1.,5.55111512312578E-17));
#8990=DIRECTION('',(1.,0.,0.));
#8991=DIRECTION('',(0.,1.,-5.55111512312578E-17));
#8992=DIRECTION('',(0.775008288150959,-0.631951068752416,3.50803313482704E-17));
#8993=DIRECTION('',(-0.775008288150959,-0.631951068752416,3.50803313482704E-17));
#8994=DIRECTION('',(0.,1.,-5.55111512312578E-17));
#8995=DIRECTION('',(1.,0.,0.));
#8996=DIRECTION('',(0.,-1.,5.55111512312578E-17));
#8997=DIRECTION('',(1.,0.,0.));
#8998=DIRECTION('',(0.775008288150959,0.631951068752416,-3.50803313482704E-17));
#8999=DIRECTION('',(0.775008288150959,-0.631951068752416,3.50803313482704E-17));
#9000=DIRECTION('',(1.,0.,0.));
#9001=DIRECTION('center_axis',(0.,-0.707106781186547,-0.707106781186548));
#9002=DIRECTION('ref_axis',(0.,0.707106781186548,-0.707106781186547));
#9003=DIRECTION('center_axis',(0.707106781186546,3.92523114670945E-17,0.707106781186549));
#9004=DIRECTION('ref_axis',(0.707106781186549,0.,-0.707106781186546));
#9005=DIRECTION('',(0.39423705730636,-0.830153169778232,-0.394237057306358));
#9006=DIRECTION('',(0.357406744336592,-0.862856209461016,-0.357406744336596));
#9007=DIRECTION('center_axis',(0.707106781186546,0.500000000000001,-0.500000000000001));
#9008=DIRECTION('ref_axis',(-0.577350269189628,0.,-0.816496580927725));
#9009=DIRECTION('',(0.,0.707106781186548,0.707106781186547));
#9010=DIRECTION('',(-0.577350269189628,4.53246651836839E-17,-0.816496580927725));
#9011=DIRECTION('center_axis',(0.707106781186549,0.499999999999999,0.499999999999999));
#9012=DIRECTION('ref_axis',(0.577350269189624,0.,-0.816496580927727));
#9013=DIRECTION('',(-0.577350269189625,3.41860033134855E-15,0.816496580927727));
#9014=DIRECTION('center_axis',(0.707106781186547,-0.500000000000001,0.500000000000001));
#9015=DIRECTION('ref_axis',(0.577350269189627,0.,-0.816496580927725));
#9016=DIRECTION('',(0.,-0.707106781186547,-0.707106781186548));
#9017=DIRECTION('',(-0.678598344545847,-0.678598344545848,0.281084637714817));
#9018=DIRECTION('center_axis',(0.707106781186561,-0.707106781186534,-3.92523114670937E-17));
#9019=DIRECTION('ref_axis',(-5.55111512312558E-17,0.,-1.));
#9020=DIRECTION('',(0.707106781186534,0.707106781186561,-3.92523114670951E-17));
#9021=DIRECTION('',(0.,5.55111512312578E-17,-1.));
#9022=DIRECTION('center_axis',(0.,-0.707106781186548,0.707106781186547));
#9023=DIRECTION('ref_axis',(0.,-0.707106781186547,-0.707106781186548));
#9024=DIRECTION('',(1.,0.,0.));
#9025=DIRECTION('center_axis',(0.,1.,5.55111512312578E-17));
#9026=DIRECTION('ref_axis',(-1.,0.,0.));
#9027=DIRECTION('',(0.845346848703436,2.96550475567329E-17,-0.534217844504627));
#9028=DIRECTION('',(-0.776826506141263,3.49561868846606E-17,-0.629714680912203));
#9029=DIRECTION('',(-0.776826506141263,-3.49561868846606E-17,0.629714680912203));
#9030=DIRECTION('',(0.845346848703436,-2.96550475567329E-17,0.534217844504627));
#9031=DIRECTION('',(0.,5.55111512312578E-17,-1.));
#9032=DIRECTION('',(1.,0.,0.));
#9033=DIRECTION('',(0.,-5.55111512312578E-17,1.));
#9034=DIRECTION('',(0.776826506141263,3.49561868846606E-17,-0.629714680912204));
#9035=DIRECTION('',(1.,0.,0.));
#9036=DIRECTION('',(0.,-5.55111512312578E-17,1.));
#9037=DIRECTION('',(1.,0.,0.));
#9038=DIRECTION('',(0.,5.55111512312578E-17,-1.));
#9039=DIRECTION('',(1.,0.,0.));
#9040=DIRECTION('',(0.776826506141263,-3.49561868846606E-17,0.629714680912204));
#9041=DIRECTION('',(1.,0.,0.));
#9042=DIRECTION('center_axis',(0.445275521085737,0.707106781186556,0.549299290297934));
#9043=DIRECTION('ref_axis',(0.776826506141263,0.,-0.629714680912204));
#9044=DIRECTION('',(-0.395246409612565,-0.395246409612569,0.829192710638938));
#9045=DIRECTION('',(-0.776826506141263,6.99123737693212E-17,0.629714680912204));
#9046=DIRECTION('',(-0.893996532250434,0.316836077746989,0.316836077746999));
#9047=DIRECTION('',(0.776826506141263,-6.99123737693212E-17,-0.629714680912204));
#9048=DIRECTION('center_axis',(0.,1.,-1.11022302462516E-16));
#9049=DIRECTION('ref_axis',(0.,1.11022302462516E-16,1.));
#9050=DIRECTION('',(0.,-1.11022302462516E-16,-1.));
#9051=DIRECTION('',(1.,0.,0.));
#9052=DIRECTION('',(0.,1.11022302462516E-16,1.));
#9053=DIRECTION('',(1.,0.,0.));
#9054=DIRECTION('',(-0.776826506141263,-6.99123737693212E-17,-0.629714680912204));
#9055=DIRECTION('',(1.,0.,0.));
#9056=DIRECTION('',(0.776826506141263,-6.99123737693212E-17,-0.629714680912203));
#9057=DIRECTION('',(0.776826506141263,6.99123737693212E-17,0.629714680912203));
#9058=DIRECTION('',(-1.,0.,0.));
#9059=DIRECTION('',(1.,0.,0.));
#9060=DIRECTION('',(0.,-1.11022302462516E-16,-1.));
#9061=DIRECTION('center_axis',(0.,0.707106781186558,-0.707106781186537));
#9062=DIRECTION('ref_axis',(-1.,0.,0.));
#9063=DIRECTION('',(-1.,0.,0.));
#9064=DIRECTION('',(-0.893996532250432,-0.316836077746992,-0.316836077747001));
#9065=DIRECTION('center_axis',(-0.445275521085741,0.70710678118655,0.549299290297938));
#9066=DIRECTION('ref_axis',(0.776826506141263,0.,0.629714680912204));
#9067=DIRECTION('',(0.776826506141263,6.99123737693212E-17,0.629714680912204));
#9068=DIRECTION('center_axis',(0.,5.55111512312578E-17,1.));
#9069=DIRECTION('ref_axis',(-1.,0.,0.));
#9070=DIRECTION('',(8.81528617863005E-17,-1.,0.));
#9071=DIRECTION('',(0.846200388199462,-0.532864807442825,2.95799389117738E-17));
#9072=DIRECTION('center_axis',(-0.629714680912204,5.55111512312578E-17,
0.776826506141263));
#9073=DIRECTION('ref_axis',(-0.776826506141263,-5.55111512312578E-17,-0.629714680912204));
#9074=DIRECTION('',(-0.776826506141263,3.49561868846606E-17,-0.629714680912204));
#9075=DIRECTION('center_axis',(-0.44527552108575,-0.707106781186536,0.549299290297949));
#9076=DIRECTION('ref_axis',(0.776826506141263,0.,0.629714680912204));
#9077=DIRECTION('center_axis',(-0.445275521085738,0.707106781186554,-0.549299290297935));
#9078=DIRECTION('ref_axis',(-0.776826506141263,0.,0.629714680912203));
#9079=DIRECTION('',(-0.893996532250433,-0.316836077746993,0.316836077746999));
#9080=DIRECTION('',(-0.776826506141263,6.99123737693212E-17,0.629714680912203));
#9081=DIRECTION('',(0.,0.613472428652966,0.789716138421035));
#9082=DIRECTION('center_axis',(0.,0.707106781186554,0.707106781186541));
#9083=DIRECTION('ref_axis',(1.,0.,0.));
#9084=DIRECTION('',(1.,0.,0.));
#9085=DIRECTION('',(0.893996532250434,-0.316836077746991,0.316836077746999));
#9086=DIRECTION('center_axis',(0.445275521085739,0.707106781186552,-0.549299290297937));
#9087=DIRECTION('ref_axis',(-0.776826506141263,0.,-0.629714680912203));
#9088=DIRECTION('',(-0.776826506141263,-6.99123737693212E-17,-0.629714680912203));
#9089=DIRECTION('center_axis',(0.629714680912203,1.11022302462516E-16,-0.776826506141263));
#9090=DIRECTION('ref_axis',(0.776826506141263,5.55111512312578E-17,0.629714680912204));
#9091=DIRECTION('',(0.,-1.,-5.55111512312578E-17));
#9092=DIRECTION('',(0.776826506141263,-3.49561868846606E-17,0.629714680912203));
#9093=DIRECTION('',(1.76305723572601E-16,-1.,5.55111512312578E-17));
#9094=DIRECTION('center_axis',(-0.629714680912203,1.11022302462516E-16,
-0.776826506141263));
#9095=DIRECTION('ref_axis',(0.776826506141263,-5.55111512312578E-17,-0.629714680912204));
#9096=DIRECTION('',(1.76305723572601E-16,1.,-5.55111512312578E-17));
#9097=DIRECTION('',(0.776826506141263,3.49561868846606E-17,-0.629714680912203));
#9098=DIRECTION('center_axis',(-0.446856886092922,0.548013616027324,0.707106781186544));
#9099=DIRECTION('ref_axis',(0.845346848703435,0.,0.534217844504629));
#9100=DIRECTION('',(-0.775008288150959,-0.631951068752416,3.50803313482704E-17));
#9101=DIRECTION('',(-0.845346848703437,-1.58160253635908E-15,-0.534217844504625));
#9102=DIRECTION('center_axis',(-0.44685688609292,-0.548013616027321,0.707106781186547));
#9103=DIRECTION('ref_axis',(0.845346848703438,0.,0.534217844504625));
#9104=DIRECTION('',(0.775008288150958,-0.631951068752416,3.50803313482704E-17));
#9105=DIRECTION('center_axis',(-0.631951068752416,0.775008288150959,0.));
#9106=DIRECTION('ref_axis',(-0.775008288150959,-0.631951068752416,0.));
#9107=DIRECTION('',(0.,-2.22044604925031E-16,1.));
#9108=DIRECTION('center_axis',(-0.631951068752416,-0.775008288150958,5.55111512312578E-17));
#9109=DIRECTION('ref_axis',(0.775008288150958,-0.631951068752416,0.));
#9110=DIRECTION('center_axis',(-0.446856886092916,-0.548013616027316,0.707106781186553));
#9111=DIRECTION('ref_axis',(0.845346848703442,0.,0.534217844504619));
#9112=DIRECTION('',(7.25435425196675E-15,-0.790411880237396,-0.612575758236958));
#9113=DIRECTION('center_axis',(0.44685688609292,-0.548013616027322,0.707106781186546));
#9114=DIRECTION('ref_axis',(0.845346848703437,0.,-0.534217844504626));
#9115=DIRECTION('',(0.775008288150959,0.631951068752416,-3.50803313482704E-17));
#9116=DIRECTION('center_axis',(0.631951068752416,-0.775008288150959,-5.55111512312578E-17));
#9117=DIRECTION('ref_axis',(0.775008288150959,0.631951068752416,0.));
#9118=DIRECTION('center_axis',(0.,-0.707106781186532,0.707106781186563));
#9119=DIRECTION('ref_axis',(1.,0.,0.));
#9120=DIRECTION('',(-0.893173838434543,0.317994099266098,0.317994099266084));
#9121=DIRECTION('',(-0.893173838434543,-0.317994099266098,-0.317994099266084));
#9122=DIRECTION('',(-0.893996532250426,0.316836077747012,0.316836077746999));
#9123=DIRECTION('',(-1.,0.,0.));
#9124=DIRECTION('',(0.893996532250431,0.316836077747,0.316836077746997));
#9125=DIRECTION('center_axis',(-0.445275521085753,-0.70710678118653,-0.549299290297954));
#9126=DIRECTION('ref_axis',(-0.776826506141263,0.,0.629714680912203));
#9127=DIRECTION('',(-0.243609575210474,0.686001698530277,-0.685606333459186));
#9128=DIRECTION('',(0.,0.613472428652982,-0.789716138421023));
#9129=DIRECTION('center_axis',(0.445275521085746,-0.707106781186541,-0.549299290297945));
#9130=DIRECTION('ref_axis',(-0.776826506141263,0.,-0.629714680912204));
#9131=DIRECTION('',(-0.243609575210492,-0.686001698530267,0.685606333459189));
#9132=DIRECTION('center_axis',(0.,5.55111512312578E-17,1.));
#9133=DIRECTION('ref_axis',(0.,-1.,5.55111512312578E-17));
#9134=DIRECTION('center_axis',(0.44527552108575,-0.707106781186536,0.549299290297949));
#9135=DIRECTION('ref_axis',(0.776826506141263,0.,-0.629714680912204));
#9136=DIRECTION('',(-0.776826506141263,-3.49561868846606E-17,0.629714680912204));
#9137=DIRECTION('',(0.846200388199463,0.532864807442825,-2.95799389117737E-17));
#9138=DIRECTION('',(-0.395246409612565,0.395246409612589,0.829192710638928));
#9139=DIRECTION('center_axis',(-0.707106781186573,-0.707106781186522,-3.9252311467093E-17));
#9140=DIRECTION('ref_axis',(-5.55111512312539E-17,0.,1.));
#9141=DIRECTION('',(0.577350269189598,-0.577350269189639,-0.577350269189639));
#9142=DIRECTION('',(0.,5.55111512312578E-17,-1.));
#9143=DIRECTION('center_axis',(0.629714680912204,0.,0.776826506141263));
#9144=DIRECTION('ref_axis',(-0.776826506141263,0.,0.629714680912204));
#9145=DIRECTION('',(8.81528617863005E-17,1.,0.));
#9146=DIRECTION('',(0.,-1.,-5.55111512312578E-17));
#9147=DIRECTION('center_axis',(1.,0.,0.));
#9148=DIRECTION('ref_axis',(0.,1.,5.55111512312578E-17));
#9149=DIRECTION('',(0.,0.707106781186548,0.707106781186547));
#9150=DIRECTION('',(0.,-1.,5.55111512312578E-17));
#9151=DIRECTION('',(0.,5.55111512312578E-17,-1.));
#9152=DIRECTION('',(0.,1.,-1.11022302462516E-16));
#9153=DIRECTION('',(0.,-5.55111512312578E-17,1.));
#9154=DIRECTION('',(0.,-1.,5.55111512312578E-17));
#9155=DIRECTION('',(0.,0.707106781186548,-0.707106781186547));
#9156=DIRECTION('',(0.,-0.707106781186547,0.707106781186548));
#9157=DIRECTION('',(0.,-0.707106781186547,-0.707106781186548));
#9158=DIRECTION('',(0.,5.55111512312578E-17,-1.));
#9159=DIRECTION('',(0.,-1.,1.11022302462516E-16));
#9160=DIRECTION('',(0.,1.11022302462516E-16,1.));
#9161=DIRECTION('center_axis',(0.,0.707106781186558,-0.707106781186537));
#9162=DIRECTION('ref_axis',(-1.,0.,0.));
#9163=DIRECTION('',(-1.,0.,0.));
#9164=DIRECTION('',(-0.577350269189625,-0.577350269189618,-0.577350269189635));
#9165=DIRECTION('center_axis',(-0.707106781186552,0.707106781186543,-7.85046229341883E-17));
#9166=DIRECTION('ref_axis',(-1.11022302462514E-16,0.,1.));
#9167=DIRECTION('center_axis',(0.,5.55111512312578E-17,1.));
#9168=DIRECTION('ref_axis',(-1.,0.,0.));
#9169=DIRECTION('',(0.707106781186522,-0.707106781186573,3.92523114670958E-17));
#9170=DIRECTION('center_axis',(0.446856886092921,0.548013616027322,0.707106781186545));
#9171=DIRECTION('ref_axis',(0.845346848703436,0.,-0.534217844504627));
#9172=DIRECTION('',(7.25435425196689E-15,0.790411880237395,-0.61257575823696));
#9173=DIRECTION('center_axis',(-0.446856886092921,0.548013616027323,0.707106781186545));
#9174=DIRECTION('ref_axis',(0.845346848703436,0.,0.534217844504627));
#9175=DIRECTION('',(-0.775008288150959,-0.631951068752416,3.50803313482704E-17));
#9176=DIRECTION('center_axis',(-0.631951068752416,0.775008288150959,-5.55111512312578E-17));
#9177=DIRECTION('ref_axis',(-0.775008288150959,-0.631951068752416,0.));
#9178=DIRECTION('center_axis',(-0.707106781186573,-0.707106781186522,-3.9252311467093E-17));
#9179=DIRECTION('ref_axis',(-5.55111512312539E-17,0.,1.));
#9180=DIRECTION('',(0.678598344545836,-0.67859834454586,0.281084637714817));
#9181=DIRECTION('center_axis',(-0.70710678118655,-0.499999999999998,0.499999999999998));
#9182=DIRECTION('ref_axis',(0.577350269189623,0.,0.816496580927728));
#9183=DIRECTION('',(0.57735026918962,0.,0.81649658092773));
#9184=DIRECTION('',(0.,0.707106781186547,0.707106781186548));
#9185=DIRECTION('center_axis',(-0.707106781186553,0.499999999999996,0.499999999999996));
#9186=DIRECTION('ref_axis',(0.57735026918962,0.,0.81649658092773));
#9187=DIRECTION('',(0.,0.707106781186547,-0.707106781186548));
#9188=DIRECTION('center_axis',(0.,-0.707106781186548,0.707106781186547));
#9189=DIRECTION('ref_axis',(0.,-0.707106781186547,-0.707106781186548));
#9190=DIRECTION('',(1.,0.,0.));
#9191=DIRECTION('',(0.,-0.707106781186547,-0.707106781186548));
#9192=DIRECTION('center_axis',(0.,0.707106781186548,0.707106781186547));
#9193=DIRECTION('ref_axis',(0.,-0.707106781186547,0.707106781186548));
#9194=DIRECTION('',(0.,-0.707106781186547,0.707106781186548));
#9195=DIRECTION('center_axis',(-0.707106781186551,-7.85046229341884E-17,
-0.707106781186544));
#9196=DIRECTION('ref_axis',(-0.707106781186544,0.,0.707106781186551));
#9197=DIRECTION('center_axis',(-0.707106781186551,3.92523114670942E-17,
0.707106781186544));
#9198=DIRECTION('ref_axis',(0.707106781186544,0.,0.707106781186551));
#9199=DIRECTION('',(-0.577350269189622,-0.577350269189628,-0.577350269189628));
#9200=DIRECTION('',(-0.39423705730636,-0.830153169778233,-0.394237057306355));
#9201=DIRECTION('center_axis',(0.446856886092921,-0.548013616027322,0.707106781186546));
#9202=DIRECTION('ref_axis',(0.845346848703437,0.,-0.534217844504626));
#9203=DIRECTION('',(0.845346848703436,-3.16320507271816E-15,-0.534217844504627));
#9204=DIRECTION('',(0.775008288150959,0.631951068752416,-3.50803313482704E-17));
#9205=DIRECTION('center_axis',(0.446856886092921,0.548013616027323,0.707106781186545));
#9206=DIRECTION('ref_axis',(0.845346848703436,0.,-0.534217844504627));
#9207=DIRECTION('',(-0.394237057306356,0.830153169778232,-0.39423705730636));
#9208=DIRECTION('',(-0.775008288150959,0.631951068752416,-3.50803313482704E-17));
#9209=DIRECTION('center_axis',(-0.707106781186554,-0.499999999999995,-0.499999999999996));
#9210=DIRECTION('ref_axis',(-0.577350269189619,0.,0.816496580927731));
#9211=DIRECTION('',(0.,-0.707106781186548,0.707106781186547));
#9212=DIRECTION('',(0.357406744336587,-0.862856209461018,0.357406744336595));
#9213=DIRECTION('center_axis',(-0.707106781186551,3.92523114670942E-17,
0.707106781186544));
#9214=DIRECTION('ref_axis',(0.707106781186544,0.,0.707106781186551));
#9215=DIRECTION('center_axis',(0.631951068752416,-0.775008288150959,0.));
#9216=DIRECTION('ref_axis',(0.775008288150959,0.631951068752416,0.));
#9217=DIRECTION('',(0.,-2.22044604925031E-16,1.));
#9218=DIRECTION('center_axis',(0.631951068752416,0.775008288150959,5.55111512312578E-17));
#9219=DIRECTION('ref_axis',(-0.775008288150959,0.631951068752416,0.));
#9220=DIRECTION('center_axis',(0.707106781186556,-0.707106781186539,-3.92523114670939E-17));
#9221=DIRECTION('ref_axis',(-5.55111512312565E-17,0.,-1.));
#9222=DIRECTION('',(0.,-5.55111512312578E-17,1.));
#9223=DIRECTION('',(-0.357406744336594,-0.357406744336589,-0.862856209461018));
#9224=DIRECTION('',(-0.577350269189624,-0.577350269189624,0.57735026918963));
#9225=DIRECTION('center_axis',(0.707106781186551,0.499999999999998,-0.499999999999998));
#9226=DIRECTION('ref_axis',(-0.577350269189623,0.,-0.816496580927728));
#9227=DIRECTION('',(0.,-0.707106781186548,-0.707106781186547));
#9228=DIRECTION('',(-0.357406744336588,0.862856209461018,0.357406744336596));
#9229=DIRECTION('',(0.,0.707106781186548,0.707106781186547));
#9230=DIRECTION('center_axis',(0.707106781186549,3.92523114670943E-17,0.707106781186546));
#9231=DIRECTION('ref_axis',(0.707106781186546,0.,-0.707106781186549));
#9232=DIRECTION('',(0.,1.,-5.55111512312578E-17));
#9233=DIRECTION('center_axis',(1.,0.,0.));
#9234=DIRECTION('ref_axis',(0.,0.90630778703665,0.422618261740699));
#9235=DIRECTION('',(0.,0.422618261740699,-0.90630778703665));
#9236=DIRECTION('',(0.,0.,1.));
#9237=DIRECTION('',(0.,-1.,1.11022302462516E-16));
#9238=DIRECTION('',(0.,-1.11022302462516E-16,-1.));
#9239=DIRECTION('',(0.,-0.90630778703665,-0.422618261740699));
#9240=DIRECTION('',(0.,-0.707106781186548,0.707106781186547));
#9241=DIRECTION('',(0.,1.,-5.55111512312578E-17));
#9242=DIRECTION('',(0.,-0.90630778703665,-0.422618261740699));
#9243=DIRECTION('',(0.,-5.55111512312578E-17,1.));
#9244=DIRECTION('',(0.,0.707106781186547,0.707106781186548));
#9245=DIRECTION('',(0.,0.707106781186547,-0.707106781186548));
#9246=DIRECTION('center_axis',(0.707106781186549,3.92523114670943E-17,0.707106781186546));
#9247=DIRECTION('ref_axis',(0.707106781186546,0.,-0.707106781186549));
#9248=DIRECTION('',(-0.357406744336588,-0.862856209461018,0.357406744336595));
#9249=DIRECTION('center_axis',(0.707106781186549,0.298836238730119,-0.640856382055787));
#9250=DIRECTION('ref_axis',(-0.671542934237816,0.,-0.74096564527329));
#9251=DIRECTION('',(0.633687274224637,0.134332375957564,0.76183676155417));
#9252=DIRECTION('center_axis',(0.707106781186553,-0.499999999999996,-0.499999999999996));
#9253=DIRECTION('ref_axis',(-0.57735026918962,0.,-0.81649658092773));
#9254=DIRECTION('',(0.,0.707106781186548,-0.707106781186547));
#9255=DIRECTION('center_axis',(0.,-0.707106781186547,-0.707106781186548));
#9256=DIRECTION('ref_axis',(0.,0.707106781186548,-0.707106781186547));
#9257=DIRECTION('center_axis',(0.707106781186547,-0.5,0.5));
#9258=DIRECTION('ref_axis',(0.577350269189626,0.,-0.816496580927726));
#9259=DIRECTION('',(-0.678598344545849,-0.678598344545841,0.281084637714832));
#9260=DIRECTION('',(-0.577350269189623,0.,0.816496580927728));
#9261=DIRECTION('center_axis',(0.707106781186549,0.298836238730119,-0.640856382055787));
#9262=DIRECTION('ref_axis',(-0.671542934237816,0.,-0.74096564527329));
#9263=DIRECTION('',(0.473306150771122,0.473306150771128,0.742941838426429));
#9264=DIRECTION('',(-0.49754281216452,0.854261067613376,-0.150629274789054));
#9265=DIRECTION('center_axis',(0.707106781186556,-0.707106781186539,-3.92523114670939E-17));
#9266=DIRECTION('ref_axis',(-5.55111512312565E-17,0.,-1.));
#9267=DIRECTION('center_axis',(0.70710678118655,0.499999999999998,0.499999999999998));
#9268=DIRECTION('ref_axis',(0.577350269189623,0.,-0.816496580927728));
#9269=DIRECTION('center_axis',(0.70710678118655,0.640856382055786,0.298836238730119));
#9270=DIRECTION('ref_axis',(0.389281620635022,0.,-0.921118787038768));
#9271=DIRECTION('',(0.,-0.422618261740699,0.90630778703665));
#9272=DIRECTION('',(-0.698575389024266,0.698575389024291,0.15487043520038));
#9273=DIRECTION('center_axis',(0.577350269189629,-0.577350269189624,-0.577350269189624));
#9274=DIRECTION('ref_axis',(-0.707106781186544,0.,-0.707106781186551));
#9275=DIRECTION('',(0.707106781186544,0.707106781186551,0.));
#9276=DIRECTION('',(0.,-0.707106781186547,0.707106781186548));
#9277=DIRECTION('',(-0.707106781186544,0.,-0.707106781186551));
#9278=DIRECTION('center_axis',(0.577350269189637,0.577350269189617,-0.577350269189624));
#9279=DIRECTION('ref_axis',(-0.70710678118654,0.,-0.707106781186555));
#9280=DIRECTION('',(0.707106781186544,-8.37382644631351E-15,0.707106781186551));
#9281=DIRECTION('',(0.,-0.707106781186552,-0.707106781186543));
#9282=DIRECTION('',(-0.707106781186539,0.707106781186556,-7.85046229341886E-15));
#9283=DIRECTION('center_axis',(-0.577350269189626,-0.577350269189626,-0.577350269189625));
#9284=DIRECTION('ref_axis',(-0.707106781186547,0.,0.707106781186548));
#9285=DIRECTION('',(0.707106781186548,-0.707106781186547,0.));
#9286=DIRECTION('',(-0.707106781186547,0.,0.707106781186548));
#9287=DIRECTION('',(0.,0.707106781186547,-0.707106781186548));
#9288=DIRECTION('center_axis',(-0.577350269189634,0.577350269189618,-0.577350269189626));
#9289=DIRECTION('ref_axis',(-0.707106781186543,0.,0.707106781186552));
#9290=DIRECTION('',(0.707106781186547,8.37382644631346E-15,-0.707106781186548));
#9291=DIRECTION('',(-0.707106781186542,-0.707106781186553,8.37382644631341E-15));
#9292=DIRECTION('',(-5.23364152894594E-16,0.707106781186552,0.707106781186543));
#9293=DIRECTION('center_axis',(-0.707106781186543,0.640856382055793,0.298836238730122));
#9294=DIRECTION('ref_axis',(0.389281620635029,0.,0.921118787038765));
#9295=DIRECTION('',(0.,0.422618261740699,-0.90630778703665));
#9296=DIRECTION('',(-0.698575389024272,-0.698575389024291,-0.154870435200356));
#9297=DIRECTION('center_axis',(-0.707106781186553,0.707106781186542,-7.85046229341882E-17));
#9298=DIRECTION('ref_axis',(-1.11022302462514E-16,0.,1.));
#9299=DIRECTION('center_axis',(0.,0.707106781186543,-0.707106781186552));
#9300=DIRECTION('ref_axis',(-1.,0.,0.));
#9301=DIRECTION('center_axis',(-0.707106781186548,-7.85046229341887E-17,
-0.707106781186547));
#9302=DIRECTION('ref_axis',(-0.707106781186547,0.,0.707106781186548));
#9303=DIRECTION('center_axis',(0.,-0.707106781186548,-0.707106781186547));
#9304=DIRECTION('ref_axis',(-1.,0.,0.));
#9305=DIRECTION('',(-1.,0.,0.));
#9306=DIRECTION('center_axis',(-0.707106781186547,-0.707106781186548,0.));
#9307=DIRECTION('ref_axis',(0.,0.,1.));
#9308=DIRECTION('',(0.,0.,1.));
#9309=DIRECTION('center_axis',(0.707106781186556,0.707106781186539,-7.85046229341878E-17));
#9310=DIRECTION('ref_axis',(-1.11022302462513E-16,0.,-1.));
#9311=DIRECTION('center_axis',(0.707106781186551,-7.85046229341884E-17,
-0.707106781186544));
#9312=DIRECTION('ref_axis',(-0.707106781186544,0.,-0.707106781186551));
#9313=DIRECTION('center_axis',(0.707106781186551,-0.707106781186544,0.));
#9314=DIRECTION('ref_axis',(0.,0.,-1.));
#9315=DIRECTION('',(0.,0.,-1.));
#9316=DIRECTION('center_axis',(0.,0.90630778703665,0.422618261740699));
#9317=DIRECTION('ref_axis',(-1.,0.,0.));
#9318=DIRECTION('center_axis',(0.,-1.,0.));
#9319=DIRECTION('ref_axis',(0.,0.,-1.));
#9320=DIRECTION('',(1.,0.,0.));
#9321=DIRECTION('',(0.,0.,1.));
#9322=DIRECTION('',(-1.,0.,0.));
#9323=DIRECTION('',(1.,0.,0.));
#9324=DIRECTION('',(0.,0.,-1.));
#9325=DIRECTION('',(1.,0.,0.));
#9326=DIRECTION('',(0.,0.,1.));
#9327=DIRECTION('',(-0.488953307271695,0.,0.872309958276341));
#9328=DIRECTION('',(0.,0.,-1.));
#9329=DIRECTION('',(0.,0.,1.));
#9330=DIRECTION('',(1.,0.,0.));
#9331=DIRECTION('',(0.5448464068152,0.,-0.838535862668119));
#9332=DIRECTION('',(0.557607527511445,0.,0.830104719455668));
#9333=DIRECTION('',(0.,0.,-1.));
#9334=DIRECTION('',(-1.,0.,0.));
#9335=DIRECTION('',(0.284707008152318,5.55111512312578E-17,0.958614583400939));
#9336=DIRECTION('',(0.27662235034709,-1.11022302462516E-16,-0.960978706990145));
#9337=DIRECTION('',(0.,0.,1.));
#9338=DIRECTION('',(1.,0.,0.));
#9339=DIRECTION('',(0.,0.,-1.));
#9340=DIRECTION('',(1.,0.,0.));
#9341=DIRECTION('',(0.440199384383861,0.,-0.897900051224004));
#9342=DIRECTION('',(-0.439601321401201,0.,-0.898193007221899));
#9343=DIRECTION('',(0.,0.,-1.));
#9344=DIRECTION('',(-1.,0.,0.));
#9345=DIRECTION('',(-0.496773338474984,0.,0.867880320194218));
#9346=DIRECTION('',(-0.491697662509629,0.,-0.870765989622107));
#9347=DIRECTION('',(0.492524384091469,-5.55111512312578E-17,0.870298644762428));
#9348=DIRECTION('',(-0.508226044202365,-5.55111512312578E-17,0.861223715415696));
#9349=DIRECTION('center_axis',(0.,-2.77555756156289E-16,1.));
#9350=DIRECTION('ref_axis',(1.,0.,0.));
#9351=DIRECTION('',(0.,1.,2.77555756156289E-16));
#9352=DIRECTION('center_axis',(1.,0.,0.));
#9353=DIRECTION('ref_axis',(0.,1.11022302462516E-16,-1.));
#9354=DIRECTION('',(0.,1.,2.77555756156289E-16));
#9355=DIRECTION('center_axis',(0.,-2.77555756156289E-16,1.));
#9356=DIRECTION('ref_axis',(1.,0.,0.));
#9357=DIRECTION('',(0.,1.,2.77555756156289E-16));
#9358=DIRECTION('',(0.,1.,2.77555756156289E-16));
#9359=DIRECTION('',(0.,1.,2.77555756156289E-16));
#9360=DIRECTION('',(0.,1.,2.77555756156289E-16));
#9361=DIRECTION('',(0.,1.,2.77555756156289E-16));
#9362=DIRECTION('center_axis',(0.,2.77555756156289E-16,-1.));
#9363=DIRECTION('ref_axis',(-1.,0.,0.));
#9364=DIRECTION('',(0.,1.,2.77555756156289E-16));
#9365=DIRECTION('center_axis',(-1.,0.,0.));
#9366=DIRECTION('ref_axis',(0.,-1.11022302462516E-16,1.));
#9367=DIRECTION('',(0.,1.,2.77555756156289E-16));
#9368=DIRECTION('center_axis',(0.,-2.77555756156289E-16,1.));
#9369=DIRECTION('ref_axis',(1.,0.,0.));
#9370=DIRECTION('',(0.,1.,2.77555756156289E-16));
#9371=DIRECTION('center_axis',(-0.830104719455668,-5.55111512312578E-17,
0.557607527511445));
#9372=DIRECTION('ref_axis',(0.557607527511445,-1.11022302462516E-16,0.830104719455668));
#9373=DIRECTION('',(0.,1.,1.11022302462516E-16));
#9374=DIRECTION('center_axis',(0.838535862668119,-2.77555756156289E-17,
0.5448464068152));
#9375=DIRECTION('ref_axis',(0.5448464068152,5.55111512312578E-17,-0.838535862668118));
#9376=DIRECTION('',(0.,1.,1.11022302462516E-16));
#9377=DIRECTION('center_axis',(0.,-1.11022302462516E-16,1.));
#9378=DIRECTION('ref_axis',(1.,0.,0.));
#9379=DIRECTION('',(0.,1.,1.11022302462516E-16));
#9380=DIRECTION('center_axis',(-1.,0.,0.));
#9381=DIRECTION('ref_axis',(0.,-1.11022302462516E-16,1.));
#9382=DIRECTION('',(0.,1.,1.11022302462516E-16));
#9383=DIRECTION('',(0.,1.,1.11022302462516E-16));
#9384=DIRECTION('',(0.,1.,1.11022302462516E-16));
#9385=DIRECTION('',(0.,1.,1.11022302462516E-16));
#9386=DIRECTION('',(0.,1.,1.11022302462516E-16));
#9387=DIRECTION('center_axis',(1.,0.,0.));
#9388=DIRECTION('ref_axis',(0.,1.11022302462516E-16,-1.));
#9389=DIRECTION('',(0.,1.,1.11022302462516E-16));
#9390=DIRECTION('center_axis',(-0.872309958276341,5.55111512312578E-17,
-0.488953307271695));
#9391=DIRECTION('ref_axis',(-0.488953307271695,0.,0.872309958276341));
#9392=DIRECTION('',(0.,1.,1.11022302462516E-16));
#9393=DIRECTION('center_axis',(-1.,0.,0.));
#9394=DIRECTION('ref_axis',(0.,-1.11022302462516E-16,1.));
#9395=DIRECTION('',(0.,1.,1.11022302462516E-16));
#9396=DIRECTION('center_axis',(0.,2.77555756156289E-16,-1.));
#9397=DIRECTION('ref_axis',(-1.,0.,0.));
#9398=DIRECTION('',(0.,1.,2.77555756156289E-16));
#9399=DIRECTION('center_axis',(1.,0.,0.));
#9400=DIRECTION('ref_axis',(0.,1.11022302462516E-16,-1.));
#9401=DIRECTION('center_axis',(-0.964970424188159,6.93889390390723E-17,
-0.262358686614573));
#9402=DIRECTION('ref_axis',(-0.262358686614573,-1.11022302462516E-16,0.964970424188159));
#9403=DIRECTION('',(-0.262358686614573,0.,0.964970424188159));
#9404=DIRECTION('',(0.,1.,2.77555756156289E-16));
#9405=DIRECTION('',(0.,1.,2.77555756156289E-16));
#9406=DIRECTION('',(0.,1.,2.77555756156289E-16));
#9407=DIRECTION('center_axis',(0.960978706990145,-5.55111512312578E-17,
0.27662235034709));
#9408=DIRECTION('ref_axis',(0.27662235034709,5.55111512312578E-17,-0.960978706990145));
#9409=DIRECTION('',(0.,1.,2.77555756156289E-16));
#9410=DIRECTION('',(0.,1.,2.77555756156289E-16));
#9411=DIRECTION('',(0.,1.,2.77555756156289E-16));
#9412=DIRECTION('center_axis',(-0.958614583400939,-8.32667268468867E-17,
0.284707008152318));
#9413=DIRECTION('ref_axis',(0.284707008152318,-5.55111512312578E-17,0.958614583400939));
#9414=DIRECTION('',(0.,1.,2.77555756156289E-16));
#9415=DIRECTION('',(0.,1.,2.77555756156289E-16));
#9416=DIRECTION('',(0.,1.,2.77555756156289E-16));
#9417=DIRECTION('center_axis',(0.,-2.77555756156289E-16,1.));
#9418=DIRECTION('ref_axis',(1.,0.,0.));
#9419=DIRECTION('',(1.,0.,0.));
#9420=DIRECTION('',(0.,1.,2.77555756156289E-16));
#9421=DIRECTION('center_axis',(1.,0.,0.));
#9422=DIRECTION('ref_axis',(0.,1.11022302462516E-16,-1.));
#9423=DIRECTION('',(0.,0.,-1.));
#9424=DIRECTION('center_axis',(1.,0.,0.));
#9425=DIRECTION('ref_axis',(0.,1.11022302462516E-16,-1.));
#9426=DIRECTION('',(0.,1.,2.77555756156289E-16));
#9427=DIRECTION('',(0.,1.,2.77555756156289E-16));
#9428=DIRECTION('',(0.,1.,2.77555756156289E-16));
#9429=DIRECTION('center_axis',(0.,-2.77555756156289E-16,1.));
#9430=DIRECTION('ref_axis',(1.,0.,0.));
#9431=DIRECTION('',(0.,1.,2.77555756156289E-16));
#9432=DIRECTION('center_axis',(-1.,0.,0.));
#9433=DIRECTION('ref_axis',(0.,-1.11022302462516E-16,1.));
#9434=DIRECTION('',(0.,1.,2.77555756156289E-16));
#9435=DIRECTION('',(0.,1.,5.55111512312578E-17));
#9436=DIRECTION('center_axis',(-0.0116468200498726,-5.55111512312579E-17,
0.999932173491145));
#9437=DIRECTION('ref_axis',(0.999932173491145,-1.73472347597681E-18,0.0116468200498726));
#9438=DIRECTION('',(0.999932173491145,0.,0.0116468200498726));
#9439=DIRECTION('',(0.,1.,5.55111512312578E-17));
#9440=DIRECTION('center_axis',(1.,0.,0.));
#9441=DIRECTION('ref_axis',(0.,1.11022302462516E-16,-1.));
#9442=DIRECTION('',(0.,0.,-1.));
#9443=DIRECTION('',(0.,1.,5.55111512312578E-17));
#9444=DIRECTION('center_axis',(0.,5.55111512312578E-17,-1.));
#9445=DIRECTION('ref_axis',(-1.,0.,0.));
#9446=DIRECTION('',(-1.,0.,0.));
#9447=DIRECTION('',(0.,1.,5.55111512312578E-17));
#9448=DIRECTION('',(0.,1.,5.55111512312578E-17));
#9449=DIRECTION('center_axis',(0.898193007221899,5.55111512312578E-17,-0.439601321401201));
#9450=DIRECTION('ref_axis',(-0.439601321401201,5.55111512312578E-17,-0.898193007221899));
#9451=DIRECTION('',(0.,1.,5.55111512312578E-17));
#9452=DIRECTION('',(0.,1.,5.55111512312578E-17));
#9453=DIRECTION('',(0.,1.,5.55111512312578E-17));
#9454=DIRECTION('center_axis',(0.897900051224004,2.77555756156289E-17,0.440199384383861));
#9455=DIRECTION('ref_axis',(0.440199384383861,1.66533453693773E-16,-0.897900051224004));
#9456=DIRECTION('',(0.,1.,5.55111512312578E-17));
#9457=DIRECTION('',(0.,1.,5.55111512312578E-17));
#9458=DIRECTION('',(0.,1.,5.55111512312578E-17));
#9459=DIRECTION('center_axis',(0.,-5.55111512312578E-17,1.));
#9460=DIRECTION('ref_axis',(1.,0.,0.));
#9461=DIRECTION('',(0.,1.,5.55111512312578E-17));
#9462=DIRECTION('',(0.,1.,-5.55111512312578E-17));
#9463=DIRECTION('center_axis',(0.,-5.55111512312578E-17,-1.));
#9464=DIRECTION('ref_axis',(-1.,0.,0.));
#9465=DIRECTION('',(0.,1.,-5.55111512312578E-17));
#9466=DIRECTION('',(0.,1.,-5.55111512312578E-17));
#9467=DIRECTION('',(0.,1.,-5.55111512312578E-17));
#9468=DIRECTION('center_axis',(1.,0.,0.));
#9469=DIRECTION('ref_axis',(0.,1.11022302462516E-16,-1.));
#9470=DIRECTION('',(0.,1.,-5.55111512312578E-17));
#9471=DIRECTION('',(0.,1.,2.77555756156289E-16));
#9472=DIRECTION('',(0.,1.,2.77555756156289E-16));
#9473=DIRECTION('',(0.,1.,2.77555756156289E-16));
#9474=DIRECTION('',(0.,1.,2.77555756156289E-16));
#9475=DIRECTION('center_axis',(-0.861223715415696,1.38777878078145E-16,
-0.508226044202365));
#9476=DIRECTION('ref_axis',(-0.508226044202365,-1.11022302462516E-16,0.861223715415696));
#9477=DIRECTION('',(0.,1.,2.77555756156289E-16));
#9478=DIRECTION('center_axis',(-0.870298644762428,-1.38777878078145E-16,
0.492524384091469));
#9479=DIRECTION('ref_axis',(0.492524384091469,-1.11022302462516E-16,0.870298644762428));
#9480=DIRECTION('',(0.,1.,2.77555756156289E-16));
#9481=DIRECTION('',(0.,1.,2.77555756156289E-16));
#9482=DIRECTION('',(0.,1.,2.77555756156289E-16));
#9483=DIRECTION('',(0.,1.,2.77555756156289E-16));
#9484=DIRECTION('',(0.,1.,2.77555756156289E-16));
#9485=DIRECTION('center_axis',(0.870765989622107,1.11022302462516E-16,-0.491697662509629));
#9486=DIRECTION('ref_axis',(-0.491697662509629,0.,-0.870765989622107));
#9487=DIRECTION('',(0.,1.,2.77555756156289E-16));
#9488=DIRECTION('center_axis',(-0.867880320194218,8.32667268468867E-17,
-0.496773338474984));
#9489=DIRECTION('ref_axis',(-0.496773338474984,-1.11022302462516E-16,0.867880320194218));
#9490=DIRECTION('center_axis',(0.,-1.,0.));
#9491=DIRECTION('ref_axis',(0.,0.,-1.));
#9492=DIRECTION('center_axis',(0.,-1.,0.));
#9493=DIRECTION('ref_axis',(0.,0.,-1.));
#9494=DIRECTION('center_axis',(-1.,0.,0.));
#9495=DIRECTION('ref_axis',(0.,-0.90630778703665,-0.422618261740699));
#9496=DIRECTION('',(0.,0.422618261740699,-0.90630778703665));
#9497=DIRECTION('',(0.,0.422618261740699,-0.90630778703665));
#9498=DIRECTION('center_axis',(0.,0.90630778703665,0.422618261740699));
#9499=DIRECTION('ref_axis',(-1.,0.,0.));
#9500=DIRECTION('',(0.,-0.422618261740699,0.90630778703665));
#9501=DIRECTION('center_axis',(1.,0.,0.));
#9502=DIRECTION('ref_axis',(0.,-0.90630778703665,-0.422618261740699));
#9503=DIRECTION('',(0.,-0.422618261740699,0.90630778703665));
#9504=DIRECTION('center_axis',(0.,0.90630778703665,0.422618261740699));
#9505=DIRECTION('ref_axis',(1.,0.,0.));
#9506=DIRECTION('center_axis',(0.,-0.90630778703665,-0.422618261740699));
#9507=DIRECTION('ref_axis',(1.,0.,0.));
#9508=DIRECTION('',(0.,-0.422618261740699,0.90630778703665));
#9509=DIRECTION('center_axis',(0.,0.707106781186547,-0.707106781186548));
#9510=DIRECTION('ref_axis',(0.,0.707106781186548,0.707106781186547));
#9511=DIRECTION('center_axis',(0.,0.707106781186547,-0.707106781186548));
#9512=DIRECTION('ref_axis',(0.,0.707106781186548,0.707106781186547));
#9513=DIRECTION('center_axis',(0.,-1.,0.));
#9514=DIRECTION('ref_axis',(0.,0.,-1.));
#9515=DIRECTION('center_axis',(1.,0.,0.));
#9516=DIRECTION('ref_axis',(0.,0.90630778703665,0.422618261740699));
#9517=DIRECTION('',(0.,0.,1.));
#9518=DIRECTION('',(1.,0.,0.));
#9519=CARTESIAN_POINT('',(0.,0.,0.));
#9520=CARTESIAN_POINT('',(0.,0.,0.));
#9521=CARTESIAN_POINT('Origin',(-40.,83.8052068184551,58.3894477989865));
#9522=CARTESIAN_POINT('',(81.5,-14.8463958004842,12.3874500085113));
#9523=CARTESIAN_POINT('',(7.85,-14.8463958004842,12.3874500085113));
#9524=CARTESIAN_POINT('',(20.75,-14.8463958004842,12.3874500085114));
#9525=CARTESIAN_POINT('',(81.5,44.2811242257868,39.9590654044746));
#9526=CARTESIAN_POINT('',(81.5,64.043165522121,49.1742566017305));
#9527=CARTESIAN_POINT('',(7.85,44.2811242257868,39.9590654044746));
#9528=CARTESIAN_POINT('',(-16.075,44.2811242257868,39.9590654044746));
#9529=CARTESIAN_POINT('',(7.85,34.4794055089854,35.3884489037489));
#9530=CARTESIAN_POINT('',(14.445,-3.90272927201668,17.4905655190303));
#9531=CARTESIAN_POINT('Origin',(14.445,-4.67309089099783,17.1313399965507));
#9532=CARTESIAN_POINT('',(19.525,-2.86047531692453,17.9765765200321));
#9533=CARTESIAN_POINT('Origin',(19.525,-4.67309089099783,17.1313399965507));
#9534=CARTESIAN_POINT('',(15.715,-1.69133827164724,18.5217540776776));
#9535=CARTESIAN_POINT('Origin',(15.715,-2.37106911192472,18.2047903813721));
#9536=CARTESIAN_POINT('',(24.605,-3.90272927201668,17.4905655190303));
#9537=CARTESIAN_POINT('Origin',(24.605,-4.67309089099783,17.1313399965507));
#9538=CARTESIAN_POINT('',(22.065,0.610683507425854,19.595204462499));
#9539=CARTESIAN_POINT('Origin',(22.065,-0.0690473328516339,19.2782407661935));
#9540=CARTESIAN_POINT('',(33.495,-3.90272927201668,17.4905655190303));
#9541=CARTESIAN_POINT('Origin',(33.495,-4.67309089099783,17.1313399965507));
#9542=CARTESIAN_POINT('',(34.765,-1.69133827164724,18.5217540776776));
#9543=CARTESIAN_POINT('Origin',(34.765,-2.37106911192472,18.2047903813721));
#9544=CARTESIAN_POINT('',(38.575,-2.86047531692453,17.9765765200321));
#9545=CARTESIAN_POINT('Origin',(38.575,-4.67309089099783,17.1313399965507));
#9546=CARTESIAN_POINT('',(43.655,-3.90272927201668,17.4905655190303));
#9547=CARTESIAN_POINT('Origin',(43.655,-4.67309089099783,17.1313399965507));
#9548=CARTESIAN_POINT('',(41.115,0.610683507425854,19.595204462499));
#9549=CARTESIAN_POINT('Origin',(41.115,-0.0690473328516339,19.2782407661935));
#9550=CARTESIAN_POINT('',(14.445,13.3624340710315,25.5414434051906));
#9551=CARTESIAN_POINT('Origin',(14.445,12.5920724520504,25.182217882711));
#9552=CARTESIAN_POINT('',(19.525,14.4046880261237,26.0274544061924));
#9553=CARTESIAN_POINT('Origin',(19.525,12.5920724520504,25.182217882711));
#9554=CARTESIAN_POINT('',(15.715,15.5738250714009,26.5726319638379));
#9555=CARTESIAN_POINT('Origin',(15.715,14.8940942311234,26.2556682675324));
#9556=CARTESIAN_POINT('',(24.605,13.3624340710315,25.5414434051906));
#9557=CARTESIAN_POINT('Origin',(24.605,12.5920724520504,25.182217882711));
#9558=CARTESIAN_POINT('',(22.065,17.875846850474,27.6460823486593));
#9559=CARTESIAN_POINT('Origin',(22.065,17.1961160101965,27.3291186523538));
#9560=CARTESIAN_POINT('',(33.495,13.3624340710315,25.5414434051906));
#9561=CARTESIAN_POINT('Origin',(33.495,12.5920724520504,25.182217882711));
#9562=CARTESIAN_POINT('',(34.765,15.5738250714009,26.5726319638379));
#9563=CARTESIAN_POINT('Origin',(34.765,14.8940942311234,26.2556682675324));
#9564=CARTESIAN_POINT('',(38.575,14.4046880261237,26.0274544061924));
#9565=CARTESIAN_POINT('Origin',(38.575,12.5920724520504,25.182217882711));
#9566=CARTESIAN_POINT('',(43.655,13.3624340710315,25.5414434051906));
#9567=CARTESIAN_POINT('Origin',(43.655,12.5920724520504,25.182217882711));
#9568=CARTESIAN_POINT('',(41.115,17.875846850474,27.6460823486593));
#9569=CARTESIAN_POINT('Origin',(41.115,17.1961160101965,27.3291186523538));
#9570=CARTESIAN_POINT('',(58.,-1.84087905650829,18.4520220644904));
#9571=CARTESIAN_POINT('Origin',(58.,-2.29403295002661,18.24071293362));
#9572=CARTESIAN_POINT('',(58.,0.424890411083337,19.5085677188421));
#9573=CARTESIAN_POINT('Origin',(58.,-0.0282634824349874,19.2972585879718));
#9574=CARTESIAN_POINT('',(58.,2.69065987867496,20.5651133731939));
#9575=CARTESIAN_POINT('Origin',(58.,2.23750598515663,20.3538042423235));
#9576=CARTESIAN_POINT('',(66.15,-5.78331793011771,16.6136326259183));
#9577=CARTESIAN_POINT('',(66.15,-4.42385624956273,17.2475600185294));
#9578=CARTESIAN_POINT('Origin',(66.15,-5.10358708984023,16.9305963222239));
#9579=CARTESIAN_POINT('',(64.85,-5.78331793011771,16.6136326259183));
#9580=CARTESIAN_POINT('',(12.425,-5.7833179301177,16.6136326259184));
#9581=CARTESIAN_POINT('',(64.85,-4.42385624956273,17.2475600185294));
#9582=CARTESIAN_POINT('Origin',(64.85,-5.10358708984023,16.9305963222239));
#9583=CARTESIAN_POINT('',(13.075,-4.42385624956273,17.2475600185294));
#9584=CARTESIAN_POINT('',(72.5,-1.84087905650829,18.4520220644904));
#9585=CARTESIAN_POINT('Origin',(72.5,-2.29403295002661,18.24071293362));
#9586=CARTESIAN_POINT('',(66.15,4.36732928469277,21.3469571574142));
#9587=CARTESIAN_POINT('',(66.15,5.72679096524775,21.9808845500252));
#9588=CARTESIAN_POINT('Origin',(66.15,5.04706012497024,21.6639208537197));
#9589=CARTESIAN_POINT('',(64.85,4.36732928469277,21.3469571574142));
#9590=CARTESIAN_POINT('',(12.425,4.36732928469275,21.3469571574142));
#9591=CARTESIAN_POINT('',(64.85,5.72679096524775,21.9808845500252));
#9592=CARTESIAN_POINT('Origin',(64.85,5.04706012497024,21.6639208537197));
#9593=CARTESIAN_POINT('',(13.075,5.72679096524773,21.9808845500252));
#9594=CARTESIAN_POINT('',(72.5,2.69065987867496,20.5651133731939));
#9595=CARTESIAN_POINT('Origin',(72.5,2.23750598515663,20.3538042423235));
#9596=CARTESIAN_POINT('',(14.445,30.6275974140797,33.592321291351));
#9597=CARTESIAN_POINT('Origin',(14.445,29.8572357950985,33.2330957688714));
#9598=CARTESIAN_POINT('',(19.525,31.6698513691718,34.0783322923528));
#9599=CARTESIAN_POINT('Origin',(19.525,29.8572357950985,33.2330957688714));
#9600=CARTESIAN_POINT('',(24.605,30.6275974140797,33.592321291351));
#9601=CARTESIAN_POINT('Origin',(24.605,29.8572357950985,33.2330957688714));
#9602=CARTESIAN_POINT('',(33.495,30.6275974140797,33.592321291351));
#9603=CARTESIAN_POINT('Origin',(33.495,29.8572357950985,33.2330957688714));
#9604=CARTESIAN_POINT('',(38.575,31.6698513691718,34.0783322923528));
#9605=CARTESIAN_POINT('Origin',(38.575,29.8572357950985,33.2330957688714));
#9606=CARTESIAN_POINT('',(43.655,30.6275974140797,33.592321291351));
#9607=CARTESIAN_POINT('Origin',(43.655,29.8572357950985,33.2330957688714));
#9608=CARTESIAN_POINT('',(15.715,32.8389884144491,34.6235098499983));
#9609=CARTESIAN_POINT('Origin',(15.715,32.1592575741716,34.3065461536927));
#9610=CARTESIAN_POINT('',(22.065,35.1410101935222,35.6969602348196));
#9611=CARTESIAN_POINT('Origin',(22.065,34.4612793532447,35.3799965385141));
#9612=CARTESIAN_POINT('',(34.765,32.8389884144491,34.6235098499983));
#9613=CARTESIAN_POINT('Origin',(34.765,32.1592575741716,34.3065461536927));
#9614=CARTESIAN_POINT('',(41.115,35.1410101935222,35.6969602348196));
#9615=CARTESIAN_POINT('Origin',(41.115,34.4612793532447,35.3799965385141));
#9616=CARTESIAN_POINT('',(58.84,28.198239390928,32.459493040755));
#9617=CARTESIAN_POINT('Origin',(58.84,27.7953855795902,32.2716392234113));
#9618=CARTESIAN_POINT('',(74.08,28.198239390928,32.459493040755));
#9619=CARTESIAN_POINT('Origin',(74.08,27.7953855795902,32.2716392234113));
#9620=CARTESIAN_POINT('',(58.84,30.500261170001,33.5329434255764));
#9621=CARTESIAN_POINT('Origin',(58.84,30.0974073586633,33.3450896082326));
#9622=CARTESIAN_POINT('',(58.84,32.8022829490741,34.6063938103978));
#9623=CARTESIAN_POINT('Origin',(58.84,32.3994291377363,34.418539993054));
#9624=CARTESIAN_POINT('',(58.84,35.1043047281472,35.6798441952191));
#9625=CARTESIAN_POINT('Origin',(58.84,34.7014509168094,35.4919903778754));
#9626=CARTESIAN_POINT('',(58.84,37.4063265072203,36.7532945800405));
#9627=CARTESIAN_POINT('Origin',(58.84,37.0034726958825,36.5654407626968));
#9628=CARTESIAN_POINT('',(58.84,39.7083482862934,37.8267449648619));
#9629=CARTESIAN_POINT('Origin',(58.84,39.3054944749556,37.6388911475182));
#9630=CARTESIAN_POINT('',(58.84,42.0103700653665,38.9001953496833));
#9631=CARTESIAN_POINT('Origin',(58.84,41.6075162540287,38.7123415323395));
#9632=CARTESIAN_POINT('',(74.08,30.500261170001,33.5329434255764));
#9633=CARTESIAN_POINT('Origin',(74.08,30.0974073586633,33.3450896082326));
#9634=CARTESIAN_POINT('',(74.08,32.8022829490741,34.6063938103978));
#9635=CARTESIAN_POINT('Origin',(74.08,32.3994291377363,34.418539993054));
#9636=CARTESIAN_POINT('',(74.08,35.1043047281472,35.6798441952191));
#9637=CARTESIAN_POINT('Origin',(74.08,34.7014509168094,35.4919903778754));
#9638=CARTESIAN_POINT('',(74.08,37.4063265072203,36.7532945800405));
#9639=CARTESIAN_POINT('Origin',(74.08,37.0034726958825,36.5654407626968));
#9640=CARTESIAN_POINT('',(74.08,39.7083482862934,37.8267449648619));
#9641=CARTESIAN_POINT('Origin',(74.08,39.3054944749556,37.6388911475182));
#9642=CARTESIAN_POINT('',(74.08,42.0103700653665,38.9001953496833));
#9643=CARTESIAN_POINT('Origin',(74.08,41.6075162540287,38.7123415323395));
#9644=CARTESIAN_POINT('Origin',(64.85,5.74268978379544,20.1721382362574));
#9645=CARTESIAN_POINT('',(64.85,5.04351850347789,19.8968646981555));
#9646=CARTESIAN_POINT('',(64.85,5.06295894351796,19.8551745399518));
#9647=CARTESIAN_POINT('',(64.85,6.40298018403287,20.5307920907666));
#9648=CARTESIAN_POINT('Origin',(64.85,5.72324934375537,20.213828394461));
#9649=CARTESIAN_POINT('',(64.85,6.42242062407293,20.4891019325629));
#9650=CARTESIAN_POINT('Origin',(64.85,5.06295894351796,19.8551745399518));
#9651=CARTESIAN_POINT('',(66.15,5.04351850347789,19.8968646981555));
#9652=CARTESIAN_POINT('',(66.15,5.06295894351796,19.8551745399518));
#9653=CARTESIAN_POINT('',(12.425,5.04351850347789,19.8968646981555));
#9654=CARTESIAN_POINT('Origin',(64.85,-4.40795743101503,15.4388137047615));
#9655=CARTESIAN_POINT('',(64.85,-5.10712871133259,15.1635401666597));
#9656=CARTESIAN_POINT('',(64.85,-5.08768827129252,15.121850008456));
#9657=CARTESIAN_POINT('',(64.85,-3.74766703077761,15.7974675592708));
#9658=CARTESIAN_POINT('Origin',(64.85,-4.42739787105511,15.4805038629652));
#9659=CARTESIAN_POINT('',(64.85,-3.72822659073754,15.7557774010671));
#9660=CARTESIAN_POINT('Origin',(64.85,-5.08768827129252,15.121850008456));
#9661=CARTESIAN_POINT('',(66.15,-5.10712871133259,15.1635401666597));
#9662=CARTESIAN_POINT('',(66.15,-5.08768827129252,15.121850008456));
#9663=CARTESIAN_POINT('',(12.425,-5.10712871133259,15.1635401666597));
#9664=CARTESIAN_POINT('Origin',(81.5,44.9573134445719,38.5089729452159));
#9665=CARTESIAN_POINT('',(81.5,-14.1702065816991,10.9373575492527));
#9666=CARTESIAN_POINT('',(81.5,-14.1702065816991,10.9373575492527));
#9667=CARTESIAN_POINT('',(81.5,44.9573134445719,38.5089729452159));
#9668=CARTESIAN_POINT('',(81.5,44.9573134445719,38.5089729452159));
#9669=CARTESIAN_POINT('',(81.5,44.9573134445719,38.5089729452159));
#9670=CARTESIAN_POINT('Origin',(81.5,-14.1702065816991,10.9373575492527));
#9671=CARTESIAN_POINT('',(7.85,-14.1702065816991,10.9373575492527));
#9672=CARTESIAN_POINT('',(7.85,-14.1702065816991,10.9373575492527));
#9673=CARTESIAN_POINT('',(81.5,-14.1702065816991,10.9373575492527));
#9674=CARTESIAN_POINT('Origin',(7.85,-14.1702065816991,10.9373575492527));
#9675=CARTESIAN_POINT('',(7.85,44.9573134445719,38.5089729452159));
#9676=CARTESIAN_POINT('',(7.85,44.9573134445719,38.5089729452159));
#9677=CARTESIAN_POINT('',(7.85,-14.1702065816991,10.9373575492527));
#9678=CARTESIAN_POINT('Origin',(-40.,84.4813960372402,56.9393553397279));
#9679=CARTESIAN_POINT('',(7.85,44.9573134445719,38.5089729452159));
#9680=CARTESIAN_POINT('',(14.445,-3.22654005323155,16.0404730597716));
#9681=CARTESIAN_POINT('Origin',(14.445,-3.9969016722127,15.6812475372921));
#9682=CARTESIAN_POINT('',(19.525,-2.18428609813941,16.5264840607735));
#9683=CARTESIAN_POINT('Origin',(19.525,-3.9969016722127,15.6812475372921));
#9684=CARTESIAN_POINT('',(15.715,-1.01514905286211,17.071661618419));
#9685=CARTESIAN_POINT('Origin',(15.715,-1.6948798931396,16.7546979221134));
#9686=CARTESIAN_POINT('',(24.605,-3.22654005323155,16.0404730597716));
#9687=CARTESIAN_POINT('Origin',(24.605,-3.9969016722127,15.6812475372921));
#9688=CARTESIAN_POINT('',(22.065,1.28687272621098,18.1451120032403));
#9689=CARTESIAN_POINT('Origin',(22.065,0.607141885933491,17.8281483069348));
#9690=CARTESIAN_POINT('',(33.495,-3.22654005323155,16.0404730597716));
#9691=CARTESIAN_POINT('Origin',(33.495,-3.9969016722127,15.6812475372921));
#9692=CARTESIAN_POINT('',(34.765,-1.01514905286211,17.071661618419));
#9693=CARTESIAN_POINT('Origin',(34.765,-1.6948798931396,16.7546979221134));
#9694=CARTESIAN_POINT('',(38.575,-2.18428609813941,16.5264840607735));
#9695=CARTESIAN_POINT('Origin',(38.575,-3.9969016722127,15.6812475372921));
#9696=CARTESIAN_POINT('',(43.655,-3.22654005323155,16.0404730597716));
#9697=CARTESIAN_POINT('Origin',(43.655,-3.9969016722127,15.6812475372921));
#9698=CARTESIAN_POINT('',(41.115,1.28687272621098,18.1451120032403));
#9699=CARTESIAN_POINT('Origin',(41.115,0.607141885933491,17.8281483069348));
#9700=CARTESIAN_POINT('',(14.445,14.0386232898166,24.091350945932));
#9701=CARTESIAN_POINT('Origin',(14.445,13.2682616708355,23.7321254234524));
#9702=CARTESIAN_POINT('',(19.525,15.0808772449088,24.5773619469338));
#9703=CARTESIAN_POINT('Origin',(19.525,13.2682616708355,23.7321254234524));
#9704=CARTESIAN_POINT('',(15.715,16.2500142901861,25.1225395045793));
#9705=CARTESIAN_POINT('Origin',(15.715,15.5702834499086,24.8055758082738));
#9706=CARTESIAN_POINT('',(24.605,14.0386232898166,24.091350945932));
#9707=CARTESIAN_POINT('Origin',(24.605,13.2682616708355,23.7321254234524));
#9708=CARTESIAN_POINT('',(22.065,18.5520360692591,26.1959898894007));
#9709=CARTESIAN_POINT('Origin',(22.065,17.8723052289817,25.8790261930951));
#9710=CARTESIAN_POINT('',(33.495,14.0386232898166,24.091350945932));
#9711=CARTESIAN_POINT('Origin',(33.495,13.2682616708355,23.7321254234524));
#9712=CARTESIAN_POINT('',(34.765,16.2500142901861,25.1225395045793));
#9713=CARTESIAN_POINT('Origin',(34.765,15.5702834499086,24.8055758082738));
#9714=CARTESIAN_POINT('',(38.575,15.0808772449088,24.5773619469338));
#9715=CARTESIAN_POINT('Origin',(38.575,13.2682616708355,23.7321254234524));
#9716=CARTESIAN_POINT('',(43.655,14.0386232898166,24.091350945932));
#9717=CARTESIAN_POINT('Origin',(43.655,13.2682616708355,23.7321254234524));
#9718=CARTESIAN_POINT('',(41.115,18.5520360692591,26.1959898894007));
#9719=CARTESIAN_POINT('Origin',(41.115,17.8723052289817,25.8790261930951));
#9720=CARTESIAN_POINT('',(58.,-1.16468983772316,17.0019296052317));
#9721=CARTESIAN_POINT('Origin',(58.,-1.61784373124149,16.7906204743614));
#9722=CARTESIAN_POINT('',(58.,1.10107962986847,18.0584752595835));
#9723=CARTESIAN_POINT('Origin',(58.,0.647925736350141,17.8471661287131));
#9724=CARTESIAN_POINT('',(58.,3.36684909746008,19.1150209139352));
#9725=CARTESIAN_POINT('Origin',(58.,2.91369520394176,18.9037117830649));
#9726=CARTESIAN_POINT('',(66.15,-3.74766703077761,15.7974675592708));
#9727=CARTESIAN_POINT('Origin',(66.15,-4.42739787105511,15.4805038629652));
#9728=CARTESIAN_POINT('',(13.075,-3.74766703077761,15.7974675592708));
#9729=CARTESIAN_POINT('',(72.5,-1.16468983772316,17.0019296052317));
#9730=CARTESIAN_POINT('Origin',(72.5,-1.61784373124149,16.7906204743614));
#9731=CARTESIAN_POINT('',(66.15,6.40298018403287,20.5307920907666));
#9732=CARTESIAN_POINT('Origin',(66.15,5.72324934375537,20.213828394461));
#9733=CARTESIAN_POINT('',(13.075,6.40298018403287,20.5307920907666));
#9734=CARTESIAN_POINT('',(72.5,3.36684909746008,19.1150209139352));
#9735=CARTESIAN_POINT('Origin',(72.5,2.91369520394176,18.9037117830649));
#9736=CARTESIAN_POINT('',(14.445,31.3037866328648,32.1422288320923));
#9737=CARTESIAN_POINT('Origin',(14.445,30.5334250138837,31.7830033096127));
#9738=CARTESIAN_POINT('',(19.525,32.346040587957,32.6282398330941));
#9739=CARTESIAN_POINT('Origin',(19.525,30.5334250138837,31.7830033096127));
#9740=CARTESIAN_POINT('',(24.605,31.3037866328648,32.1422288320923));
#9741=CARTESIAN_POINT('Origin',(24.605,30.5334250138837,31.7830033096127));
#9742=CARTESIAN_POINT('',(33.495,31.3037866328648,32.1422288320923));
#9743=CARTESIAN_POINT('Origin',(33.495,30.5334250138837,31.7830033096127));
#9744=CARTESIAN_POINT('',(38.575,32.346040587957,32.6282398330941));
#9745=CARTESIAN_POINT('Origin',(38.575,30.5334250138837,31.7830033096127));
#9746=CARTESIAN_POINT('',(43.655,31.3037866328648,32.1422288320923));
#9747=CARTESIAN_POINT('Origin',(43.655,30.5334250138837,31.7830033096127));
#9748=CARTESIAN_POINT('',(15.715,33.5151776332342,33.1734173907396));
#9749=CARTESIAN_POINT('Origin',(15.715,32.8354467929567,32.8564536944341));
#9750=CARTESIAN_POINT('',(22.065,35.8171994123073,34.246867775561));
#9751=CARTESIAN_POINT('Origin',(22.065,35.1374685720298,33.9299040792555));
#9752=CARTESIAN_POINT('',(34.765,33.5151776332342,33.1734173907396));
#9753=CARTESIAN_POINT('Origin',(34.765,32.8354467929567,32.8564536944341));
#9754=CARTESIAN_POINT('',(41.115,35.8171994123073,34.246867775561));
#9755=CARTESIAN_POINT('Origin',(41.115,35.1374685720298,33.9299040792555));
#9756=CARTESIAN_POINT('',(58.84,28.8744286097131,31.0094005814964));
#9757=CARTESIAN_POINT('Origin',(58.84,28.4715747983753,30.8215467641526));
#9758=CARTESIAN_POINT('',(74.08,28.8744286097131,31.0094005814964));
#9759=CARTESIAN_POINT('Origin',(74.08,28.4715747983753,30.8215467641526));
#9760=CARTESIAN_POINT('',(58.84,31.1764503887862,32.0828509663177));
#9761=CARTESIAN_POINT('Origin',(58.84,30.7735965774484,31.894997148974));
#9762=CARTESIAN_POINT('',(58.84,33.4784721678593,33.1563013511391));
#9763=CARTESIAN_POINT('Origin',(58.84,33.0756183565215,32.9684475337954));
#9764=CARTESIAN_POINT('',(58.84,35.7804939469323,34.2297517359605));
#9765=CARTESIAN_POINT('Origin',(58.84,35.3776401355946,34.0418979186167));
#9766=CARTESIAN_POINT('',(58.84,38.0825157260054,35.3032021207819));
#9767=CARTESIAN_POINT('Origin',(58.84,37.6796619146676,35.1153483034381));
#9768=CARTESIAN_POINT('',(58.84,40.3845375050785,36.3766525056032));
#9769=CARTESIAN_POINT('Origin',(58.84,39.9816836937407,36.1887986882595));
#9770=CARTESIAN_POINT('',(58.84,42.6865592841516,37.4501028904246));
#9771=CARTESIAN_POINT('Origin',(58.84,42.2837054728138,37.2622490730809));
#9772=CARTESIAN_POINT('',(74.08,31.1764503887862,32.0828509663177));
#9773=CARTESIAN_POINT('Origin',(74.08,30.7735965774484,31.894997148974));
#9774=CARTESIAN_POINT('',(74.08,33.4784721678593,33.1563013511391));
#9775=CARTESIAN_POINT('Origin',(74.08,33.0756183565215,32.9684475337954));
#9776=CARTESIAN_POINT('',(74.08,35.7804939469323,34.2297517359605));
#9777=CARTESIAN_POINT('Origin',(74.08,35.3776401355946,34.0418979186167));
#9778=CARTESIAN_POINT('',(74.08,38.0825157260054,35.3032021207819));
#9779=CARTESIAN_POINT('Origin',(74.08,37.6796619146676,35.1153483034381));
#9780=CARTESIAN_POINT('',(74.08,40.3845375050785,36.3766525056032));
#9781=CARTESIAN_POINT('Origin',(74.08,39.9816836937407,36.1887986882595));
#9782=CARTESIAN_POINT('',(74.08,42.6865592841516,37.4501028904246));
#9783=CARTESIAN_POINT('Origin',(74.08,42.2837054728138,37.2622490730809));
#9784=CARTESIAN_POINT('Origin',(7.85,44.9573134445719,38.5089729452159));
#9785=CARTESIAN_POINT('Origin',(14.445,-3.97746123217263,15.6395573790884));
#9786=CARTESIAN_POINT('',(14.445,-3.20709961319148,15.998782901568));
#9787=CARTESIAN_POINT('Origin',(19.525,-3.97746123217263,15.6395573790884));
#9788=CARTESIAN_POINT('',(19.525,-2.16484565809933,16.4847939025698));
#9789=CARTESIAN_POINT('Origin',(15.715,-1.67543945309953,16.7130077639098));
#9790=CARTESIAN_POINT('',(15.715,-0.995708612822038,17.0299714602153));
#9791=CARTESIAN_POINT('Origin',(24.605,-3.97746123217263,15.6395573790884));
#9792=CARTESIAN_POINT('',(24.605,-3.20709961319148,15.998782901568));
#9793=CARTESIAN_POINT('Origin',(22.065,0.626582325973561,17.7864581487311));
#9794=CARTESIAN_POINT('',(22.065,1.30631316625105,18.1034218450367));
#9795=CARTESIAN_POINT('Origin',(33.495,-3.97746123217263,15.6395573790884));
#9796=CARTESIAN_POINT('',(33.495,-3.20709961319148,15.998782901568));
#9797=CARTESIAN_POINT('Origin',(34.765,-1.67543945309953,16.7130077639098));
#9798=CARTESIAN_POINT('',(34.765,-0.995708612822038,17.0299714602153));
#9799=CARTESIAN_POINT('Origin',(38.575,-3.97746123217263,15.6395573790884));
#9800=CARTESIAN_POINT('',(38.575,-2.16484565809933,16.4847939025698));
#9801=CARTESIAN_POINT('Origin',(43.655,-3.97746123217263,15.6395573790884));
#9802=CARTESIAN_POINT('',(43.655,-3.20709961319148,15.998782901568));
#9803=CARTESIAN_POINT('Origin',(41.115,0.626582325973561,17.7864581487311));
#9804=CARTESIAN_POINT('',(41.115,1.30631316625105,18.1034218450367));
#9805=CARTESIAN_POINT('Origin',(14.445,13.2877021108756,23.6904352652487));
#9806=CARTESIAN_POINT('',(14.445,14.0580637298567,24.0496607877283));
#9807=CARTESIAN_POINT('Origin',(19.525,13.2877021108756,23.6904352652487));
#9808=CARTESIAN_POINT('',(19.525,15.1003176849489,24.5356717887301));
#9809=CARTESIAN_POINT('Origin',(15.715,15.5897238899486,24.7638856500701));
#9810=CARTESIAN_POINT('',(15.715,16.2694547302261,25.0808493463756));
#9811=CARTESIAN_POINT('Origin',(24.605,13.2877021108756,23.6904352652487));
#9812=CARTESIAN_POINT('',(24.605,14.0580637298567,24.0496607877283));
#9813=CARTESIAN_POINT('Origin',(22.065,17.8917456690217,25.8373360348914));
#9814=CARTESIAN_POINT('',(22.065,18.5714765092992,26.154299731197));
#9815=CARTESIAN_POINT('Origin',(33.495,13.2877021108756,23.6904352652487));
#9816=CARTESIAN_POINT('',(33.495,14.0580637298567,24.0496607877283));
#9817=CARTESIAN_POINT('Origin',(34.765,15.5897238899486,24.7638856500701));
#9818=CARTESIAN_POINT('',(34.765,16.2694547302261,25.0808493463756));
#9819=CARTESIAN_POINT('Origin',(38.575,13.2877021108756,23.6904352652487));
#9820=CARTESIAN_POINT('',(38.575,15.1003176849489,24.5356717887301));
#9821=CARTESIAN_POINT('Origin',(43.655,13.2877021108756,23.6904352652487));
#9822=CARTESIAN_POINT('',(43.655,14.0580637298567,24.0496607877283));
#9823=CARTESIAN_POINT('Origin',(41.115,17.8917456690217,25.8373360348914));
#9824=CARTESIAN_POINT('',(41.115,18.5714765092992,26.154299731197));
#9825=CARTESIAN_POINT('Origin',(58.,-1.59840329120141,16.7489303161577));
#9826=CARTESIAN_POINT('',(58.,-1.14524939768309,16.9602394470281));
#9827=CARTESIAN_POINT('Origin',(58.,0.667366176390212,17.8054759705095));
#9828=CARTESIAN_POINT('',(58.,1.12052006990854,18.0167851013798));
#9829=CARTESIAN_POINT('Origin',(58.,2.93313564398183,18.8620216248612));
#9830=CARTESIAN_POINT('',(58.,3.38628953750016,19.0733307557316));
#9831=CARTESIAN_POINT('Origin',(66.15,-4.40795743101503,15.4388137047615));
#9832=CARTESIAN_POINT('',(66.15,-3.72822659073754,15.7557774010671));
#9833=CARTESIAN_POINT('Origin',(66.15,-3.72822659073754,15.7557774010671));
#9834=CARTESIAN_POINT('Origin',(72.5,-1.59840329120141,16.7489303161577));
#9835=CARTESIAN_POINT('',(72.5,-1.14524939768309,16.9602394470281));
#9836=CARTESIAN_POINT('Origin',(66.15,5.74268978379544,20.1721382362574));
#9837=CARTESIAN_POINT('',(66.15,6.42242062407293,20.4891019325629));
#9838=CARTESIAN_POINT('Origin',(66.15,6.42242062407293,20.4891019325629));
#9839=CARTESIAN_POINT('Origin',(72.5,2.93313564398183,18.8620216248612));
#9840=CARTESIAN_POINT('',(72.5,3.38628953750016,19.0733307557316));
#9841=CARTESIAN_POINT('Origin',(14.445,30.5528654539237,31.741313151409));
#9842=CARTESIAN_POINT('',(14.445,31.3232270729049,32.1005386738886));
#9843=CARTESIAN_POINT('Origin',(19.525,30.5528654539237,31.741313151409));
#9844=CARTESIAN_POINT('',(19.525,32.365481027997,32.5865496748904));
#9845=CARTESIAN_POINT('Origin',(24.605,30.5528654539237,31.741313151409));
#9846=CARTESIAN_POINT('',(24.605,31.3232270729049,32.1005386738886));
#9847=CARTESIAN_POINT('Origin',(33.495,30.5528654539237,31.741313151409));
#9848=CARTESIAN_POINT('',(33.495,31.3232270729049,32.1005386738886));
#9849=CARTESIAN_POINT('Origin',(38.575,30.5528654539237,31.741313151409));
#9850=CARTESIAN_POINT('',(38.575,32.365481027997,32.5865496748904));
#9851=CARTESIAN_POINT('Origin',(43.655,30.5528654539237,31.741313151409));
#9852=CARTESIAN_POINT('',(43.655,31.3232270729049,32.1005386738886));
#9853=CARTESIAN_POINT('Origin',(15.715,32.8548872329968,32.8147635362304));
#9854=CARTESIAN_POINT('',(15.715,33.5346180732743,33.1317272325359));
#9855=CARTESIAN_POINT('Origin',(22.065,35.1569090120699,33.8882139210518));
#9856=CARTESIAN_POINT('',(22.065,35.8366398523474,34.2051776173573));
#9857=CARTESIAN_POINT('Origin',(34.765,32.8548872329968,32.8147635362304));
#9858=CARTESIAN_POINT('',(34.765,33.5346180732743,33.1317272325359));
#9859=CARTESIAN_POINT('Origin',(41.115,35.1569090120699,33.8882139210518));
#9860=CARTESIAN_POINT('',(41.115,35.8366398523474,34.2051776173573));
#9861=CARTESIAN_POINT('Origin',(58.84,28.4910152384154,30.7798566059489));
#9862=CARTESIAN_POINT('',(58.84,28.8938690497532,30.9677104232927));
#9863=CARTESIAN_POINT('Origin',(74.08,28.4910152384154,30.7798566059489));
#9864=CARTESIAN_POINT('',(74.08,28.8938690497532,30.9677104232927));
#9865=CARTESIAN_POINT('Origin',(58.84,30.7930370174885,31.8533069907703));
#9866=CARTESIAN_POINT('',(58.84,31.1958908288263,32.041160808114));
#9867=CARTESIAN_POINT('Origin',(58.84,33.0950587965615,32.9267573755917));
#9868=CARTESIAN_POINT('',(58.84,33.4979126078993,33.1146111929354));
#9869=CARTESIAN_POINT('Origin',(58.84,35.3970805756346,34.0002077604131));
#9870=CARTESIAN_POINT('',(58.84,35.7999343869724,34.1880615777568));
#9871=CARTESIAN_POINT('Origin',(58.84,37.6991023547077,35.0736581452344));
#9872=CARTESIAN_POINT('',(58.84,38.1019561660455,35.2615119625782));
#9873=CARTESIAN_POINT('Origin',(58.84,40.0011241337808,36.1471085300558));
#9874=CARTESIAN_POINT('',(58.84,40.4039779451186,36.3349623473996));
#9875=CARTESIAN_POINT('Origin',(58.84,42.3031459128539,37.2205589148772));
#9876=CARTESIAN_POINT('',(58.84,42.7059997241917,37.4084127322209));
#9877=CARTESIAN_POINT('Origin',(74.08,30.7930370174885,31.8533069907703));
#9878=CARTESIAN_POINT('',(74.08,31.1958908288263,32.041160808114));
#9879=CARTESIAN_POINT('Origin',(74.08,33.0950587965615,32.9267573755917));
#9880=CARTESIAN_POINT('',(74.08,33.4979126078993,33.1146111929354));
#9881=CARTESIAN_POINT('Origin',(74.08,35.3970805756346,34.0002077604131));
#9882=CARTESIAN_POINT('',(74.08,35.7999343869724,34.1880615777568));
#9883=CARTESIAN_POINT('Origin',(74.08,37.6991023547077,35.0736581452344));
#9884=CARTESIAN_POINT('',(74.08,38.1019561660455,35.2615119625782));
#9885=CARTESIAN_POINT('Origin',(74.08,40.0011241337808,36.1471085300558));
#9886=CARTESIAN_POINT('',(74.08,40.4039779451186,36.3349623473996));
#9887=CARTESIAN_POINT('Origin',(74.08,42.3031459128539,37.2205589148772));
#9888=CARTESIAN_POINT('',(74.08,42.7059997241917,37.4084127322209));
#9889=CARTESIAN_POINT('Origin',(85.5,-9.7648171616048,14.6146858962999));
#9890=CARTESIAN_POINT('',(3.85,-9.7648171616048,14.6146858962999));
#9891=CARTESIAN_POINT('',(7.65,-9.7648171616048,14.6146858962999));
#9892=CARTESIAN_POINT('',(65.0875,-9.7648171616048,14.6146858962999));
#9893=CARTESIAN_POINT('',(3.84999999999999,-10.3987445542158,15.9741475768549));
#9894=CARTESIAN_POINT('',(3.85,-9.7648171616048,14.6146858962999));
#9895=CARTESIAN_POINT('',(85.5,-10.3987445542158,15.9741475768549));
#9896=CARTESIAN_POINT('',(3.84999999999999,-10.3987445542158,15.9741475768549));
#9897=CARTESIAN_POINT('',(85.5,-9.7648171616048,14.6146858962999));
#9898=CARTESIAN_POINT('',(85.5,-9.7648171616048,14.6146858962999));
#9899=CARTESIAN_POINT('',(81.7,-9.7648171616048,14.6146858962999));
#9900=CARTESIAN_POINT('',(65.0875,-9.7648171616048,14.6146858962999));
#9901=CARTESIAN_POINT('',(3.85,-9.7648171616048,14.6146858962999));
#9902=CARTESIAN_POINT('Origin',(84.75,-18.4409424986276,10.5689422085336));
#9903=CARTESIAN_POINT('',(85.5,-17.6909424986276,10.9186729521498));
#9904=CARTESIAN_POINT('',(84.75,-18.4409424986276,10.5689422085336));
#9905=CARTESIAN_POINT('',(84.9102991524984,-18.2806433461292,10.6436909309393));
#9906=CARTESIAN_POINT('',(85.5,-18.3248698912387,12.2781346327048));
#9907=CARTESIAN_POINT('',(85.5,-17.6909424986276,10.9186729521498));
#9908=CARTESIAN_POINT('',(84.75,-19.0748698912387,11.9284038890886));
#9909=CARTESIAN_POINT('',(84.75,-19.0748698912387,11.9284038890886));
#9910=CARTESIAN_POINT('',(84.75,-18.4409424986276,10.5689422085336));
#9911=CARTESIAN_POINT('Origin',(4.60000000000001,-18.4409424986276,10.5689422085336));
#9912=CARTESIAN_POINT('',(4.60000000000001,-18.4409424986276,10.5689422085336));
#9913=CARTESIAN_POINT('',(85.5,-18.4409424986276,10.5689422085336));
#9914=CARTESIAN_POINT('',(4.6,-19.0748698912387,11.9284038890886));
#9915=CARTESIAN_POINT('',(4.6,-19.0748698912387,11.9284038890886));
#9916=CARTESIAN_POINT('',(4.60000000000001,-18.4409424986276,10.5689422085336));
#9917=CARTESIAN_POINT('Origin',(3.85,-17.6909424986276,10.9186729521498));
#9918=CARTESIAN_POINT('',(3.85,-17.6909424986276,10.9186729521498));
#9919=CARTESIAN_POINT('',(2.81244170764837,-16.653384206276,11.4024943296556));
#9920=CARTESIAN_POINT('',(3.84999999999999,-18.3248698912387,12.2781346327048));
#9921=CARTESIAN_POINT('',(3.84999999999999,-18.3248698912387,12.2781346327048));
#9922=CARTESIAN_POINT('',(3.85,-17.6909424986276,10.9186729521498));
#9923=CARTESIAN_POINT('Origin',(44.675,-14.7368072227274,13.951275732972));
#9924=CARTESIAN_POINT('',(3.84999999999999,-19.0766416150918,11.9275777206877));
#9925=CARTESIAN_POINT('',(85.5,-10.3987445542158,15.9741475768549));
#9926=CARTESIAN_POINT('Origin',(44.675,-14.1028798301163,12.591814052417));
#9927=CARTESIAN_POINT('',(7.65,-14.9969729078883,12.1748916031482));
#9928=CARTESIAN_POINT('',(7.65,-0.0338313439132502,19.1523191044872));
#9929=CARTESIAN_POINT('',(81.7,-14.9969729078883,12.1748916031482));
#9930=CARTESIAN_POINT('',(81.7,29.5299286692223,32.9381268024688));
#9931=CARTESIAN_POINT('',(63.0875,-14.9969729078883,12.1748916031482));
#9932=CARTESIAN_POINT('Origin',(44.675,14.7480486626545,26.045222953478));
#9933=CARTESIAN_POINT('',(7.65,44.4930702331973,39.9155543038077));
#9934=CARTESIAN_POINT('',(7.65,-0.0338313439132502,19.1523191044872));
#9935=CARTESIAN_POINT('',(81.7,44.4930702331973,39.9155543038077));
#9936=CARTESIAN_POINT('',(26.2625,44.4930702331974,39.9155543038077));
#9937=CARTESIAN_POINT('',(81.7,29.5299286692223,32.9381268024688));
#9938=CARTESIAN_POINT('',(85.5,47.2573089836591,41.2045400021169));
#9939=CARTESIAN_POINT('',(85.5,47.9370398239366,41.5215036984224));
#9940=CARTESIAN_POINT('',(84.75,47.9370398239366,41.5215036984224));
#9941=CARTESIAN_POINT('',(84.0737500000001,48.5499304649201,41.8072992979245));
#9942=CARTESIAN_POINT('',(4.6,47.9370398239366,41.5215036984224));
#9943=CARTESIAN_POINT('',(3.85,47.9370398239366,41.5215036984224));
#9944=CARTESIAN_POINT('',(3.85,47.2573089836591,41.2045400021169));
#9945=CARTESIAN_POINT('',(5.27625000000013,48.5499304649203,41.8072992979246));
#9946=CARTESIAN_POINT('',(3.85,-18.4409424986276,10.5689422085336));
#9947=CARTESIAN_POINT('Origin',(44.675,15.5932851861359,24.2326073794047));
#9948=CARTESIAN_POINT('',(81.7,-14.1517363844069,10.3622760290749));
#9949=CARTESIAN_POINT('',(7.65000000000001,-14.1517363844069,10.3622760290749));
#9950=CARTESIAN_POINT('',(63.0875,-14.1517363844069,10.3622760290749));
#9951=CARTESIAN_POINT('',(81.7,45.3383067566788,38.1029387297344));
#9952=CARTESIAN_POINT('',(81.7,30.3751651927037,31.1255112283955));
#9953=CARTESIAN_POINT('',(7.65000000000001,45.3383067566788,38.1029387297344));
#9954=CARTESIAN_POINT('',(26.2625,45.3383067566787,38.1029387297344));
#9955=CARTESIAN_POINT('',(7.65,0.811405179568146,17.3397035304139));
#9956=CARTESIAN_POINT('',(10.35,-11.704705359408,11.5033453357748));
#9957=CARTESIAN_POINT('',(79.,-11.704705359408,11.5033453357748));
#9958=CARTESIAN_POINT('',(27.5125,-11.704705359408,11.5033453357748));
#9959=CARTESIAN_POINT('',(10.35,42.8912757316798,36.9618694230345));
#9960=CARTESIAN_POINT('',(10.35,29.2422804589079,30.5972384012196));
#9961=CARTESIAN_POINT('',(79.,42.8912757316798,36.9618694230345));
#9962=CARTESIAN_POINT('',(61.8375,42.8912757316798,36.9618694230345));
#9963=CARTESIAN_POINT('',(79.,1.94428991336397,17.8679763575897));
#9964=CARTESIAN_POINT('Origin',(79.,-11.8103599248432,11.729922282534));
#9965=CARTESIAN_POINT('',(79.,43.630857689726,35.3758307957204));
#9966=CARTESIAN_POINT('',(79.,42.7856211662446,37.1884463697937));
#9967=CARTESIAN_POINT('',(79.,-10.9651234013618,9.91730670846069));
#9968=CARTESIAN_POINT('',(79.,43.630857689726,35.3758307957204));
#9969=CARTESIAN_POINT('',(79.,-11.8103599248432,11.729922282534));
#9970=CARTESIAN_POINT('Origin',(79.,42.7856211662446,37.1884463697937));
#9971=CARTESIAN_POINT('',(10.35,43.630857689726,35.3758307957204));
#9972=CARTESIAN_POINT('',(10.35,42.7856211662446,37.1884463697937));
#9973=CARTESIAN_POINT('',(10.35,43.630857689726,35.3758307957204));
#9974=CARTESIAN_POINT('Origin',(30.1184937358866,-17.9409424986276,5.00825681233913));
#9975=CARTESIAN_POINT('',(35.6601261556148,-17.9409424986276,2.3723665669015));
#9976=CARTESIAN_POINT('',(35.6601261556148,-17.9409424986276,1.44757189298182));
#9977=CARTESIAN_POINT('',(35.6601261556148,-17.9409424986276,3.69031168962031));
#9978=CARTESIAN_POINT('',(29.9683904111385,-17.9409424986276,2.3723665669015));
#9979=CARTESIAN_POINT('',(30.0434420735126,-17.9409424986276,2.3723665669015));
#9980=CARTESIAN_POINT('',(29.9683904111385,-17.9409424986276,1.44757189298182));
#9981=CARTESIAN_POINT('',(29.9683904111385,-17.9409424986276,3.22791435266048));
#9982=CARTESIAN_POINT('',(32.8893099457507,-17.9409424986276,1.44757189298183));
#9983=CARTESIAN_POINT('Origin',(29.9683904111385,-18.4409424986276,1.44757189298183));
#9984=CARTESIAN_POINT('',(29.9683904111385,-18.4409424986276,2.3723665669015));
#9985=CARTESIAN_POINT('',(29.9683904111385,-18.4409424986276,2.3723665669015));
#9986=CARTESIAN_POINT('',(29.9683904111385,-18.4409424986276,1.44757189298183));
#9987=CARTESIAN_POINT('',(29.9683904111385,-18.4409424986276,6.0082570507577));
#9988=CARTESIAN_POINT('',(29.9683904111385,-18.4409424986276,1.44757189298183));
#9989=CARTESIAN_POINT('Origin',(29.9683904111385,-18.4409424986276,2.3723665669015));
#9990=CARTESIAN_POINT('',(35.6601261556148,-18.4409424986276,2.3723665669015));
#9991=CARTESIAN_POINT('',(35.6601261556148,-18.4409424986276,2.3723665669015));
#9992=CARTESIAN_POINT('',(16.9091952055693,-18.4409424986276,2.3723665669015));
#9993=CARTESIAN_POINT('Origin',(30.1184937358866,-17.9409424986276,5.00825681233913));
#9994=CARTESIAN_POINT('',(41.9817947804928,-17.9409424986276,3.03503908658534));
#9995=CARTESIAN_POINT('',(42.0141148030758,-17.9409424986276,3.22191037679225));
#9996=CARTESIAN_POINT('Ctrl Pts',(41.9817947804928,-17.9409424986276,3.03503908658534));
#9997=CARTESIAN_POINT('Ctrl Pts',(41.9834679999823,-17.9409424986276,3.06466268141807));
#9998=CARTESIAN_POINT('Ctrl Pts',(41.9851412194718,-17.9409424986276,3.0942862762508));
#9999=CARTESIAN_POINT('Ctrl Pts',(41.9898747861385,-17.9409424986276,3.12339641595393));
#10000=CARTESIAN_POINT('Ctrl Pts',(41.9952873080583,-17.9409424986276,3.15668194467321));
#10001=CARTESIAN_POINT('Ctrl Pts',(42.004701055567,-17.9409424986276,3.18929616073273));
#10002=CARTESIAN_POINT('Ctrl Pts',(42.0141148030758,-17.9409424986276,3.22191037679225));
#10003=CARTESIAN_POINT('',(42.1121239125729,-17.9409424986276,2.70405210996181));
#10004=CARTESIAN_POINT('Ctrl Pts',(42.1121239125729,-17.9409424986276,2.70405210996181));
#10005=CARTESIAN_POINT('Ctrl Pts',(42.0741127627668,-17.9409424986276,2.75199988994251));
#10006=CARTESIAN_POINT('Ctrl Pts',(42.0361016129608,-17.9409424986276,2.79994766992322));
#10007=CARTESIAN_POINT('Ctrl Pts',(42.0143770635128,-17.9409424986276,2.85435356641322));
#10008=CARTESIAN_POINT('Ctrl Pts',(41.9921303283556,-17.9409424986276,2.91006719919061));
#10009=CARTESIAN_POINT('Ctrl Pts',(41.9869625544242,-17.9409424986276,2.97255314288797));
#10010=CARTESIAN_POINT('Ctrl Pts',(41.9817947804928,-17.9409424986276,3.03503908658534));
#10011=CARTESIAN_POINT('',(42.4453782498836,-17.9409424986276,2.56894149327785));
#10012=CARTESIAN_POINT('Ctrl Pts',(42.4453782498836,-17.9409424986276,2.56894149327785));
#10013=CARTESIAN_POINT('Ctrl Pts',(42.3812628249272,-17.9409424986276,2.57405972443072));
#10014=CARTESIAN_POINT('Ctrl Pts',(42.3171473999708,-17.9409424986276,2.57917795558359));
#10015=CARTESIAN_POINT('Ctrl Pts',(42.2606014668941,-17.9409424986276,2.60271944547206));
#10016=CARTESIAN_POINT('Ctrl Pts',(42.2064873290936,-17.9409424986276,2.62524851800729));
#10017=CARTESIAN_POINT('Ctrl Pts',(42.1593056208332,-17.9409424986276,2.66465031398455));
#10018=CARTESIAN_POINT('Ctrl Pts',(42.1121239125729,-17.9409424986276,2.70405210996181));
#10019=CARTESIAN_POINT('',(42.7129125058651,-17.9409424986276,2.65033580804378));
#10020=CARTESIAN_POINT('Ctrl Pts',(42.7129125058651,-17.9409424986276,2.65033580804378));
#10021=CARTESIAN_POINT('Ctrl Pts',(42.6708701377538,-17.9409424986276,2.62659653854154));
#10022=CARTESIAN_POINT('Ctrl Pts',(42.6288277696425,-17.9409424986276,2.6028572690393));
#10023=CARTESIAN_POINT('Ctrl Pts',(42.5837087094784,-17.9409424986276,2.58928992295772));
#10024=CARTESIAN_POINT('Ctrl Pts',(42.539562211337,-17.9409424986276,2.57601502723971));
#10025=CARTESIAN_POINT('Ctrl Pts',(42.4924702306103,-17.9409424986276,2.57247826025878));
#10026=CARTESIAN_POINT('Ctrl Pts',(42.4453782498836,-17.9409424986276,2.56894149327785));
#10027=CARTESIAN_POINT('',(42.8551434934139,-17.9409424986276,2.82464243913203));
#10028=CARTESIAN_POINT('Ctrl Pts',(42.8551434934139,-17.9409424986276,2.82464243913203));
#10029=CARTESIAN_POINT('Ctrl Pts',(42.8426687846937,-17.9409424986276,2.79284264187057));
#10030=CARTESIAN_POINT('Ctrl Pts',(42.8301940759734,-17.9409424986276,2.7610428446091));
#10031=CARTESIAN_POINT('Ctrl Pts',(42.8107881009579,-17.9409424986276,2.7346096231988));
#10032=CARTESIAN_POINT('Ctrl Pts',(42.7858151621854,-17.9409424986276,2.70059354210469));
#10033=CARTESIAN_POINT('Ctrl Pts',(42.7493638340252,-17.9409424986276,2.67546467507423));
#10034=CARTESIAN_POINT('Ctrl Pts',(42.7129125058651,-17.9409424986276,2.65033580804378));
#10035=CARTESIAN_POINT('',(43.1576847493648,-17.9409424986276,3.83327521825343));
#10036=CARTESIAN_POINT('',(42.7812011285388,-17.9409424986276,2.57812831415973));
#10037=CARTESIAN_POINT('',(44.7071766316891,-17.9409424986276,3.83327521825343));
#10038=CARTESIAN_POINT('',(37.4128351837878,-17.9409424986276,3.83327521825343));
#10039=CARTESIAN_POINT('',(45.0153016507626,-17.9409424986276,2.8362999155572));
#10040=CARTESIAN_POINT('',(44.059508288993,-17.9409424986276,5.92888350072214));
#10041=CARTESIAN_POINT('',(45.4333733975887,-17.9409424986276,2.56894149327785));
#10042=CARTESIAN_POINT('Ctrl Pts',(45.4333733975887,-17.9409424986276,2.56894149327785));
#10043=CARTESIAN_POINT('Ctrl Pts',(45.3280471701488,-17.9409424986276,2.57534842966643));
#10044=CARTESIAN_POINT('Ctrl Pts',(45.2227209427088,-17.9409424986276,2.58175536605501));
#10045=CARTESIAN_POINT('Ctrl Pts',(45.1503252446651,-17.9409424986276,2.63578094983607));
#10046=CARTESIAN_POINT('Ctrl Pts',(45.0901495003388,-17.9409424986276,2.68068734351057));
#10047=CARTESIAN_POINT('Ctrl Pts',(45.0527255755507,-17.9409424986276,2.75849362953389));
#10048=CARTESIAN_POINT('Ctrl Pts',(45.0153016507626,-17.9409424986276,2.8362999155572));
#10049=CARTESIAN_POINT('',(45.741078799963,-17.9409424986276,2.70373739743739));
#10050=CARTESIAN_POINT('Ctrl Pts',(45.741078799963,-17.9409424986276,2.70373739743739));
#10051=CARTESIAN_POINT('Ctrl Pts',(45.695866687271,-17.9409424986276,2.66442667980506));
#10052=CARTESIAN_POINT('Ctrl Pts',(45.650654574579,-17.9409424986276,2.62511596217273));
#10053=CARTESIAN_POINT('Ctrl Pts',(45.5981516301632,-17.9409424986276,2.60264076734096));
#10054=CARTESIAN_POINT('Ctrl Pts',(45.5477116466276,-17.9409424986276,2.58104867436621));
#10055=CARTESIAN_POINT('Ctrl Pts',(45.4905425221082,-17.9409424986276,2.57499508382203));
#10056=CARTESIAN_POINT('Ctrl Pts',(45.4333733975887,-17.9409424986276,2.56894149327785));
#10057=CARTESIAN_POINT('',(45.8730840146542,-17.9409424986276,3.02624322915584));
#10058=CARTESIAN_POINT('Ctrl Pts',(45.8730840146542,-17.9409424986276,3.02624322915584));
#10059=CARTESIAN_POINT('Ctrl Pts',(45.8675533257367,-17.9409424986276,2.96584608266075));
#10060=CARTESIAN_POINT('Ctrl Pts',(45.8620226368193,-17.9409424986276,2.90544893616567));
#10061=CARTESIAN_POINT('Ctrl Pts',(45.8400844991207,-17.9409424986276,2.85176195645839));
#10062=CARTESIAN_POINT('Ctrl Pts',(45.8180835867405,-17.9409424986276,2.79792135463857));
#10063=CARTESIAN_POINT('Ctrl Pts',(45.7795811933517,-17.9409424986276,2.75082937603798));
#10064=CARTESIAN_POINT('Ctrl Pts',(45.741078799963,-17.9409424986276,2.70373739743739));
#10065=CARTESIAN_POINT('',(45.8448814809322,-17.9409424986276,3.18093456769496));
#10066=CARTESIAN_POINT('Ctrl Pts',(45.8448814809322,-17.9409424986276,3.18093456769496));
#10067=CARTESIAN_POINT('Ctrl Pts',(45.8530785261162,-17.9409424986276,3.15302603287236));
#10068=CARTESIAN_POINT('Ctrl Pts',(45.8612755713002,-17.9409424986276,3.12511749804977));
#10069=CARTESIAN_POINT('Ctrl Pts',(45.8660315930843,-17.9409424986276,3.09660830045253));
#10070=CARTESIAN_POINT('Ctrl Pts',(45.8699002557434,-17.9409424986276,3.07341823253632));
#10071=CARTESIAN_POINT('Ctrl Pts',(45.8714921351988,-17.9409424986276,3.04983073084608));
#10072=CARTESIAN_POINT('Ctrl Pts',(45.8730840146542,-17.9409424986276,3.02624322915584));
#10073=CARTESIAN_POINT('',(44.3709182202816,-17.9409424986276,8.30144383454829));
#10074=CARTESIAN_POINT('',(44.2633319663836,-17.9409424986276,8.67519562658941));
#10075=CARTESIAN_POINT('',(43.9481019437313,-17.9409424986276,8.56894173169642));
#10076=CARTESIAN_POINT('Ctrl Pts',(43.9481019437313,-17.9409424986276,8.56894173169642));
#10077=CARTESIAN_POINT('Ctrl Pts',(44.0501129048641,-17.9409424986276,8.56120522824584));
#10078=CARTESIAN_POINT('Ctrl Pts',(44.1521238659968,-17.9409424986276,8.55346872479526));
#10079=CARTESIAN_POINT('Ctrl Pts',(44.2249369084835,-17.9409424986276,8.50206710839778));
#10080=CARTESIAN_POINT('Ctrl Pts',(44.2883709870224,-17.9409424986276,8.45728647487078));
#10081=CARTESIAN_POINT('Ctrl Pts',(44.329644603652,-17.9409424986276,8.37936515470954));
#10082=CARTESIAN_POINT('Ctrl Pts',(44.3709182202816,-17.9409424986276,8.30144383454829));
#10083=CARTESIAN_POINT('',(43.4900330960751,-17.9409424986276,8.19135882401973));
#10084=CARTESIAN_POINT('Ctrl Pts',(43.4900330960751,-17.9409424986276,8.19135882401973));
#10085=CARTESIAN_POINT('Ctrl Pts',(43.5344006579043,-17.9409424986276,8.30142292292498));
#10086=CARTESIAN_POINT('Ctrl Pts',(43.5787682197336,-17.9409424986276,8.41148702183023));
#10087=CARTESIAN_POINT('Ctrl Pts',(43.6606025159359,-17.9409424986276,8.47454615378886));
#10088=CARTESIAN_POINT('Ctrl Pts',(43.7355082946654,-17.9409424986276,8.53226637140629));
#10089=CARTESIAN_POINT('Ctrl Pts',(43.8418051191983,-17.9409424986276,8.55060405155136));
#10090=CARTESIAN_POINT('Ctrl Pts',(43.9481019437313,-17.9409424986276,8.56894173169642));
#10091=CARTESIAN_POINT('',(41.7757653644161,-17.9409424986276,2.41938272098415));
#10092=CARTESIAN_POINT('',(44.4682287633419,-17.9409424986276,4.75807048821956));
#10093=CARTESIAN_POINT('',(43.9434933125973,-17.9409424986276,6.68807782674342));
#10094=CARTESIAN_POINT('',(43.9426980731493,-17.9409424986276,6.69100276342963));
#10095=CARTESIAN_POINT('',(43.4046577870846,-17.9409424986276,4.75807048821956));
#10096=CARTESIAN_POINT('',(36.7615757614856,-17.9409424986276,4.75807048821956));
#10097=CARTESIAN_POINT('',(43.2261144405188,-17.9409424986276,4.1185618574761));
#10098=CARTESIAN_POINT('Origin',(43.9434933125973,-18.4409424986276,6.68807782674342));
#10099=CARTESIAN_POINT('',(43.4046577870846,-18.4409424986276,4.75807048821956));
#10100=CARTESIAN_POINT('',(43.4046577870846,-18.4409424986276,4.75807048821956));
#10101=CARTESIAN_POINT('',(43.9434933125973,-18.4409424986276,6.68807782674342));
#10102=CARTESIAN_POINT('',(42.9964884979602,-18.4409424986276,3.29608499158658));
#10103=CARTESIAN_POINT('',(43.9434933125973,-18.4409424986276,6.68807782674342));
#10104=CARTESIAN_POINT('Origin',(43.4046577870846,-18.4409424986276,4.75807048821956));
#10105=CARTESIAN_POINT('',(44.4682287633419,-18.4409424986276,4.75807048821956));
#10106=CARTESIAN_POINT('',(44.4682287633419,-18.4409424986276,4.75807048821956));
#10107=CARTESIAN_POINT('',(23.6273288935423,-18.4409424986276,4.75807048821956));
#10108=CARTESIAN_POINT('Ctrl Pts',(45.4333733975887,-18.4409424986276,2.56894149327785));
#10109=CARTESIAN_POINT('Ctrl Pts',(45.4333733975887,-17.4409424986276,2.56894149327785));
#10110=CARTESIAN_POINT('Ctrl Pts',(45.3280471701488,-18.4409424986276,2.57534842966643));
#10111=CARTESIAN_POINT('Ctrl Pts',(45.3280471701488,-17.4409424986276,2.57534842966643));
#10112=CARTESIAN_POINT('Ctrl Pts',(45.135173142155,-18.4409424986276,2.58708085053064));
#10113=CARTESIAN_POINT('Ctrl Pts',(45.135173142155,-17.4409424986276,2.58708085053064));
#10114=CARTESIAN_POINT('Ctrl Pts',(45.0527255755507,-18.4409424986276,2.75849362953389));
#10115=CARTESIAN_POINT('Ctrl Pts',(45.0527255755507,-17.4409424986276,2.75849362953389));
#10116=CARTESIAN_POINT('Ctrl Pts',(45.0153016507626,-18.4409424986276,2.8362999155572));
#10117=CARTESIAN_POINT('Ctrl Pts',(45.0153016507626,-17.4409424986276,2.8362999155572));
#10118=CARTESIAN_POINT('',(45.0153016507626,-18.4409424986276,2.8362999155572));
#10119=CARTESIAN_POINT('',(45.0153016507626,-18.4409424986276,2.8362999155572));
#10120=CARTESIAN_POINT('',(45.4333733975887,-18.4409424986276,2.56894149327785));
#10121=CARTESIAN_POINT('Ctrl Pts',(45.4333733975887,-18.4409424986276,2.56894149327785));
#10122=CARTESIAN_POINT('Ctrl Pts',(45.3280471701488,-18.4409424986276,2.57534842966643));
#10123=CARTESIAN_POINT('Ctrl Pts',(45.135173142155,-18.4409424986276,2.58708085053064));
#10124=CARTESIAN_POINT('Ctrl Pts',(45.0527255755507,-18.4409424986276,2.75849362953389));
#10125=CARTESIAN_POINT('Ctrl Pts',(45.0153016507626,-18.4409424986276,2.8362999155572));
#10126=CARTESIAN_POINT('',(45.4333733975887,-18.4409424986276,2.56894149327785));
#10127=CARTESIAN_POINT('Origin',(45.0153016507626,-18.4409424986276,2.8362999155572));
#10128=CARTESIAN_POINT('',(44.7071766316891,-18.4409424986276,3.83327521825343));
#10129=CARTESIAN_POINT('',(44.7071766316891,-18.4409424986276,3.83327521825343));
#10130=CARTESIAN_POINT('',(42.1299653623154,-18.4409424986276,12.1721501110551));
#10131=CARTESIAN_POINT('Origin',(44.7071766316891,-18.4409424986276,3.83327521825343));
#10132=CARTESIAN_POINT('',(43.1576847493648,-18.4409424986276,3.83327521825343));
#10133=CARTESIAN_POINT('',(43.1576847493648,-18.4409424986276,3.83327521825343));
#10134=CARTESIAN_POINT('',(24.2785883158445,-18.4409424986276,3.83327521825343));
#10135=CARTESIAN_POINT('Origin',(43.1576847493648,-18.4409424986276,3.83327521825343));
#10136=CARTESIAN_POINT('',(42.8551434934139,-18.4409424986276,2.82464243913203));
#10137=CARTESIAN_POINT('',(42.8551434934139,-18.4409424986276,2.82464243913203));
#10138=CARTESIAN_POINT('',(42.4621708337368,-18.4409424986276,1.51452324694776));
#10139=CARTESIAN_POINT('Ctrl Pts',(42.8551434934139,-18.4409424986276,2.82464243913203));
#10140=CARTESIAN_POINT('Ctrl Pts',(42.8551434934139,-17.4409424986276,2.82464243913203));
#10141=CARTESIAN_POINT('Ctrl Pts',(42.8426687846937,-18.4409424986276,2.79284264187057));
#10142=CARTESIAN_POINT('Ctrl Pts',(42.8426687846937,-17.4409424986276,2.79284264187057));
#10143=CARTESIAN_POINT('Ctrl Pts',(42.8141407657519,-18.4409424986276,2.72012068587437));
#10144=CARTESIAN_POINT('Ctrl Pts',(42.8141407657519,-17.4409424986276,2.72012068587437));
#10145=CARTESIAN_POINT('Ctrl Pts',(42.7493638340252,-18.4409424986276,2.67546467507423));
#10146=CARTESIAN_POINT('Ctrl Pts',(42.7493638340252,-17.4409424986276,2.67546467507423));
#10147=CARTESIAN_POINT('Ctrl Pts',(42.7129125058651,-18.4409424986276,2.65033580804378));
#10148=CARTESIAN_POINT('Ctrl Pts',(42.7129125058651,-17.4409424986276,2.65033580804378));
#10149=CARTESIAN_POINT('',(42.7129125058651,-18.4409424986276,2.65033580804378));
#10150=CARTESIAN_POINT('',(42.7129125058651,-18.4409424986276,2.65033580804378));
#10151=CARTESIAN_POINT('Ctrl Pts',(42.8551434934139,-18.4409424986276,2.82464243913203));
#10152=CARTESIAN_POINT('Ctrl Pts',(42.8426687846937,-18.4409424986276,2.79284264187057));
#10153=CARTESIAN_POINT('Ctrl Pts',(42.8141407657519,-18.4409424986276,2.72012068587437));
#10154=CARTESIAN_POINT('Ctrl Pts',(42.7493638340252,-18.4409424986276,2.67546467507423));
#10155=CARTESIAN_POINT('Ctrl Pts',(42.7129125058651,-18.4409424986276,2.65033580804378));
#10156=CARTESIAN_POINT('Ctrl Pts',(42.7129125058651,-18.4409424986276,2.65033580804378));
#10157=CARTESIAN_POINT('Ctrl Pts',(42.7129125058651,-17.4409424986276,2.65033580804378));
#10158=CARTESIAN_POINT('Ctrl Pts',(42.6708701377538,-18.4409424986276,2.62659653854154));
#10159=CARTESIAN_POINT('Ctrl Pts',(42.6708701377538,-17.4409424986276,2.62659653854154));
#10160=CARTESIAN_POINT('Ctrl Pts',(42.5876916440466,-18.4409424986276,2.57962971037242));
#10161=CARTESIAN_POINT('Ctrl Pts',(42.5876916440466,-17.4409424986276,2.57962971037242));
#10162=CARTESIAN_POINT('Ctrl Pts',(42.4924702306103,-18.4409424986276,2.57247826025878));
#10163=CARTESIAN_POINT('Ctrl Pts',(42.4924702306103,-17.4409424986276,2.57247826025878));
#10164=CARTESIAN_POINT('Ctrl Pts',(42.4453782498836,-18.4409424986276,2.56894149327785));
#10165=CARTESIAN_POINT('Ctrl Pts',(42.4453782498836,-17.4409424986276,2.56894149327785));
#10166=CARTESIAN_POINT('',(42.4453782498836,-18.4409424986276,2.56894149327785));
#10167=CARTESIAN_POINT('',(42.4453782498836,-18.4409424986276,2.56894149327785));
#10168=CARTESIAN_POINT('Ctrl Pts',(42.7129125058651,-18.4409424986276,2.65033580804378));
#10169=CARTESIAN_POINT('Ctrl Pts',(42.6708701377538,-18.4409424986276,2.62659653854154));
#10170=CARTESIAN_POINT('Ctrl Pts',(42.5876916440466,-18.4409424986276,2.57962971037242));
#10171=CARTESIAN_POINT('Ctrl Pts',(42.4924702306103,-18.4409424986276,2.57247826025878));
#10172=CARTESIAN_POINT('Ctrl Pts',(42.4453782498836,-18.4409424986276,2.56894149327785));
#10173=CARTESIAN_POINT('Ctrl Pts',(42.4453782498836,-18.4409424986276,2.56894149327785));
#10174=CARTESIAN_POINT('Ctrl Pts',(42.4453782498836,-17.4409424986276,2.56894149327785));
#10175=CARTESIAN_POINT('Ctrl Pts',(42.3812628249272,-18.4409424986276,2.57405972443072));
#10176=CARTESIAN_POINT('Ctrl Pts',(42.3812628249272,-17.4409424986276,2.57405972443072));
#10177=CARTESIAN_POINT('Ctrl Pts',(42.2557893012984,-18.4409424986276,2.5840760738183));
#10178=CARTESIAN_POINT('Ctrl Pts',(42.2557893012984,-17.4409424986276,2.5840760738183));
#10179=CARTESIAN_POINT('Ctrl Pts',(42.1593056208332,-18.4409424986276,2.66465031398455));
#10180=CARTESIAN_POINT('Ctrl Pts',(42.1593056208332,-17.4409424986276,2.66465031398455));
#10181=CARTESIAN_POINT('Ctrl Pts',(42.1121239125729,-18.4409424986276,2.70405210996181));
#10182=CARTESIAN_POINT('Ctrl Pts',(42.1121239125729,-17.4409424986276,2.70405210996181));
#10183=CARTESIAN_POINT('',(42.1121239125729,-18.4409424986276,2.70405210996181));
#10184=CARTESIAN_POINT('',(42.1121239125729,-18.4409424986276,2.70405210996181));
#10185=CARTESIAN_POINT('Ctrl Pts',(42.4453782498836,-18.4409424986276,2.56894149327785));
#10186=CARTESIAN_POINT('Ctrl Pts',(42.3812628249272,-18.4409424986276,2.57405972443072));
#10187=CARTESIAN_POINT('Ctrl Pts',(42.2557893012984,-18.4409424986276,2.5840760738183));
#10188=CARTESIAN_POINT('Ctrl Pts',(42.1593056208332,-18.4409424986276,2.66465031398455));
#10189=CARTESIAN_POINT('Ctrl Pts',(42.1121239125729,-18.4409424986276,2.70405210996181));
#10190=CARTESIAN_POINT('Ctrl Pts',(42.1121239125729,-18.4409424986276,2.70405210996181));
#10191=CARTESIAN_POINT('Ctrl Pts',(42.1121239125729,-17.4409424986276,2.70405210996181));
#10192=CARTESIAN_POINT('Ctrl Pts',(42.0741127627668,-18.4409424986276,2.75199988994251));
#10193=CARTESIAN_POINT('Ctrl Pts',(42.0741127627668,-17.4409424986276,2.75199988994251));
#10194=CARTESIAN_POINT('Ctrl Pts',(41.997176801895,-18.4409424986276,2.84904795461069));
#10195=CARTESIAN_POINT('Ctrl Pts',(41.997176801895,-17.4409424986276,2.84904795461069));
#10196=CARTESIAN_POINT('Ctrl Pts',(41.9869625544242,-18.4409424986276,2.97255314288797));
#10197=CARTESIAN_POINT('Ctrl Pts',(41.9869625544242,-17.4409424986276,2.97255314288797));
#10198=CARTESIAN_POINT('Ctrl Pts',(41.9817947804928,-18.4409424986276,3.03503908658534));
#10199=CARTESIAN_POINT('Ctrl Pts',(41.9817947804928,-17.4409424986276,3.03503908658534));
#10200=CARTESIAN_POINT('',(41.9817947804928,-18.4409424986276,3.03503908658534));
#10201=CARTESIAN_POINT('',(41.9817947804928,-18.4409424986276,3.03503908658534));
#10202=CARTESIAN_POINT('Ctrl Pts',(42.1121239125729,-18.4409424986276,2.70405210996181));
#10203=CARTESIAN_POINT('Ctrl Pts',(42.0741127627668,-18.4409424986276,2.75199988994251));
#10204=CARTESIAN_POINT('Ctrl Pts',(41.997176801895,-18.4409424986276,2.84904795461069));
#10205=CARTESIAN_POINT('Ctrl Pts',(41.9869625544242,-18.4409424986276,2.97255314288797));
#10206=CARTESIAN_POINT('Ctrl Pts',(41.9817947804928,-18.4409424986276,3.03503908658534));
#10207=CARTESIAN_POINT('Origin',(30.1184937358866,-17.9409424986276,5.00825681233913));
#10208=CARTESIAN_POINT('',(27.0009564816952,-17.9409424986276,5.87200619721919));
#10209=CARTESIAN_POINT('',(26.8678712308407,-17.9409424986276,6.19370855832606));
#10210=CARTESIAN_POINT('Ctrl Pts',(27.0009564816952,-17.9409424986276,5.87200619721919));
#10211=CARTESIAN_POINT('Ctrl Pts',(26.9621403021907,-17.9409424986276,5.91911634680193));
#10212=CARTESIAN_POINT('Ctrl Pts',(26.9233241226863,-17.9409424986276,5.96622649638468));
#10213=CARTESIAN_POINT('Ctrl Pts',(26.9011425435543,-17.9409424986276,6.02019586110621));
#10214=CARTESIAN_POINT('Ctrl Pts',(26.8792087978679,-17.9409424986276,6.07356222937142));
#10215=CARTESIAN_POINT('Ctrl Pts',(26.8735400143543,-17.9409424986276,6.13363539384874));
#10216=CARTESIAN_POINT('Ctrl Pts',(26.8678712308407,-17.9409424986276,6.19370855832606));
#10217=CARTESIAN_POINT('',(27.3258006036282,-17.9409424986276,5.73647655988246));
#10218=CARTESIAN_POINT('Ctrl Pts',(27.3258006036282,-17.9409424986276,5.73647655988246));
#10219=CARTESIAN_POINT('Ctrl Pts',(27.2643859582553,-17.9409424986276,5.74206337748518));
#10220=CARTESIAN_POINT('Ctrl Pts',(27.2029713128825,-17.9409424986276,5.74765019508789));
#10221=CARTESIAN_POINT('Ctrl Pts',(27.1487116277218,-17.9409424986276,5.77035941625148));
#10222=CARTESIAN_POINT('Ctrl Pts',(27.0947405463182,-17.9409424986276,5.79294784853599));
#10223=CARTESIAN_POINT('Ctrl Pts',(27.0478485140067,-17.9409424986276,5.83247702287759));
#10224=CARTESIAN_POINT('Ctrl Pts',(27.0009564816952,-17.9409424986276,5.87200619721919));
#10225=CARTESIAN_POINT('',(27.6519715249538,-17.9409424986276,5.87242521787196));
#10226=CARTESIAN_POINT('Ctrl Pts',(27.6519715249538,-17.9409424986276,5.87242521787196));
#10227=CARTESIAN_POINT('Ctrl Pts',(27.6044418598787,-17.9409424986276,5.83277368097762));
#10228=CARTESIAN_POINT('Ctrl Pts',(27.5569121948035,-17.9409424986276,5.79312214408328));
#10229=CARTESIAN_POINT('Ctrl Pts',(27.5023149907589,-17.9409424986276,5.77046372437984));
#10230=CARTESIAN_POINT('Ctrl Pts',(27.4481194781459,-17.9409424986276,5.74797201088798));
#10231=CARTESIAN_POINT('Ctrl Pts',(27.386960040887,-17.9409424986276,5.74222428538522));
#10232=CARTESIAN_POINT('Ctrl Pts',(27.3258006036282,-17.9409424986276,5.73647655988246));
#10233=CARTESIAN_POINT('',(27.788197940588,-17.9409424986276,6.19370855832606));
#10234=CARTESIAN_POINT('Ctrl Pts',(27.788197940588,-17.9409424986276,6.19370855832606));
#10235=CARTESIAN_POINT('Ctrl Pts',(27.7822850652564,-17.9409424986276,6.13375335511068));
#10236=CARTESIAN_POINT('Ctrl Pts',(27.7763721899248,-17.9409424986276,6.07379815189529));
#10237=CARTESIAN_POINT('Ctrl Pts',(27.7541410386562,-17.9409424986276,6.02071978593379));
#10238=CARTESIAN_POINT('Ctrl Pts',(27.7314340611606,-17.9409424986276,5.96650535291437));
#10239=CARTESIAN_POINT('Ctrl Pts',(27.6917027930572,-17.9409424986276,5.91946528539316));
#10240=CARTESIAN_POINT('Ctrl Pts',(27.6519715249538,-17.9409424986276,5.87242521787196));
#10241=CARTESIAN_POINT('',(27.788197940588,-17.9409424986276,6.37129642510921));
#10242=CARTESIAN_POINT('',(27.788197940588,-17.9409424986276,5.68977661872417));
#10243=CARTESIAN_POINT('',(28.3511161267757,-17.9409424986276,7.36268677258998));
#10244=CARTESIAN_POINT('',(28.0610949193332,-17.9409424986276,6.85191232493815));
#10245=CARTESIAN_POINT('',(28.3511161267757,-17.9409424986276,3.02638270402461));
#10246=CARTESIAN_POINT('',(28.3511161267757,-17.9409424986276,4.01731975818187));
#10247=CARTESIAN_POINT('',(28.486018127203,-17.9409424986276,2.70359792256862));
#10248=CARTESIAN_POINT('Ctrl Pts',(28.486018127203,-17.9409424986276,2.70359792256862));
#10249=CARTESIAN_POINT('Ctrl Pts',(28.4466724602927,-17.9409424986276,2.75059545950171));
#10250=CARTESIAN_POINT('Ctrl Pts',(28.4073267933824,-17.9409424986276,2.7975929964348));
#10251=CARTESIAN_POINT('Ctrl Pts',(28.3848428189754,-17.9409424986276,2.85162248158961));
#10252=CARTESIAN_POINT('Ctrl Pts',(28.3625234864395,-17.9409424986276,2.90525632870603));
#10253=CARTESIAN_POINT('Ctrl Pts',(28.3568198066076,-17.9409424986276,2.96581951636532));
#10254=CARTESIAN_POINT('Ctrl Pts',(28.3511161267757,-17.9409424986276,3.02638270402461));
#10255=CARTESIAN_POINT('',(28.809115833044,-17.9409424986276,2.56894149327784));
#10256=CARTESIAN_POINT('Ctrl Pts',(28.809115833044,-17.9409424986276,2.56894149327785));
#10257=CARTESIAN_POINT('Ctrl Pts',(28.7485245432077,-17.9409424986276,2.5746318934922));
#10258=CARTESIAN_POINT('Ctrl Pts',(28.6879332533713,-17.9409424986276,2.58032229370656));
#10259=CARTESIAN_POINT('Ctrl Pts',(28.6342429578304,-17.9409424986276,2.60260560060054));
#10260=CARTESIAN_POINT('Ctrl Pts',(28.5801678300167,-17.9409424986276,2.62504862603494));
#10261=CARTESIAN_POINT('Ctrl Pts',(28.5330929786098,-17.9409424986276,2.66432327430178));
#10262=CARTESIAN_POINT('Ctrl Pts',(28.486018127203,-17.9409424986276,2.70359792256862));
#10263=CARTESIAN_POINT('',(29.1414308011532,-17.9409424986276,2.70220198178798));
#10264=CARTESIAN_POINT('Ctrl Pts',(29.1414308011532,-17.9409424986276,2.70220198178798));
#10265=CARTESIAN_POINT('Ctrl Pts',(29.0928082502411,-17.9409424986276,2.66333450484971));
#10266=CARTESIAN_POINT('Ctrl Pts',(29.044185699329,-17.9409424986276,2.62446702791145));
#10267=CARTESIAN_POINT('Ctrl Pts',(28.988878673315,-17.9409424986276,2.6022569134286));
#10268=CARTESIAN_POINT('Ctrl Pts',(28.933435939246,-17.9409424986276,2.57999230150379));
#10269=CARTESIAN_POINT('Ctrl Pts',(28.871275886145,-17.9409424986276,2.57446689739082));
#10270=CARTESIAN_POINT('Ctrl Pts',(28.809115833044,-17.9409424986276,2.56894149327785));
#10271=CARTESIAN_POINT('',(29.2803787648678,-17.9409424986276,3.02624322915584));
#10272=CARTESIAN_POINT('Ctrl Pts',(29.2803787648678,-17.9409424986276,3.02624322915584));
#10273=CARTESIAN_POINT('Ctrl Pts',(29.2745297299731,-17.9409424986276,2.96498968564525));
#10274=CARTESIAN_POINT('Ctrl Pts',(29.2686806950785,-17.9409424986276,2.90373614213467));
#10275=CARTESIAN_POINT('Ctrl Pts',(29.2456411778927,-17.9409424986276,2.84984268689662));
#10276=CARTESIAN_POINT('Ctrl Pts',(29.222483029818,-17.9409424986276,2.79567173328696));
#10277=CARTESIAN_POINT('Ctrl Pts',(29.1819569154856,-17.9409424986276,2.74893685753747));
#10278=CARTESIAN_POINT('Ctrl Pts',(29.1414308011532,-17.9409424986276,2.70220198178798));
#10279=CARTESIAN_POINT('',(29.2803787648678,-17.9409424986276,8.56894173169642));
#10280=CARTESIAN_POINT('',(29.2803787648678,-17.9409424986276,6.78859927201778));
#10281=CARTESIAN_POINT('',(28.2036852300167,-17.9409424986276,8.56894173169642));
#10282=CARTESIAN_POINT('',(29.1610894829516,-17.9409424986276,8.56894173169642));
#10283=CARTESIAN_POINT('',(27.3180519998074,-17.9409424986276,7.2505084469369));
#10284=CARTESIAN_POINT('',(27.2344788230503,-17.9409424986276,7.126093899028));
#10285=CARTESIAN_POINT('',(26.4613878190517,-17.9409424986276,8.56894173169642));
#10286=CARTESIAN_POINT('',(27.8175985233964,-17.9409424986276,6.48169053814479));
#10287=CARTESIAN_POINT('',(25.3712212502956,-17.9409424986276,8.56894173169642));
#10288=CARTESIAN_POINT('',(27.7448574930911,-17.9409424986276,8.56894173169642));
#10289=CARTESIAN_POINT('',(25.3712212502956,-17.9409424986276,3.02624322915584));
#10290=CARTESIAN_POINT('',(25.3712212502956,-17.9409424986276,4.01725002074748));
#10291=CARTESIAN_POINT('',(25.504307693243,-17.9409424986276,2.70447053456813));
#10292=CARTESIAN_POINT('Ctrl Pts',(25.504307693243,-17.9409424986276,2.70447053456813));
#10293=CARTESIAN_POINT('Ctrl Pts',(25.4654910037356,-17.9409424986276,2.75158694287506));
#10294=CARTESIAN_POINT('Ctrl Pts',(25.4266743142281,-17.9409424986276,2.79870335118198));
#10295=CARTESIAN_POINT('Ctrl Pts',(25.4044925630093,-17.9409424986276,2.85267807984859));
#10296=CARTESIAN_POINT('Ctrl Pts',(25.3825541545965,-17.9409424986276,2.90606068385365));
#10297=CARTESIAN_POINT('Ctrl Pts',(25.3768877024461,-17.9409424986276,2.96615195650475));
#10298=CARTESIAN_POINT('Ctrl Pts',(25.3712212502956,-17.9409424986276,3.02624322915584));
#10299=CARTESIAN_POINT('',(25.829151815176,-17.9409424986276,2.56894149327784));
#10300=CARTESIAN_POINT('Ctrl Pts',(25.829151815176,-17.9409424986276,2.56894149327785));
#10301=CARTESIAN_POINT('Ctrl Pts',(25.7677362372805,-17.9409424986276,2.57452779690962));
#10302=CARTESIAN_POINT('Ctrl Pts',(25.7063206593849,-17.9409424986276,2.5801141005414));
#10303=CARTESIAN_POINT('Ctrl Pts',(25.6520604550838,-17.9409424986276,2.60282375360042));
#10304=CARTESIAN_POINT('Ctrl Pts',(25.5980901158546,-17.9409424986276,2.62541208873774));
#10305=CARTESIAN_POINT('Ctrl Pts',(25.5511989045488,-17.9409424986276,2.66494131165293));
#10306=CARTESIAN_POINT('Ctrl Pts',(25.504307693243,-17.9409424986276,2.70447053456813));
#10307=CARTESIAN_POINT('',(26.157555526495,-17.9409424986276,2.70276047730952));
#10308=CARTESIAN_POINT('Ctrl Pts',(26.157555526495,-17.9409424986276,2.70276047730952));
#10309=CARTESIAN_POINT('Ctrl Pts',(26.1101376828352,-17.9409424986276,2.66373061535296));
#10310=CARTESIAN_POINT('Ctrl Pts',(26.0627198391755,-17.9409424986276,2.62470075339639));
#10311=CARTESIAN_POINT('Ctrl Pts',(26.0084568917751,-17.9409424986276,2.60239638829738));
#10312=CARTESIAN_POINT('Ctrl Pts',(25.9533884259179,-17.9409424986276,2.57976092106299));
#10313=CARTESIAN_POINT('Ctrl Pts',(25.891270120547,-17.9409424986276,2.57435120717042));
#10314=CARTESIAN_POINT('Ctrl Pts',(25.829151815176,-17.9409424986276,2.56894149327785));
#10315=CARTESIAN_POINT('',(26.2915491521358,-17.9409424986276,3.02638270402461));
#10316=CARTESIAN_POINT('Ctrl Pts',(26.2915491521358,-17.9409424986276,3.02638270402461));
#10317=CARTESIAN_POINT('Ctrl Pts',(26.2859805986554,-17.9409424986276,2.96546198695969));
#10318=CARTESIAN_POINT('Ctrl Pts',(26.280412045175,-17.9409424986276,2.90454126989477));
#10319=CARTESIAN_POINT('Ctrl Pts',(26.2580513417721,-17.9409424986276,2.85057582402736));
#10320=CARTESIAN_POINT('Ctrl Pts',(26.2357190615528,-17.9409424986276,2.79667897482941));
#10321=CARTESIAN_POINT('Ctrl Pts',(26.1966372940239,-17.9409424986276,2.74971972606947));
#10322=CARTESIAN_POINT('Ctrl Pts',(26.157555526495,-17.9409424986276,2.70276047730952));
#10323=CARTESIAN_POINT('',(26.2915491521358,-17.9409424986276,7.38055743718654));
#10324=CARTESIAN_POINT('',(26.2915491521358,-17.9409424986276,6.19440712476283));
#10325=CARTESIAN_POINT('',(26.8678712308407,-17.9409424986276,6.35237850690394));
#10326=CARTESIAN_POINT('',(27.5430896781309,-17.9409424986276,5.14776496441726));
#10327=CARTESIAN_POINT('',(26.8678712308407,-17.9409424986276,5.60098268533259));
#10328=CARTESIAN_POINT('Origin',(28.2036852300167,-18.4409424986276,8.56894173169642));
#10329=CARTESIAN_POINT('',(29.2803787648678,-18.4409424986276,8.56894173169642));
#10330=CARTESIAN_POINT('',(29.2803787648678,-18.4409424986276,8.56894173169642));
#10331=CARTESIAN_POINT('',(28.2036852300167,-18.4409424986276,8.56894173169642));
#10332=CARTESIAN_POINT('',(16.0268426150084,-18.4409424986276,8.56894173169642));
#10333=CARTESIAN_POINT('',(28.2036852300167,-18.4409424986276,8.56894173169642));
#10334=CARTESIAN_POINT('Origin',(29.2803787648678,-18.4409424986276,8.56894173169642));
#10335=CARTESIAN_POINT('',(29.2803787648678,-18.4409424986276,3.02624322915584));
#10336=CARTESIAN_POINT('',(29.2803787648678,-18.4409424986276,3.02624322915584));
#10337=CARTESIAN_POINT('',(29.2803787648678,-18.4409424986276,9.568941970115));
#10338=CARTESIAN_POINT('Ctrl Pts',(29.2803787648678,-18.4409424986276,3.02624322915584));
#10339=CARTESIAN_POINT('Ctrl Pts',(29.2803787648678,-17.4409424986276,3.02624322915584));
#10340=CARTESIAN_POINT('Ctrl Pts',(29.2745297299731,-18.4409424986276,2.96498968564525));
#10341=CARTESIAN_POINT('Ctrl Pts',(29.2745297299731,-17.4409424986276,2.96498968564525));
#10342=CARTESIAN_POINT('Ctrl Pts',(29.2628015433978,-18.4409424986276,2.8421672030254));
#10343=CARTESIAN_POINT('Ctrl Pts',(29.2628015433978,-17.4409424986276,2.8421672030254));
#10344=CARTESIAN_POINT('Ctrl Pts',(29.1819569154856,-18.4409424986276,2.74893685753747));
#10345=CARTESIAN_POINT('Ctrl Pts',(29.1819569154856,-17.4409424986276,2.74893685753747));
#10346=CARTESIAN_POINT('Ctrl Pts',(29.1414308011532,-18.4409424986276,2.70220198178798));
#10347=CARTESIAN_POINT('Ctrl Pts',(29.1414308011532,-17.4409424986276,2.70220198178798));
#10348=CARTESIAN_POINT('',(29.1414308011532,-18.4409424986276,2.70220198178798));
#10349=CARTESIAN_POINT('',(29.1414308011532,-18.4409424986276,2.70220198178798));
#10350=CARTESIAN_POINT('Ctrl Pts',(29.2803787648678,-18.4409424986276,3.02624322915584));
#10351=CARTESIAN_POINT('Ctrl Pts',(29.2745297299731,-18.4409424986276,2.96498968564525));
#10352=CARTESIAN_POINT('Ctrl Pts',(29.2628015433978,-18.4409424986276,2.8421672030254));
#10353=CARTESIAN_POINT('Ctrl Pts',(29.1819569154856,-18.4409424986276,2.74893685753747));
#10354=CARTESIAN_POINT('Ctrl Pts',(29.1414308011532,-18.4409424986276,2.70220198178798));
#10355=CARTESIAN_POINT('Ctrl Pts',(29.1414308011532,-18.4409424986276,2.70220198178798));
#10356=CARTESIAN_POINT('Ctrl Pts',(29.1414308011532,-17.4409424986276,2.70220198178798));
#10357=CARTESIAN_POINT('Ctrl Pts',(29.0928082502411,-18.4409424986276,2.66333450484971));
#10358=CARTESIAN_POINT('Ctrl Pts',(29.0928082502411,-17.4409424986276,2.66333450484971));
#10359=CARTESIAN_POINT('Ctrl Pts',(28.995443842204,-18.4409424986276,2.58550418099792));
#10360=CARTESIAN_POINT('Ctrl Pts',(28.995443842204,-17.4409424986276,2.58550418099792));
#10361=CARTESIAN_POINT('Ctrl Pts',(28.871275886145,-18.4409424986276,2.57446689739082));
#10362=CARTESIAN_POINT('Ctrl Pts',(28.871275886145,-17.4409424986276,2.57446689739082));
#10363=CARTESIAN_POINT('Ctrl Pts',(28.809115833044,-18.4409424986276,2.56894149327785));
#10364=CARTESIAN_POINT('Ctrl Pts',(28.809115833044,-17.4409424986276,2.56894149327785));
#10365=CARTESIAN_POINT('',(28.809115833044,-18.4409424986276,2.56894149327785));
#10366=CARTESIAN_POINT('',(28.809115833044,-18.4409424986276,2.56894149327785));
#10367=CARTESIAN_POINT('Ctrl Pts',(29.1414308011532,-18.4409424986276,2.70220198178798));
#10368=CARTESIAN_POINT('Ctrl Pts',(29.0928082502411,-18.4409424986276,2.66333450484971));
#10369=CARTESIAN_POINT('Ctrl Pts',(28.995443842204,-18.4409424986276,2.58550418099792));
#10370=CARTESIAN_POINT('Ctrl Pts',(28.871275886145,-18.4409424986276,2.57446689739082));
#10371=CARTESIAN_POINT('Ctrl Pts',(28.809115833044,-18.4409424986276,2.56894149327785));
#10372=CARTESIAN_POINT('Ctrl Pts',(28.809115833044,-18.4409424986276,2.56894149327785));
#10373=CARTESIAN_POINT('Ctrl Pts',(28.809115833044,-17.4409424986276,2.56894149327785));
#10374=CARTESIAN_POINT('Ctrl Pts',(28.7485245432077,-18.4409424986276,2.5746318934922));
#10375=CARTESIAN_POINT('Ctrl Pts',(28.7485245432077,-17.4409424986276,2.5746318934922));
#10376=CARTESIAN_POINT('Ctrl Pts',(28.6269076674755,-18.4409424986276,2.58605348061479));
#10377=CARTESIAN_POINT('Ctrl Pts',(28.6269076674755,-17.4409424986276,2.58605348061479));
#10378=CARTESIAN_POINT('Ctrl Pts',(28.5330929786098,-18.4409424986276,2.66432327430178));
#10379=CARTESIAN_POINT('Ctrl Pts',(28.5330929786098,-17.4409424986276,2.66432327430178));
#10380=CARTESIAN_POINT('Ctrl Pts',(28.486018127203,-18.4409424986276,2.70359792256862));
#10381=CARTESIAN_POINT('Ctrl Pts',(28.486018127203,-17.4409424986276,2.70359792256862));
#10382=CARTESIAN_POINT('',(28.486018127203,-18.4409424986276,2.70359792256862));
#10383=CARTESIAN_POINT('',(28.486018127203,-18.4409424986276,2.70359792256862));
#10384=CARTESIAN_POINT('Ctrl Pts',(28.809115833044,-18.4409424986276,2.56894149327785));
#10385=CARTESIAN_POINT('Ctrl Pts',(28.7485245432077,-18.4409424986276,2.5746318934922));
#10386=CARTESIAN_POINT('Ctrl Pts',(28.6269076674755,-18.4409424986276,2.58605348061479));
#10387=CARTESIAN_POINT('Ctrl Pts',(28.5330929786098,-18.4409424986276,2.66432327430178));
#10388=CARTESIAN_POINT('Ctrl Pts',(28.486018127203,-18.4409424986276,2.70359792256862));
#10389=CARTESIAN_POINT('Ctrl Pts',(28.486018127203,-18.4409424986276,2.70359792256862));
#10390=CARTESIAN_POINT('Ctrl Pts',(28.486018127203,-17.4409424986276,2.70359792256862));
#10391=CARTESIAN_POINT('Ctrl Pts',(28.4466724602927,-18.4409424986276,2.75059545950171));
#10392=CARTESIAN_POINT('Ctrl Pts',(28.4466724602927,-17.4409424986276,2.75059545950171));
#10393=CARTESIAN_POINT('Ctrl Pts',(28.3682692403128,-18.4409424986276,2.84424638769875));
#10394=CARTESIAN_POINT('Ctrl Pts',(28.3682692403128,-17.4409424986276,2.84424638769875));
#10395=CARTESIAN_POINT('Ctrl Pts',(28.3568198066076,-18.4409424986276,2.96581951636532));
#10396=CARTESIAN_POINT('Ctrl Pts',(28.3568198066076,-17.4409424986276,2.96581951636532));
#10397=CARTESIAN_POINT('Ctrl Pts',(28.3511161267757,-18.4409424986276,3.02638270402461));
#10398=CARTESIAN_POINT('Ctrl Pts',(28.3511161267757,-17.4409424986276,3.02638270402461));
#10399=CARTESIAN_POINT('',(28.3511161267757,-18.4409424986276,3.02638270402461));
#10400=CARTESIAN_POINT('',(28.3511161267757,-18.4409424986276,3.02638270402461));
#10401=CARTESIAN_POINT('Ctrl Pts',(28.486018127203,-18.4409424986276,2.70359792256862));
#10402=CARTESIAN_POINT('Ctrl Pts',(28.4466724602927,-18.4409424986276,2.75059545950171));
#10403=CARTESIAN_POINT('Ctrl Pts',(28.3682692403128,-18.4409424986276,2.84424638769875));
#10404=CARTESIAN_POINT('Ctrl Pts',(28.3568198066076,-18.4409424986276,2.96581951636532));
#10405=CARTESIAN_POINT('Ctrl Pts',(28.3511161267757,-18.4409424986276,3.02638270402461));
#10406=CARTESIAN_POINT('Origin',(28.3511161267757,-18.4409424986276,3.02638270402461));
#10407=CARTESIAN_POINT('',(28.3511161267757,-18.4409424986276,7.36268677258998));
#10408=CARTESIAN_POINT('',(28.3511161267757,-18.4409424986276,7.36268677258998));
#10409=CARTESIAN_POINT('',(28.3511161267757,-18.4409424986276,6.7976624562791));
#10410=CARTESIAN_POINT('Origin',(28.3511161267757,-18.4409424986276,7.36268677258998));
#10411=CARTESIAN_POINT('',(27.788197940588,-18.4409424986276,6.37129642510921));
#10412=CARTESIAN_POINT('',(27.788197940588,-18.4409424986276,6.37129642510921));
#10413=CARTESIAN_POINT('',(26.052750612241,-18.4409424986276,3.31489183186578));
#10414=CARTESIAN_POINT('Origin',(27.788197940588,-18.4409424986276,6.37129642510921));
#10415=CARTESIAN_POINT('',(27.788197940588,-18.4409424986276,6.19370855832606));
#10416=CARTESIAN_POINT('',(27.788197940588,-18.4409424986276,6.19370855832606));
#10417=CARTESIAN_POINT('',(27.788197940588,-18.4409424986276,8.47011931682139));
#10418=CARTESIAN_POINT('Ctrl Pts',(27.788197940588,-18.4409424986276,6.19370855832606));
#10419=CARTESIAN_POINT('Ctrl Pts',(27.788197940588,-17.4409424986276,6.19370855832606));
#10420=CARTESIAN_POINT('Ctrl Pts',(27.7822850652564,-18.4409424986276,6.13375335511068));
#10421=CARTESIAN_POINT('Ctrl Pts',(27.7822850652564,-17.4409424986276,6.13375335511068));
#10422=CARTESIAN_POINT('Ctrl Pts',(27.7703327578923,-18.4409424986276,6.01255969268491));
#10423=CARTESIAN_POINT('Ctrl Pts',(27.7703327578923,-17.4409424986276,6.01255969268491));
#10424=CARTESIAN_POINT('Ctrl Pts',(27.6917027930572,-18.4409424986276,5.91946528539316));
#10425=CARTESIAN_POINT('Ctrl Pts',(27.6917027930572,-17.4409424986276,5.91946528539316));
#10426=CARTESIAN_POINT('Ctrl Pts',(27.6519715249538,-18.4409424986276,5.87242521787196));
#10427=CARTESIAN_POINT('Ctrl Pts',(27.6519715249538,-17.4409424986276,5.87242521787196));
#10428=CARTESIAN_POINT('',(27.6519715249538,-18.4409424986276,5.87242521787196));
#10429=CARTESIAN_POINT('',(27.6519715249538,-18.4409424986276,5.87242521787196));
#10430=CARTESIAN_POINT('Ctrl Pts',(27.788197940588,-18.4409424986276,6.19370855832606));
#10431=CARTESIAN_POINT('Ctrl Pts',(27.7822850652564,-18.4409424986276,6.13375335511068));
#10432=CARTESIAN_POINT('Ctrl Pts',(27.7703327578923,-18.4409424986276,6.01255969268491));
#10433=CARTESIAN_POINT('Ctrl Pts',(27.6917027930572,-18.4409424986276,5.91946528539316));
#10434=CARTESIAN_POINT('Ctrl Pts',(27.6519715249538,-18.4409424986276,5.87242521787196));
#10435=CARTESIAN_POINT('Ctrl Pts',(27.6519715249538,-18.4409424986276,5.87242521787196));
#10436=CARTESIAN_POINT('Ctrl Pts',(27.6519715249538,-17.4409424986276,5.87242521787196));
#10437=CARTESIAN_POINT('Ctrl Pts',(27.6044418598787,-18.4409424986276,5.83277368097762));
#10438=CARTESIAN_POINT('Ctrl Pts',(27.6044418598787,-17.4409424986276,5.83277368097762));
#10439=CARTESIAN_POINT('Ctrl Pts',(27.5097322227125,-18.4409424986276,5.75376233792682));
#10440=CARTESIAN_POINT('Ctrl Pts',(27.5097322227125,-17.4409424986276,5.75376233792682));
#10441=CARTESIAN_POINT('Ctrl Pts',(27.386960040887,-18.4409424986276,5.74222428538522));
#10442=CARTESIAN_POINT('Ctrl Pts',(27.386960040887,-17.4409424986276,5.74222428538522));
#10443=CARTESIAN_POINT('Ctrl Pts',(27.3258006036282,-18.4409424986276,5.73647655988246));
#10444=CARTESIAN_POINT('Ctrl Pts',(27.3258006036282,-17.4409424986276,5.73647655988246));
#10445=CARTESIAN_POINT('',(27.3258006036282,-18.4409424986276,5.73647655988246));
#10446=CARTESIAN_POINT('',(27.3258006036282,-18.4409424986276,5.73647655988246));
#10447=CARTESIAN_POINT('Ctrl Pts',(27.6519715249538,-18.4409424986276,5.87242521787196));
#10448=CARTESIAN_POINT('Ctrl Pts',(27.6044418598787,-18.4409424986276,5.83277368097762));
#10449=CARTESIAN_POINT('Ctrl Pts',(27.5097322227125,-18.4409424986276,5.75376233792682));
#10450=CARTESIAN_POINT('Ctrl Pts',(27.386960040887,-18.4409424986276,5.74222428538522));
#10451=CARTESIAN_POINT('Ctrl Pts',(27.3258006036282,-18.4409424986276,5.73647655988246));
#10452=CARTESIAN_POINT('Ctrl Pts',(27.3258006036282,-18.4409424986276,5.73647655988246));
#10453=CARTESIAN_POINT('Ctrl Pts',(27.3258006036282,-17.4409424986276,5.73647655988246));
#10454=CARTESIAN_POINT('Ctrl Pts',(27.2643859582553,-18.4409424986276,5.74206337748518));
#10455=CARTESIAN_POINT('Ctrl Pts',(27.2643859582553,-17.4409424986276,5.74206337748518));
#10456=CARTESIAN_POINT('Ctrl Pts',(27.1418833280376,-18.4409424986276,5.75320729676901));
#10457=CARTESIAN_POINT('Ctrl Pts',(27.1418833280376,-17.4409424986276,5.75320729676901));
#10458=CARTESIAN_POINT('Ctrl Pts',(27.0478485140067,-18.4409424986276,5.83247702287759));
#10459=CARTESIAN_POINT('Ctrl Pts',(27.0478485140067,-17.4409424986276,5.83247702287759));
#10460=CARTESIAN_POINT('Ctrl Pts',(27.0009564816952,-18.4409424986276,5.87200619721919));
#10461=CARTESIAN_POINT('Ctrl Pts',(27.0009564816952,-17.4409424986276,5.87200619721919));
#10462=CARTESIAN_POINT('',(27.0009564816952,-18.4409424986276,5.87200619721919));
#10463=CARTESIAN_POINT('',(27.0009564816952,-18.4409424986276,5.87200619721919));
#10464=CARTESIAN_POINT('Ctrl Pts',(27.3258006036282,-18.4409424986276,5.73647655988246));
#10465=CARTESIAN_POINT('Ctrl Pts',(27.2643859582553,-18.4409424986276,5.74206337748518));
#10466=CARTESIAN_POINT('Ctrl Pts',(27.1418833280376,-18.4409424986276,5.75320729676901));
#10467=CARTESIAN_POINT('Ctrl Pts',(27.0478485140067,-18.4409424986276,5.83247702287759));
#10468=CARTESIAN_POINT('Ctrl Pts',(27.0009564816952,-18.4409424986276,5.87200619721919));
#10469=CARTESIAN_POINT('Origin',(30.1184937358866,-17.9409424986276,5.00825681233913));
#10470=CARTESIAN_POINT('',(14.4344776332378,-17.9409424986276,3.36215176129848));
#10471=CARTESIAN_POINT('',(14.7574364602566,-17.9409424986276,3.49373676324397));
#10472=CARTESIAN_POINT('Ctrl Pts',(14.4344776332378,-17.9409424986276,3.36215176129848));
#10473=CARTESIAN_POINT('Ctrl Pts',(14.4814870971979,-17.9409424986276,3.40053061295119));
#10474=CARTESIAN_POINT('Ctrl Pts',(14.5284965611581,-17.9409424986276,3.43890946460391));
#10475=CARTESIAN_POINT('Ctrl Pts',(14.5822143018246,-17.9409424986276,3.46084036374599));
#10476=CARTESIAN_POINT('Ctrl Pts',(14.6361184170352,-17.9409424986276,3.48284735248673));
#10477=CARTESIAN_POINT('Ctrl Pts',(14.6967774386459,-17.9409424986276,3.48829205786535));
#10478=CARTESIAN_POINT('Ctrl Pts',(14.7574364602566,-17.9409424986276,3.49373676324397));
#10479=CARTESIAN_POINT('',(14.300484007597,-17.9409424986276,3.04460265183955));
#10480=CARTESIAN_POINT('Ctrl Pts',(14.300484007597,-17.9409424986276,3.04460265183955));
#10481=CARTESIAN_POINT('Ctrl Pts',(14.3061286579807,-17.9409424986276,3.10438502567027));
#10482=CARTESIAN_POINT('Ctrl Pts',(14.3117733083645,-17.9409424986276,3.16416739950099));
#10483=CARTESIAN_POINT('Ctrl Pts',(14.3339824140072,-17.9409424986276,3.21697153592616));
#10484=CARTESIAN_POINT('Ctrl Pts',(14.3563148566564,-17.9409424986276,3.27006891712328));
#10485=CARTESIAN_POINT('Ctrl Pts',(14.3953962449471,-17.9409424986276,3.31611033921088));
#10486=CARTESIAN_POINT('Ctrl Pts',(14.4344776332378,-17.9409424986276,3.36215176129848));
#10487=CARTESIAN_POINT('',(14.432313388586,-17.9409424986276,2.71539546990901));
#10488=CARTESIAN_POINT('Ctrl Pts',(14.432313388586,-17.9409424986276,2.71539546990901));
#10489=CARTESIAN_POINT('Ctrl Pts',(14.3938631110083,-17.9409424986276,2.76354745673761));
#10490=CARTESIAN_POINT('Ctrl Pts',(14.3554128334305,-17.9409424986276,2.81169944356622));
#10491=CARTESIAN_POINT('Ctrl Pts',(14.3334412038326,-17.9409424986276,2.86645688558131));
#10492=CARTESIAN_POINT('Ctrl Pts',(14.3113932564324,-17.9409424986276,2.92140452594355));
#10493=CARTESIAN_POINT('Ctrl Pts',(14.3059386320147,-17.9409424986276,2.98300358889155));
#10494=CARTESIAN_POINT('Ctrl Pts',(14.300484007597,-17.9409424986276,3.04460265183955));
#10495=CARTESIAN_POINT('',(14.7575765311718,-17.9409424986276,2.57787682557612));
#10496=CARTESIAN_POINT('Ctrl Pts',(14.7575765311718,-17.9409424986276,2.57787682557612));
#10497=CARTESIAN_POINT('Ctrl Pts',(14.6957613201074,-17.9409424986276,2.5835070151829));
#10498=CARTESIAN_POINT('Ctrl Pts',(14.633946109043,-17.9409424986276,2.58913720478968));
#10499=CARTESIAN_POINT('Ctrl Pts',(14.5795440137386,-17.9409424986276,2.61225618863612));
#10500=CARTESIAN_POINT('Ctrl Pts',(14.5256096828687,-17.9409424986276,2.63517638899192));
#10501=CARTESIAN_POINT('Ctrl Pts',(14.4789615357274,-17.9409424986276,2.67528592945046));
#10502=CARTESIAN_POINT('Ctrl Pts',(14.432313388586,-17.9409424986276,2.71539546990901));
#10503=CARTESIAN_POINT('',(17.7257447898388,-17.9409424986276,2.57787682557612));
#10504=CARTESIAN_POINT('',(23.9221192628627,-17.9409424986276,2.57787682557612));
#10505=CARTESIAN_POINT('',(18.0535911977291,-17.9409424986276,2.71186985517055));
#10506=CARTESIAN_POINT('Ctrl Pts',(18.0535911977291,-17.9409424986276,2.71186985517055));
#10507=CARTESIAN_POINT('Ctrl Pts',(18.0062762021668,-17.9409424986276,2.67278918568778));
#10508=CARTESIAN_POINT('Ctrl Pts',(17.9589612066045,-17.9409424986276,2.63370851620502));
#10509=CARTESIAN_POINT('Ctrl Pts',(17.9047727048397,-17.9409424986276,2.61137523198634));
#10510=CARTESIAN_POINT('Ctrl Pts',(17.8498108055554,-17.9409424986276,2.58872319921304));
#10511=CARTESIAN_POINT('Ctrl Pts',(17.7877777976971,-17.9409424986276,2.58330001239458));
#10512=CARTESIAN_POINT('Ctrl Pts',(17.7257447898388,-17.9409424986276,2.57787682557612));
#10513=CARTESIAN_POINT('',(18.1873046815395,-17.9409424986276,3.03566731954127));
#10514=CARTESIAN_POINT('Ctrl Pts',(18.1873046815395,-17.9409424986276,3.03566731954127));
#10515=CARTESIAN_POINT('Ctrl Pts',(18.1817499136162,-17.9409424986276,2.97474147017653));
#10516=CARTESIAN_POINT('Ctrl Pts',(18.1761951456928,-17.9409424986276,2.91381562081178));
#10517=CARTESIAN_POINT('Ctrl Pts',(18.1538760125637,-17.9409424986276,2.85981573606044));
#10518=CARTESIAN_POINT('Ctrl Pts',(18.1315904194868,-17.9409424986276,2.80589699957519));
#10519=CARTESIAN_POINT('Ctrl Pts',(18.092590808608,-17.9409424986276,2.75888342737287));
#10520=CARTESIAN_POINT('Ctrl Pts',(18.0535911977291,-17.9409424986276,2.71186985517055));
#10521=CARTESIAN_POINT('',(18.1873046815395,-17.9409424986276,4.9391482069543));
#10522=CARTESIAN_POINT('',(18.1873046815395,-17.9409424986276,4.97370250964671));
#10523=CARTESIAN_POINT('',(18.0526136815548,-17.9409424986276,5.26228227162868));
#10524=CARTESIAN_POINT('Ctrl Pts',(18.0526136815548,-17.9409424986276,5.26228227162868));
#10525=CARTESIAN_POINT('Ctrl Pts',(18.0918983103852,-17.9409424986276,5.21524696706176));
#10526=CARTESIAN_POINT('Ctrl Pts',(18.1311829392156,-17.9409424986276,5.16821166249485));
#10527=CARTESIAN_POINT('Ctrl Pts',(18.1536316335201,-17.9409424986276,5.11417068982631));
#10528=CARTESIAN_POINT('Ctrl Pts',(18.1759490148813,-17.9409424986276,5.06044582815672));
#10529=CARTESIAN_POINT('Ctrl Pts',(18.1816268482104,-17.9409424986276,4.99979701755551));
#10530=CARTESIAN_POINT('Ctrl Pts',(18.1873046815395,-17.9409424986276,4.9391482069543));
#10531=CARTESIAN_POINT('',(17.7249073445797,-17.9409424986276,5.39693870091945));
#10532=CARTESIAN_POINT('Ctrl Pts',(17.7249073445797,-17.9409424986276,5.39693870091945));
#10533=CARTESIAN_POINT('Ctrl Pts',(17.7867305722157,-17.9409424986276,5.39141250695568));
#10534=CARTESIAN_POINT('Ctrl Pts',(17.8485537998516,-17.9409424986276,5.38588631299192));
#10535=CARTESIAN_POINT('Ctrl Pts',(17.9033410012722,-17.9409424986276,5.36327459359676));
#10536=CARTESIAN_POINT('Ctrl Pts',(17.9577195279711,-17.9409424986276,5.3408315420271));
#10537=CARTESIAN_POINT('Ctrl Pts',(18.005166604763,-17.9409424986276,5.30155690682789));
#10538=CARTESIAN_POINT('Ctrl Pts',(18.0526136815548,-17.9409424986276,5.26228227162868));
#10539=CARTESIAN_POINT('',(17.4007260262966,-17.9409424986276,5.26053704762965));
#10540=CARTESIAN_POINT('Ctrl Pts',(17.4007260262966,-17.9409424986276,5.26053704762965));
#10541=CARTESIAN_POINT('Ctrl Pts',(17.4476424968066,-17.9409424986276,5.30032085419074));
#10542=CARTESIAN_POINT('Ctrl Pts',(17.4945589673167,-17.9409424986276,5.34010466075184));
#10543=CARTESIAN_POINT('Ctrl Pts',(17.5486456811428,-17.9409424986276,5.362838287597));
#10544=CARTESIAN_POINT('Ctrl Pts',(17.602636365728,-17.9409424986276,5.38553155161042));
#10545=CARTESIAN_POINT('Ctrl Pts',(17.6637718551538,-17.9409424986276,5.39123512626493));
#10546=CARTESIAN_POINT('Ctrl Pts',(17.7249073445797,-17.9409424986276,5.39693870091945));
#10547=CARTESIAN_POINT('',(17.2669767796993,-17.9409424986276,4.93921794438868));
#10548=CARTESIAN_POINT('Ctrl Pts',(17.2669767796993,-17.9409424986276,4.93921794438869));
#10549=CARTESIAN_POINT('Ctrl Pts',(17.2727499180945,-17.9409424986276,4.99903870996794));
#10550=CARTESIAN_POINT('Ctrl Pts',(17.2785230564896,-17.9409424986276,5.0588594755472));
#10551=CARTESIAN_POINT('Ctrl Pts',(17.3004137933254,-17.9409424986276,5.11200644517451));
#10552=CARTESIAN_POINT('Ctrl Pts',(17.3227072010574,-17.9409424986276,5.1661310309528));
#10553=CARTESIAN_POINT('Ctrl Pts',(17.361716613677,-17.9409424986276,5.21333403929123));
#10554=CARTESIAN_POINT('Ctrl Pts',(17.4007260262966,-17.9409424986276,5.26053704762965));
#10555=CARTESIAN_POINT('',(17.2669767796993,-17.9409424986276,3.49373676324397));
#10556=CARTESIAN_POINT('',(17.2669767796993,-17.9409424986276,4.25099678779155));
#10557=CARTESIAN_POINT('',(16.7174612939358,-17.9409424986276,3.49373676324397));
#10558=CARTESIAN_POINT('',(23.4179775149112,-17.9409424986276,3.49373676324397));
#10559=CARTESIAN_POINT('',(16.7174612939358,-17.9409424986276,8.56894173169642));
#10560=CARTESIAN_POINT('',(16.7174612939358,-17.9409424986276,6.78859927201778));
#10561=CARTESIAN_POINT('',(14.7755866706371,-17.9409424986276,8.56894173169642));
#10562=CARTESIAN_POINT('',(22.4470402032619,-17.9409424986276,8.56894173169642));
#10563=CARTESIAN_POINT('',(14.4514405190945,-17.9409424986276,8.43557693505794));
#10564=CARTESIAN_POINT('Ctrl Pts',(14.4514405190945,-17.9409424986276,8.43557693505794));
#10565=CARTESIAN_POINT('Ctrl Pts',(14.4983421258802,-17.9409424986276,8.47447475575643));
#10566=CARTESIAN_POINT('Ctrl Pts',(14.5452437326659,-17.9409424986276,8.51337257645492));
#10567=CARTESIAN_POINT('Ctrl Pts',(14.599019831419,-17.9409424986276,8.53560038352519));
#10568=CARTESIAN_POINT('Ctrl Pts',(14.6532199004101,-17.9409424986276,8.55800343440956));
#10569=CARTESIAN_POINT('Ctrl Pts',(14.7144032855236,-17.9409424986276,8.56347258305299));
#10570=CARTESIAN_POINT('Ctrl Pts',(14.7755866706371,-17.9409424986276,8.56894173169642));
#10571=CARTESIAN_POINT('',(14.3183546721935,-17.9409424986276,8.1110117628625));
#10572=CARTESIAN_POINT('Ctrl Pts',(14.3183546721935,-17.9409424986276,8.1110117628625));
#10573=CARTESIAN_POINT('Ctrl Pts',(14.3238080375558,-17.9409424986276,8.17224253884592));
#10574=CARTESIAN_POINT('Ctrl Pts',(14.3292614029181,-17.9409424986276,8.23347331482934));
#10575=CARTESIAN_POINT('Ctrl Pts',(14.3516265809536,-17.9409424986276,8.28775264764339));
#10576=CARTESIAN_POINT('Ctrl Pts',(14.3738079303879,-17.9409424986276,8.3415858362858));
#10577=CARTESIAN_POINT('Ctrl Pts',(14.4126242247412,-17.9409424986276,8.38858138567187));
#10578=CARTESIAN_POINT('Ctrl Pts',(14.4514405190945,-17.9409424986276,8.43557693505794));
#10579=CARTESIAN_POINT('',(14.4506376445293,-17.9409424986276,7.78574862027675));
#10580=CARTESIAN_POINT('Ctrl Pts',(14.4506376445293,-17.9409424986276,7.78574862027675));
#10581=CARTESIAN_POINT('Ctrl Pts',(14.4120556201254,-17.9409424986276,7.83271350105741));
#10582=CARTESIAN_POINT('Ctrl Pts',(14.3734735957215,-17.9409424986276,7.87967838183808));
#10583=CARTESIAN_POINT('Ctrl Pts',(14.3514251172543,-17.9409424986276,7.93339826608211));
#10584=CARTESIAN_POINT('Ctrl Pts',(14.3290321042486,-17.9409424986276,7.98795758945315));
#10585=CARTESIAN_POINT('Ctrl Pts',(14.3236933882211,-17.9409424986276,8.04948467615783));
#10586=CARTESIAN_POINT('Ctrl Pts',(14.3183546721935,-17.9409424986276,8.1110117628625));
#10587=CARTESIAN_POINT('',(14.7752373874187,-17.9409424986276,7.65308179402858));
#10588=CARTESIAN_POINT('Ctrl Pts',(14.7752373874187,-17.9409424986276,7.65308179402858));
#10589=CARTESIAN_POINT('Ctrl Pts',(14.7137980174804,-17.9409424986276,7.65844516393011));
#10590=CARTESIAN_POINT('Ctrl Pts',(14.6523586475421,-17.9409424986276,7.66380853383165));
#10591=CARTESIAN_POINT('Ctrl Pts',(14.5979290664196,-17.9409424986276,7.68624850059062));
#10592=CARTESIAN_POINT('Ctrl Pts',(14.5442942018963,-17.9409424986276,7.70836082540011));
#10593=CARTESIAN_POINT('Ctrl Pts',(14.4974659232128,-17.9409424986276,7.74705472283843));
#10594=CARTESIAN_POINT('Ctrl Pts',(14.4506376445293,-17.9409424986276,7.78574862027675));
#10595=CARTESIAN_POINT('',(15.7971333920956,-17.9409424986276,7.65308179402858));
#10596=CARTESIAN_POINT('',(22.9578135639911,-17.9409424986276,7.65308179402858));
#10597=CARTESIAN_POINT('',(15.7971333920956,-17.9409424986276,3.49373676324397));
#10598=CARTESIAN_POINT('',(15.7971333920956,-17.9409424986276,4.25099678779155));
#10599=CARTESIAN_POINT('',(22.4379650980716,-17.9409424986276,3.49373676324397));
#10600=CARTESIAN_POINT('Origin',(17.2669767796993,-18.4409424986276,3.49373676324397));
#10601=CARTESIAN_POINT('',(17.2669767796993,-18.4409424986276,4.93921794438869));
#10602=CARTESIAN_POINT('',(17.2669767796993,-18.4409424986276,4.93921794438869));
#10603=CARTESIAN_POINT('',(17.2669767796993,-18.4409424986276,3.49373676324397));
#10604=CARTESIAN_POINT('',(17.2669767796993,-18.4409424986276,7.03133948588878));
#10605=CARTESIAN_POINT('',(17.2669767796993,-18.4409424986276,3.49373676324397));
#10606=CARTESIAN_POINT('Ctrl Pts',(17.2669767796993,-18.4409424986276,4.93921794438869));
#10607=CARTESIAN_POINT('Ctrl Pts',(17.2669767796993,-17.4409424986276,4.93921794438869));
#10608=CARTESIAN_POINT('Ctrl Pts',(17.2727499180945,-18.4409424986276,4.99903870996794));
#10609=CARTESIAN_POINT('Ctrl Pts',(17.2727499180945,-17.4409424986276,4.99903870996794));
#10610=CARTESIAN_POINT('Ctrl Pts',(17.2844023893371,-18.4409424986276,5.11978061894675));
#10611=CARTESIAN_POINT('Ctrl Pts',(17.2844023893371,-17.4409424986276,5.11978061894675));
#10612=CARTESIAN_POINT('Ctrl Pts',(17.361716613677,-18.4409424986276,5.21333403929123));
#10613=CARTESIAN_POINT('Ctrl Pts',(17.361716613677,-17.4409424986276,5.21333403929123));
#10614=CARTESIAN_POINT('Ctrl Pts',(17.4007260262966,-18.4409424986276,5.26053704762965));
#10615=CARTESIAN_POINT('Ctrl Pts',(17.4007260262966,-17.4409424986276,5.26053704762965));
#10616=CARTESIAN_POINT('',(17.4007260262966,-18.4409424986276,5.26053704762965));
#10617=CARTESIAN_POINT('',(17.4007260262966,-18.4409424986276,5.26053704762965));
#10618=CARTESIAN_POINT('Ctrl Pts',(17.2669767796993,-18.4409424986276,4.93921794438869));
#10619=CARTESIAN_POINT('Ctrl Pts',(17.2727499180945,-18.4409424986276,4.99903870996794));
#10620=CARTESIAN_POINT('Ctrl Pts',(17.2844023893371,-18.4409424986276,5.11978061894675));
#10621=CARTESIAN_POINT('Ctrl Pts',(17.361716613677,-18.4409424986276,5.21333403929123));
#10622=CARTESIAN_POINT('Ctrl Pts',(17.4007260262966,-18.4409424986276,5.26053704762965));
#10623=CARTESIAN_POINT('Ctrl Pts',(17.4007260262966,-18.4409424986276,5.26053704762965));
#10624=CARTESIAN_POINT('Ctrl Pts',(17.4007260262966,-17.4409424986276,5.26053704762965));
#10625=CARTESIAN_POINT('Ctrl Pts',(17.4476424968066,-18.4409424986276,5.30032085419074));
#10626=CARTESIAN_POINT('Ctrl Pts',(17.4476424968066,-17.4409424986276,5.30032085419074));
#10627=CARTESIAN_POINT('Ctrl Pts',(17.5413921391248,-18.4409424986276,5.37981783242914));
#10628=CARTESIAN_POINT('Ctrl Pts',(17.5413921391248,-17.4409424986276,5.37981783242914));
#10629=CARTESIAN_POINT('Ctrl Pts',(17.6637718551538,-18.4409424986276,5.39123512626493));
#10630=CARTESIAN_POINT('Ctrl Pts',(17.6637718551538,-17.4409424986276,5.39123512626493));
#10631=CARTESIAN_POINT('Ctrl Pts',(17.7249073445797,-18.4409424986276,5.39693870091945));
#10632=CARTESIAN_POINT('Ctrl Pts',(17.7249073445797,-17.4409424986276,5.39693870091945));
#10633=CARTESIAN_POINT('',(17.7249073445797,-18.4409424986276,5.39693870091945));
#10634=CARTESIAN_POINT('',(17.7249073445797,-18.4409424986276,5.39693870091945));
#10635=CARTESIAN_POINT('Ctrl Pts',(17.4007260262966,-18.4409424986276,5.26053704762965));
#10636=CARTESIAN_POINT('Ctrl Pts',(17.4476424968066,-18.4409424986276,5.30032085419074));
#10637=CARTESIAN_POINT('Ctrl Pts',(17.5413921391248,-18.4409424986276,5.37981783242914));
#10638=CARTESIAN_POINT('Ctrl Pts',(17.6637718551538,-18.4409424986276,5.39123512626493));
#10639=CARTESIAN_POINT('Ctrl Pts',(17.7249073445797,-18.4409424986276,5.39693870091945));
#10640=CARTESIAN_POINT('Ctrl Pts',(17.7249073445797,-18.4409424986276,5.39693870091945));
#10641=CARTESIAN_POINT('Ctrl Pts',(17.7249073445797,-17.4409424986276,5.39693870091945));
#10642=CARTESIAN_POINT('Ctrl Pts',(17.7867305722157,-18.4409424986276,5.39141250695568));
#10643=CARTESIAN_POINT('Ctrl Pts',(17.7867305722157,-17.4409424986276,5.39141250695568));
#10644=CARTESIAN_POINT('Ctrl Pts',(17.909915868865,-18.4409424986276,5.38040134062227));
#10645=CARTESIAN_POINT('Ctrl Pts',(17.909915868865,-17.4409424986276,5.38040134062227));
#10646=CARTESIAN_POINT('Ctrl Pts',(18.005166604763,-18.4409424986276,5.30155690682789));
#10647=CARTESIAN_POINT('Ctrl Pts',(18.005166604763,-17.4409424986276,5.30155690682789));
#10648=CARTESIAN_POINT('Ctrl Pts',(18.0526136815548,-18.4409424986276,5.26228227162868));
#10649=CARTESIAN_POINT('Ctrl Pts',(18.0526136815548,-17.4409424986276,5.26228227162868));
#10650=CARTESIAN_POINT('',(18.0526136815548,-18.4409424986276,5.26228227162868));
#10651=CARTESIAN_POINT('',(18.0526136815548,-18.4409424986276,5.26228227162868));
#10652=CARTESIAN_POINT('Ctrl Pts',(17.7249073445797,-18.4409424986276,5.39693870091945));
#10653=CARTESIAN_POINT('Ctrl Pts',(17.7867305722157,-18.4409424986276,5.39141250695568));
#10654=CARTESIAN_POINT('Ctrl Pts',(17.909915868865,-18.4409424986276,5.38040134062227));
#10655=CARTESIAN_POINT('Ctrl Pts',(18.005166604763,-18.4409424986276,5.30155690682789));
#10656=CARTESIAN_POINT('Ctrl Pts',(18.0526136815548,-18.4409424986276,5.26228227162868));
#10657=CARTESIAN_POINT('Ctrl Pts',(18.0526136815548,-18.4409424986276,5.26228227162868));
#10658=CARTESIAN_POINT('Ctrl Pts',(18.0526136815548,-17.4409424986276,5.26228227162868));
#10659=CARTESIAN_POINT('Ctrl Pts',(18.0918983103852,-18.4409424986276,5.21524696706176));
#10660=CARTESIAN_POINT('Ctrl Pts',(18.0918983103852,-17.4409424986276,5.21524696706176));
#10661=CARTESIAN_POINT('Ctrl Pts',(18.1702377738242,-18.4409424986276,5.1214514894879));
#10662=CARTESIAN_POINT('Ctrl Pts',(18.1702377738242,-17.4409424986276,5.1214514894879));
#10663=CARTESIAN_POINT('Ctrl Pts',(18.1816268482104,-18.4409424986276,4.99979701755551));
#10664=CARTESIAN_POINT('Ctrl Pts',(18.1816268482104,-17.4409424986276,4.99979701755551));
#10665=CARTESIAN_POINT('Ctrl Pts',(18.1873046815395,-18.4409424986276,4.9391482069543));
#10666=CARTESIAN_POINT('Ctrl Pts',(18.1873046815395,-17.4409424986276,4.9391482069543));
#10667=CARTESIAN_POINT('',(18.1873046815395,-18.4409424986276,4.9391482069543));
#10668=CARTESIAN_POINT('',(18.1873046815395,-18.4409424986276,4.9391482069543));
#10669=CARTESIAN_POINT('Ctrl Pts',(18.0526136815548,-18.4409424986276,5.26228227162868));
#10670=CARTESIAN_POINT('Ctrl Pts',(18.0918983103852,-18.4409424986276,5.21524696706176));
#10671=CARTESIAN_POINT('Ctrl Pts',(18.1702377738242,-18.4409424986276,5.1214514894879));
#10672=CARTESIAN_POINT('Ctrl Pts',(18.1816268482104,-18.4409424986276,4.99979701755551));
#10673=CARTESIAN_POINT('Ctrl Pts',(18.1873046815395,-18.4409424986276,4.9391482069543));
#10674=CARTESIAN_POINT('Origin',(18.1873046815395,-18.4409424986276,4.9391482069543));
#10675=CARTESIAN_POINT('',(18.1873046815395,-18.4409424986276,3.03566731954127));
#10676=CARTESIAN_POINT('',(18.1873046815395,-18.4409424986276,3.03566731954127));
#10677=CARTESIAN_POINT('',(18.1873046815395,-18.4409424986276,7.75404520774394));
#10678=CARTESIAN_POINT('Ctrl Pts',(18.1873046815395,-18.4409424986276,3.03566731954127));
#10679=CARTESIAN_POINT('Ctrl Pts',(18.1873046815395,-17.4409424986276,3.03566731954127));
#10680=CARTESIAN_POINT('Ctrl Pts',(18.1817499136162,-18.4409424986276,2.97474147017653));
#10681=CARTESIAN_POINT('Ctrl Pts',(18.1817499136162,-17.4409424986276,2.97474147017653));
#10682=CARTESIAN_POINT('Ctrl Pts',(18.1706487251907,-18.4409424986276,2.85298132769866));
#10683=CARTESIAN_POINT('Ctrl Pts',(18.1706487251907,-17.4409424986276,2.85298132769866));
#10684=CARTESIAN_POINT('Ctrl Pts',(18.092590808608,-18.4409424986276,2.75888342737287));
#10685=CARTESIAN_POINT('Ctrl Pts',(18.092590808608,-17.4409424986276,2.75888342737287));
#10686=CARTESIAN_POINT('Ctrl Pts',(18.0535911977291,-18.4409424986276,2.71186985517055));
#10687=CARTESIAN_POINT('Ctrl Pts',(18.0535911977291,-17.4409424986276,2.71186985517055));
#10688=CARTESIAN_POINT('',(18.0535911977291,-18.4409424986276,2.71186985517055));
#10689=CARTESIAN_POINT('',(18.0535911977291,-18.4409424986276,2.71186985517055));
#10690=CARTESIAN_POINT('Ctrl Pts',(18.1873046815395,-18.4409424986276,3.03566731954127));
#10691=CARTESIAN_POINT('Ctrl Pts',(18.1817499136162,-18.4409424986276,2.97474147017653));
#10692=CARTESIAN_POINT('Ctrl Pts',(18.1706487251907,-18.4409424986276,2.85298132769866));
#10693=CARTESIAN_POINT('Ctrl Pts',(18.092590808608,-18.4409424986276,2.75888342737287));
#10694=CARTESIAN_POINT('Ctrl Pts',(18.0535911977291,-18.4409424986276,2.71186985517055));
#10695=CARTESIAN_POINT('Ctrl Pts',(18.0535911977291,-18.4409424986276,2.71186985517055));
#10696=CARTESIAN_POINT('Ctrl Pts',(18.0535911977291,-17.4409424986276,2.71186985517055));
#10697=CARTESIAN_POINT('Ctrl Pts',(18.0062762021668,-18.4409424986276,2.67278918568778));
#10698=CARTESIAN_POINT('Ctrl Pts',(18.0062762021668,-17.4409424986276,2.67278918568778));
#10699=CARTESIAN_POINT('Ctrl Pts',(17.9109709146416,-18.4409424986276,2.59407007354434));
#10700=CARTESIAN_POINT('Ctrl Pts',(17.9109709146416,-17.4409424986276,2.59407007354434));
#10701=CARTESIAN_POINT('Ctrl Pts',(17.7877777976971,-18.4409424986276,2.58330001239458));
#10702=CARTESIAN_POINT('Ctrl Pts',(17.7877777976971,-17.4409424986276,2.58330001239458));
#10703=CARTESIAN_POINT('Ctrl Pts',(17.7257447898388,-18.4409424986276,2.57787682557612));
#10704=CARTESIAN_POINT('Ctrl Pts',(17.7257447898388,-17.4409424986276,2.57787682557612));
#10705=CARTESIAN_POINT('',(17.7257447898388,-18.4409424986276,2.57787682557612));
#10706=CARTESIAN_POINT('',(17.7257447898388,-18.4409424986276,2.57787682557612));
#10707=CARTESIAN_POINT('Ctrl Pts',(18.0535911977291,-18.4409424986276,2.71186985517055));
#10708=CARTESIAN_POINT('Ctrl Pts',(18.0062762021668,-18.4409424986276,2.67278918568778));
#10709=CARTESIAN_POINT('Ctrl Pts',(17.9109709146416,-18.4409424986276,2.59407007354434));
#10710=CARTESIAN_POINT('Ctrl Pts',(17.7877777976971,-18.4409424986276,2.58330001239458));
#10711=CARTESIAN_POINT('Ctrl Pts',(17.7257447898388,-18.4409424986276,2.57787682557612));
#10712=CARTESIAN_POINT('Origin',(17.7257447898388,-18.4409424986276,2.57787682557612));
#10713=CARTESIAN_POINT('',(14.7575765311718,-18.4409424986276,2.57787682557612));
#10714=CARTESIAN_POINT('',(14.7575765311718,-18.4409424986276,2.57787682557612));
#10715=CARTESIAN_POINT('',(10.7878723949194,-18.4409424986276,2.57787682557612));
#10716=CARTESIAN_POINT('Ctrl Pts',(14.7575765311718,-18.4409424986276,2.57787682557612));
#10717=CARTESIAN_POINT('Ctrl Pts',(14.7575765311718,-17.4409424986276,2.57787682557612));
#10718=CARTESIAN_POINT('Ctrl Pts',(14.6957613201074,-18.4409424986276,2.5835070151829));
#10719=CARTESIAN_POINT('Ctrl Pts',(14.6957613201074,-17.4409424986276,2.5835070151829));
#10720=CARTESIAN_POINT('Ctrl Pts',(14.5726624024561,-18.4409424986276,2.59471898445118));
#10721=CARTESIAN_POINT('Ctrl Pts',(14.5726624024561,-17.4409424986276,2.59471898445118));
#10722=CARTESIAN_POINT('Ctrl Pts',(14.4789615357274,-18.4409424986276,2.67528592945046));
#10723=CARTESIAN_POINT('Ctrl Pts',(14.4789615357274,-17.4409424986276,2.67528592945046));
#10724=CARTESIAN_POINT('Ctrl Pts',(14.432313388586,-18.4409424986276,2.71539546990901));
#10725=CARTESIAN_POINT('Ctrl Pts',(14.432313388586,-17.4409424986276,2.71539546990901));
#10726=CARTESIAN_POINT('',(14.432313388586,-18.4409424986276,2.71539546990901));
#10727=CARTESIAN_POINT('',(14.432313388586,-18.4409424986276,2.71539546990901));
#10728=CARTESIAN_POINT('Ctrl Pts',(14.7575765311718,-18.4409424986276,2.57787682557612));
#10729=CARTESIAN_POINT('Ctrl Pts',(14.6957613201074,-18.4409424986276,2.5835070151829));
#10730=CARTESIAN_POINT('Ctrl Pts',(14.5726624024561,-18.4409424986276,2.59471898445118));
#10731=CARTESIAN_POINT('Ctrl Pts',(14.4789615357274,-18.4409424986276,2.67528592945046));
#10732=CARTESIAN_POINT('Ctrl Pts',(14.432313388586,-18.4409424986276,2.71539546990901));
#10733=CARTESIAN_POINT('Ctrl Pts',(14.432313388586,-18.4409424986276,2.71539546990901));
#10734=CARTESIAN_POINT('Ctrl Pts',(14.432313388586,-17.4409424986276,2.71539546990901));
#10735=CARTESIAN_POINT('Ctrl Pts',(14.3938631110083,-18.4409424986276,2.76354745673761));
#10736=CARTESIAN_POINT('Ctrl Pts',(14.3938631110083,-17.4409424986276,2.76354745673761));
#10737=CARTESIAN_POINT('Ctrl Pts',(14.3168289999566,-18.4409424986276,2.86001868488972));
#10738=CARTESIAN_POINT('Ctrl Pts',(14.3168289999566,-17.4409424986276,2.86001868488972));
#10739=CARTESIAN_POINT('Ctrl Pts',(14.3059386320147,-18.4409424986276,2.98300358889155));
#10740=CARTESIAN_POINT('Ctrl Pts',(14.3059386320147,-17.4409424986276,2.98300358889155));
#10741=CARTESIAN_POINT('Ctrl Pts',(14.300484007597,-18.4409424986276,3.04460265183955));
#10742=CARTESIAN_POINT('Ctrl Pts',(14.300484007597,-17.4409424986276,3.04460265183955));
#10743=CARTESIAN_POINT('',(14.300484007597,-18.4409424986276,3.04460265183955));
#10744=CARTESIAN_POINT('',(14.300484007597,-18.4409424986276,3.04460265183955));
#10745=CARTESIAN_POINT('Ctrl Pts',(14.432313388586,-18.4409424986276,2.71539546990901));
#10746=CARTESIAN_POINT('Ctrl Pts',(14.3938631110083,-18.4409424986276,2.76354745673761));
#10747=CARTESIAN_POINT('Ctrl Pts',(14.3168289999566,-18.4409424986276,2.86001868488972));
#10748=CARTESIAN_POINT('Ctrl Pts',(14.3059386320147,-18.4409424986276,2.98300358889155));
#10749=CARTESIAN_POINT('Ctrl Pts',(14.300484007597,-18.4409424986276,3.04460265183955));
#10750=CARTESIAN_POINT('Ctrl Pts',(14.300484007597,-18.4409424986276,3.04460265183955));
#10751=CARTESIAN_POINT('Ctrl Pts',(14.300484007597,-17.4409424986276,3.04460265183955));
#10752=CARTESIAN_POINT('Ctrl Pts',(14.3061286579807,-18.4409424986276,3.10438502567027));
#10753=CARTESIAN_POINT('Ctrl Pts',(14.3061286579807,-17.4409424986276,3.10438502567027));
#10754=CARTESIAN_POINT('Ctrl Pts',(14.3174493059935,-18.4409424986276,3.22428177134867));
#10755=CARTESIAN_POINT('Ctrl Pts',(14.3174493059935,-17.4409424986276,3.22428177134867));
#10756=CARTESIAN_POINT('Ctrl Pts',(14.3953962449471,-18.4409424986276,3.31611033921088));
#10757=CARTESIAN_POINT('Ctrl Pts',(14.3953962449471,-17.4409424986276,3.31611033921088));
#10758=CARTESIAN_POINT('Ctrl Pts',(14.4344776332378,-18.4409424986276,3.36215176129848));
#10759=CARTESIAN_POINT('Ctrl Pts',(14.4344776332378,-17.4409424986276,3.36215176129848));
#10760=CARTESIAN_POINT('',(14.4344776332378,-18.4409424986276,3.36215176129848));
#10761=CARTESIAN_POINT('',(14.4344776332378,-18.4409424986276,3.36215176129848));
#10762=CARTESIAN_POINT('Ctrl Pts',(14.300484007597,-18.4409424986276,3.04460265183955));
#10763=CARTESIAN_POINT('Ctrl Pts',(14.3061286579807,-18.4409424986276,3.10438502567027));
#10764=CARTESIAN_POINT('Ctrl Pts',(14.3174493059935,-18.4409424986276,3.22428177134867));
#10765=CARTESIAN_POINT('Ctrl Pts',(14.3953962449471,-18.4409424986276,3.31611033921088));
#10766=CARTESIAN_POINT('Ctrl Pts',(14.4344776332378,-18.4409424986276,3.36215176129848));
#10767=CARTESIAN_POINT('Origin',(30.1184937358866,-17.9409424986276,5.00825681233913));
#10768=CARTESIAN_POINT('',(11.8832277715206,-17.9409424986276,2.86345459962398));
#10769=CARTESIAN_POINT('',(10.8064642012119,-17.9409424986276,4.74459805036097));
#10770=CARTESIAN_POINT('',(13.6709566254741,-17.9409424986276,-0.259769957781943));
#10771=CARTESIAN_POINT('',(12.2926425397396,-17.9409424986276,2.56894149327785));
#10772=CARTESIAN_POINT('Ctrl Pts',(12.2926425397396,-17.9409424986276,2.56894149327785));
#10773=CARTESIAN_POINT('Ctrl Pts',(12.2078327758674,-17.9409424986276,2.58415894658733));
#10774=CARTESIAN_POINT('Ctrl Pts',(12.1230230119952,-17.9409424986276,2.59937639989681));
#10775=CARTESIAN_POINT('Ctrl Pts',(12.0574822485447,-17.9409424986276,2.64256991887599));
#10776=CARTESIAN_POINT('Ctrl Pts',(11.9826517772457,-17.9409424986276,2.69188566089838));
#10777=CARTESIAN_POINT('Ctrl Pts',(11.9329397743831,-17.9409424986276,2.77767013026118));
#10778=CARTESIAN_POINT('Ctrl Pts',(11.8832277715206,-17.9409424986276,2.86345459962398));
#10779=CARTESIAN_POINT('',(12.6196854770184,-17.9409424986276,2.69986369157344));
#10780=CARTESIAN_POINT('Ctrl Pts',(12.6196854770184,-17.9409424986276,2.69986369157344));
#10781=CARTESIAN_POINT('Ctrl Pts',(12.572122029376,-17.9409424986276,2.66167849556529));
#10782=CARTESIAN_POINT('Ctrl Pts',(12.5245585817336,-17.9409424986276,2.62349329955715));
#10783=CARTESIAN_POINT('Ctrl Pts',(12.4704217374325,-17.9409424986276,2.60167219186335));
#10784=CARTESIAN_POINT('Ctrl Pts',(12.4156479881123,-17.9409424986276,2.57959436486515));
#10785=CARTESIAN_POINT('Ctrl Pts',(12.3541452639259,-17.9409424986276,2.5742679290715));
#10786=CARTESIAN_POINT('Ctrl Pts',(12.2926425397396,-17.9409424986276,2.56894149327785));
#10787=CARTESIAN_POINT('',(12.7546911895275,-17.9409424986276,3.02275278115779));
#10788=CARTESIAN_POINT('Ctrl Pts',(12.7546911895275,-17.9409424986276,3.02275278115779));
#10789=CARTESIAN_POINT('Ctrl Pts',(12.7491977069494,-17.9409424986276,2.96143551238885));
#10790=CARTESIAN_POINT('Ctrl Pts',(12.7437042243713,-17.9409424986276,2.90011824361991));
#10791=CARTESIAN_POINT('Ctrl Pts',(12.7209400594234,-17.9409424986276,2.84604706311732));
#10792=CARTESIAN_POINT('Ctrl Pts',(12.6984383540972,-17.9409424986276,2.79259929672235));
#10793=CARTESIAN_POINT('Ctrl Pts',(12.6590619155578,-17.9409424986276,2.74623149414789));
#10794=CARTESIAN_POINT('Ctrl Pts',(12.6196854770184,-17.9409424986276,2.69986369157344));
#10795=CARTESIAN_POINT('',(12.7019875705242,-17.9409424986276,3.2245633795312));
#10796=CARTESIAN_POINT('Ctrl Pts',(12.7019875705242,-17.9409424986276,3.2245633795312));
#10797=CARTESIAN_POINT('Ctrl Pts',(12.7173430588439,-17.9409424986276,3.19496868340286));
#10798=CARTESIAN_POINT('Ctrl Pts',(12.7326985471636,-17.9409424986276,3.16537398727452));
#10799=CARTESIAN_POINT('Ctrl Pts',(12.7415149867535,-17.9409424986276,3.1340066387704));
#10800=CARTESIAN_POINT('Ctrl Pts',(12.751511364657,-17.9409424986276,3.09844127632661));
#10801=CARTESIAN_POINT('Ctrl Pts',(12.7531012770922,-17.9409424986276,3.0605970287422));
#10802=CARTESIAN_POINT('Ctrl Pts',(12.7546911895275,-17.9409424986276,3.02275278115779));
#10803=CARTESIAN_POINT('',(11.3280575931072,-17.9409424986276,5.56307770753413));
#10804=CARTESIAN_POINT('',(13.8600944884185,-17.9409424986276,1.25339333056935));
#10805=CARTESIAN_POINT('',(12.6975893437862,-17.9409424986276,7.8724829151681));
#10806=CARTESIAN_POINT('',(14.3355462456708,-17.9409424986276,10.6345263633881));
#10807=CARTESIAN_POINT('',(12.7680938899517,-17.9409424986276,8.11624743485957));
#10808=CARTESIAN_POINT('Ctrl Pts',(12.7680938899517,-17.9409424986276,8.11624743485957));
#10809=CARTESIAN_POINT('Ctrl Pts',(12.7647698409782,-17.9409424986276,8.07438692352403));
#10810=CARTESIAN_POINT('Ctrl Pts',(12.7614457920046,-17.9409424986276,8.03252641218848));
#10811=CARTESIAN_POINT('Ctrl Pts',(12.750293558836,-17.9409424986276,7.99289949679881));
#10812=CARTESIAN_POINT('Ctrl Pts',(12.7385310613652,-17.9409424986276,7.95110414648683));
#10813=CARTESIAN_POINT('Ctrl Pts',(12.7180602025757,-17.9409424986276,7.91179353082746));
#10814=CARTESIAN_POINT('Ctrl Pts',(12.6975893437862,-17.9409424986276,7.8724829151681));
#10815=CARTESIAN_POINT('',(12.6243274867535,-17.9409424986276,8.43599535966426));
#10816=CARTESIAN_POINT('Ctrl Pts',(12.6243274867535,-17.9409424986276,8.43599535966426));
#10817=CARTESIAN_POINT('Ctrl Pts',(12.6662571776003,-17.9409424986276,8.38986342414425));
#10818=CARTESIAN_POINT('Ctrl Pts',(12.7081868684471,-17.9409424986276,8.34373148862424));
#10819=CARTESIAN_POINT('Ctrl Pts',(12.7321522891521,-17.9409424986276,8.28958549047023));
#10820=CARTESIAN_POINT('Ctrl Pts',(12.7554844550714,-17.9409424986276,8.23687022924705));
#10821=CARTESIAN_POINT('Ctrl Pts',(12.7617891725115,-17.9409424986276,8.17655883205331));
#10822=CARTESIAN_POINT('Ctrl Pts',(12.7680938899517,-17.9409424986276,8.11624743485957));
#10823=CARTESIAN_POINT('',(12.2901296079159,-17.9409424986276,8.56894173169642));
#10824=CARTESIAN_POINT('Ctrl Pts',(12.2901296079159,-17.9409424986276,8.56894173169642));
#10825=CARTESIAN_POINT('Ctrl Pts',(12.3518447143162,-17.9409424986276,8.56323268045346));
#10826=CARTESIAN_POINT('Ctrl Pts',(12.4135598207165,-17.9409424986276,8.5575236292105));
#10827=CARTESIAN_POINT('Ctrl Pts',(12.4688946664333,-17.9409424986276,8.53570498967677));
#10828=CARTESIAN_POINT('Ctrl Pts',(12.5250928808789,-17.9409424986276,8.51354592213905));
#10829=CARTESIAN_POINT('Ctrl Pts',(12.5747101838162,-17.9409424986276,8.47477064090166));
#10830=CARTESIAN_POINT('Ctrl Pts',(12.6243274867535,-17.9409424986276,8.43599535966426));
#10831=CARTESIAN_POINT('',(11.8872767150402,-17.9409424986276,8.32029141927272));
#10832=CARTESIAN_POINT('Ctrl Pts',(11.8872767150402,-17.9409424986276,8.32029141927272));
#10833=CARTESIAN_POINT('Ctrl Pts',(11.9395251191986,-17.9409424986276,8.39277808064553));
#10834=CARTESIAN_POINT('Ctrl Pts',(11.9917735233569,-17.9409424986276,8.46526474201834));
#10835=CARTESIAN_POINT('Ctrl Pts',(12.0626478850842,-17.9409424986276,8.5067791535905));
#10836=CARTESIAN_POINT('Ctrl Pts',(12.1279376015989,-17.9409424986276,8.54502237859834));
#10837=CARTESIAN_POINT('Ctrl Pts',(12.2090336047574,-17.9409424986276,8.55698205514738));
#10838=CARTESIAN_POINT('Ctrl Pts',(12.2901296079159,-17.9409424986276,8.56894173169642));
#10839=CARTESIAN_POINT('',(10.8121883332729,-17.9409424986276,6.40382625604182));
#10840=CARTESIAN_POINT('',(12.8250816069533,-17.9409424986276,9.9920334227576));
#10841=CARTESIAN_POINT('',(9.71329579353332,-17.9409424986276,8.34974982286006));
#10842=CARTESIAN_POINT('',(12.895589559089,-17.9409424986276,2.71453053526623));
#10843=CARTESIAN_POINT('',(9.31686515212059,-17.9409424986276,8.56894173169642));
#10844=CARTESIAN_POINT('Ctrl Pts',(9.31686515212059,-17.9409424986276,8.56894173169642));
#10845=CARTESIAN_POINT('Ctrl Pts',(9.40038385231598,-17.9409424986276,8.56054144971623));
#10846=CARTESIAN_POINT('Ctrl Pts',(9.48390255251138,-17.9409424986276,8.55214116773604));
#10847=CARTESIAN_POINT('Ctrl Pts',(9.55083886384964,-17.9409424986276,8.51414360547572));
#10848=CARTESIAN_POINT('Ctrl Pts',(9.61521736830586,-17.9409424986276,8.47759802681454));
#10849=CARTESIAN_POINT('Ctrl Pts',(9.6642565809196,-17.9409424986276,8.4136739248373));
#10850=CARTESIAN_POINT('Ctrl Pts',(9.71329579353332,-17.9409424986276,8.34974982286006));
#10851=CARTESIAN_POINT('',(8.9998743891716,-17.9409424986276,8.43536712670833));
#10852=CARTESIAN_POINT('Ctrl Pts',(8.9998743891716,-17.9409424986276,8.43536712670833));
#10853=CARTESIAN_POINT('Ctrl Pts',(9.04671247935228,-17.9409424986276,8.47432350961362));
#10854=CARTESIAN_POINT('Ctrl Pts',(9.09355056953297,-17.9409424986276,8.51327989251891));
#10855=CARTESIAN_POINT('Ctrl Pts',(9.14735788702965,-17.9409424986276,8.53554793143779));
#10856=CARTESIAN_POINT('Ctrl Pts',(9.19949767106311,-17.9409424986276,8.55712586533406));
#10857=CARTESIAN_POINT('Ctrl Pts',(9.25818141159185,-17.9409424986276,8.56303379851524));
#10858=CARTESIAN_POINT('Ctrl Pts',(9.31686515212059,-17.9409424986276,8.56894173169642));
#10859=CARTESIAN_POINT('',(8.86340284943581,-17.9409424986276,8.12476374650508));
#10860=CARTESIAN_POINT('Ctrl Pts',(8.86340284943581,-17.9409424986276,8.12476374650508));
#10861=CARTESIAN_POINT('Ctrl Pts',(8.86955918596666,-17.9409424986276,8.18241623674616));
#10862=CARTESIAN_POINT('Ctrl Pts',(8.87571552249752,-17.9409424986276,8.24006872698724));
#10863=CARTESIAN_POINT('Ctrl Pts',(8.89752069711685,-17.9409424986276,8.29092897916347));
#10864=CARTESIAN_POINT('Ctrl Pts',(8.92027653101507,-17.9409424986276,8.34400663026));
#10865=CARTESIAN_POINT('Ctrl Pts',(8.96007546009334,-17.9409424986276,8.38968687848416));
#10866=CARTESIAN_POINT('Ctrl Pts',(8.9998743891716,-17.9409424986276,8.43536712670833));
#10867=CARTESIAN_POINT('',(8.95317385196686,-17.9409424986276,7.82948233628779));
#10868=CARTESIAN_POINT('Ctrl Pts',(8.95317385196686,-17.9409424986276,7.82948233628779));
#10869=CARTESIAN_POINT('Ctrl Pts',(8.9269676832261,-17.9409424986276,7.87876008945921));
#10870=CARTESIAN_POINT('Ctrl Pts',(8.90076151448535,-17.9409424986276,7.92803784263064));
#10871=CARTESIAN_POINT('Ctrl Pts',(8.88574095666409,-17.9409424986276,7.98061348939448));
#10872=CARTESIAN_POINT('Ctrl Pts',(8.87250133239015,-17.9409424986276,8.02695543071219));
#10873=CARTESIAN_POINT('Ctrl Pts',(8.86795209091298,-17.9409424986276,8.07585958860864));
#10874=CARTESIAN_POINT('Ctrl Pts',(8.86340284943581,-17.9409424986276,8.12476374650508));
#10875=CARTESIAN_POINT('',(10.2858480274677,-17.9409424986276,5.57117499852687));
#10876=CARTESIAN_POINT('',(12.9703654767845,-17.9409424986276,1.02207697772904));
#10877=CARTESIAN_POINT('',(8.91568789482117,-17.9409424986276,3.15007962728053));
#10878=CARTESIAN_POINT('',(11.8856266702615,-17.9409424986276,8.3980100339365));
#10879=CARTESIAN_POINT('',(8.85,-17.9409424986276,3.02184559846431));
#10880=CARTESIAN_POINT('Ctrl Pts',(8.85,-17.9409424986276,3.02184559846431));
#10881=CARTESIAN_POINT('Ctrl Pts',(8.84861649682241,-17.9409424986276,3.05852207866478));
#10882=CARTESIAN_POINT('Ctrl Pts',(8.84723299364483,-17.9409424986276,3.09519855886525));
#10883=CARTESIAN_POINT('Ctrl Pts',(8.86642197370529,-17.9409424986276,3.11830021882564));
#10884=CARTESIAN_POINT('Ctrl Pts',(8.87791984815105,-17.9409424986276,3.13214253795236));
#10885=CARTESIAN_POINT('Ctrl Pts',(8.89680387148611,-17.9409424986276,3.14111108261645));
#10886=CARTESIAN_POINT('Ctrl Pts',(8.91568789482117,-17.9409424986276,3.15007962728053));
#10887=CARTESIAN_POINT('',(8.98716958463192,-17.9409424986276,2.70890333200007));
#10888=CARTESIAN_POINT('Ctrl Pts',(8.98716958463192,-17.9409424986276,2.70890333200008));
#10889=CARTESIAN_POINT('Ctrl Pts',(8.94717617486693,-17.9409424986276,2.75585805200075));
#10890=CARTESIAN_POINT('Ctrl Pts',(8.90718276510195,-17.9409424986276,2.80281277200143));
#10891=CARTESIAN_POINT('Ctrl Pts',(8.88429234027863,-17.9409424986276,2.85711981797725));
#10892=CARTESIAN_POINT('Ctrl Pts',(8.86294517952191,-17.9409424986276,2.90776550278285));
#10893=CARTESIAN_POINT('Ctrl Pts',(8.85647258976095,-17.9409424986276,2.96480555062358));
#10894=CARTESIAN_POINT('Ctrl Pts',(8.85,-17.9409424986276,3.02184559846431));
#10895=CARTESIAN_POINT('',(9.32014608979225,-17.9409424986276,2.56894149327785));
#10896=CARTESIAN_POINT('Ctrl Pts',(9.32014608979225,-17.9409424986276,2.56894149327785));
#10897=CARTESIAN_POINT('Ctrl Pts',(9.2573149179977,-17.9409424986276,2.57477868445345));
#10898=CARTESIAN_POINT('Ctrl Pts',(9.19448374620315,-17.9409424986276,2.58061587562906));
#10899=CARTESIAN_POINT('Ctrl Pts',(9.13899848461151,-17.9409424986276,2.60393180394679));
#10900=CARTESIAN_POINT('Ctrl Pts',(9.08348693648057,-17.9409424986276,2.62725877835223));
#10901=CARTESIAN_POINT('Ctrl Pts',(9.03532826055624,-17.9409424986276,2.66808105517615));
#10902=CARTESIAN_POINT('Ctrl Pts',(8.98716958463192,-17.9409424986276,2.70890333200008));
#10903=CARTESIAN_POINT('',(9.6770663022995,-17.9409424986276,2.74450459027797));
#10904=CARTESIAN_POINT('Ctrl Pts',(9.6770663022995,-17.9409424986276,2.74450459027797));
#10905=CARTESIAN_POINT('Ctrl Pts',(9.63581106420434,-17.9409424986276,2.69340778310633));
#10906=CARTESIAN_POINT('Ctrl Pts',(9.59455582610917,-17.9409424986276,2.6423109759347));
#10907=CARTESIAN_POINT('Ctrl Pts',(9.54193854928017,-17.9409424986276,2.61283196950465));
#10908=CARTESIAN_POINT('Ctrl Pts',(9.47888513809867,-17.9409424986276,2.57750608368018));
#10909=CARTESIAN_POINT('Ctrl Pts',(9.39951561394546,-17.9409424986276,2.57322378847901));
#10910=CARTESIAN_POINT('Ctrl Pts',(9.32014608979225,-17.9409424986276,2.56894149327785));
#10911=CARTESIAN_POINT('',(13.1974092015009,-17.9409424986276,8.97881299188085));
#10912=CARTESIAN_POINT('Origin',(9.71329579353332,-18.4409424986276,8.34974982286006));
#10913=CARTESIAN_POINT('',(10.8121883332729,-18.4409424986276,6.40382625604182));
#10914=CARTESIAN_POINT('',(10.8121883332729,-18.4409424986276,6.40382625604182));
#10915=CARTESIAN_POINT('',(9.71329579353332,-18.4409424986276,8.34974982286006));
#10916=CARTESIAN_POINT('',(8.52934407506688,-18.4409424986276,10.446296543875));
#10917=CARTESIAN_POINT('',(9.71329579353332,-18.4409424986276,8.34974982286006));
#10918=CARTESIAN_POINT('Origin',(10.8121883332729,-18.4409424986276,6.40382625604182));
#10919=CARTESIAN_POINT('',(11.8872767150402,-18.4409424986276,8.32029141927272));
#10920=CARTESIAN_POINT('',(11.8872767150402,-18.4409424986276,8.32029141927272));
#10921=CARTESIAN_POINT('',(10.8675532139736,-18.4409424986276,6.5025203419688));
#10922=CARTESIAN_POINT('Ctrl Pts',(11.8872767150402,-18.4409424986276,8.32029141927272));
#10923=CARTESIAN_POINT('Ctrl Pts',(11.8872767150402,-17.4409424986276,8.32029141927272));
#10924=CARTESIAN_POINT('Ctrl Pts',(11.9395251191986,-18.4409424986276,8.39277808064553));
#10925=CARTESIAN_POINT('Ctrl Pts',(11.9395251191986,-17.4409424986276,8.39277808064553));
#10926=CARTESIAN_POINT('Ctrl Pts',(12.0399049408782,-18.4409424986276,8.53203971475593));
#10927=CARTESIAN_POINT('Ctrl Pts',(12.0399049408782,-17.4409424986276,8.53203971475593));
#10928=CARTESIAN_POINT('Ctrl Pts',(12.2090336047574,-18.4409424986276,8.55698205514738));
#10929=CARTESIAN_POINT('Ctrl Pts',(12.2090336047574,-17.4409424986276,8.55698205514738));
#10930=CARTESIAN_POINT('Ctrl Pts',(12.2901296079159,-18.4409424986276,8.56894173169642));
#10931=CARTESIAN_POINT('Ctrl Pts',(12.2901296079159,-17.4409424986276,8.56894173169642));
#10932=CARTESIAN_POINT('',(12.2901296079159,-18.4409424986276,8.56894173169642));
#10933=CARTESIAN_POINT('',(12.2901296079159,-18.4409424986276,8.56894173169642));
#10934=CARTESIAN_POINT('Ctrl Pts',(11.8872767150402,-18.4409424986276,8.32029141927272));
#10935=CARTESIAN_POINT('Ctrl Pts',(11.9395251191986,-18.4409424986276,8.39277808064553));
#10936=CARTESIAN_POINT('Ctrl Pts',(12.0399049408782,-18.4409424986276,8.53203971475593));
#10937=CARTESIAN_POINT('Ctrl Pts',(12.2090336047574,-18.4409424986276,8.55698205514738));
#10938=CARTESIAN_POINT('Ctrl Pts',(12.2901296079159,-18.4409424986276,8.56894173169642));
#10939=CARTESIAN_POINT('Ctrl Pts',(12.2901296079159,-18.4409424986276,8.56894173169642));
#10940=CARTESIAN_POINT('Ctrl Pts',(12.2901296079159,-17.4409424986276,8.56894173169642));
#10941=CARTESIAN_POINT('Ctrl Pts',(12.3518447143162,-18.4409424986276,8.56323268045346));
#10942=CARTESIAN_POINT('Ctrl Pts',(12.3518447143162,-17.4409424986276,8.56323268045346));
#10943=CARTESIAN_POINT('Ctrl Pts',(12.4762378446469,-18.4409424986276,8.5517255017941));
#10944=CARTESIAN_POINT('Ctrl Pts',(12.4762378446469,-17.4409424986276,8.5517255017941));
#10945=CARTESIAN_POINT('Ctrl Pts',(12.5747101838162,-18.4409424986276,8.47477064090166));
#10946=CARTESIAN_POINT('Ctrl Pts',(12.5747101838162,-17.4409424986276,8.47477064090166));
#10947=CARTESIAN_POINT('Ctrl Pts',(12.6243274867535,-18.4409424986276,8.43599535966426));
#10948=CARTESIAN_POINT('Ctrl Pts',(12.6243274867535,-17.4409424986276,8.43599535966426));
#10949=CARTESIAN_POINT('',(12.6243274867535,-18.4409424986276,8.43599535966426));
#10950=CARTESIAN_POINT('',(12.6243274867535,-18.4409424986276,8.43599535966426));
#10951=CARTESIAN_POINT('Ctrl Pts',(12.2901296079159,-18.4409424986276,8.56894173169642));
#10952=CARTESIAN_POINT('Ctrl Pts',(12.3518447143162,-18.4409424986276,8.56323268045346));
#10953=CARTESIAN_POINT('Ctrl Pts',(12.4762378446469,-18.4409424986276,8.5517255017941));
#10954=CARTESIAN_POINT('Ctrl Pts',(12.5747101838162,-18.4409424986276,8.47477064090166));
#10955=CARTESIAN_POINT('Ctrl Pts',(12.6243274867535,-18.4409424986276,8.43599535966426));
#10956=CARTESIAN_POINT('Ctrl Pts',(12.6243274867535,-18.4409424986276,8.43599535966426));
#10957=CARTESIAN_POINT('Ctrl Pts',(12.6243274867535,-17.4409424986276,8.43599535966426));
#10958=CARTESIAN_POINT('Ctrl Pts',(12.6662571776003,-18.4409424986276,8.38986342414425));
#10959=CARTESIAN_POINT('Ctrl Pts',(12.6662571776003,-17.4409424986276,8.38986342414425));
#10960=CARTESIAN_POINT('Ctrl Pts',(12.7490086222489,-18.4409424986276,8.29881852894897));
#10961=CARTESIAN_POINT('Ctrl Pts',(12.7490086222489,-17.4409424986276,8.29881852894897));
#10962=CARTESIAN_POINT('Ctrl Pts',(12.7617891725115,-18.4409424986276,8.17655883205331));
#10963=CARTESIAN_POINT('Ctrl Pts',(12.7617891725115,-17.4409424986276,8.17655883205331));
#10964=CARTESIAN_POINT('Ctrl Pts',(12.7680938899517,-18.4409424986276,8.11624743485957));
#10965=CARTESIAN_POINT('Ctrl Pts',(12.7680938899517,-17.4409424986276,8.11624743485957));
#10966=CARTESIAN_POINT('',(12.7680938899517,-18.4409424986276,8.11624743485957));
#10967=CARTESIAN_POINT('',(12.7680938899517,-18.4409424986276,8.11624743485957));
#10968=CARTESIAN_POINT('Ctrl Pts',(12.6243274867535,-18.4409424986276,8.43599535966426));
#10969=CARTESIAN_POINT('Ctrl Pts',(12.6662571776003,-18.4409424986276,8.38986342414425));
#10970=CARTESIAN_POINT('Ctrl Pts',(12.7490086222489,-18.4409424986276,8.29881852894897));
#10971=CARTESIAN_POINT('Ctrl Pts',(12.7617891725115,-18.4409424986276,8.17655883205331));
#10972=CARTESIAN_POINT('Ctrl Pts',(12.7680938899517,-18.4409424986276,8.11624743485957));
#10973=CARTESIAN_POINT('Ctrl Pts',(12.7680938899517,-18.4409424986276,8.11624743485957));
#10974=CARTESIAN_POINT('Ctrl Pts',(12.7680938899517,-17.4409424986276,8.11624743485957));
#10975=CARTESIAN_POINT('Ctrl Pts',(12.7647698409782,-18.4409424986276,8.07438692352403));
#10976=CARTESIAN_POINT('Ctrl Pts',(12.7647698409782,-17.4409424986276,8.07438692352403));
#10977=CARTESIAN_POINT('Ctrl Pts',(12.7579398468677,-18.4409424986276,7.98837524073585));
#10978=CARTESIAN_POINT('Ctrl Pts',(12.7579398468677,-17.4409424986276,7.98837524073585));
#10979=CARTESIAN_POINT('Ctrl Pts',(12.7180602025757,-18.4409424986276,7.91179353082746));
#10980=CARTESIAN_POINT('Ctrl Pts',(12.7180602025757,-17.4409424986276,7.91179353082746));
#10981=CARTESIAN_POINT('Ctrl Pts',(12.6975893437862,-18.4409424986276,7.8724829151681));
#10982=CARTESIAN_POINT('Ctrl Pts',(12.6975893437862,-17.4409424986276,7.8724829151681));
#10983=CARTESIAN_POINT('',(12.6975893437862,-18.4409424986276,7.8724829151681));
#10984=CARTESIAN_POINT('',(12.6975893437862,-18.4409424986276,7.8724829151681));
#10985=CARTESIAN_POINT('Ctrl Pts',(12.7680938899517,-18.4409424986276,8.11624743485957));
#10986=CARTESIAN_POINT('Ctrl Pts',(12.7647698409782,-18.4409424986276,8.07438692352403));
#10987=CARTESIAN_POINT('Ctrl Pts',(12.7579398468677,-18.4409424986276,7.98837524073585));
#10988=CARTESIAN_POINT('Ctrl Pts',(12.7180602025757,-18.4409424986276,7.91179353082746));
#10989=CARTESIAN_POINT('Ctrl Pts',(12.6975893437862,-18.4409424986276,7.8724829151681));
#10990=CARTESIAN_POINT('Origin',(12.6975893437862,-18.4409424986276,7.8724829151681));
#10991=CARTESIAN_POINT('',(11.3280575931072,-18.4409424986276,5.56307770753413));
#10992=CARTESIAN_POINT('',(11.3280575931072,-18.4409424986276,5.56307770753413));
#10993=CARTESIAN_POINT('',(12.1381252507516,-18.4409424986276,6.9290733963323));
#10994=CARTESIAN_POINT('Origin',(11.3280575931072,-18.4409424986276,5.56307770753413));
#10995=CARTESIAN_POINT('',(12.7019875705242,-18.4409424986276,3.2245633795312));
#10996=CARTESIAN_POINT('',(12.7019875705242,-18.4409424986276,3.2245633795312));
#10997=CARTESIAN_POINT('',(9.27541640267577,-18.4409424986276,9.05680075963411));
#10998=CARTESIAN_POINT('Ctrl Pts',(12.7019875705242,-18.4409424986276,3.2245633795312));
#10999=CARTESIAN_POINT('Ctrl Pts',(12.7019875705242,-17.4409424986276,3.2245633795312));
#11000=CARTESIAN_POINT('Ctrl Pts',(12.7173430588439,-18.4409424986276,3.19496868340286));
#11001=CARTESIAN_POINT('Ctrl Pts',(12.7173430588439,-17.4409424986276,3.19496868340286));
#11002=CARTESIAN_POINT('Ctrl Pts',(12.7501091200566,-18.4409424986276,3.13181851815095));
#11003=CARTESIAN_POINT('Ctrl Pts',(12.7501091200566,-17.4409424986276,3.13181851815095));
#11004=CARTESIAN_POINT('Ctrl Pts',(12.7531012770922,-18.4409424986276,3.0605970287422));
#11005=CARTESIAN_POINT('Ctrl Pts',(12.7531012770922,-17.4409424986276,3.0605970287422));
#11006=CARTESIAN_POINT('Ctrl Pts',(12.7546911895275,-18.4409424986276,3.02275278115779));
#11007=CARTESIAN_POINT('Ctrl Pts',(12.7546911895275,-17.4409424986276,3.02275278115779));
#11008=CARTESIAN_POINT('',(12.7546911895275,-18.4409424986276,3.02275278115779));
#11009=CARTESIAN_POINT('',(12.7546911895275,-18.4409424986276,3.02275278115779));
#11010=CARTESIAN_POINT('Ctrl Pts',(12.7019875705242,-18.4409424986276,3.2245633795312));
#11011=CARTESIAN_POINT('Ctrl Pts',(12.7173430588439,-18.4409424986276,3.19496868340286));
#11012=CARTESIAN_POINT('Ctrl Pts',(12.7501091200566,-18.4409424986276,3.13181851815095));
#11013=CARTESIAN_POINT('Ctrl Pts',(12.7531012770922,-18.4409424986276,3.0605970287422));
#11014=CARTESIAN_POINT('Ctrl Pts',(12.7546911895275,-18.4409424986276,3.02275278115779));
#11015=CARTESIAN_POINT('Ctrl Pts',(12.7546911895275,-18.4409424986276,3.02275278115779));
#11016=CARTESIAN_POINT('Ctrl Pts',(12.7546911895275,-17.4409424986276,3.02275278115779));
#11017=CARTESIAN_POINT('Ctrl Pts',(12.7491977069494,-18.4409424986276,2.96143551238885));
#11018=CARTESIAN_POINT('Ctrl Pts',(12.7491977069494,-17.4409424986276,2.96143551238885));
#11019=CARTESIAN_POINT('Ctrl Pts',(12.7382740789445,-18.4409424986276,2.83950793279114));
#11020=CARTESIAN_POINT('Ctrl Pts',(12.7382740789445,-17.4409424986276,2.83950793279114));
#11021=CARTESIAN_POINT('Ctrl Pts',(12.6590619155578,-18.4409424986276,2.74623149414789));
#11022=CARTESIAN_POINT('Ctrl Pts',(12.6590619155578,-17.4409424986276,2.74623149414789));
#11023=CARTESIAN_POINT('Ctrl Pts',(12.6196854770184,-18.4409424986276,2.69986369157344));
#11024=CARTESIAN_POINT('Ctrl Pts',(12.6196854770184,-17.4409424986276,2.69986369157344));
#11025=CARTESIAN_POINT('',(12.6196854770184,-18.4409424986276,2.69986369157344));
#11026=CARTESIAN_POINT('',(12.6196854770184,-18.4409424986276,2.69986369157344));
#11027=CARTESIAN_POINT('Ctrl Pts',(12.7546911895275,-18.4409424986276,3.02275278115779));
#11028=CARTESIAN_POINT('Ctrl Pts',(12.7491977069494,-18.4409424986276,2.96143551238885));
#11029=CARTESIAN_POINT('Ctrl Pts',(12.7382740789445,-18.4409424986276,2.83950793279114));
#11030=CARTESIAN_POINT('Ctrl Pts',(12.6590619155578,-18.4409424986276,2.74623149414789));
#11031=CARTESIAN_POINT('Ctrl Pts',(12.6196854770184,-18.4409424986276,2.69986369157344));
#11032=CARTESIAN_POINT('Ctrl Pts',(12.6196854770184,-18.4409424986276,2.69986369157344));
#11033=CARTESIAN_POINT('Ctrl Pts',(12.6196854770184,-17.4409424986276,2.69986369157344));
#11034=CARTESIAN_POINT('Ctrl Pts',(12.572122029376,-18.4409424986276,2.66167849556529));
#11035=CARTESIAN_POINT('Ctrl Pts',(12.572122029376,-17.4409424986276,2.66167849556529));
#11036=CARTESIAN_POINT('Ctrl Pts',(12.4764355632681,-18.4409424986276,2.5848588652658));
#11037=CARTESIAN_POINT('Ctrl Pts',(12.4764355632681,-17.4409424986276,2.5848588652658));
#11038=CARTESIAN_POINT('Ctrl Pts',(12.3541452639259,-18.4409424986276,2.5742679290715));
#11039=CARTESIAN_POINT('Ctrl Pts',(12.3541452639259,-17.4409424986276,2.5742679290715));
#11040=CARTESIAN_POINT('Ctrl Pts',(12.2926425397396,-18.4409424986276,2.56894149327785));
#11041=CARTESIAN_POINT('Ctrl Pts',(12.2926425397396,-17.4409424986276,2.56894149327785));
#11042=CARTESIAN_POINT('',(12.2926425397396,-18.4409424986276,2.56894149327785));
#11043=CARTESIAN_POINT('',(12.2926425397396,-18.4409424986276,2.56894149327785));
#11044=CARTESIAN_POINT('Ctrl Pts',(12.6196854770184,-18.4409424986276,2.69986369157344));
#11045=CARTESIAN_POINT('Ctrl Pts',(12.572122029376,-18.4409424986276,2.66167849556529));
#11046=CARTESIAN_POINT('Ctrl Pts',(12.4764355632681,-18.4409424986276,2.5848588652658));
#11047=CARTESIAN_POINT('Ctrl Pts',(12.3541452639259,-18.4409424986276,2.5742679290715));
#11048=CARTESIAN_POINT('Ctrl Pts',(12.2926425397396,-18.4409424986276,2.56894149327785));
#11049=CARTESIAN_POINT('Ctrl Pts',(12.2926425397396,-18.4409424986276,2.56894149327785));
#11050=CARTESIAN_POINT('Ctrl Pts',(12.2926425397396,-17.4409424986276,2.56894149327785));
#11051=CARTESIAN_POINT('Ctrl Pts',(12.2078327758674,-18.4409424986276,2.58415894658733));
#11052=CARTESIAN_POINT('Ctrl Pts',(12.2078327758674,-17.4409424986276,2.58415894658733));
#11053=CARTESIAN_POINT('Ctrl Pts',(12.0261923639038,-18.4409424986276,2.61675076575967));
#11054=CARTESIAN_POINT('Ctrl Pts',(12.0261923639038,-17.4409424986276,2.61675076575967));
#11055=CARTESIAN_POINT('Ctrl Pts',(11.9329397743831,-18.4409424986276,2.77767013026118));
#11056=CARTESIAN_POINT('Ctrl Pts',(11.9329397743831,-17.4409424986276,2.77767013026118));
#11057=CARTESIAN_POINT('Ctrl Pts',(11.8832277715206,-18.4409424986276,2.86345459962398));
#11058=CARTESIAN_POINT('Ctrl Pts',(11.8832277715206,-17.4409424986276,2.86345459962398));
#11059=CARTESIAN_POINT('',(11.8832277715206,-18.4409424986276,2.86345459962398));
#11060=CARTESIAN_POINT('',(11.8832277715206,-18.4409424986276,2.86345459962398));
#11061=CARTESIAN_POINT('Ctrl Pts',(12.2926425397396,-18.4409424986276,2.56894149327785));
#11062=CARTESIAN_POINT('Ctrl Pts',(12.2078327758674,-18.4409424986276,2.58415894658733));
#11063=CARTESIAN_POINT('Ctrl Pts',(12.0261923639038,-18.4409424986276,2.61675076575967));
#11064=CARTESIAN_POINT('Ctrl Pts',(11.9329397743831,-18.4409424986276,2.77767013026118));
#11065=CARTESIAN_POINT('Ctrl Pts',(11.8832277715206,-18.4409424986276,2.86345459962398));
#11066=CARTESIAN_POINT('Origin',(30.1184937358866,-17.9409424986276,5.00825681233913));
#11067=CARTESIAN_POINT('',(23.6062359273434,-17.9409424986276,5.91996349835902));
#11068=CARTESIAN_POINT('',(23.7494790017605,-17.9409424986276,5.59225716138392));
#11069=CARTESIAN_POINT('Ctrl Pts',(23.6062359273434,-17.9409424986276,5.91996349835902));
#11070=CARTESIAN_POINT('Ctrl Pts',(23.6480139436879,-17.9409424986276,5.87373472157391));
#11071=CARTESIAN_POINT('Ctrl Pts',(23.6897919600324,-17.9409424986276,5.8275059447888));
#11072=CARTESIAN_POINT('Ctrl Pts',(23.7136673390865,-17.9409424986276,5.77341355824977));
#11073=CARTESIAN_POINT('Ctrl Pts',(23.7379306594077,-17.9409424986276,5.71844224665061));
#11074=CARTESIAN_POINT('Ctrl Pts',(23.7437048305841,-17.9409424986276,5.65534970401727));
#11075=CARTESIAN_POINT('Ctrl Pts',(23.7494790017605,-17.9409424986276,5.59225716138392));
#11076=CARTESIAN_POINT('',(23.287500089407,-17.9409424986276,6.04920961404353));
#11077=CARTESIAN_POINT('Ctrl Pts',(23.287500089407,-17.9409424986276,6.04920961404353));
#11078=CARTESIAN_POINT('Ctrl Pts',(23.3452457105636,-17.9409424986276,6.04328194302141));
#11079=CARTESIAN_POINT('Ctrl Pts',(23.4029913317202,-17.9409424986276,6.03735427199929));
#11080=CARTESIAN_POINT('Ctrl Pts',(23.4549307286739,-17.9409424986276,6.01689853215724));
#11081=CARTESIAN_POINT('Ctrl Pts',(23.5096642866515,-17.9409424986276,5.99534234382459));
#11082=CARTESIAN_POINT('Ctrl Pts',(23.5579501069974,-17.9409424986276,5.95765292109181));
#11083=CARTESIAN_POINT('Ctrl Pts',(23.6062359273434,-17.9409424986276,5.91996349835902));
#11084=CARTESIAN_POINT('',(20.3157019078732,-17.9409424986276,6.04920961404353));
#11085=CARTESIAN_POINT('',(25.2170978218799,-17.9409424986276,6.04920961404353));
#11086=CARTESIAN_POINT('',(19.9914168775082,-17.9409424986276,5.91619350457698));
#11087=CARTESIAN_POINT('Ctrl Pts',(19.9914168775082,-17.9409424986276,5.91619350457698));
#11088=CARTESIAN_POINT('Ctrl Pts',(20.0383659045345,-17.9409424986276,5.95498968021967));
#11089=CARTESIAN_POINT('Ctrl Pts',(20.0853149315608,-17.9409424986276,5.99378585586237));
#11090=CARTESIAN_POINT('Ctrl Pts',(20.139100497961,-17.9409424986276,6.01595558667689));
#11091=CARTESIAN_POINT('Ctrl Pts',(20.193333753208,-17.9409424986276,6.03830984917685));
#11092=CARTESIAN_POINT('Ctrl Pts',(20.2545178305406,-17.9409424986276,6.04375973161019));
#11093=CARTESIAN_POINT('Ctrl Pts',(20.3157019078732,-17.9409424986276,6.04920961404353));
#11094=CARTESIAN_POINT('',(19.858190959692,-17.9409424986276,5.59225716138392));
#11095=CARTESIAN_POINT('Ctrl Pts',(19.858190959692,-17.9409424986276,5.59225716138392));
#11096=CARTESIAN_POINT('Ctrl Pts',(19.8636543407578,-17.9409424986276,5.65339638575396));
#11097=CARTESIAN_POINT('Ctrl Pts',(19.8691177218236,-17.9409424986276,5.714535610124));
#11098=CARTESIAN_POINT('Ctrl Pts',(19.8914980351925,-17.9409424986276,5.76870121503383));
#11099=CARTESIAN_POINT('Ctrl Pts',(19.9137026965575,-17.9409424986276,5.8224417009165));
#11100=CARTESIAN_POINT('Ctrl Pts',(19.9525597870328,-17.9409424986276,5.86931760274674));
#11101=CARTESIAN_POINT('Ctrl Pts',(19.9914168775082,-17.9409424986276,5.91619350457698));
#11102=CARTESIAN_POINT('',(19.858190959692,-17.9409424986276,5.26842512631923));
#11103=CARTESIAN_POINT('',(19.858190959692,-17.9409424986276,5.13834096932918));
#11104=CARTESIAN_POINT('',(19.9902295529842,-17.9409424986276,4.93995108151942));
#11105=CARTESIAN_POINT('Ctrl Pts',(19.9902295529842,-17.9409424986276,4.93995108151942));
#11106=CARTESIAN_POINT('Ctrl Pts',(19.9517180157921,-17.9409424986276,4.98797829327471));
#11107=CARTESIAN_POINT('Ctrl Pts',(19.9132064785999,-17.9409424986276,5.03600550503));
#11108=CARTESIAN_POINT('Ctrl Pts',(19.8912000119686,-17.9409424986276,5.09067215467006));
#11109=CARTESIAN_POINT('Ctrl Pts',(19.869138798189,-17.9409424986276,5.14547480266107));
#11110=CARTESIAN_POINT('Ctrl Pts',(19.8636648789405,-17.9409424986276,5.20694996449015));
#11111=CARTESIAN_POINT('Ctrl Pts',(19.858190959692,-17.9409424986276,5.26842512631923));
#11112=CARTESIAN_POINT('',(20.3157019078732,-17.9409424986276,4.8027465536645));
#11113=CARTESIAN_POINT('Ctrl Pts',(20.3157019078732,-17.9409424986276,4.8027465536645));
#11114=CARTESIAN_POINT('Ctrl Pts',(20.2538809571105,-17.9409424986276,4.80836112141377));
#11115=CARTESIAN_POINT('Ctrl Pts',(20.1920600063479,-17.9409424986276,4.81397568916304));
#11116=CARTESIAN_POINT('Ctrl Pts',(20.137617534399,-17.9409424986276,4.8370472385934));
#11117=CARTESIAN_POINT('Ctrl Pts',(20.0836556891842,-17.9409424986276,4.85991510874442));
#11118=CARTESIAN_POINT('Ctrl Pts',(20.0369426210842,-17.9409424986276,4.89993309513192));
#11119=CARTESIAN_POINT('Ctrl Pts',(19.9902295529842,-17.9409424986276,4.93995108151942));
#11120=CARTESIAN_POINT('',(23.287500089407,-17.9409424986276,4.8027465536645));
#11121=CARTESIAN_POINT('',(26.7029969126468,-17.9409424986276,4.8027465536645));
#11122=CARTESIAN_POINT('',(23.6161136090755,-17.9409424986276,4.94131245160609));
#11123=CARTESIAN_POINT('Ctrl Pts',(23.6161136090755,-17.9409424986276,4.94131245160609));
#11124=CARTESIAN_POINT('Ctrl Pts',(23.5689425017583,-17.9409424986276,4.90089768231789));
#11125=CARTESIAN_POINT('Ctrl Pts',(23.5217713944411,-17.9409424986276,4.86048291302969));
#11126=CARTESIAN_POINT('Ctrl Pts',(23.4672784268856,-17.9409424986276,4.83738817716151));
#11127=CARTESIAN_POINT('Ctrl Pts',(23.4123177117362,-17.9409424986276,4.81409520457364));
#11128=CARTESIAN_POINT('Ctrl Pts',(23.3499089005716,-17.9409424986276,4.80842087911907));
#11129=CARTESIAN_POINT('Ctrl Pts',(23.287500089407,-17.9409424986276,4.8027465536645));
#11130=CARTESIAN_POINT('',(23.7494790017605,-17.9409424986276,5.26842512631923));
#11131=CARTESIAN_POINT('Ctrl Pts',(23.7494790017605,-17.9409424986276,5.26842512631923));
#11132=CARTESIAN_POINT('Ctrl Pts',(23.7438000413797,-17.9409424986276,5.20753239208595));
#11133=CARTESIAN_POINT('Ctrl Pts',(23.7381210809989,-17.9409424986276,5.14663965785268));
#11134=CARTESIAN_POINT('Ctrl Pts',(23.716137355566,-17.9409424986276,5.09237327123194));
#11135=CARTESIAN_POINT('Ctrl Pts',(23.693909105312,-17.9409424986276,5.03750327997989));
#11136=CARTESIAN_POINT('Ctrl Pts',(23.6550113571938,-17.9409424986276,4.98940786579299));
#11137=CARTESIAN_POINT('Ctrl Pts',(23.6161136090755,-17.9409424986276,4.94131245160609));
#11138=CARTESIAN_POINT('',(23.7494790017605,-17.9409424986276,5.30025698686153));
#11139=CARTESIAN_POINT('Ctrl Pts',(19.9902295529842,-18.4409424986276,4.93995108151942));
#11140=CARTESIAN_POINT('Ctrl Pts',(19.9902295529842,-17.4409424986276,4.93995108151942));
#11141=CARTESIAN_POINT('Ctrl Pts',(19.9517180157921,-18.4409424986276,4.98797829327471));
#11142=CARTESIAN_POINT('Ctrl Pts',(19.9517180157921,-17.4409424986276,4.98797829327471));
#11143=CARTESIAN_POINT('Ctrl Pts',(19.8745991333496,-18.4409424986276,5.08415219770542));
#11144=CARTESIAN_POINT('Ctrl Pts',(19.8745991333496,-17.4409424986276,5.08415219770542));
#11145=CARTESIAN_POINT('Ctrl Pts',(19.8636648789405,-18.4409424986276,5.20694996449015));
#11146=CARTESIAN_POINT('Ctrl Pts',(19.8636648789405,-17.4409424986276,5.20694996449015));
#11147=CARTESIAN_POINT('Ctrl Pts',(19.858190959692,-18.4409424986276,5.26842512631923));
#11148=CARTESIAN_POINT('Ctrl Pts',(19.858190959692,-17.4409424986276,5.26842512631923));
#11149=CARTESIAN_POINT('',(19.858190959692,-18.4409424986276,5.26842512631923));
#11150=CARTESIAN_POINT('',(19.858190959692,-18.4409424986276,5.26842512631923));
#11151=CARTESIAN_POINT('',(19.9902295529842,-18.4409424986276,4.93995108151942));
#11152=CARTESIAN_POINT('Ctrl Pts',(19.9902295529842,-18.4409424986276,4.93995108151942));
#11153=CARTESIAN_POINT('Ctrl Pts',(19.9517180157921,-18.4409424986276,4.98797829327471));
#11154=CARTESIAN_POINT('Ctrl Pts',(19.8745991333496,-18.4409424986276,5.08415219770542));
#11155=CARTESIAN_POINT('Ctrl Pts',(19.8636648789405,-18.4409424986276,5.20694996449015));
#11156=CARTESIAN_POINT('Ctrl Pts',(19.858190959692,-18.4409424986276,5.26842512631923));
#11157=CARTESIAN_POINT('',(19.9902295529842,-18.4409424986276,4.93995108151942));
#11158=CARTESIAN_POINT('Origin',(19.858190959692,-18.4409424986276,5.26842512631923));
#11159=CARTESIAN_POINT('',(19.858190959692,-18.4409424986276,5.59225716138392));
#11160=CARTESIAN_POINT('',(19.858190959692,-18.4409424986276,5.59225716138392));
#11161=CARTESIAN_POINT('',(19.858190959692,-18.4409424986276,7.91868366742641));
#11162=CARTESIAN_POINT('Ctrl Pts',(19.858190959692,-18.4409424986276,5.59225716138392));
#11163=CARTESIAN_POINT('Ctrl Pts',(19.858190959692,-17.4409424986276,5.59225716138392));
#11164=CARTESIAN_POINT('Ctrl Pts',(19.8636543407578,-18.4409424986276,5.65339638575396));
#11165=CARTESIAN_POINT('Ctrl Pts',(19.8636543407578,-17.4409424986276,5.65339638575396));
#11166=CARTESIAN_POINT('Ctrl Pts',(19.8745382235151,-18.4409424986276,5.7751949829789));
#11167=CARTESIAN_POINT('Ctrl Pts',(19.8745382235151,-17.4409424986276,5.7751949829789));
#11168=CARTESIAN_POINT('Ctrl Pts',(19.9525597870328,-18.4409424986276,5.86931760274674));
#11169=CARTESIAN_POINT('Ctrl Pts',(19.9525597870328,-17.4409424986276,5.86931760274674));
#11170=CARTESIAN_POINT('Ctrl Pts',(19.9914168775082,-18.4409424986276,5.91619350457698));
#11171=CARTESIAN_POINT('Ctrl Pts',(19.9914168775082,-17.4409424986276,5.91619350457698));
#11172=CARTESIAN_POINT('',(19.9914168775082,-18.4409424986276,5.91619350457698));
#11173=CARTESIAN_POINT('',(19.9914168775082,-18.4409424986276,5.91619350457698));
#11174=CARTESIAN_POINT('Ctrl Pts',(19.858190959692,-18.4409424986276,5.59225716138392));
#11175=CARTESIAN_POINT('Ctrl Pts',(19.8636543407578,-18.4409424986276,5.65339638575396));
#11176=CARTESIAN_POINT('Ctrl Pts',(19.8745382235151,-18.4409424986276,5.7751949829789));
#11177=CARTESIAN_POINT('Ctrl Pts',(19.9525597870328,-18.4409424986276,5.86931760274674));
#11178=CARTESIAN_POINT('Ctrl Pts',(19.9914168775082,-18.4409424986276,5.91619350457698));
#11179=CARTESIAN_POINT('Ctrl Pts',(19.9914168775082,-18.4409424986276,5.91619350457698));
#11180=CARTESIAN_POINT('Ctrl Pts',(19.9914168775082,-17.4409424986276,5.91619350457698));
#11181=CARTESIAN_POINT('Ctrl Pts',(20.0383659045345,-18.4409424986276,5.95498968021967));
#11182=CARTESIAN_POINT('Ctrl Pts',(20.0383659045345,-17.4409424986276,5.95498968021967));
#11183=CARTESIAN_POINT('Ctrl Pts',(20.1326547429028,-18.4409424986276,6.03290495485219));
#11184=CARTESIAN_POINT('Ctrl Pts',(20.1326547429028,-17.4409424986276,6.03290495485219));
#11185=CARTESIAN_POINT('Ctrl Pts',(20.2545178305406,-18.4409424986276,6.04375973161019));
#11186=CARTESIAN_POINT('Ctrl Pts',(20.2545178305406,-17.4409424986276,6.04375973161019));
#11187=CARTESIAN_POINT('Ctrl Pts',(20.3157019078732,-18.4409424986276,6.04920961404353));
#11188=CARTESIAN_POINT('Ctrl Pts',(20.3157019078732,-17.4409424986276,6.04920961404353));
#11189=CARTESIAN_POINT('',(20.3157019078732,-18.4409424986276,6.04920961404353));
#11190=CARTESIAN_POINT('',(20.3157019078732,-18.4409424986276,6.04920961404353));
#11191=CARTESIAN_POINT('Ctrl Pts',(19.9914168775082,-18.4409424986276,5.91619350457698));
#11192=CARTESIAN_POINT('Ctrl Pts',(20.0383659045345,-18.4409424986276,5.95498968021967));
#11193=CARTESIAN_POINT('Ctrl Pts',(20.1326547429028,-18.4409424986276,6.03290495485219));
#11194=CARTESIAN_POINT('Ctrl Pts',(20.2545178305406,-18.4409424986276,6.04375973161019));
#11195=CARTESIAN_POINT('Ctrl Pts',(20.3157019078732,-18.4409424986276,6.04920961404353));
#11196=CARTESIAN_POINT('Origin',(20.3157019078732,-18.4409424986276,6.04920961404353));
#11197=CARTESIAN_POINT('',(23.287500089407,-18.4409424986276,6.04920961404353));
#11198=CARTESIAN_POINT('',(23.287500089407,-18.4409424986276,6.04920961404353));
#11199=CARTESIAN_POINT('',(12.0828509539366,-18.4409424986276,6.04920961404353));
#11200=CARTESIAN_POINT('Ctrl Pts',(23.287500089407,-18.4409424986276,6.04920961404353));
#11201=CARTESIAN_POINT('Ctrl Pts',(23.287500089407,-17.4409424986276,6.04920961404353));
#11202=CARTESIAN_POINT('Ctrl Pts',(23.3452457105636,-18.4409424986276,6.04328194302141));
#11203=CARTESIAN_POINT('Ctrl Pts',(23.3452457105636,-17.4409424986276,6.04328194302141));
#11204=CARTESIAN_POINT('Ctrl Pts',(23.4638434688049,-18.4409424986276,6.03110771265147));
#11205=CARTESIAN_POINT('Ctrl Pts',(23.4638434688049,-17.4409424986276,6.03110771265147));
#11206=CARTESIAN_POINT('Ctrl Pts',(23.5579501069974,-18.4409424986276,5.95765292109181));
#11207=CARTESIAN_POINT('Ctrl Pts',(23.5579501069974,-17.4409424986276,5.95765292109181));
#11208=CARTESIAN_POINT('Ctrl Pts',(23.6062359273434,-18.4409424986276,5.91996349835902));
#11209=CARTESIAN_POINT('Ctrl Pts',(23.6062359273434,-17.4409424986276,5.91996349835902));
#11210=CARTESIAN_POINT('',(23.6062359273434,-18.4409424986276,5.91996349835902));
#11211=CARTESIAN_POINT('',(23.6062359273434,-18.4409424986276,5.91996349835902));
#11212=CARTESIAN_POINT('Ctrl Pts',(23.287500089407,-18.4409424986276,6.04920961404353));
#11213=CARTESIAN_POINT('Ctrl Pts',(23.3452457105636,-18.4409424986276,6.04328194302141));
#11214=CARTESIAN_POINT('Ctrl Pts',(23.4638434688049,-18.4409424986276,6.03110771265147));
#11215=CARTESIAN_POINT('Ctrl Pts',(23.5579501069974,-18.4409424986276,5.95765292109181));
#11216=CARTESIAN_POINT('Ctrl Pts',(23.6062359273434,-18.4409424986276,5.91996349835902));
#11217=CARTESIAN_POINT('Origin',(30.1184937358866,-17.9409424986276,5.00825681233913));
#11218=CARTESIAN_POINT('',(36.5867375791073,-17.9409424986276,2.70181812787562));
#11219=CARTESIAN_POINT('',(36.4508938252926,-17.9409424986276,3.02624322915584));
#11220=CARTESIAN_POINT('Ctrl Pts',(36.5867375791073,-17.9409424986276,2.70181812787562));
#11221=CARTESIAN_POINT('Ctrl Pts',(36.5471162438561,-17.9409424986276,2.74862631386045));
#11222=CARTESIAN_POINT('Ctrl Pts',(36.5074949086049,-17.9409424986276,2.79543449984529));
#11223=CARTESIAN_POINT('Ctrl Pts',(36.4848541676998,-17.9409424986276,2.84936227345973));
#11224=CARTESIAN_POINT('Ctrl Pts',(36.4621113063709,-17.9409424986276,2.90353328677726));
#11225=CARTESIAN_POINT('Ctrl Pts',(36.4565025658317,-17.9409424986276,2.96488825796655));
#11226=CARTESIAN_POINT('Ctrl Pts',(36.4508938252926,-17.9409424986276,3.02624322915584));
#11227=CARTESIAN_POINT('',(36.9176887929439,-17.9409424986276,2.56894149327785));
#11228=CARTESIAN_POINT('Ctrl Pts',(36.9176887929439,-17.9409424986276,2.56894149327785));
#11229=CARTESIAN_POINT('Ctrl Pts',(36.855292064784,-17.9409424986276,2.57431238934643));
#11230=CARTESIAN_POINT('Ctrl Pts',(36.7928953366241,-17.9409424986276,2.57968328541502));
#11231=CARTESIAN_POINT('Ctrl Pts',(36.7373966634273,-17.9409424986276,2.60216035390407));
#11232=CARTESIAN_POINT('Ctrl Pts',(36.6827122105669,-17.9409424986276,2.62430766160405));
#11233=CARTESIAN_POINT('Ctrl Pts',(36.6347248948371,-17.9409424986276,2.66306289473984));
#11234=CARTESIAN_POINT('Ctrl Pts',(36.5867375791073,-17.9409424986276,2.70181812787562));
#11235=CARTESIAN_POINT('',(37.2460936963558,-17.9409424986276,2.70269073987514));
#11236=CARTESIAN_POINT('Ctrl Pts',(37.2460936963558,-17.9409424986276,2.70269073987514));
#11237=CARTESIAN_POINT('Ctrl Pts',(37.1986618444244,-17.9409424986276,2.66368097940749));
#11238=CARTESIAN_POINT('Ctrl Pts',(37.151229992493,-17.9409424986276,2.62467121893985));
#11239=CARTESIAN_POINT('Ctrl Pts',(37.096960490942,-17.9409424986276,2.60237850690395));
#11240=CARTESIAN_POINT('Ctrl Pts',(37.041896189468,-17.9409424986276,2.57975930862251));
#11241=CARTESIAN_POINT('Ctrl Pts',(36.979792491206,-17.9409424986276,2.57435040095018));
#11242=CARTESIAN_POINT('Ctrl Pts',(36.9176887929439,-17.9409424986276,2.56894149327785));
#11243=CARTESIAN_POINT('',(37.3801564633846,-17.9409424986276,3.02617349172145));
#11244=CARTESIAN_POINT('Ctrl Pts',(37.3801564633846,-17.9409424986276,3.02617349172145));
#11245=CARTESIAN_POINT('Ctrl Pts',(37.3745830087805,-17.9409424986276,2.96527369089832));
#11246=CARTESIAN_POINT('Ctrl Pts',(37.3690095541764,-17.9409424986276,2.90437389007519));
#11247=CARTESIAN_POINT('Ctrl Pts',(37.3466419637203,-17.9409424986276,2.85043634915858));
#11248=CARTESIAN_POINT('Ctrl Pts',(37.324298162471,-17.9409424986276,2.79655617388956));
#11249=CARTESIAN_POINT('Ctrl Pts',(37.2851959294134,-17.9409424986276,2.74962345688235));
#11250=CARTESIAN_POINT('Ctrl Pts',(37.2460936963558,-17.9409424986276,2.70269073987514));
#11251=CARTESIAN_POINT('',(37.3801564633846,-17.9409424986276,4.79381122136622));
#11252=CARTESIAN_POINT('',(37.3801564633846,-17.9409424986276,4.90103401685267));
#11253=CARTESIAN_POINT('',(39.1530298650265,-17.9409424986276,4.79381122136622));
#11254=CARTESIAN_POINT('',(34.6357618004565,-17.9409424986276,4.79381122136622));
#11255=CARTESIAN_POINT('',(40.000374263525,-17.9409424986276,5.14444865727931));
#11256=CARTESIAN_POINT('Ctrl Pts',(40.000374263525,-17.9409424986276,5.14444865727931));
#11257=CARTESIAN_POINT('Ctrl Pts',(39.8773525669619,-17.9409424986276,5.04217940915975));
#11258=CARTESIAN_POINT('Ctrl Pts',(39.7543308703988,-17.9409424986276,4.9399101610402));
#11259=CARTESIAN_POINT('Ctrl Pts',(39.6131681859493,-17.9409424986276,4.8814705803445));
#11260=CARTESIAN_POINT('Ctrl Pts',(39.4719007015273,-17.9409424986276,4.82298761377469));
#11261=CARTESIAN_POINT('Ctrl Pts',(39.3124652832769,-17.9409424986276,4.80839941757046));
#11262=CARTESIAN_POINT('Ctrl Pts',(39.1530298650265,-17.9409424986276,4.79381122136623));
#11263=CARTESIAN_POINT('',(40.3511166036129,-17.9409424986276,5.9870819046548));
#11264=CARTESIAN_POINT('Ctrl Pts',(40.3511166036129,-17.9409424986276,5.9870819046548));
#11265=CARTESIAN_POINT('Ctrl Pts',(40.3363713430384,-17.9409424986276,5.82884248273719));
#11266=CARTESIAN_POINT('Ctrl Pts',(40.321626082464,-17.9409424986276,5.67060306081959));
#11267=CARTESIAN_POINT('Ctrl Pts',(40.2634310185909,-17.9409424986276,5.53042568707973));
#11268=CARTESIAN_POINT('Ctrl Pts',(40.2049736657081,-17.9409424986276,5.38961652462611));
#11269=CARTESIAN_POINT('Ctrl Pts',(40.1026739646166,-17.9409424986276,5.26703259095271));
#11270=CARTESIAN_POINT('Ctrl Pts',(40.000374263525,-17.9409424986276,5.14444865727931));
#11271=CARTESIAN_POINT('',(40.3511166036129,-17.9409424986276,7.36694492841273));
#11272=CARTESIAN_POINT('',(40.3511166036129,-17.9409424986276,6.18760087037593));
#11273=CARTESIAN_POINT('',(39.9974417150021,-17.9409424986276,8.21313836122066));
#11274=CARTESIAN_POINT('Ctrl Pts',(39.9974417150021,-17.9409424986276,8.21313836122066));
#11275=CARTESIAN_POINT('Ctrl Pts',(40.1005962795625,-17.9409424986276,8.08945777060821));
#11276=CARTESIAN_POINT('Ctrl Pts',(40.2037508441229,-17.9409424986276,7.96577717999576));
#11277=CARTESIAN_POINT('Ctrl Pts',(40.2626990735531,-17.9409424986276,7.8236884667924));
#11278=CARTESIAN_POINT('Ctrl Pts',(40.3208991245399,-17.9409424986276,7.68340316165224));
#11279=CARTESIAN_POINT('Ctrl Pts',(40.3360078640764,-17.9409424986276,7.52517404503249));
#11280=CARTESIAN_POINT('Ctrl Pts',(40.3511166036129,-17.9409424986276,7.36694492841273));
#11281=CARTESIAN_POINT('',(39.152681773901,-17.9409424986276,8.56894173169642));
#11282=CARTESIAN_POINT('Ctrl Pts',(39.152681773901,-17.9409424986276,8.56894173169642));
#11283=CARTESIAN_POINT('Ctrl Pts',(39.3110008295867,-17.9409424986276,8.55376407772955));
#11284=CARTESIAN_POINT('Ctrl Pts',(39.4693198852725,-17.9409424986276,8.53858642376267));
#11285=CARTESIAN_POINT('Ctrl Pts',(39.6094154775143,-17.9409424986276,8.47999074006587));
#11286=CARTESIAN_POINT('Ctrl Pts',(39.751201483747,-17.9409424986276,8.42068803224403));
#11287=CARTESIAN_POINT('Ctrl Pts',(39.8743215993745,-17.9409424986276,8.31691319673234));
#11288=CARTESIAN_POINT('Ctrl Pts',(39.9974417150021,-17.9409424986276,8.21313836122066));
#11289=CARTESIAN_POINT('',(36.4508938252926,-17.9409424986276,8.56894173169642));
#11290=CARTESIAN_POINT('',(33.2846937805896,-17.9409424986276,8.56894173169642));
#11291=CARTESIAN_POINT('',(36.4508938252926,-17.9409424986276,4.01725002074748));
#11292=CARTESIAN_POINT('',(37.3801564633846,-17.9409424986276,7.6441464617303));
#11293=CARTESIAN_POINT('',(37.3801564633846,-17.9409424986276,5.70967115903407));
#11294=CARTESIAN_POINT('',(37.3801564633846,-17.9409424986276,6.32620163703471));
#11295=CARTESIAN_POINT('',(39.1521930158138,-17.9409424986276,7.6441464617303));
#11296=CARTESIAN_POINT('',(34.6353433758502,-17.9409424986276,7.6441464617303));
#11297=CARTESIAN_POINT('',(39.3474053800106,-17.9409424986276,7.56250776792079));
#11298=CARTESIAN_POINT('Ctrl Pts',(39.3474053800106,-17.9409424986276,7.56250776792079));
#11299=CARTESIAN_POINT('Ctrl Pts',(39.3186531119575,-17.9409424986276,7.5863180008476));
#11300=CARTESIAN_POINT('Ctrl Pts',(39.2899008439045,-17.9409424986276,7.61012823377442));
#11301=CARTESIAN_POINT('Ctrl Pts',(39.2569112241268,-17.9409424986276,7.62373663926631));
#11302=CARTESIAN_POINT('Ctrl Pts',(39.2246985611249,-17.9409424986276,7.63702454567621));
#11303=CARTESIAN_POINT('Ctrl Pts',(39.1884457884694,-17.9409424986276,7.64058550370325));
#11304=CARTESIAN_POINT('Ctrl Pts',(39.1521930158138,-17.9409424986276,7.6441464617303));
#11305=CARTESIAN_POINT('',(39.4307898938656,-17.9409424986276,7.36596800828486));
#11306=CARTESIAN_POINT('Ctrl Pts',(39.4307898938656,-17.9409424986276,7.36596800828487));
#11307=CARTESIAN_POINT('Ctrl Pts',(39.4272547381262,-17.9409424986276,7.40294127053149));
#11308=CARTESIAN_POINT('Ctrl Pts',(39.4237195823869,-17.9409424986276,7.43991453277811));
#11309=CARTESIAN_POINT('Ctrl Pts',(39.4099425733089,-17.9409424986276,7.47255363011867));
#11310=CARTESIAN_POINT('Ctrl Pts',(39.3960448854357,-17.9409424986276,7.5054786274629));
#11311=CARTESIAN_POINT('Ctrl Pts',(39.3717251327231,-17.9409424986276,7.53399319769185));
#11312=CARTESIAN_POINT('Ctrl Pts',(39.3474053800106,-17.9409424986276,7.56250776792079));
#11313=CARTESIAN_POINT('',(39.4307898938656,-17.9409424986276,5.98784961247951));
#11314=CARTESIAN_POINT('',(39.4307898938656,-17.9409424986276,5.49805321240932));
#11315=CARTESIAN_POINT('',(39.3481039464474,-17.9409424986276,5.79061188245326));
#11316=CARTESIAN_POINT('Ctrl Pts',(39.3481039464474,-17.9409424986276,5.79061188245326));
#11317=CARTESIAN_POINT('Ctrl Pts',(39.3722209648639,-17.9409424986276,5.81909301393592));
#11318=CARTESIAN_POINT('Ctrl Pts',(39.3963379832804,-17.9409424986276,5.84757414541859));
#11319=CARTESIAN_POINT('Ctrl Pts',(39.4101190030575,-17.9409424986276,5.88039197469264));
#11320=CARTESIAN_POINT('Ctrl Pts',(39.4239393764354,-17.9409424986276,5.91330351980029));
#11321=CARTESIAN_POINT('Ctrl Pts',(39.4273646351505,-17.9409424986276,5.9505765661399));
#11322=CARTESIAN_POINT('Ctrl Pts',(39.4307898938656,-17.9409424986276,5.98784961247951));
#11323=CARTESIAN_POINT('',(39.1521930158138,-17.9409424986276,5.70967115903407));
#11324=CARTESIAN_POINT('Ctrl Pts',(39.1521930158138,-17.9409424986276,5.70967115903407));
#11325=CARTESIAN_POINT('Ctrl Pts',(39.1887441456635,-17.9409424986276,5.71312480389094));
#11326=CARTESIAN_POINT('Ctrl Pts',(39.2252952755131,-17.9409424986276,5.7165784487478));
#11327=CARTESIAN_POINT('Ctrl Pts',(39.2577814519405,-17.9409424986276,5.72990574384242));
#11328=CARTESIAN_POINT('Ctrl Pts',(39.2906657475829,-17.9409424986276,5.74339636539908));
#11329=CARTESIAN_POINT('Ctrl Pts',(39.3193848470152,-17.9409424986276,5.76700412392617));
#11330=CARTESIAN_POINT('Ctrl Pts',(39.3481039464474,-17.9409424986276,5.79061188245326));
#11331=CARTESIAN_POINT('',(33.7493250996356,-17.9409424986276,5.70967115903407));
#11332=CARTESIAN_POINT('Origin',(39.4307898938656,-18.4409424986276,5.98784961247951));
#11333=CARTESIAN_POINT('',(39.4307898938656,-18.4409424986276,7.36596800828487));
#11334=CARTESIAN_POINT('',(39.4307898938656,-18.4409424986276,7.36596800828487));
#11335=CARTESIAN_POINT('',(39.4307898938656,-18.4409424986276,5.98784961247951));
#11336=CARTESIAN_POINT('',(39.4307898938656,-18.4409424986276,8.27839591050654));
#11337=CARTESIAN_POINT('',(39.4307898938656,-18.4409424986276,5.98784961247951));
#11338=CARTESIAN_POINT('Ctrl Pts',(39.4307898938656,-18.4409424986276,7.36596800828487));
#11339=CARTESIAN_POINT('Ctrl Pts',(39.4307898938656,-17.4409424986276,7.36596800828487));
#11340=CARTESIAN_POINT('Ctrl Pts',(39.4272547381262,-18.4409424986276,7.40294127053149));
#11341=CARTESIAN_POINT('Ctrl Pts',(39.4272547381262,-17.4409424986276,7.40294127053149));
#11342=CARTESIAN_POINT('Ctrl Pts',(39.4201534606858,-18.4409424986276,7.47721165985783));
#11343=CARTESIAN_POINT('Ctrl Pts',(39.4201534606858,-17.4409424986276,7.47721165985783));
#11344=CARTESIAN_POINT('Ctrl Pts',(39.3717251327231,-18.4409424986276,7.53399319769185));
#11345=CARTESIAN_POINT('Ctrl Pts',(39.3717251327231,-17.4409424986276,7.53399319769185));
#11346=CARTESIAN_POINT('Ctrl Pts',(39.3474053800106,-18.4409424986276,7.56250776792079));
#11347=CARTESIAN_POINT('Ctrl Pts',(39.3474053800106,-17.4409424986276,7.56250776792079));
#11348=CARTESIAN_POINT('',(39.3474053800106,-18.4409424986276,7.56250776792079));
#11349=CARTESIAN_POINT('',(39.3474053800106,-18.4409424986276,7.56250776792079));
#11350=CARTESIAN_POINT('Ctrl Pts',(39.4307898938656,-18.4409424986276,7.36596800828487));
#11351=CARTESIAN_POINT('Ctrl Pts',(39.4272547381262,-18.4409424986276,7.40294127053149));
#11352=CARTESIAN_POINT('Ctrl Pts',(39.4201534606858,-18.4409424986276,7.47721165985783));
#11353=CARTESIAN_POINT('Ctrl Pts',(39.3717251327231,-18.4409424986276,7.53399319769185));
#11354=CARTESIAN_POINT('Ctrl Pts',(39.3474053800106,-18.4409424986276,7.56250776792079));
#11355=CARTESIAN_POINT('Ctrl Pts',(39.3474053800106,-18.4409424986276,7.56250776792079));
#11356=CARTESIAN_POINT('Ctrl Pts',(39.3474053800106,-17.4409424986276,7.56250776792079));
#11357=CARTESIAN_POINT('Ctrl Pts',(39.3186531119575,-18.4409424986276,7.5863180008476));
#11358=CARTESIAN_POINT('Ctrl Pts',(39.3186531119575,-17.4409424986276,7.5863180008476));
#11359=CARTESIAN_POINT('Ctrl Pts',(39.2618257364138,-18.4409424986276,7.6333776987406));
#11360=CARTESIAN_POINT('Ctrl Pts',(39.2618257364138,-17.4409424986276,7.6333776987406));
#11361=CARTESIAN_POINT('Ctrl Pts',(39.1884457884694,-18.4409424986276,7.64058550370325));
#11362=CARTESIAN_POINT('Ctrl Pts',(39.1884457884694,-17.4409424986276,7.64058550370325));
#11363=CARTESIAN_POINT('Ctrl Pts',(39.1521930158138,-18.4409424986276,7.6441464617303));
#11364=CARTESIAN_POINT('Ctrl Pts',(39.1521930158138,-17.4409424986276,7.6441464617303));
#11365=CARTESIAN_POINT('',(39.1521930158138,-18.4409424986276,7.6441464617303));
#11366=CARTESIAN_POINT('',(39.1521930158138,-18.4409424986276,7.6441464617303));
#11367=CARTESIAN_POINT('Ctrl Pts',(39.3474053800106,-18.4409424986276,7.56250776792079));
#11368=CARTESIAN_POINT('Ctrl Pts',(39.3186531119575,-18.4409424986276,7.5863180008476));
#11369=CARTESIAN_POINT('Ctrl Pts',(39.2618257364138,-18.4409424986276,7.6333776987406));
#11370=CARTESIAN_POINT('Ctrl Pts',(39.1884457884694,-18.4409424986276,7.64058550370325));
#11371=CARTESIAN_POINT('Ctrl Pts',(39.1521930158138,-18.4409424986276,7.6441464617303));
#11372=CARTESIAN_POINT('Origin',(39.1521930158138,-18.4409424986276,7.6441464617303));
#11373=CARTESIAN_POINT('',(37.3801564633846,-18.4409424986276,7.6441464617303));
#11374=CARTESIAN_POINT('',(37.3801564633846,-18.4409424986276,7.6441464617303));
#11375=CARTESIAN_POINT('',(21.5010965079069,-18.4409424986276,7.6441464617303));
#11376=CARTESIAN_POINT('Ctrl Pts',(40.3511166036129,-18.4409424986276,5.9870819046548));
#11377=CARTESIAN_POINT('Ctrl Pts',(40.3511166036129,-17.4409424986276,5.9870819046548));
#11378=CARTESIAN_POINT('Ctrl Pts',(40.3363713430384,-18.4409424986276,5.82884248273719));
#11379=CARTESIAN_POINT('Ctrl Pts',(40.3363713430384,-17.4409424986276,5.82884248273719));
#11380=CARTESIAN_POINT('Ctrl Pts',(40.3068143640228,-18.4409424986276,5.51165044334003));
#11381=CARTESIAN_POINT('Ctrl Pts',(40.3068143640228,-17.4409424986276,5.51165044334003));
#11382=CARTESIAN_POINT('Ctrl Pts',(40.1026739646166,-18.4409424986276,5.26703259095271));
#11383=CARTESIAN_POINT('Ctrl Pts',(40.1026739646166,-17.4409424986276,5.26703259095271));
#11384=CARTESIAN_POINT('Ctrl Pts',(40.000374263525,-18.4409424986276,5.14444865727931));
#11385=CARTESIAN_POINT('Ctrl Pts',(40.000374263525,-17.4409424986276,5.14444865727931));
#11386=CARTESIAN_POINT('',(40.000374263525,-18.4409424986276,5.14444865727931));
#11387=CARTESIAN_POINT('',(40.000374263525,-18.4409424986276,5.14444865727931));
#11388=CARTESIAN_POINT('',(40.3511166036129,-18.4409424986276,5.9870819046548));
#11389=CARTESIAN_POINT('Ctrl Pts',(40.3511166036129,-18.4409424986276,5.9870819046548));
#11390=CARTESIAN_POINT('Ctrl Pts',(40.3363713430384,-18.4409424986276,5.82884248273719));
#11391=CARTESIAN_POINT('Ctrl Pts',(40.3068143640228,-18.4409424986276,5.51165044334003));
#11392=CARTESIAN_POINT('Ctrl Pts',(40.1026739646166,-18.4409424986276,5.26703259095271));
#11393=CARTESIAN_POINT('Ctrl Pts',(40.000374263525,-18.4409424986276,5.14444865727931));
#11394=CARTESIAN_POINT('',(40.3511166036129,-18.4409424986276,5.9870819046548));
#11395=CARTESIAN_POINT('Ctrl Pts',(40.000374263525,-18.4409424986276,5.14444865727931));
#11396=CARTESIAN_POINT('Ctrl Pts',(40.000374263525,-17.4409424986276,5.14444865727931));
#11397=CARTESIAN_POINT('Ctrl Pts',(39.8773525669619,-18.4409424986276,5.04217940915975));
#11398=CARTESIAN_POINT('Ctrl Pts',(39.8773525669619,-17.4409424986276,5.04217940915975));
#11399=CARTESIAN_POINT('Ctrl Pts',(39.6312178418347,-18.4409424986276,4.83756498765439));
#11400=CARTESIAN_POINT('Ctrl Pts',(39.6312178418347,-17.4409424986276,4.83756498765439));
#11401=CARTESIAN_POINT('Ctrl Pts',(39.3124652832769,-18.4409424986276,4.80839941757046));
#11402=CARTESIAN_POINT('Ctrl Pts',(39.3124652832769,-17.4409424986276,4.80839941757046));
#11403=CARTESIAN_POINT('Ctrl Pts',(39.1530298650265,-18.4409424986276,4.79381122136622));
#11404=CARTESIAN_POINT('Ctrl Pts',(39.1530298650265,-17.4409424986276,4.79381122136623));
#11405=CARTESIAN_POINT('',(39.1530298650265,-18.4409424986276,4.79381122136622));
#11406=CARTESIAN_POINT('',(39.1530298650265,-18.4409424986276,4.79381122136622));
#11407=CARTESIAN_POINT('Ctrl Pts',(40.000374263525,-18.4409424986276,5.14444865727931));
#11408=CARTESIAN_POINT('Ctrl Pts',(39.8773525669619,-18.4409424986276,5.04217940915975));
#11409=CARTESIAN_POINT('Ctrl Pts',(39.6312178418347,-18.4409424986276,4.83756498765439));
#11410=CARTESIAN_POINT('Ctrl Pts',(39.3124652832769,-18.4409424986276,4.80839941757046));
#11411=CARTESIAN_POINT('Ctrl Pts',(39.1530298650265,-18.4409424986276,4.79381122136622));
#11412=CARTESIAN_POINT('Origin',(39.1530298650265,-18.4409424986276,4.79381122136622));
#11413=CARTESIAN_POINT('',(37.3801564633846,-18.4409424986276,4.79381122136622));
#11414=CARTESIAN_POINT('',(37.3801564633846,-18.4409424986276,4.79381122136622));
#11415=CARTESIAN_POINT('',(21.5015149325132,-18.4409424986276,4.79381122136622));
#11416=CARTESIAN_POINT('Origin',(37.3801564633846,-18.4409424986276,4.79381122136622));
#11417=CARTESIAN_POINT('',(37.3801564633846,-18.4409424986276,3.02617349172145));
#11418=CARTESIAN_POINT('',(37.3801564633846,-18.4409424986276,3.02617349172145));
#11419=CARTESIAN_POINT('',(37.3801564633846,-18.4409424986276,7.6813767149499));
#11420=CARTESIAN_POINT('Ctrl Pts',(37.3801564633846,-18.4409424986276,3.02617349172145));
#11421=CARTESIAN_POINT('Ctrl Pts',(37.3801564633846,-17.4409424986276,3.02617349172145));
#11422=CARTESIAN_POINT('Ctrl Pts',(37.3745830087805,-18.4409424986276,2.96527369089832));
#11423=CARTESIAN_POINT('Ctrl Pts',(37.3745830087805,-17.4409424986276,2.96527369089832));
#11424=CARTESIAN_POINT('Ctrl Pts',(37.3634420272588,-18.4409424986276,2.8435388596597));
#11425=CARTESIAN_POINT('Ctrl Pts',(37.3634420272588,-17.4409424986276,2.8435388596597));
#11426=CARTESIAN_POINT('Ctrl Pts',(37.2851959294134,-18.4409424986276,2.74962345688235));
#11427=CARTESIAN_POINT('Ctrl Pts',(37.2851959294134,-17.4409424986276,2.74962345688235));
#11428=CARTESIAN_POINT('Ctrl Pts',(37.2460936963558,-18.4409424986276,2.70269073987514));
#11429=CARTESIAN_POINT('Ctrl Pts',(37.2460936963558,-17.4409424986276,2.70269073987514));
#11430=CARTESIAN_POINT('',(37.2460936963558,-18.4409424986276,2.70269073987514));
#11431=CARTESIAN_POINT('',(37.2460936963558,-18.4409424986276,2.70269073987514));
#11432=CARTESIAN_POINT('Ctrl Pts',(37.3801564633846,-18.4409424986276,3.02617349172145));
#11433=CARTESIAN_POINT('Ctrl Pts',(37.3745830087805,-18.4409424986276,2.96527369089832));
#11434=CARTESIAN_POINT('Ctrl Pts',(37.3634420272588,-18.4409424986276,2.8435388596597));
#11435=CARTESIAN_POINT('Ctrl Pts',(37.2851959294134,-18.4409424986276,2.74962345688235));
#11436=CARTESIAN_POINT('Ctrl Pts',(37.2460936963558,-18.4409424986276,2.70269073987514));
#11437=CARTESIAN_POINT('Ctrl Pts',(37.2460936963558,-18.4409424986276,2.70269073987514));
#11438=CARTESIAN_POINT('Ctrl Pts',(37.2460936963558,-17.4409424986276,2.70269073987514));
#11439=CARTESIAN_POINT('Ctrl Pts',(37.1986618444244,-18.4409424986276,2.66368097940749));
#11440=CARTESIAN_POINT('Ctrl Pts',(37.1986618444244,-17.4409424986276,2.66368097940749));
#11441=CARTESIAN_POINT('Ctrl Pts',(37.1031034809244,-18.4409424986276,2.58509014394513));
#11442=CARTESIAN_POINT('Ctrl Pts',(37.1031034809244,-17.4409424986276,2.58509014394513));
#11443=CARTESIAN_POINT('Ctrl Pts',(36.979792491206,-18.4409424986276,2.57435040095018));
#11444=CARTESIAN_POINT('Ctrl Pts',(36.979792491206,-17.4409424986276,2.57435040095018));
#11445=CARTESIAN_POINT('Ctrl Pts',(36.9176887929439,-18.4409424986276,2.56894149327785));
#11446=CARTESIAN_POINT('Ctrl Pts',(36.9176887929439,-17.4409424986276,2.56894149327785));
#11447=CARTESIAN_POINT('',(36.9176887929439,-18.4409424986276,2.56894149327785));
#11448=CARTESIAN_POINT('',(36.9176887929439,-18.4409424986276,2.56894149327785));
#11449=CARTESIAN_POINT('Ctrl Pts',(37.2460936963558,-18.4409424986276,2.70269073987514));
#11450=CARTESIAN_POINT('Ctrl Pts',(37.1986618444244,-18.4409424986276,2.66368097940749));
#11451=CARTESIAN_POINT('Ctrl Pts',(37.1031034809244,-18.4409424986276,2.58509014394513));
#11452=CARTESIAN_POINT('Ctrl Pts',(36.979792491206,-18.4409424986276,2.57435040095018));
#11453=CARTESIAN_POINT('Ctrl Pts',(36.9176887929439,-18.4409424986276,2.56894149327785));
#11454=CARTESIAN_POINT('Ctrl Pts',(36.9176887929439,-18.4409424986276,2.56894149327785));
#11455=CARTESIAN_POINT('Ctrl Pts',(36.9176887929439,-17.4409424986276,2.56894149327785));
#11456=CARTESIAN_POINT('Ctrl Pts',(36.855292064784,-18.4409424986276,2.57431238934643));
#11457=CARTESIAN_POINT('Ctrl Pts',(36.855292064784,-17.4409424986276,2.57431238934643));
#11458=CARTESIAN_POINT('Ctrl Pts',(36.7314140300782,-18.4409424986276,2.58497538513495));
#11459=CARTESIAN_POINT('Ctrl Pts',(36.7314140300782,-17.4409424986276,2.58497538513495));
#11460=CARTESIAN_POINT('Ctrl Pts',(36.6347248948371,-18.4409424986276,2.66306289473984));
#11461=CARTESIAN_POINT('Ctrl Pts',(36.6347248948371,-17.4409424986276,2.66306289473984));
#11462=CARTESIAN_POINT('Ctrl Pts',(36.5867375791073,-18.4409424986276,2.70181812787562));
#11463=CARTESIAN_POINT('Ctrl Pts',(36.5867375791073,-17.4409424986276,2.70181812787562));
#11464=CARTESIAN_POINT('',(36.5867375791073,-18.4409424986276,2.70181812787562));
#11465=CARTESIAN_POINT('',(36.5867375791073,-18.4409424986276,2.70181812787562));
#11466=CARTESIAN_POINT('Ctrl Pts',(36.9176887929439,-18.4409424986276,2.56894149327785));
#11467=CARTESIAN_POINT('Ctrl Pts',(36.855292064784,-18.4409424986276,2.57431238934643));
#11468=CARTESIAN_POINT('Ctrl Pts',(36.7314140300782,-18.4409424986276,2.58497538513495));
#11469=CARTESIAN_POINT('Ctrl Pts',(36.6347248948371,-18.4409424986276,2.66306289473984));
#11470=CARTESIAN_POINT('Ctrl Pts',(36.5867375791073,-18.4409424986276,2.70181812787562));
#11471=CARTESIAN_POINT('Origin',(30.1184937358866,-17.9409424986276,5.00825681233913));
#11472=CARTESIAN_POINT('',(47.637195533514,-17.9409424986276,8.43240060353786));
#11473=CARTESIAN_POINT('',(47.960784381628,-17.9409424986276,8.56894173169642));
#11474=CARTESIAN_POINT('Ctrl Pts',(47.637195533514,-17.9409424986276,8.43240060353786));
#11475=CARTESIAN_POINT('Ctrl Pts',(47.6840021499906,-17.9409424986276,8.47222508454995));
#11476=CARTESIAN_POINT('Ctrl Pts',(47.7308087664671,-17.9409424986276,8.51204956556205));
#11477=CARTESIAN_POINT('Ctrl Pts',(47.7848123967647,-17.9409424986276,8.53480644965678));
#11478=CARTESIAN_POINT('Ctrl Pts',(47.8386934687675,-17.9409424986276,8.55751168824369));
#11479=CARTESIAN_POINT('Ctrl Pts',(47.8997389251978,-17.9409424986276,8.56322670997006));
#11480=CARTESIAN_POINT('Ctrl Pts',(47.960784381628,-17.9409424986276,8.56894173169642));
#11481=CARTESIAN_POINT('',(47.503762191534,-17.9409424986276,8.11094202542811));
#11482=CARTESIAN_POINT('Ctrl Pts',(47.503762191534,-17.9409424986276,8.11094202542811));
#11483=CARTESIAN_POINT('Ctrl Pts',(47.5095184545752,-17.9409424986276,8.17076464107705));
#11484=CARTESIAN_POINT('Ctrl Pts',(47.5152747176164,-17.9409424986276,8.23058725672598));
#11485=CARTESIAN_POINT('Ctrl Pts',(47.5371217191219,-17.9409424986276,8.28376509690791));
#11486=CARTESIAN_POINT('Ctrl Pts',(47.5593624058674,-17.9409424986276,8.33790120730219));
#11487=CARTESIAN_POINT('Ctrl Pts',(47.5982789696907,-17.9409424986276,8.38515090542002));
#11488=CARTESIAN_POINT('Ctrl Pts',(47.637195533514,-17.9409424986276,8.43240060353786));
#11489=CARTESIAN_POINT('',(47.6359056890011,-17.9409424986276,7.78166510606319));
#11490=CARTESIAN_POINT('Ctrl Pts',(47.6359056890011,-17.9409424986276,7.78166510606319));
#11491=CARTESIAN_POINT('Ctrl Pts',(47.5973635632085,-17.9409424986276,7.82981296221013));
#11492=CARTESIAN_POINT('Ctrl Pts',(47.558821437416,-17.9409424986276,7.87796081835707));
#11493=CARTESIAN_POINT('Ctrl Pts',(47.5367974698543,-17.9409424986276,7.93274350905925));
#11494=CARTESIAN_POINT('Ctrl Pts',(47.5147065085139,-17.9409424986276,7.98769284091958));
#11495=CARTESIAN_POINT('Ctrl Pts',(47.509234350024,-17.9409424986276,8.04931743317385));
#11496=CARTESIAN_POINT('Ctrl Pts',(47.503762191534,-17.9409424986276,8.11094202542811));
#11497=CARTESIAN_POINT('',(47.9617618978023,-17.9409424986276,7.6441464617303));
#11498=CARTESIAN_POINT('Ctrl Pts',(47.9617618978023,-17.9409424986276,7.6441464617303));
#11499=CARTESIAN_POINT('Ctrl Pts',(47.8998533750372,-17.9409424986276,7.64977469670352));
#11500=CARTESIAN_POINT('Ctrl Pts',(47.837944852272,-17.9409424986276,7.65540293167673));
#11501=CARTESIAN_POINT('Ctrl Pts',(47.7834391057491,-17.9409424986276,7.67852642083674));
#11502=CARTESIAN_POINT('Ctrl Pts',(47.7294125019004,-17.9409424986276,7.70144663876136));
#11503=CARTESIAN_POINT('Ctrl Pts',(47.6826590954507,-17.9409424986276,7.74155587241227));
#11504=CARTESIAN_POINT('Ctrl Pts',(47.6359056890011,-17.9409424986276,7.78166510606319));
#11505=CARTESIAN_POINT('',(48.2498526036739,-17.9409424986276,7.6441464617303));
#11506=CARTESIAN_POINT('',(39.1841731697803,-17.9409424986276,7.6441464617303));
#11507=CARTESIAN_POINT('',(48.2498526036739,-17.9409424986276,3.49373676324397));
#11508=CARTESIAN_POINT('',(48.2498526036739,-17.9409424986276,4.25099678779155));
#11509=CARTESIAN_POINT('',(47.9528974950313,-17.9409424986276,3.49373676324397));
#11510=CARTESIAN_POINT('',(39.035695615459,-17.9409424986276,3.49373676324397));
#11511=CARTESIAN_POINT('',(47.6276325643063,-17.9409424986276,3.35552014852077));
#11512=CARTESIAN_POINT('Ctrl Pts',(47.6276325643063,-17.9409424986276,3.35552014852077));
#11513=CARTESIAN_POINT('Ctrl Pts',(47.6744234825969,-17.9409424986276,3.39583338719114));
#11514=CARTESIAN_POINT('Ctrl Pts',(47.7212144008876,-17.9409424986276,3.43614662586151));
#11515=CARTESIAN_POINT('Ctrl Pts',(47.775351947546,-17.9409424986276,3.45918275857478));
#11516=CARTESIAN_POINT('Ctrl Pts',(47.829613568976,-17.9409424986276,3.48227168649361));
#11517=CARTESIAN_POINT('Ctrl Pts',(47.8912555320037,-17.9409424986276,3.48800422486879));
#11518=CARTESIAN_POINT('Ctrl Pts',(47.9528974950313,-17.9409424986276,3.49373676324397));
#11519=CARTESIAN_POINT('',(47.4948262631893,-17.9409424986276,3.02694119954616));
#11520=CARTESIAN_POINT('Ctrl Pts',(47.4948262631893,-17.9409424986276,3.02694119954616));
#11521=CARTESIAN_POINT('Ctrl Pts',(47.5004026801477,-17.9409424986276,3.08826662082711));
#11522=CARTESIAN_POINT('Ctrl Pts',(47.5059790971061,-17.9409424986276,3.14959204210806));
#11523=CARTESIAN_POINT('Ctrl Pts',(47.528028434515,-17.9409424986276,3.20426680589229));
#11524=CARTESIAN_POINT('Ctrl Pts',(47.5501629011274,-17.9409424986276,3.25915266078586));
#11525=CARTESIAN_POINT('Ctrl Pts',(47.5888977327168,-17.9409424986276,3.30733640465331));
#11526=CARTESIAN_POINT('Ctrl Pts',(47.6276325643063,-17.9409424986276,3.35552014852077));
#11527=CARTESIAN_POINT('',(47.6275991857052,-17.9409424986276,2.70478465104609));
#11528=CARTESIAN_POINT('Ctrl Pts',(47.6275991857052,-17.9409424986276,2.7047846510461));
#11529=CARTESIAN_POINT('Ctrl Pts',(47.5888737772308,-17.9409424986276,2.7519988066731));
#11530=CARTESIAN_POINT('Ctrl Pts',(47.5501483687565,-17.9409424986276,2.79921296230011));
#11531=CARTESIAN_POINT('Ctrl Pts',(47.5280188977718,-17.9409424986276,2.85324551606685));
#11532=CARTESIAN_POINT('Ctrl Pts',(47.5061278580358,-17.9409424986276,2.90669590276452));
#11533=CARTESIAN_POINT('Ctrl Pts',(47.5004770606126,-17.9409424986276,2.96681855115533));
#11534=CARTESIAN_POINT('Ctrl Pts',(47.4948262631893,-17.9409424986276,3.02694119954616));
#11535=CARTESIAN_POINT('',(47.9518484532833,-17.9409424986276,2.56894149327784));
#11536=CARTESIAN_POINT('Ctrl Pts',(47.9518484532833,-17.9409424986276,2.56894149327785));
#11537=CARTESIAN_POINT('Ctrl Pts',(47.8905185973406,-17.9409424986276,2.57455040832808));
#11538=CARTESIAN_POINT('Ctrl Pts',(47.829188741398,-17.9409424986276,2.58015932337831));
#11539=CARTESIAN_POINT('Ctrl Pts',(47.7750467717647,-17.9409424986276,2.60290243173152));
#11540=CARTESIAN_POINT('Ctrl Pts',(47.7211487341444,-17.9409424986276,2.6255430729555));
#11541=CARTESIAN_POINT('Ctrl Pts',(47.6743739599248,-17.9409424986276,2.66516386200079));
#11542=CARTESIAN_POINT('Ctrl Pts',(47.6275991857052,-17.9409424986276,2.7047846510461));
#11543=CARTESIAN_POINT('',(49.3570541799068,-17.9409424986276,2.56894149327784));
#11544=CARTESIAN_POINT('',(39.7377739578967,-17.9409424986276,2.56894149327785));
#11545=CARTESIAN_POINT('',(49.9945949971676,-17.9409424986276,2.7526018812707));
#11546=CARTESIAN_POINT('Ctrl Pts',(49.9945949971676,-17.9409424986276,2.7526018812707));
#11547=CARTESIAN_POINT('Ctrl Pts',(49.8960964667283,-17.9409424986276,2.69903575129465));
#11548=CARTESIAN_POINT('Ctrl Pts',(49.797597936289,-17.9409424986276,2.64546962131859));
#11549=CARTESIAN_POINT('Ctrl Pts',(49.6924519002438,-17.9409424986276,2.61485673928767));
#11550=CARTESIAN_POINT('Ctrl Pts',(49.5852585869546,-17.9409424986276,2.58364780001001));
#11551=CARTESIAN_POINT('Ctrl Pts',(49.4711563834307,-17.9409424986276,2.57629464664393));
#11552=CARTESIAN_POINT('Ctrl Pts',(49.3570541799068,-17.9409424986276,2.56894149327785));
#11553=CARTESIAN_POINT('',(50.4299759328365,-17.9409424986276,3.23601164365321));
#11554=CARTESIAN_POINT('Ctrl Pts',(50.4299759328365,-17.9409424986276,3.23601164365321));
#11555=CARTESIAN_POINT('Ctrl Pts',(50.3742054851948,-17.9409424986276,3.14082913907778));
#11556=CARTESIAN_POINT('Ctrl Pts',(50.318435037553,-17.9409424986276,3.04564663450234));
#11557=CARTESIAN_POINT('Ctrl Pts',(50.2461933553219,-17.9409424986276,2.9652849628976));
#11558=CARTESIAN_POINT('Ctrl Pts',(50.1734584973655,-17.9409424986276,2.88437468245033));
#11559=CARTESIAN_POINT('Ctrl Pts',(50.0840267472665,-17.9409424986276,2.81848828186051));
#11560=CARTESIAN_POINT('Ctrl Pts',(49.9945949971676,-17.9409424986276,2.7526018812707));
#11561=CARTESIAN_POINT('',(51.1716007649898,-17.9409424986276,4.75129880452662));
#11562=CARTESIAN_POINT('',(49.1880809654261,-17.9409424986276,0.698573012038942));
#11563=CARTESIAN_POINT('',(51.390583461523,-17.9409424986276,5.55819131875544));
#11564=CARTESIAN_POINT('Ctrl Pts',(51.390583461523,-17.9409424986276,5.55819131875545));
#11565=CARTESIAN_POINT('Ctrl Pts',(51.3810076961357,-17.9409424986276,5.41827050292904));
#11566=CARTESIAN_POINT('Ctrl Pts',(51.3714319307484,-17.9409424986276,5.27834968710263));
#11567=CARTESIAN_POINT('Ctrl Pts',(51.3358377873897,-17.9409424986276,5.14544345880061));
#11568=CARTESIAN_POINT('Ctrl Pts',(51.2993347975836,-17.9409424986276,5.00914365666741));
#11569=CARTESIAN_POINT('Ctrl Pts',(51.2354677812867,-17.9409424986276,4.88022123059702));
#11570=CARTESIAN_POINT('Ctrl Pts',(51.1716007649898,-17.9409424986276,4.75129880452663));
#11571=CARTESIAN_POINT('',(51.1847233235836,-17.9409424986276,6.39642633939296));
#11572=CARTESIAN_POINT('Ctrl Pts',(51.1847233235836,-17.9409424986276,6.39642633939296));
#11573=CARTESIAN_POINT('Ctrl Pts',(51.2447648478104,-17.9409424986276,6.26421079312393));
#11574=CARTESIAN_POINT('Ctrl Pts',(51.3048063720372,-17.9409424986276,6.1319952468549));
#11575=CARTESIAN_POINT('Ctrl Pts',(51.3391184270382,-17.9409424986276,5.99343456769496));
#11576=CARTESIAN_POINT('Ctrl Pts',(51.3739647615441,-17.9409424986276,5.85271633396535));
#11577=CARTESIAN_POINT('Ctrl Pts',(51.3822741115336,-17.9409424986276,5.7054538263604));
#11578=CARTESIAN_POINT('Ctrl Pts',(51.390583461523,-17.9409424986276,5.55819131875545));
#11579=CARTESIAN_POINT('',(50.447356647253,-17.9409424986276,7.90047564054042));
#11580=CARTESIAN_POINT('',(49.0493209283877,-17.9409424986276,10.7521296594099));
#11581=CARTESIAN_POINT('',(50.0198959767818,-17.9409424986276,8.36856224084407));
#11582=CARTESIAN_POINT('Ctrl Pts',(50.0198959767818,-17.9409424986276,8.36856224084407));
#11583=CARTESIAN_POINT('Ctrl Pts',(50.1094401558485,-17.9409424986276,8.30220864807596));
#11584=CARTESIAN_POINT('Ctrl Pts',(50.1989843349151,-17.9409424986276,8.23585505530786));
#11585=CARTESIAN_POINT('Ctrl Pts',(50.2719425618648,-17.9409424986276,8.15449245715648));
#11586=CARTESIAN_POINT('Ctrl Pts',(50.3400496739573,-17.9409424986276,8.07853979459732));
#11587=CARTESIAN_POINT('Ctrl Pts',(50.3937031606051,-17.9409424986276,7.98950771756887));
#11588=CARTESIAN_POINT('Ctrl Pts',(50.447356647253,-17.9409424986276,7.90047564054042));
#11589=CARTESIAN_POINT('',(49.3245243489742,-17.9409424986276,8.56894173169642));
#11590=CARTESIAN_POINT('Ctrl Pts',(49.3245243489742,-17.9409424986276,8.56894173169642));
#11591=CARTESIAN_POINT('Ctrl Pts',(49.452675900275,-17.9409424986276,8.56037369392106));
#11592=CARTESIAN_POINT('Ctrl Pts',(49.5808274515759,-17.9409424986276,8.55180565614571));
#11593=CARTESIAN_POINT('Ctrl Pts',(49.7008728444576,-17.9409424986276,8.51570584321528));
#11594=CARTESIAN_POINT('Ctrl Pts',(49.8118307789158,-17.9409424986276,8.48233879279434));
#11595=CARTESIAN_POINT('Ctrl Pts',(49.9158633778488,-17.9409424986276,8.42545051681921));
#11596=CARTESIAN_POINT('Ctrl Pts',(50.0198959767818,-17.9409424986276,8.36856224084407));
#11597=CARTESIAN_POINT('',(39.0396390587573,-17.9409424986276,8.56894173169642));
#11598=CARTESIAN_POINT('',(49.3173336446285,-17.9409424986276,7.6441464617303));
#11599=CARTESIAN_POINT('',(49.170181697607,-17.9409424986276,7.6441464617303));
#11600=CARTESIAN_POINT('',(39.7179136902576,-17.9409424986276,7.6441464617303));
#11601=CARTESIAN_POINT('',(49.6128916203976,-17.9409424986276,7.49601729655772));
#11602=CARTESIAN_POINT('Ctrl Pts',(49.6128916203976,-17.9409424986276,7.49601729655772));
#11603=CARTESIAN_POINT('Ctrl Pts',(49.5777397039035,-17.9409424986276,7.53943516785261));
#11604=CARTESIAN_POINT('Ctrl Pts',(49.5425877874094,-17.9409424986276,7.5828530391475));
#11605=CARTESIAN_POINT('Ctrl Pts',(49.4976448476314,-17.9409424986276,7.6076725914529));
#11606=CARTESIAN_POINT('Ctrl Pts',(49.4461202425983,-17.9409424986276,7.63612684112935));
#11607=CARTESIAN_POINT('Ctrl Pts',(49.3817269436134,-17.9409424986276,7.64013665142982));
#11608=CARTESIAN_POINT('Ctrl Pts',(49.3173336446285,-17.9409424986276,7.6441464617303));
#11609=CARTESIAN_POINT('',(50.3706383168697,-17.9409424986276,5.97346939588099));
#11610=CARTESIAN_POINT('',(48.5529345222159,-17.9409424986276,9.62579953402224));
#11611=CARTESIAN_POINT('',(50.4702543675899,-17.9409424986276,5.55393316293269));
#11612=CARTESIAN_POINT('Ctrl Pts',(50.4702543675899,-17.9409424986276,5.55393316293269));
#11613=CARTESIAN_POINT('Ctrl Pts',(50.4663231046432,-17.9409424986276,5.62683532656987));
#11614=CARTESIAN_POINT('Ctrl Pts',(50.4623918416964,-17.9409424986276,5.69973749020705));
#11615=CARTESIAN_POINT('Ctrl Pts',(50.4458021581173,-17.9409424986276,5.76963462377101));
#11616=CARTESIAN_POINT('Ctrl Pts',(50.429199597396,-17.9409424986276,5.83958601245814));
#11617=CARTESIAN_POINT('Ctrl Pts',(50.3999189571329,-17.9409424986276,5.90652770416957));
#11618=CARTESIAN_POINT('Ctrl Pts',(50.3706383168697,-17.9409424986276,5.973469395881));
#11619=CARTESIAN_POINT('',(50.3584932744503,-17.9409424986276,5.14423944497615));
#11620=CARTESIAN_POINT('Ctrl Pts',(50.3584932744503,-17.9409424986276,5.14423944497615));
#11621=CARTESIAN_POINT('Ctrl Pts',(50.3918269965737,-17.9409424986276,5.21695857047568));
#11622=CARTESIAN_POINT('Ctrl Pts',(50.4251607186971,-17.9409424986276,5.28967769597521));
#11623=CARTESIAN_POINT('Ctrl Pts',(50.4439186513424,-17.9409424986276,5.36617137933284));
#11624=CARTESIAN_POINT('Ctrl Pts',(50.4588741697252,-17.9409424986276,5.42715905368147));
#11625=CARTESIAN_POINT('Ctrl Pts',(50.4645642686576,-17.9409424986276,5.49054610830708));
#11626=CARTESIAN_POINT('Ctrl Pts',(50.4702543675899,-17.9409424986276,5.55393316293269));
#11627=CARTESIAN_POINT('',(49.6082138478756,-17.9409424986276,3.56410183454066));
#11628=CARTESIAN_POINT('',(48.0951792370088,-17.9409424986276,0.377551850841875));
#11629=CARTESIAN_POINT('',(49.3319916188717,-17.9409424986276,3.48668612981349));
#11630=CARTESIAN_POINT('Ctrl Pts',(49.3319916188717,-17.9409424986276,3.48668612981349));
#11631=CARTESIAN_POINT('Ctrl Pts',(49.387934276232,-17.9409424986276,3.48791607138477));
#11632=CARTESIAN_POINT('Ctrl Pts',(49.4438769335923,-17.9409424986276,3.48914601295604));
#11633=CARTESIAN_POINT('Ctrl Pts',(49.4950413167477,-17.9409424986276,3.50603975797206));
#11634=CARTESIAN_POINT('Ctrl Pts',(49.5346772012396,-17.9409424986276,3.51912695818431));
#11635=CARTESIAN_POINT('Ctrl Pts',(49.5714455245576,-17.9409424986276,3.54161439636249));
#11636=CARTESIAN_POINT('Ctrl Pts',(49.6082138478756,-17.9409424986276,3.56410183454066));
#11637=CARTESIAN_POINT('',(49.170181697607,-17.9409424986276,3.48480143094569));
#11638=CARTESIAN_POINT('',(39.6545009860098,-17.9409424986276,3.37396649249874));
#11639=CARTESIAN_POINT('',(49.170181697607,-17.9409424986276,6.32620163703471));
#11640=CARTESIAN_POINT('Origin',(49.6082138478756,-18.4409424986276,3.56410183454066));
#11641=CARTESIAN_POINT('',(50.3584932744503,-18.4409424986276,5.14423944497615));
#11642=CARTESIAN_POINT('',(50.3584932744503,-18.4409424986276,5.14423944497615));
#11643=CARTESIAN_POINT('',(49.6082138478756,-18.4409424986276,3.56410183454066));
#11644=CARTESIAN_POINT('',(46.7560849182121,-18.4409424986276,-2.44266848588159));
#11645=CARTESIAN_POINT('',(49.6082138478756,-18.4409424986276,3.56410183454066));
#11646=CARTESIAN_POINT('Ctrl Pts',(50.3584932744503,-18.4409424986276,5.14423944497615));
#11647=CARTESIAN_POINT('Ctrl Pts',(50.3584932744503,-17.4409424986276,5.14423944497615));
#11648=CARTESIAN_POINT('Ctrl Pts',(50.3918269965737,-18.4409424986276,5.21695857047568));
#11649=CARTESIAN_POINT('Ctrl Pts',(50.3918269965737,-17.4409424986276,5.21695857047568));
#11650=CARTESIAN_POINT('Ctrl Pts',(50.4517373731404,-18.4409424986276,5.34765595182867));
#11651=CARTESIAN_POINT('Ctrl Pts',(50.4517373731404,-17.4409424986276,5.34765595182867));
#11652=CARTESIAN_POINT('Ctrl Pts',(50.4645642686576,-18.4409424986276,5.49054610830708));
#11653=CARTESIAN_POINT('Ctrl Pts',(50.4645642686576,-17.4409424986276,5.49054610830708));
#11654=CARTESIAN_POINT('Ctrl Pts',(50.4702543675899,-18.4409424986276,5.55393316293269));
#11655=CARTESIAN_POINT('Ctrl Pts',(50.4702543675899,-17.4409424986276,5.55393316293269));
#11656=CARTESIAN_POINT('',(50.4702543675899,-18.4409424986276,5.55393316293269));
#11657=CARTESIAN_POINT('',(50.4702543675899,-18.4409424986276,5.55393316293269));
#11658=CARTESIAN_POINT('Ctrl Pts',(50.3584932744503,-18.4409424986276,5.14423944497615));
#11659=CARTESIAN_POINT('Ctrl Pts',(50.3918269965737,-18.4409424986276,5.21695857047568));
#11660=CARTESIAN_POINT('Ctrl Pts',(50.4517373731404,-18.4409424986276,5.34765595182867));
#11661=CARTESIAN_POINT('Ctrl Pts',(50.4645642686576,-18.4409424986276,5.49054610830708));
#11662=CARTESIAN_POINT('Ctrl Pts',(50.4702543675899,-18.4409424986276,5.55393316293269));
#11663=CARTESIAN_POINT('Ctrl Pts',(50.4702543675899,-18.4409424986276,5.55393316293269));
#11664=CARTESIAN_POINT('Ctrl Pts',(50.4702543675899,-17.4409424986276,5.55393316293269));
#11665=CARTESIAN_POINT('Ctrl Pts',(50.4663231046432,-18.4409424986276,5.62683532656987));
#11666=CARTESIAN_POINT('Ctrl Pts',(50.4663231046432,-17.4409424986276,5.62683532656987));
#11667=CARTESIAN_POINT('Ctrl Pts',(50.4584575272488,-18.4409424986276,5.77269624151335));
#11668=CARTESIAN_POINT('Ctrl Pts',(50.4584575272488,-17.4409424986276,5.77269624151335));
#11669=CARTESIAN_POINT('Ctrl Pts',(50.3999189571329,-18.4409424986276,5.90652770416957));
#11670=CARTESIAN_POINT('Ctrl Pts',(50.3999189571329,-17.4409424986276,5.90652770416957));
#11671=CARTESIAN_POINT('Ctrl Pts',(50.3706383168697,-18.4409424986276,5.973469395881));
#11672=CARTESIAN_POINT('Ctrl Pts',(50.3706383168697,-17.4409424986276,5.973469395881));
#11673=CARTESIAN_POINT('',(50.3706383168697,-18.4409424986276,5.973469395881));
#11674=CARTESIAN_POINT('',(50.3706383168697,-18.4409424986276,5.973469395881));
#11675=CARTESIAN_POINT('Ctrl Pts',(50.4702543675899,-18.4409424986276,5.55393316293269));
#11676=CARTESIAN_POINT('Ctrl Pts',(50.4663231046432,-18.4409424986276,5.62683532656987));
#11677=CARTESIAN_POINT('Ctrl Pts',(50.4584575272488,-18.4409424986276,5.77269624151335));
#11678=CARTESIAN_POINT('Ctrl Pts',(50.3999189571329,-18.4409424986276,5.90652770416957));
#11679=CARTESIAN_POINT('Ctrl Pts',(50.3706383168697,-18.4409424986276,5.973469395881));
#11680=CARTESIAN_POINT('Origin',(50.3706383168697,-18.4409424986276,5.973469395881));
#11681=CARTESIAN_POINT('',(49.6128916203976,-18.4409424986276,7.49601729655772));
#11682=CARTESIAN_POINT('',(49.6128916203976,-18.4409424986276,7.49601729655772));
#11683=CARTESIAN_POINT('',(44.8365150229069,-18.4409424986276,17.0932378390005));
#11684=CARTESIAN_POINT('Ctrl Pts',(49.6128916203976,-18.4409424986276,7.49601729655772));
#11685=CARTESIAN_POINT('Ctrl Pts',(49.6128916203976,-17.4409424986276,7.49601729655772));
#11686=CARTESIAN_POINT('Ctrl Pts',(49.5777397039035,-18.4409424986276,7.53943516785261));
#11687=CARTESIAN_POINT('Ctrl Pts',(49.5777397039035,-17.4409424986276,7.53943516785261));
#11688=CARTESIAN_POINT('Ctrl Pts',(49.5022880512892,-18.4409424986276,7.63262923716442));
#11689=CARTESIAN_POINT('Ctrl Pts',(49.5022880512892,-17.4409424986276,7.63262923716442));
#11690=CARTESIAN_POINT('Ctrl Pts',(49.3817269436134,-18.4409424986276,7.64013665142982));
#11691=CARTESIAN_POINT('Ctrl Pts',(49.3817269436134,-17.4409424986276,7.64013665142982));
#11692=CARTESIAN_POINT('Ctrl Pts',(49.3173336446285,-18.4409424986276,7.6441464617303));
#11693=CARTESIAN_POINT('Ctrl Pts',(49.3173336446285,-17.4409424986276,7.6441464617303));
#11694=CARTESIAN_POINT('',(49.3173336446285,-18.4409424986276,7.6441464617303));
#11695=CARTESIAN_POINT('',(49.3173336446285,-18.4409424986276,7.6441464617303));
#11696=CARTESIAN_POINT('Ctrl Pts',(49.6128916203976,-18.4409424986276,7.49601729655772));
#11697=CARTESIAN_POINT('Ctrl Pts',(49.5777397039035,-18.4409424986276,7.53943516785261));
#11698=CARTESIAN_POINT('Ctrl Pts',(49.5022880512892,-18.4409424986276,7.63262923716442));
#11699=CARTESIAN_POINT('Ctrl Pts',(49.3817269436134,-18.4409424986276,7.64013665142982));
#11700=CARTESIAN_POINT('Ctrl Pts',(49.3173336446285,-18.4409424986276,7.6441464617303));
#11701=CARTESIAN_POINT('Origin',(49.3570541799068,-18.4409424986276,2.56894149327785));
#11702=CARTESIAN_POINT('',(47.9518484532833,-18.4409424986276,2.56894149327785));
#11703=CARTESIAN_POINT('',(47.9518484532833,-18.4409424986276,2.56894149327785));
#11704=CARTESIAN_POINT('',(49.3570541799068,-18.4409424986276,2.56894149327785));
#11705=CARTESIAN_POINT('',(26.6035270899534,-18.4409424986276,2.56894149327784));
#11706=CARTESIAN_POINT('',(49.3570541799068,-18.4409424986276,2.56894149327785));
#11707=CARTESIAN_POINT('Ctrl Pts',(47.9518484532833,-18.4409424986276,2.56894149327785));
#11708=CARTESIAN_POINT('Ctrl Pts',(47.9518484532833,-17.4409424986276,2.56894149327785));
#11709=CARTESIAN_POINT('Ctrl Pts',(47.8905185973406,-18.4409424986276,2.57455040832808));
#11710=CARTESIAN_POINT('Ctrl Pts',(47.8905185973406,-17.4409424986276,2.57455040832808));
#11711=CARTESIAN_POINT('Ctrl Pts',(47.7681352018751,-18.4409424986276,2.58574296794158));
#11712=CARTESIAN_POINT('Ctrl Pts',(47.7681352018751,-17.4409424986276,2.58574296794158));
#11713=CARTESIAN_POINT('Ctrl Pts',(47.6743739599248,-18.4409424986276,2.66516386200079));
#11714=CARTESIAN_POINT('Ctrl Pts',(47.6743739599248,-17.4409424986276,2.66516386200079));
#11715=CARTESIAN_POINT('Ctrl Pts',(47.6275991857052,-18.4409424986276,2.7047846510461));
#11716=CARTESIAN_POINT('Ctrl Pts',(47.6275991857052,-17.4409424986276,2.7047846510461));
#11717=CARTESIAN_POINT('',(47.6275991857052,-18.4409424986276,2.7047846510461));
#11718=CARTESIAN_POINT('',(47.6275991857052,-18.4409424986276,2.7047846510461));
#11719=CARTESIAN_POINT('Ctrl Pts',(47.9518484532833,-18.4409424986276,2.56894149327785));
#11720=CARTESIAN_POINT('Ctrl Pts',(47.8905185973406,-18.4409424986276,2.57455040832808));
#11721=CARTESIAN_POINT('Ctrl Pts',(47.7681352018751,-18.4409424986276,2.58574296794158));
#11722=CARTESIAN_POINT('Ctrl Pts',(47.6743739599248,-18.4409424986276,2.66516386200079));
#11723=CARTESIAN_POINT('Ctrl Pts',(47.6275991857052,-18.4409424986276,2.7047846510461));
#11724=CARTESIAN_POINT('Ctrl Pts',(47.6275991857052,-18.4409424986276,2.7047846510461));
#11725=CARTESIAN_POINT('Ctrl Pts',(47.6275991857052,-17.4409424986276,2.7047846510461));
#11726=CARTESIAN_POINT('Ctrl Pts',(47.5888737772308,-18.4409424986276,2.7519988066731));
#11727=CARTESIAN_POINT('Ctrl Pts',(47.5888737772308,-17.4409424986276,2.7519988066731));
#11728=CARTESIAN_POINT('Ctrl Pts',(47.5118402024071,-18.4409424986276,2.84591841484566));
#11729=CARTESIAN_POINT('Ctrl Pts',(47.5118402024071,-17.4409424986276,2.84591841484566));
#11730=CARTESIAN_POINT('Ctrl Pts',(47.5004770606126,-18.4409424986276,2.96681855115533));
#11731=CARTESIAN_POINT('Ctrl Pts',(47.5004770606126,-17.4409424986276,2.96681855115533));
#11732=CARTESIAN_POINT('Ctrl Pts',(47.4948262631893,-18.4409424986276,3.02694119954616));
#11733=CARTESIAN_POINT('Ctrl Pts',(47.4948262631893,-17.4409424986276,3.02694119954616));
#11734=CARTESIAN_POINT('',(47.4948262631893,-18.4409424986276,3.02694119954616));
#11735=CARTESIAN_POINT('',(47.4948262631893,-18.4409424986276,3.02694119954616));
#11736=CARTESIAN_POINT('Ctrl Pts',(47.6275991857052,-18.4409424986276,2.7047846510461));
#11737=CARTESIAN_POINT('Ctrl Pts',(47.5888737772308,-18.4409424986276,2.7519988066731));
#11738=CARTESIAN_POINT('Ctrl Pts',(47.5118402024071,-18.4409424986276,2.84591841484566));
#11739=CARTESIAN_POINT('Ctrl Pts',(47.5004770606126,-18.4409424986276,2.96681855115533));
#11740=CARTESIAN_POINT('Ctrl Pts',(47.4948262631893,-18.4409424986276,3.02694119954616));
#11741=CARTESIAN_POINT('Ctrl Pts',(47.4948262631893,-18.4409424986276,3.02694119954616));
#11742=CARTESIAN_POINT('Ctrl Pts',(47.4948262631893,-17.4409424986276,3.02694119954616));
#11743=CARTESIAN_POINT('Ctrl Pts',(47.5004026801477,-18.4409424986276,3.08826662082711));
#11744=CARTESIAN_POINT('Ctrl Pts',(47.5004026801477,-17.4409424986276,3.08826662082711));
#11745=CARTESIAN_POINT('Ctrl Pts',(47.5115770437788,-18.4409424986276,3.21115423169514));
#11746=CARTESIAN_POINT('Ctrl Pts',(47.5115770437788,-17.4409424986276,3.21115423169514));
#11747=CARTESIAN_POINT('Ctrl Pts',(47.5888977327168,-18.4409424986276,3.30733640465331));
#11748=CARTESIAN_POINT('Ctrl Pts',(47.5888977327168,-17.4409424986276,3.30733640465331));
#11749=CARTESIAN_POINT('Ctrl Pts',(47.6276325643063,-18.4409424986276,3.35552014852077));
#11750=CARTESIAN_POINT('Ctrl Pts',(47.6276325643063,-17.4409424986276,3.35552014852077));
#11751=CARTESIAN_POINT('',(47.6276325643063,-18.4409424986276,3.35552014852077));
#11752=CARTESIAN_POINT('',(47.6276325643063,-18.4409424986276,3.35552014852077));
#11753=CARTESIAN_POINT('Ctrl Pts',(47.4948262631893,-18.4409424986276,3.02694119954616));
#11754=CARTESIAN_POINT('Ctrl Pts',(47.5004026801477,-18.4409424986276,3.08826662082711));
#11755=CARTESIAN_POINT('Ctrl Pts',(47.5115770437788,-18.4409424986276,3.21115423169514));
#11756=CARTESIAN_POINT('Ctrl Pts',(47.5888977327168,-18.4409424986276,3.30733640465331));
#11757=CARTESIAN_POINT('Ctrl Pts',(47.6276325643063,-18.4409424986276,3.35552014852077));
#11758=CARTESIAN_POINT('Ctrl Pts',(47.6276325643063,-18.4409424986276,3.35552014852077));
#11759=CARTESIAN_POINT('Ctrl Pts',(47.6276325643063,-17.4409424986276,3.35552014852077));
#11760=CARTESIAN_POINT('Ctrl Pts',(47.6744234825969,-18.4409424986276,3.39583338719114));
#11761=CARTESIAN_POINT('Ctrl Pts',(47.6744234825969,-17.4409424986276,3.39583338719114));
#11762=CARTESIAN_POINT('Ctrl Pts',(47.7681125566291,-18.4409424986276,3.47655225615631));
#11763=CARTESIAN_POINT('Ctrl Pts',(47.7681125566291,-17.4409424986276,3.47655225615631));
#11764=CARTESIAN_POINT('Ctrl Pts',(47.8912555320037,-18.4409424986276,3.48800422486879));
#11765=CARTESIAN_POINT('Ctrl Pts',(47.8912555320037,-17.4409424986276,3.48800422486879));
#11766=CARTESIAN_POINT('Ctrl Pts',(47.9528974950313,-18.4409424986276,3.49373676324397));
#11767=CARTESIAN_POINT('Ctrl Pts',(47.9528974950313,-17.4409424986276,3.49373676324397));
#11768=CARTESIAN_POINT('',(47.9528974950313,-18.4409424986276,3.49373676324397));
#11769=CARTESIAN_POINT('',(47.9528974950313,-18.4409424986276,3.49373676324397));
#11770=CARTESIAN_POINT('Ctrl Pts',(47.6276325643063,-18.4409424986276,3.35552014852077));
#11771=CARTESIAN_POINT('Ctrl Pts',(47.6744234825969,-18.4409424986276,3.39583338719114));
#11772=CARTESIAN_POINT('Ctrl Pts',(47.7681125566291,-18.4409424986276,3.47655225615631));
#11773=CARTESIAN_POINT('Ctrl Pts',(47.8912555320037,-18.4409424986276,3.48800422486879));
#11774=CARTESIAN_POINT('Ctrl Pts',(47.9528974950313,-18.4409424986276,3.49373676324397));
#11775=CARTESIAN_POINT('Origin',(47.9528974950313,-18.4409424986276,3.49373676324397));
#11776=CARTESIAN_POINT('',(48.2498526036739,-18.4409424986276,3.49373676324397));
#11777=CARTESIAN_POINT('',(48.2498526036739,-18.4409424986276,3.49373676324397));
#11778=CARTESIAN_POINT('',(25.9014487475157,-18.4409424986276,3.49373676324397));
#11779=CARTESIAN_POINT('Origin',(48.2498526036739,-18.4409424986276,3.49373676324397));
#11780=CARTESIAN_POINT('',(48.2498526036739,-18.4409424986276,7.6441464617303));
#11781=CARTESIAN_POINT('',(48.2498526036739,-18.4409424986276,7.6441464617303));
#11782=CARTESIAN_POINT('',(48.2498526036739,-18.4409424986276,7.03133948588878));
#11783=CARTESIAN_POINT('Origin',(48.2498526036739,-18.4409424986276,7.6441464617303));
#11784=CARTESIAN_POINT('',(47.9617618978023,-18.4409424986276,7.6441464617303));
#11785=CARTESIAN_POINT('',(47.9617618978023,-18.4409424986276,7.6441464617303));
#11786=CARTESIAN_POINT('',(26.049926301837,-18.4409424986276,7.6441464617303));
#11787=CARTESIAN_POINT('Ctrl Pts',(47.9617618978023,-18.4409424986276,7.6441464617303));
#11788=CARTESIAN_POINT('Ctrl Pts',(47.9617618978023,-17.4409424986276,7.6441464617303));
#11789=CARTESIAN_POINT('Ctrl Pts',(47.8998533750372,-18.4409424986276,7.64977469670352));
#11790=CARTESIAN_POINT('Ctrl Pts',(47.8998533750372,-17.4409424986276,7.64977469670352));
#11791=CARTESIAN_POINT('Ctrl Pts',(47.7765805476314,-18.4409424986276,7.66098169062718));
#11792=CARTESIAN_POINT('Ctrl Pts',(47.7765805476314,-17.4409424986276,7.66098169062718));
#11793=CARTESIAN_POINT('Ctrl Pts',(47.6826590954507,-18.4409424986276,7.74155587241227));
#11794=CARTESIAN_POINT('Ctrl Pts',(47.6826590954507,-17.4409424986276,7.74155587241227));
#11795=CARTESIAN_POINT('Ctrl Pts',(47.6359056890011,-18.4409424986276,7.78166510606319));
#11796=CARTESIAN_POINT('Ctrl Pts',(47.6359056890011,-17.4409424986276,7.78166510606319));
#11797=CARTESIAN_POINT('',(47.6359056890011,-18.4409424986276,7.78166510606319));
#11798=CARTESIAN_POINT('',(47.6359056890011,-18.4409424986276,7.78166510606319));
#11799=CARTESIAN_POINT('Ctrl Pts',(47.9617618978023,-18.4409424986276,7.6441464617303));
#11800=CARTESIAN_POINT('Ctrl Pts',(47.8998533750372,-18.4409424986276,7.64977469670352));
#11801=CARTESIAN_POINT('Ctrl Pts',(47.7765805476314,-18.4409424986276,7.66098169062718));
#11802=CARTESIAN_POINT('Ctrl Pts',(47.6826590954507,-18.4409424986276,7.74155587241227));
#11803=CARTESIAN_POINT('Ctrl Pts',(47.6359056890011,-18.4409424986276,7.78166510606319));
#11804=CARTESIAN_POINT('Ctrl Pts',(47.6359056890011,-18.4409424986276,7.78166510606319));
#11805=CARTESIAN_POINT('Ctrl Pts',(47.6359056890011,-17.4409424986276,7.78166510606319));
#11806=CARTESIAN_POINT('Ctrl Pts',(47.5973635632085,-18.4409424986276,7.82981296221013));
#11807=CARTESIAN_POINT('Ctrl Pts',(47.5973635632085,-17.4409424986276,7.82981296221013));
#11808=CARTESIAN_POINT('Ctrl Pts',(47.5201620719553,-18.4409424986276,7.92625513343854));
#11809=CARTESIAN_POINT('Ctrl Pts',(47.5201620719553,-17.4409424986276,7.92625513343854));
#11810=CARTESIAN_POINT('Ctrl Pts',(47.509234350024,-18.4409424986276,8.04931743317385));
#11811=CARTESIAN_POINT('Ctrl Pts',(47.509234350024,-17.4409424986276,8.04931743317385));
#11812=CARTESIAN_POINT('Ctrl Pts',(47.503762191534,-18.4409424986276,8.11094202542811));
#11813=CARTESIAN_POINT('Ctrl Pts',(47.503762191534,-17.4409424986276,8.11094202542811));
#11814=CARTESIAN_POINT('',(47.503762191534,-18.4409424986276,8.11094202542811));
#11815=CARTESIAN_POINT('',(47.503762191534,-18.4409424986276,8.11094202542811));
#11816=CARTESIAN_POINT('Ctrl Pts',(47.6359056890011,-18.4409424986276,7.78166510606319));
#11817=CARTESIAN_POINT('Ctrl Pts',(47.5973635632085,-18.4409424986276,7.82981296221013));
#11818=CARTESIAN_POINT('Ctrl Pts',(47.5201620719553,-18.4409424986276,7.92625513343854));
#11819=CARTESIAN_POINT('Ctrl Pts',(47.509234350024,-18.4409424986276,8.04931743317385));
#11820=CARTESIAN_POINT('Ctrl Pts',(47.503762191534,-18.4409424986276,8.11094202542811));
#11821=CARTESIAN_POINT('Ctrl Pts',(47.503762191534,-18.4409424986276,8.11094202542811));
#11822=CARTESIAN_POINT('Ctrl Pts',(47.503762191534,-17.4409424986276,8.11094202542811));
#11823=CARTESIAN_POINT('Ctrl Pts',(47.5095184545752,-18.4409424986276,8.17076464107705));
#11824=CARTESIAN_POINT('Ctrl Pts',(47.5095184545752,-17.4409424986276,8.17076464107705));
#11825=CARTESIAN_POINT('Ctrl Pts',(47.5211347091165,-18.4409424986276,8.29148788213245));
#11826=CARTESIAN_POINT('Ctrl Pts',(47.5211347091165,-17.4409424986276,8.29148788213245));
#11827=CARTESIAN_POINT('Ctrl Pts',(47.5982789696907,-18.4409424986276,8.38515090542002));
#11828=CARTESIAN_POINT('Ctrl Pts',(47.5982789696907,-17.4409424986276,8.38515090542002));
#11829=CARTESIAN_POINT('Ctrl Pts',(47.637195533514,-18.4409424986276,8.43240060353786));
#11830=CARTESIAN_POINT('Ctrl Pts',(47.637195533514,-17.4409424986276,8.43240060353786));
#11831=CARTESIAN_POINT('',(47.637195533514,-18.4409424986276,8.43240060353786));
#11832=CARTESIAN_POINT('',(47.637195533514,-18.4409424986276,8.43240060353786));
#11833=CARTESIAN_POINT('Ctrl Pts',(47.503762191534,-18.4409424986276,8.11094202542811));
#11834=CARTESIAN_POINT('Ctrl Pts',(47.5095184545752,-18.4409424986276,8.17076464107705));
#11835=CARTESIAN_POINT('Ctrl Pts',(47.5211347091165,-18.4409424986276,8.29148788213245));
#11836=CARTESIAN_POINT('Ctrl Pts',(47.5982789696907,-18.4409424986276,8.38515090542002));
#11837=CARTESIAN_POINT('Ctrl Pts',(47.637195533514,-18.4409424986276,8.43240060353786));
#11838=CARTESIAN_POINT('Origin',(69.0000010281801,-18.4409424986276,7.00000010430813));
#11839=CARTESIAN_POINT('',(69.0000010281801,-18.4409424986276,7.00000010430813));
#11840=CARTESIAN_POINT('',(64.0000009536743,-18.4409424986276,7.00000010430813));
#11841=CARTESIAN_POINT('',(36.4250005140901,-18.4409424986276,7.00000010430813));
#11842=CARTESIAN_POINT('',(69.0000010281801,-17.9409424986276,7.00000010430813));
#11843=CARTESIAN_POINT('',(69.0000010281801,-18.4409424986276,7.00000010430813));
#11844=CARTESIAN_POINT('',(64.0000009536743,-17.9409424986276,7.00000010430813));
#11845=CARTESIAN_POINT('',(64.0000009536743,-17.9409424986276,7.00000010430813));
#11846=CARTESIAN_POINT('',(64.0000009536743,-18.4409424986276,7.00000010430813));
#11847=CARTESIAN_POINT('Origin',(69.0000010281801,-18.4409424986276,8.00000011920929));
#11848=CARTESIAN_POINT('',(69.0000010281801,-18.4409424986276,8.00000011920929));
#11849=CARTESIAN_POINT('',(69.0000010281801,-18.4409424986276,9.28447116387144));
#11850=CARTESIAN_POINT('',(69.0000010281801,-17.9409424986276,8.00000011920929));
#11851=CARTESIAN_POINT('',(69.0000010281801,-18.4409424986276,8.00000011920929));
#11852=CARTESIAN_POINT('',(69.0000010281801,-17.9409424986276,7.00000010430813));
#11853=CARTESIAN_POINT('Origin',(64.0000009536743,-18.4409424986276,8.00000011920929));
#11854=CARTESIAN_POINT('',(64.0000009536743,-18.4409424986276,8.00000011920929));
#11855=CARTESIAN_POINT('',(33.9250004768372,-18.4409424986276,8.00000011920929));
#11856=CARTESIAN_POINT('',(64.0000009536743,-17.9409424986276,8.00000011920929));
#11857=CARTESIAN_POINT('',(64.0000009536743,-18.4409424986276,8.00000011920929));
#11858=CARTESIAN_POINT('',(69.0000010281801,-17.9409424986276,8.00000011920929));
#11859=CARTESIAN_POINT('Origin',(64.0000009536743,-18.4409424986276,7.00000010430813));
#11860=CARTESIAN_POINT('',(64.0000009536743,-18.4409424986276,8.78447115642085));
#11861=CARTESIAN_POINT('',(64.0000009536743,-17.9409424986276,8.00000011920929));
#11862=CARTESIAN_POINT('Origin',(66.5000009909272,-17.9409424986276,7.50000011175871));
#11863=CARTESIAN_POINT('Origin',(71.7653991882585,-18.4409424986276,5.00000007450581));
#11864=CARTESIAN_POINT('',(70.5153991882585,-18.4409424986276,5.00000007450581));
#11865=CARTESIAN_POINT('Origin',(71.7653991882585,-18.4409424986276,5.00000007450581));
#11866=CARTESIAN_POINT('',(70.5153991882585,-17.9409424986276,5.00000007450581));
#11867=CARTESIAN_POINT('',(70.5153991882585,-18.4409424986276,5.00000007450581));
#11868=CARTESIAN_POINT('Origin',(71.7653991882585,-17.9409424986276,5.00000007450581));
#11869=CARTESIAN_POINT('Origin',(71.7653991882585,-17.9409424986276,5.00000007450581));
#11870=CARTESIAN_POINT('Origin',(66.0000009834766,-18.4409424986276,5.00000007450581));
#11871=CARTESIAN_POINT('',(66.0000009834766,-18.4409424986276,5.00000007450581));
#11872=CARTESIAN_POINT('',(62.000000923872,-18.4409424986276,5.00000007450581));
#11873=CARTESIAN_POINT('',(34.9250004917383,-18.4409424986276,5.00000007450581));
#11874=CARTESIAN_POINT('',(66.0000009834766,-17.9409424986276,5.00000007450581));
#11875=CARTESIAN_POINT('',(66.0000009834766,-18.4409424986276,5.00000007450581));
#11876=CARTESIAN_POINT('',(62.000000923872,-17.9409424986276,5.00000007450581));
#11877=CARTESIAN_POINT('',(62.000000923872,-17.9409424986276,5.00000007450581));
#11878=CARTESIAN_POINT('',(62.000000923872,-18.4409424986276,5.00000007450581));
#11879=CARTESIAN_POINT('Origin',(66.0000009834766,-18.4409424986276,6.00000008940697));
#11880=CARTESIAN_POINT('',(66.0000009834766,-18.4409424986276,6.00000008940697));
#11881=CARTESIAN_POINT('',(66.0000009834766,-18.4409424986276,8.28447114897027));
#11882=CARTESIAN_POINT('',(66.0000009834766,-17.9409424986276,6.00000008940697));
#11883=CARTESIAN_POINT('',(66.0000009834766,-18.4409424986276,6.00000008940697));
#11884=CARTESIAN_POINT('',(66.0000009834766,-17.9409424986276,5.00000007450581));
#11885=CARTESIAN_POINT('Origin',(62.000000923872,-18.4409424986276,6.00000008940697));
#11886=CARTESIAN_POINT('',(62.000000923872,-18.4409424986276,6.00000008940697));
#11887=CARTESIAN_POINT('',(32.925000461936,-18.4409424986276,6.00000008940697));
#11888=CARTESIAN_POINT('',(62.000000923872,-17.9409424986276,6.00000008940697));
#11889=CARTESIAN_POINT('',(62.000000923872,-18.4409424986276,6.00000008940697));
#11890=CARTESIAN_POINT('',(66.0000009834766,-17.9409424986276,6.00000008940697));
#11891=CARTESIAN_POINT('Origin',(62.000000923872,-18.4409424986276,5.00000007450581));
#11892=CARTESIAN_POINT('',(62.000000923872,-18.4409424986276,7.78447114151969));
#11893=CARTESIAN_POINT('',(62.000000923872,-17.9409424986276,6.00000008940697));
#11894=CARTESIAN_POINT('Origin',(64.0000009536743,-17.9409424986276,5.50000008195639));
#11895=CARTESIAN_POINT('Origin',(66.7071077646632,-18.4409424986276,2.29289326351694));
#11896=CARTESIAN_POINT('',(66.7071077646632,-18.4409424986276,2.29289326351694));
#11897=CARTESIAN_POINT('',(66.0000009834766,-18.4409424986276,3.00000004470348));
#11898=CARTESIAN_POINT('',(48.9238185872432,-18.4409424986276,20.0761824409369));
#11899=CARTESIAN_POINT('',(66.7071077646632,-17.9409424986276,2.29289326351694));
#11900=CARTESIAN_POINT('',(66.7071077646632,-18.4409424986276,2.29289326351694));
#11901=CARTESIAN_POINT('',(66.0000009834766,-17.9409424986276,3.00000004470348));
#11902=CARTESIAN_POINT('',(66.0000009834766,-17.9409424986276,3.00000004470348));
#11903=CARTESIAN_POINT('',(66.0000009834766,-18.4409424986276,3.00000004470348));
#11904=CARTESIAN_POINT('Origin',(72.7175154047488,-18.4409424986276,8.30330090360258));
#11905=CARTESIAN_POINT('',(72.7175154047488,-18.4409424986276,8.30330090360258));
#11906=CARTESIAN_POINT('',(56.0670468797944,-18.4409424986276,-8.34716762135188));
#11907=CARTESIAN_POINT('',(72.7175154047488,-17.9409424986276,8.30330090360258));
#11908=CARTESIAN_POINT('',(72.7175154047488,-18.4409424986276,8.30330090360258));
#11909=CARTESIAN_POINT('',(66.7071077646632,-17.9409424986276,2.29289326351694));
#11910=CARTESIAN_POINT('Origin',(72.0104086235623,-18.4409424986276,9.01040768478913));
#11911=CARTESIAN_POINT('',(72.0104086235623,-18.4409424986276,9.01040768478913));
#11912=CARTESIAN_POINT('',(54.5806728367358,-18.4409424986276,26.4401434716158));
#11913=CARTESIAN_POINT('',(72.0104086235623,-17.9409424986276,9.01040768478913));
#11914=CARTESIAN_POINT('',(72.0104086235623,-18.4409424986276,9.01040768478913));
#11915=CARTESIAN_POINT('',(72.7175154047488,-17.9409424986276,8.30330090360258));
#11916=CARTESIAN_POINT('Origin',(66.0000009834766,-18.4409424986276,3.00000004470348));
#11917=CARTESIAN_POINT('',(52.354736278565,-18.4409424986276,-10.6452646602082));
#11918=CARTESIAN_POINT('',(72.0104086235623,-17.9409424986276,9.01040768478913));
#11919=CARTESIAN_POINT('Origin',(69.3587581941127,-17.9409424986276,5.65165047415303));
#11920=CARTESIAN_POINT('Origin',(65.0000009685755,-18.4409424986276,3.00000004470348));
#11921=CARTESIAN_POINT('',(65.0000009685755,-18.4409424986276,3.00000004470348));
#11922=CARTESIAN_POINT('',(60.0000008940697,-18.4409424986276,3.00000004470348));
#11923=CARTESIAN_POINT('',(34.4250004842877,-18.4409424986276,3.00000004470348));
#11924=CARTESIAN_POINT('',(65.0000009685755,-17.9409424986276,3.00000004470348));
#11925=CARTESIAN_POINT('',(65.0000009685755,-18.4409424986276,3.00000004470348));
#11926=CARTESIAN_POINT('',(60.0000008940697,-17.9409424986276,3.00000004470348));
#11927=CARTESIAN_POINT('',(60.0000008940697,-17.9409424986276,3.00000004470348));
#11928=CARTESIAN_POINT('',(60.0000008940697,-18.4409424986276,3.00000004470348));
#11929=CARTESIAN_POINT('Origin',(65.0000009685755,-18.4409424986276,4.00000005960464));
#11930=CARTESIAN_POINT('',(65.0000009685755,-18.4409424986276,4.00000005960464));
#11931=CARTESIAN_POINT('',(65.0000009685755,-18.4409424986276,7.28447113406911));
#11932=CARTESIAN_POINT('',(65.0000009685755,-17.9409424986276,4.00000005960464));
#11933=CARTESIAN_POINT('',(65.0000009685755,-18.4409424986276,4.00000005960464));
#11934=CARTESIAN_POINT('',(65.0000009685755,-17.9409424986276,3.00000004470348));
#11935=CARTESIAN_POINT('Origin',(60.0000008940697,-18.4409424986276,4.00000005960464));
#11936=CARTESIAN_POINT('',(60.0000008940697,-18.4409424986276,4.00000005960464));
#11937=CARTESIAN_POINT('',(31.9250004470348,-18.4409424986276,4.00000005960464));
#11938=CARTESIAN_POINT('',(60.0000008940697,-17.9409424986276,4.00000005960464));
#11939=CARTESIAN_POINT('',(60.0000008940697,-18.4409424986276,4.00000005960464));
#11940=CARTESIAN_POINT('',(65.0000009685755,-17.9409424986276,4.00000005960464));
#11941=CARTESIAN_POINT('Origin',(60.0000008940697,-18.4409424986276,3.00000004470348));
#11942=CARTESIAN_POINT('',(60.0000008940697,-18.4409424986276,6.78447112661853));
#11943=CARTESIAN_POINT('',(60.0000008940697,-17.9409424986276,4.00000005960464));
#11944=CARTESIAN_POINT('Origin',(62.5000009313226,-17.9409424986276,3.50000005215406));
#11945=CARTESIAN_POINT('Origin',(5.725,-15.0659424986276,0.943942208533582));
#11946=CARTESIAN_POINT('',(80.8895792953397,-15.4409424986276,0.568942208533582));
#11947=CARTESIAN_POINT('',(8.4604207046603,-15.4409424986276,0.568942208533582));
#11948=CARTESIAN_POINT('',(5.725,-15.4409424986276,0.568942208533582));
#11949=CARTESIAN_POINT('',(10.5670018656691,-14.6909424986276,1.31894220853358));
#11950=CARTESIAN_POINT('',(8.4604207046603,-15.4409424986276,0.568942208533582));
#11951=CARTESIAN_POINT('',(78.7829981343309,-14.6909424986276,1.31894220853359));
#11952=CARTESIAN_POINT('',(5.725,-14.6909424986276,1.31894220853358));
#11953=CARTESIAN_POINT('',(80.8895792953397,-15.4409424986276,0.568942208533582));
#11954=CARTESIAN_POINT('Origin',(7.39446372896093,-16.7940024156243,0.943942208533581));
#11955=CARTESIAN_POINT('',(44.675,14.0888605241386,0.568942208533579));
#11956=CARTESIAN_POINT('',(7.15748207817878,-16.5033743075677,0.568942208533582));
#11957=CARTESIAN_POINT('',(44.675,13.1211289379521,1.31894220853358));
#11958=CARTESIAN_POINT('',(44.675,14.0888605241386,0.568942208533579));
#11959=CARTESIAN_POINT('',(7.63144537974309,-17.0846305236809,1.31894220853358));
#11960=CARTESIAN_POINT('Origin',(40.3804971122367,17.1067839779156,0.94394220853358));
#11961=CARTESIAN_POINT('',(40.1435154614546,16.8161558698589,1.31894220853358));
#11962=CARTESIAN_POINT('',(40.6174787630189,17.3974120859722,0.568942208533579));
#11963=CARTESIAN_POINT('Origin',(44.675,13.1211289379521,0.568942208533585));
#11964=CARTESIAN_POINT('',(78.7829981343309,-14.6909424986276,3.56894220853358));
#11965=CARTESIAN_POINT('',(78.7829981343309,-14.6909424986276,2.4439422085336));
#11966=CARTESIAN_POINT('',(44.675,13.1211289379521,3.56894220853358));
#11967=CARTESIAN_POINT('',(28.4385332371487,26.360538993846,3.56894220853358));
#11968=CARTESIAN_POINT('',(44.675,13.1211289379521,0.568942208533585));
#11969=CARTESIAN_POINT('Origin',(7.6,-14.6909424986276,0.568942208533578));
#11970=CARTESIAN_POINT('',(10.5670018656691,-14.6909424986276,3.56894220853358));
#11971=CARTESIAN_POINT('',(10.5670018656691,-14.6909424986276,2.44394220853358));
#11972=CARTESIAN_POINT('',(9.38020111940147,-14.6909424986276,4.31894220853358));
#11973=CARTESIAN_POINT('',(13.148289976249,-14.6909424986276,1.93769442829471));
#11974=CARTESIAN_POINT('',(4.6,-14.6909424986276,4.31894220853358));
#11975=CARTESIAN_POINT('',(3.85,-14.6909424986276,4.31894220853358));
#11976=CARTESIAN_POINT('',(4.6,-14.6909424986276,8.17992873050548));
#11977=CARTESIAN_POINT('',(4.6,-14.6909424986276,20.2522036398209));
#11978=CARTESIAN_POINT('',(84.75,-14.6909424986276,8.17992873050548));
#11979=CARTESIAN_POINT('',(26.1375,-14.6909424986276,8.17992873050548));
#11980=CARTESIAN_POINT('',(84.75,-14.6909424986276,4.31894220853358));
#11981=CARTESIAN_POINT('',(84.75,-14.6909424986276,4.77592289487651));
#11982=CARTESIAN_POINT('',(79.9697988805985,-14.6909424986276,4.31894220853358));
#11983=CARTESIAN_POINT('',(3.85,-14.6909424986276,4.31894220853358));
#11984=CARTESIAN_POINT('',(34.8524999975544,-14.6909424986276,-24.1929830398279));
#11985=CARTESIAN_POINT('Origin',(3.85,-18.4409424986276,0.568942208533583));
#11986=CARTESIAN_POINT('',(84.75,48.7718583054642,0.568942208533575));
#11987=CARTESIAN_POINT('',(4.6,48.7718583054642,0.568942208533575));
#11988=CARTESIAN_POINT('',(3.85,48.7718583054642,0.568942208533575));
#11989=CARTESIAN_POINT('',(84.75,-17.6909424986276,0.568942208533583));
#11990=CARTESIAN_POINT('',(84.75,-18.0711515196045,0.568942208533583));
#11991=CARTESIAN_POINT('',(4.6,-17.6909424986276,0.568942208533583));
#11992=CARTESIAN_POINT('',(3.85,-17.6909424986276,0.568942208533583));
#11993=CARTESIAN_POINT('',(4.6,15.1178396416776,0.568942208533579));
#11994=CARTESIAN_POINT('',(6.85,-13.8509041295039,0.568942208533582));
#11995=CARTESIAN_POINT('',(6.85,44.9318199363405,0.568942208533576));
#11996=CARTESIAN_POINT('',(6.85,13.6654579034183,0.568942208533579));
#11997=CARTESIAN_POINT('',(42.8947988805985,15.5404579034183,0.568942208533579));
#11998=CARTESIAN_POINT('',(22.4909985617275,-1.09704599848817,0.568942208533581));
#11999=CARTESIAN_POINT('',(22.0799787630189,32.5131122869951,0.568942208533577));
#12000=CARTESIAN_POINT('',(82.5,44.9318199363406,0.568942208533576));
#12001=CARTESIAN_POINT('',(82.5,-13.8509041295039,0.568942208533582));
#12002=CARTESIAN_POINT('',(82.5,-16.5659424986276,0.568942208533582));
#12003=CARTESIAN_POINT('',(46.4552011194015,15.5404579034183,0.568942208533579));
#12004=CARTESIAN_POINT('',(25.6949820781788,-1.38767410654477,0.568942208533581));
#12005=CARTESIAN_POINT('',(59.3919604138011,4.99166895847204,0.56894220853358));
#12006=CARTESIAN_POINT('',(8.46042070466028,46.5218583054642,0.568942208533575));
#12007=CARTESIAN_POINT('',(80.8895792953397,46.5218583054642,0.568942208533575));
#12008=CARTESIAN_POINT('',(42.8,46.5218583054642,0.568942208533575));
#12009=CARTESIAN_POINT('',(44.675,16.992055282698,0.568942208533579));
#12010=CARTESIAN_POINT('',(40.854460413801,20.107369159495,0.568942208533578));
#12011=CARTESIAN_POINT('',(41.0284985617275,14.0186542025348,0.568942208533579));
#12012=CARTESIAN_POINT('Origin',(25.9319637289609,-1.67830221460138,0.94394220853358));
#12013=CARTESIAN_POINT('',(81.75,43.352529339998,1.31894220853358));
#12014=CARTESIAN_POINT('',(60.3259719377498,-1.76049206598844,22.742970270784));
#12015=CARTESIAN_POINT('',(47.6420018656691,15.5404579034183,1.31894220853358));
#12016=CARTESIAN_POINT('',(26.1689453797431,-1.96893032265799,1.31894220853358));
#12017=CARTESIAN_POINT('',(47.6420018656691,15.5404579034183,1.31894220853358));
#12018=CARTESIAN_POINT('Origin',(59.6289420645832,5.28229706652865,0.943942208533579));
#12019=CARTESIAN_POINT('',(81.75,-12.2716135331614,1.31894220853358));
#12020=CARTESIAN_POINT('',(59.8659237153654,5.57292517458526,1.31894220853358));
#12021=CARTESIAN_POINT('',(77.9485873454915,-4.26689985571766,5.12035486304217));
#12022=CARTESIAN_POINT('Origin',(42.8,46.1468583054642,0.943942208533571));
#12023=CARTESIAN_POINT('',(78.7829981343309,45.7718583054642,1.31894220853357));
#12024=CARTESIAN_POINT('',(80.8895792953397,46.5218583054642,0.568942208533575));
#12025=CARTESIAN_POINT('',(10.5670018656691,45.7718583054642,1.31894220853358));
#12026=CARTESIAN_POINT('',(42.8,45.7718583054642,1.31894220853357));
#12027=CARTESIAN_POINT('',(8.46042070466028,46.5218583054642,0.568942208533575));
#12028=CARTESIAN_POINT('Origin',(41.0914420645832,20.3979972675516,0.943942208533579));
#12029=CARTESIAN_POINT('',(44.675,17.9597868688845,1.31894220853359));
#12030=CARTESIAN_POINT('',(41.3284237153654,20.6886253756082,1.31894220853358));
#12031=CARTESIAN_POINT('',(44.675,17.9597868688845,1.31894220853358));
#12032=CARTESIAN_POINT('Origin',(40.7915169109453,14.3092823105914,0.943942208533583));
#12033=CARTESIAN_POINT('',(40.5545352601632,14.599910418648,1.31894220853359));
#12034=CARTESIAN_POINT('Origin',(44.675,17.9597868688845,0.568942208533578));
#12035=CARTESIAN_POINT('',(10.5670018656691,45.7718583054642,3.56894220853358));
#12036=CARTESIAN_POINT('',(10.5670018656691,45.7718583054642,18.4715689937436));
#12037=CARTESIAN_POINT('',(44.675,17.9597868688845,3.56894220853358));
#12038=CARTESIAN_POINT('',(29.6234414910595,30.2330084995953,3.56894220853358));
#12039=CARTESIAN_POINT('',(44.675,17.9597868688845,0.568942208533578));
#12040=CARTESIAN_POINT('Origin',(81.75,45.7718583054642,0.568942208533585));
#12041=CARTESIAN_POINT('',(78.7829981343309,45.7718583054642,3.56894220853359));
#12042=CARTESIAN_POINT('',(78.7829981343309,45.7718583054642,18.4715689937436));
#12043=CARTESIAN_POINT('',(42.8,45.7718583054642,3.56894220853357));
#12044=CARTESIAN_POINT('Origin',(22.2540169109454,-0.806417890431559,0.943942208533581));
#12045=CARTESIAN_POINT('',(7.6,-12.2716135331614,1.31894220853358));
#12046=CARTESIAN_POINT('',(14.7718127841028,2.83022178505514,8.49075499263636));
#12047=CARTESIAN_POINT('',(41.7079981343309,15.5404579034183,1.31894220853357));
#12048=CARTESIAN_POINT('',(22.0170352601632,-0.515789782374952,1.31894220853358));
#12049=CARTESIAN_POINT('',(41.7079981343309,15.5404579034183,1.31894220853357));
#12050=CARTESIAN_POINT('Origin',(21.8429971122367,32.2224841789385,0.943942208533574));
#12051=CARTESIAN_POINT('',(7.6,43.352529339998,1.31894220853357));
#12052=CARTESIAN_POINT('',(21.6060154614546,31.9318560708819,1.31894220853357));
#12053=CARTESIAN_POINT('',(15.2986729449996,27.1412736248587,9.01761515353312));
#12054=CARTESIAN_POINT('Origin',(7.225,49.1468583054642,0.568942208533576));
#12055=CARTESIAN_POINT('',(6.85,49.5218583054642,35.122849497035));
#12056=CARTESIAN_POINT('',(7.6,48.7718583054642,34.372849497035));
#12057=CARTESIAN_POINT('',(18.8506512147502,37.5212070907141,23.1221982822844));
#12058=CARTESIAN_POINT('',(7.6,48.7718583054642,6.73260856154425));
#12059=CARTESIAN_POINT('',(7.6,48.7718583054642,0.568942208533576));
#12060=CARTESIAN_POINT('',(6.85,49.5218583054642,5.15917356541413));
#12061=CARTESIAN_POINT('',(9.51245931686424,46.8593989886,10.7447824519833));
#12062=CARTESIAN_POINT('',(6.85,49.5218583054642,0.568942208533576));
#12063=CARTESIAN_POINT('Origin',(7.6,45.7718583054642,0.568942208533585));
#12064=CARTESIAN_POINT('',(7.6,46.5218583054643,34.372849497035));
#12065=CARTESIAN_POINT('',(7.6,49.5218583054643,34.372849497035));
#12066=CARTESIAN_POINT('',(7.6,46.5218583054643,20.4229475133781));
#12067=CARTESIAN_POINT('',(7.6,46.5218583054643,0.568942208533585));
#12068=CARTESIAN_POINT('',(7.6,32.0088432582895,5.90993246620332));
#12069=CARTESIAN_POINT('',(7.6,41.2610220221981,15.1621112301119));
#12070=CARTESIAN_POINT('',(7.6,15.6095126926924,22.3092630318004));
#12071=CARTESIAN_POINT('',(7.6,36.5196795415557,1.39909618293717));
#12072=CARTESIAN_POINT('',(7.6,13.4394493382234,21.29734587093));
#12073=CARTESIAN_POINT('',(7.6,24.1952588418016,26.3128622121048));
#12074=CARTESIAN_POINT('',(7.6,31.1678530006198,3.56894220853357));
#12075=CARTESIAN_POINT('',(7.6,26.6081403128328,8.12865489632056));
#12076=CARTESIAN_POINT('',(7.6,-12.2716135331614,3.56894220853358));
#12077=CARTESIAN_POINT('',(7.6,37.5645255671521,3.56894220853358));
#12078=CARTESIAN_POINT('',(7.6,-12.2716135331614,0.568942208533583));
#12079=CARTESIAN_POINT('',(7.6,13.6654579034183,1.31894220853358));
#12080=CARTESIAN_POINT('',(7.6,43.352529339998,3.56894220853357));
#12081=CARTESIAN_POINT('',(7.6,43.352529339998,0.568942208533576));
#12082=CARTESIAN_POINT('',(7.6,32.8498335159592,3.56894220853358));
#12083=CARTESIAN_POINT('',(7.6,37.5645255671521,3.56894220853358));
#12084=CARTESIAN_POINT('',(7.6,45.7718583054642,16.4909669980386));
#12085=CARTESIAN_POINT('',(7.6,35.9705047562804,6.68961344885479));
#12086=CARTESIAN_POINT('',(7.60000000000001,45.7718583054642,5.76714202033998));
#12087=CARTESIAN_POINT('',(7.6,45.7718583054642,35.3735226379943));
#12088=CARTESIAN_POINT('',(7.6,46.5218583054642,6.73260856154425));
#12089=CARTESIAN_POINT('',(7.60000000000001,52.1914681237534,14.0310333365325));
#12090=CARTESIAN_POINT('',(7.6,47.6468583054643,6.73260856154425));
#12091=CARTESIAN_POINT('Origin',(85.125,-15.0659424986276,4.77592289487651));
#12092=CARTESIAN_POINT('',(85.5,-15.4409424986276,3.56894220853358));
#12093=CARTESIAN_POINT('',(81.5040267784834,-11.4449692771109,7.56491543005024));
#12094=CARTESIAN_POINT('',(85.5,-15.4409424986276,8.6577314261111));
#12095=CARTESIAN_POINT('',(82.5031143572985,-12.4440568559261,6.74850470810502));
#12096=CARTESIAN_POINT('',(85.5,-15.4409424986276,4.77592289487651));
#12097=CARTESIAN_POINT('Origin',(4.225,39.0169073054114,3.94394220853358));
#12098=CARTESIAN_POINT('',(3.85,46.5218583054642,3.56894220853358));
#12099=CARTESIAN_POINT('',(3.85,33.9104936877391,3.56894220853358));
#12100=CARTESIAN_POINT('',(3.85,39.0169073054114,3.56894220853358));
#12101=CARTESIAN_POINT('',(4.6,34.6604936877391,4.31894220853359));
#12102=CARTESIAN_POINT('',(5.07606893627873,35.1365626240178,4.79501114481231));
#12103=CARTESIAN_POINT('',(4.6,45.7718583054642,4.31894220853358));
#12104=CARTESIAN_POINT('',(4.6,39.0169073054114,4.31894220853358));
#12105=CARTESIAN_POINT('',(4.6,45.7718583054642,4.31894220853358));
#12106=CARTESIAN_POINT('Origin',(4.225,46.1468583054642,20.2522036398209));
#12107=CARTESIAN_POINT('',(4.6,45.7718583054643,15.4303068262588));
#12108=CARTESIAN_POINT('',(4.6,45.7718583054642,20.2522036398209));
#12109=CARTESIAN_POINT('',(3.85,46.5218583054642,16.1803068262588));
#12110=CARTESIAN_POINT('',(7.25013873698136,43.1217195684829,12.7801680892774));
#12111=CARTESIAN_POINT('',(3.85,46.5218583054642,20.2522036398209));
#12112=CARTESIAN_POINT('Origin',(3.85,48.6766217819828,39.9354650711083));
#12113=CARTESIAN_POINT('',(3.85,48.7718583054642,37.9565785000528));
#12114=CARTESIAN_POINT('',(3.85,47.9968909417054,39.6185013748027));
#12115=CARTESIAN_POINT('',(3.85,48.7718583054642,1.31894220853358));
#12116=CARTESIAN_POINT('',(3.85,48.7718583054642,20.2522036398209));
#12117=CARTESIAN_POINT('',(3.85,-17.6909424986276,1.31894220853358));
#12118=CARTESIAN_POINT('',(3.85,15.1178396416776,1.31894220853358));
#12119=CARTESIAN_POINT('',(3.85,-17.6909424986276,25.2522036398209));
#12120=CARTESIAN_POINT('',(3.85,15.0451472032132,22.8736285212797));
#12121=CARTESIAN_POINT('',(3.85,46.5218583054642,37.5514599617918));
#12122=CARTESIAN_POINT('',(3.85,32.6103990285177,31.0644399648403));
#12123=CARTESIAN_POINT('',(3.85,32.0088432582895,5.90993246620333));
#12124=CARTESIAN_POINT('',(3.85,27.4042396950417,10.5145360294512));
#12125=CARTESIAN_POINT('',(3.85,46.5218583054642,20.422947513378));
#12126=CARTESIAN_POINT('',(3.85,51.8288436069714,25.7299328148852));
#12127=CARTESIAN_POINT('',(3.85,46.5218583054642,20.2522036398209));
#12128=CARTESIAN_POINT('',(3.85,45.7718583054643,15.4303068262588));
#12129=CARTESIAN_POINT('',(3.85,-15.4409424986276,8.6577314261111));
#12130=CARTESIAN_POINT('',(3.85,12.8750838487441,21.8617113604093));
#12131=CARTESIAN_POINT('',(3.85,32.6103990285177,31.0644399648403));
#12132=CARTESIAN_POINT('',(3.85,-15.4409424986276,3.56894220853359));
#12133=CARTESIAN_POINT('',(3.85,-15.4409424986276,20.2522036398209));
#12134=CARTESIAN_POINT('',(3.85,31.1678530006198,3.56894220853358));
#12135=CARTESIAN_POINT('',(3.85,39.0169073054114,3.56894220853358));
#12136=CARTESIAN_POINT('',(3.85,17.4927004663188,17.2440947428346));
#12137=CARTESIAN_POINT('Origin',(4.225,32.7688808766704,30.7245745447015));
#12138=CARTESIAN_POINT('',(4.6,45.7718583054642,36.3741957789537));
#12139=CARTESIAN_POINT('',(4.6,16.3328671441821,22.6465687520906));
#12140=CARTESIAN_POINT('',(4.6,32.9273627248232,30.3847091245628));
#12141=CARTESIAN_POINT('',(4.6,16.3328671441821,22.6465687520906));
#12142=CARTESIAN_POINT('',(3.85,46.5218583054642,37.5514599617918));
#12143=CARTESIAN_POINT('Origin',(4.225,27.6694047379866,10.7797010723961));
#12144=CARTESIAN_POINT('',(4.6,32.0088432582895,6.97059263798315));
#12145=CARTESIAN_POINT('',(4.6,27.9345697809316,11.0448661153411));
#12146=CARTESIAN_POINT('',(4.6,32.0088432582895,6.97059263798315));
#12147=CARTESIAN_POINT('Origin',(4.225,51.5636785640265,25.9950978578302));
#12148=CARTESIAN_POINT('',(4.6,45.7718583054643,20.7336076851579));
#12149=CARTESIAN_POINT('',(4.6,51.2985135210815,26.2602629007751));
#12150=CARTESIAN_POINT('',(4.6,45.7718583054643,20.7336076851579));
#12151=CARTESIAN_POINT('Origin',(4.225,46.1468583054642,20.2522036398209));
#12152=CARTESIAN_POINT('',(4.6,45.7718583054642,20.2522036398209));
#12153=CARTESIAN_POINT('Origin',(3.85,32.0088432582895,6.97059263798315));
#12154=CARTESIAN_POINT('',(6.85,16.3328671441821,22.6465687520906));
#12155=CARTESIAN_POINT('',(24.2625,16.3328671441821,22.6465687520906));
#12156=CARTESIAN_POINT('',(6.85,32.0088432582895,6.97059263798315));
#12157=CARTESIAN_POINT('',(6.85,37.0500096274456,1.92942626882708));
#12158=CARTESIAN_POINT('',(3.85,32.0088432582895,6.97059263798315));
#12159=CARTESIAN_POINT('Origin',(44.675,16.3328671441821,22.6465687520906));
#12160=CARTESIAN_POINT('',(84.75,45.7718583054642,36.3741957789537));
#12161=CARTESIAN_POINT('',(24.2625,45.7718583054642,36.3741957789537));
#12162=CARTESIAN_POINT('',(84.75,16.3328671441821,22.6465687520906));
#12163=CARTESIAN_POINT('',(84.75,-0.261628436458929,14.9084283796184));
#12164=CARTESIAN_POINT('',(82.5,16.3328671441821,22.6465687520906));
#12165=CARTESIAN_POINT('',(24.2625,16.3328671441821,22.6465687520906));
#12166=CARTESIAN_POINT('',(81.75,15.6095126926925,22.3092630318004));
#12167=CARTESIAN_POINT('',(74.1313739648221,8.26155661698419,18.8828548419111));
#12168=CARTESIAN_POINT('',(81.75,13.4394493382234,21.29734587093));
#12169=CARTESIAN_POINT('',(81.75,-0.636626160175238,14.7335640692587));
#12170=CARTESIAN_POINT('',(82.5,12.7160948867337,20.9600401506398));
#12171=CARTESIAN_POINT('',(72.6712891409164,22.1956172231646,25.3804140117689));
#12172=CARTESIAN_POINT('',(84.75,12.7160948867337,20.9600401506398));
#12173=CARTESIAN_POINT('',(24.2625,12.7160948867337,20.9600401506398));
#12174=CARTESIAN_POINT('',(84.75,-0.261628436458929,14.9084283796184));
#12175=CARTESIAN_POINT('',(4.6,12.7160948867337,20.9600401506398));
#12176=CARTESIAN_POINT('',(4.6,32.9273627248232,30.3847091245628));
#12177=CARTESIAN_POINT('',(6.85,12.7160948867337,20.9600401506398));
#12178=CARTESIAN_POINT('',(24.2625,12.7160948867337,20.9600401506398));
#12179=CARTESIAN_POINT('',(18.5030069511198,23.955100821844,26.2008746882312));
#12180=CARTESIAN_POINT('',(13.394329943142,10.0210402156635,19.7033155183734));
#12181=CARTESIAN_POINT('',(10.35,-10.9651234013618,9.91730670846069));
#12182=CARTESIAN_POINT('',(79.,-10.9651234013618,9.91730670846069));
#12183=CARTESIAN_POINT('',(10.35,-10.9651234013618,9.91730670846069));
#12184=CARTESIAN_POINT('Origin',(4.225,32.7688808766704,30.7245745447015));
#12185=CARTESIAN_POINT('',(4.6,-14.6909424986276,8.17992873050548));
#12186=CARTESIAN_POINT('',(3.85,12.8750838487441,21.8617113604093));
#12187=CARTESIAN_POINT('Origin',(4.225,-15.0659424986276,20.2522036398209));
#12188=CARTESIAN_POINT('',(4.6,-14.6909424986276,4.31894220853358));
#12189=CARTESIAN_POINT('Origin',(4.225,39.0169073054114,3.94394220853358));
#12190=CARTESIAN_POINT('',(4.6,29.35719282884,4.31894220853359));
#12191=CARTESIAN_POINT('',(4.6,39.0169073054114,4.31894220853358));
#12192=CARTESIAN_POINT('',(4.6,29.35719282884,4.31894220853359));
#12193=CARTESIAN_POINT('Origin',(4.225,17.2275354233739,16.9789296998896));
#12194=CARTESIAN_POINT('',(4.6,16.9623703804289,16.7137646569447));
#12195=CARTESIAN_POINT('Origin',(7.225,13.6654579034183,0.943942208533579));
#12196=CARTESIAN_POINT('Origin',(7.225,37.5645255671521,3.94394220853358));
#12197=CARTESIAN_POINT('',(6.85,29.35719282884,4.31894220853359));
#12198=CARTESIAN_POINT('',(6.85,-13.8509041295039,4.31894220853358));
#12199=CARTESIAN_POINT('',(6.85,37.5645255671521,4.31894220853358));
#12200=CARTESIAN_POINT('',(21.1540621844257,16.2694570669784,-9.98511997589209));
#12201=CARTESIAN_POINT('',(7.6,31.1678530006198,3.56894220853357));
#12202=CARTESIAN_POINT('Origin',(7.225,26.3429752698879,7.8634898533756));
#12203=CARTESIAN_POINT('',(6.85,26.0778102269429,7.59832481043065));
#12204=CARTESIAN_POINT('Origin',(3.85,29.35719282884,4.31894220853358));
#12205=CARTESIAN_POINT('',(6.85,34.6604936877391,4.31894220853359));
#12206=CARTESIAN_POINT('',(3.85,34.6604936877391,4.31894220853359));
#12207=CARTESIAN_POINT('',(6.85,44.9318199363405,4.31894220853358));
#12208=CARTESIAN_POINT('',(6.85,37.5645255671521,4.31894220853358));
#12209=CARTESIAN_POINT('',(42.8947988805985,15.5404579034183,4.31894220853358));
#12210=CARTESIAN_POINT('',(10.374996538713,42.0574954109822,4.31894220853358));
#12211=CARTESIAN_POINT('',(34.1959807860334,8.44733712549893,4.31894220853358));
#12212=CARTESIAN_POINT('',(3.85,29.35719282884,4.31894220853359));
#12213=CARTESIAN_POINT('',(44.675,14.0888605241386,4.31894220853358));
#12214=CARTESIAN_POINT('',(18.8624643024847,-6.95899118358063,4.31894220853358));
#12215=CARTESIAN_POINT('',(28.912496538713,26.9417952099593,4.31894220853358));
#12216=CARTESIAN_POINT('',(84.75,29.35719282884,4.31894220853359));
#12217=CARTESIAN_POINT('',(84.75,5.8279161441293,4.31894220853358));
#12218=CARTESIAN_POINT('',(82.5,29.35719282884,4.31894220853359));
#12219=CARTESIAN_POINT('',(3.85,29.35719282884,4.31894220853359));
#12220=CARTESIAN_POINT('',(82.5,-13.8509041295039,4.31894220853358));
#12221=CARTESIAN_POINT('',(82.5,7.33312516510619,4.31894220853358));
#12222=CARTESIAN_POINT('',(46.4552011194015,15.5404579034183,4.31894220853358));
#12223=CARTESIAN_POINT('',(47.6869781894952,14.5360520824591,4.31894220853358));
#12224=CARTESIAN_POINT('',(82.5,44.9318199363406,4.31894220853358));
#12225=CARTESIAN_POINT('',(37.3999643024847,8.15670901744233,4.31894220853358));
#12226=CARTESIAN_POINT('',(82.5,34.6604936877391,4.31894220853359));
#12227=CARTESIAN_POINT('',(82.5,7.33312516510619,4.31894220853358));
#12228=CARTESIAN_POINT('',(84.75,34.6604936877391,4.31894220853359));
#12229=CARTESIAN_POINT('',(3.85,34.6604936877391,4.31894220853359));
#12230=CARTESIAN_POINT('',(84.75,45.7718583054642,4.31894220853358));
#12231=CARTESIAN_POINT('',(84.75,5.8279161441293,4.31894220853358));
#12232=CARTESIAN_POINT('',(79.9697988805985,45.7718583054642,4.31894220853358));
#12233=CARTESIAN_POINT('',(3.85,45.7718583054642,4.31894220853358));
#12234=CARTESIAN_POINT('',(44.675,16.9920552826981,4.31894220853358));
#12235=CARTESIAN_POINT('',(52.7334807860334,23.5630373265219,4.31894220853358));
#12236=CARTESIAN_POINT('',(9.38020111940147,45.7718583054642,4.31894220853358));
#12237=CARTESIAN_POINT('',(29.1494781894952,29.6517522834821,4.31894220853358));
#12238=CARTESIAN_POINT('',(24.2625,45.7718583054642,4.31894220853358));
#12239=CARTESIAN_POINT('Origin',(3.85,12.7160948867337,20.9600401506398));
#12240=CARTESIAN_POINT('Origin',(7.225,37.5645255671521,3.94394220853358));
#12241=CARTESIAN_POINT('',(8.91642354467677,40.5805089067822,2.25251866385682));
#12242=CARTESIAN_POINT('',(6.85,34.6604936877391,4.31894220853359));
#12243=CARTESIAN_POINT('Origin',(7.225,36.2356697992254,6.42444840590983));
#12244=CARTESIAN_POINT('',(6.85,45.7718583054643,15.4303068262588));
#12245=CARTESIAN_POINT('',(6.85,36.5008348421704,6.15928336296488));
#12246=CARTESIAN_POINT('',(13.7702749138954,45.7718583054642,25.2170534648399));
#12247=CARTESIAN_POINT('Origin',(7.225,36.7848445845006,1.66426122588213));
#12248=CARTESIAN_POINT('',(7.6,32.0088432582895,5.90993246620332));
#12249=CARTESIAN_POINT('Origin',(7.225,40.9958569792531,15.4272762730568));
#12250=CARTESIAN_POINT('',(6.85,45.7718583054643,20.7336076851579));
#12251=CARTESIAN_POINT('',(6.85,40.7306919363082,15.6924413160018));
#12252=CARTESIAN_POINT('',(7.6,46.5218583054643,20.4229475133781));
#12253=CARTESIAN_POINT('Origin',(7.225,46.1468583054642,0.568942208533585));
#12254=CARTESIAN_POINT('',(6.85,45.7718583054642,34.372849497035));
#12255=CARTESIAN_POINT('',(26.6999999999993,65.6218583054643,34.372849497035));
#12256=CARTESIAN_POINT('',(6.85,45.7718583054642,0.568942208533585));
#12257=CARTESIAN_POINT('Origin',(3.85,45.7718583054643,20.7336076851579));
#12258=CARTESIAN_POINT('',(3.85,45.7718583054643,20.7336076851579));
#12259=CARTESIAN_POINT('Origin',(81.75,45.7718583054642,0.568942208533585));
#12260=CARTESIAN_POINT('',(9.38375377862601,45.7718583054642,4.31669710173973));
#12261=CARTESIAN_POINT('',(43.3181118797681,45.7718583054642,-17.1281567677043));
#12262=CARTESIAN_POINT('',(44.675,45.7718583054642,32.9246496852285));
#12263=CARTESIAN_POINT('',(30.6628882771827,45.7718583054642,21.5660871327357));
#12264=CARTESIAN_POINT('',(79.966246221374,45.7718583054642,4.31669710173973));
#12265=CARTESIAN_POINT('',(64.0116392262769,45.7718583054642,17.2498941200843));
#12266=CARTESIAN_POINT('',(69.8580859412903,45.7718583054642,-2.0711655903799));
#12267=CARTESIAN_POINT('',(84.75,45.7718583054643,15.4303068262588));
#12268=CARTESIAN_POINT('',(84.75,45.7718583054642,4.77592289487651));
#12269=CARTESIAN_POINT('',(82.5,45.7718583054643,15.4303068262588));
#12270=CARTESIAN_POINT('',(3.85,45.7718583054643,15.4303068262588));
#12271=CARTESIAN_POINT('',(82.5,45.7718583054642,5.15917356541413));
#12272=CARTESIAN_POINT('',(82.5,45.7718583054642,0.568942208533583));
#12273=CARTESIAN_POINT('',(46.4615233797159,45.7718583054642,34.372849497035));
#12274=CARTESIAN_POINT('',(82.785282231619,45.7718583054642,4.92791676864722));
#12275=CARTESIAN_POINT('',(82.5,45.7718583054642,34.372849497035));
#12276=CARTESIAN_POINT('',(42.8,45.7718583054642,34.372849497035));
#12277=CARTESIAN_POINT('',(82.5,45.7718583054643,20.7336076851579));
#12278=CARTESIAN_POINT('',(82.5,45.7718583054642,0.568942208533583));
#12279=CARTESIAN_POINT('',(84.75,45.7718583054643,20.7336076851579));
#12280=CARTESIAN_POINT('',(3.85,45.7718583054643,20.7336076851579));
#12281=CARTESIAN_POINT('',(84.75,45.7718583054642,4.77592289487651));
#12282=CARTESIAN_POINT('',(42.8884766202841,45.7718583054642,34.372849497035));
#12283=CARTESIAN_POINT('',(42.8,45.7718583054642,34.372849497035));
#12284=CARTESIAN_POINT('',(45.9867063056475,45.7718583054642,36.8843507167893));
#12285=CARTESIAN_POINT('',(3.85,45.7718583054643,15.4303068262588));
#12286=CARTESIAN_POINT('Origin',(59.5166808028912,49.1468583054642,24.2727509177949));
#12287=CARTESIAN_POINT('',(81.75,48.7718583054642,6.73260856154422));
#12288=CARTESIAN_POINT('',(82.5,49.5218583054642,5.15917356541412));
#12289=CARTESIAN_POINT('',(78.2369949028934,45.2588532083576,14.1025887767058));
#12290=CARTESIAN_POINT('',(45.536310902913,49.5218583054642,35.122849497035));
#12291=CARTESIAN_POINT('',(59.2805377975491,49.5218583054642,23.9814409779919));
#12292=CARTESIAN_POINT('',(47.6525389661932,48.7718583054642,34.372849497035));
#12293=CARTESIAN_POINT('',(51.7255798734499,47.3283557201581,32.9293469117287));
#12294=CARTESIAN_POINT('',(59.7528238082333,48.7718583054642,24.5640608575978));
#12295=CARTESIAN_POINT('Origin',(3.85,49.5218583054642,0.568942208533567));
#12296=CARTESIAN_POINT('',(4.6,49.5218583054642,38.122849497035));
#12297=CARTESIAN_POINT('',(4.6,49.5218583054642,1.31894220853357));
#12298=CARTESIAN_POINT('',(4.6,49.5218583054642,20.2522036398209));
#12299=CARTESIAN_POINT('',(84.75,49.5218583054642,38.122849497035));
#12300=CARTESIAN_POINT('',(3.85,49.5218583054642,38.122849497035));
#12301=CARTESIAN_POINT('',(84.75,49.5218583054642,1.31894220853357));
#12302=CARTESIAN_POINT('',(84.75,49.5218583054642,4.7759228948765));
#12303=CARTESIAN_POINT('',(3.85,49.5218583054642,1.31894220853357));
#12304=CARTESIAN_POINT('',(43.813689097087,49.5218583054642,35.122849497035));
#12305=CARTESIAN_POINT('',(22.4819618715776,49.5218583054642,17.8308265074447));
#12306=CARTESIAN_POINT('',(42.8,49.5218583054642,35.122849497035));
#12307=CARTESIAN_POINT('',(44.675,49.5218583054642,32.9246496852285));
#12308=CARTESIAN_POINT('',(80.888689097087,49.5218583054642,3.56894220853357));
#12309=CARTESIAN_POINT('',(40.506894792207,49.5218583054642,36.3034183294289));
#12310=CARTESIAN_POINT('',(8.46131090291297,49.5218583054642,3.56894220853357));
#12311=CARTESIAN_POINT('',(7.15814384311288,49.5218583054642,2.512562923391));
#12312=CARTESIAN_POINT('',(3.85,49.5218583054642,3.56894220853357));
#12313=CARTESIAN_POINT('',(82.5,49.5218583054642,35.122849497035));
#12314=CARTESIAN_POINT('',(42.8,49.5218583054642,35.122849497035));
#12315=CARTESIAN_POINT('',(82.5,49.5218583054642,0.568942208533569));
#12316=CARTESIAN_POINT('Origin',(42.8,49.1468583054642,34.747849497035));
#12317=CARTESIAN_POINT('',(41.6974610338068,48.7718583054642,34.372849497035));
#12318=CARTESIAN_POINT('',(42.8,48.7718583054642,34.372849497035));
#12319=CARTESIAN_POINT('',(43.813689097087,49.5218583054642,35.122849497035));
#12320=CARTESIAN_POINT('Origin',(22.2458188662355,49.1468583054642,18.1221364472476));
#12321=CARTESIAN_POINT('',(22.0096758608935,48.7718583054642,18.4134463870506));
#12322=CARTESIAN_POINT('Origin',(81.75,49.5218583054643,34.372849497035));
#12323=CARTESIAN_POINT('',(41.6974610338068,46.5218583054642,34.372849497035));
#12324=CARTESIAN_POINT('',(41.6974610338068,49.5218583054643,34.372849497035));
#12325=CARTESIAN_POINT('',(56.8966757300464,36.9506896729053,34.372849497035));
#12326=CARTESIAN_POINT('Origin',(41.6974610338068,49.5218583054643,34.372849497035));
#12327=CARTESIAN_POINT('',(45.5144202949633,46.5218583054642,37.4669705963953));
#12328=CARTESIAN_POINT('Origin',(45.7505633003054,46.1468583054642,37.1756606565923));
#12329=CARTESIAN_POINT('Origin',(40.2707517868649,49.1468583054642,36.0121083896259));
#12330=CARTESIAN_POINT('',(78.7724610338068,48.7718583054642,4.31894220853358));
#12331=CARTESIAN_POINT('',(80.888689097087,49.5218583054642,3.56894220853357));
#12332=CARTESIAN_POINT('',(44.675,48.7718583054642,31.9591831440243));
#12333=CARTESIAN_POINT('',(40.0346087815229,48.7718583054642,35.720798449823));
#12334=CARTESIAN_POINT('',(44.675,48.7718583054642,31.9591831440243));
#12335=CARTESIAN_POINT('Origin',(3.85,49.1468583054642,3.94394220853357));
#12336=CARTESIAN_POINT('',(10.5775389661932,48.7718583054642,4.31894220853358));
#12337=CARTESIAN_POINT('',(3.85,48.7718583054642,4.31894220853358));
#12338=CARTESIAN_POINT('',(8.46131090291297,49.5218583054642,3.56894220853357));
#12339=CARTESIAN_POINT('Origin',(7.39428684845496,49.1468583054642,2.22125298358803));
#12340=CARTESIAN_POINT('',(7.63042985379703,48.7718583054642,1.92994304378506));
#12341=CARTESIAN_POINT('Origin',(10.5775389661932,49.5218583054642,4.31894220853358));
#12342=CARTESIAN_POINT('',(44.675,46.5218583054643,31.9591831440243));
#12343=CARTESIAN_POINT('',(44.675,49.5218583054642,31.9591831440243));
#12344=CARTESIAN_POINT('',(10.5775389661932,46.5218583054642,4.31894220853358));
#12345=CARTESIAN_POINT('',(31.1351742878669,46.5218583054642,20.9834672531297));
#12346=CARTESIAN_POINT('',(10.5775389661932,39.4395255671521,4.31894220853358));
#12347=CARTESIAN_POINT('Origin',(44.675,49.5218583054642,31.9591831440243));
#12348=CARTESIAN_POINT('',(78.7724610338068,46.5218583054643,4.31894220853358));
#12349=CARTESIAN_POINT('',(78.7724610338068,39.4395255671521,4.31894220853358));
#12350=CARTESIAN_POINT('',(63.5393532155927,46.5218583054643,16.6672742404783));
#12351=CARTESIAN_POINT('Origin',(33.9589991352512,8.73796523355554,3.94394220853358));
#12352=CARTESIAN_POINT('',(41.7079981343309,15.5404579034183,3.56894220853358));
#12353=CARTESIAN_POINT('',(33.7220174844691,9.02859334161215,3.56894220853358));
#12354=CARTESIAN_POINT('',(42.8947988805985,15.5404579034183,4.31894220853358));
#12355=CARTESIAN_POINT('Origin',(10.1380148879308,41.7668673029256,3.94394220853358));
#12356=CARTESIAN_POINT('',(9.90103323714869,41.476239194869,3.56894220853357));
#12357=CARTESIAN_POINT('Origin',(41.7079981343309,15.5404579034183,0.568942208533583));
#12358=CARTESIAN_POINT('',(41.7079981343309,15.5404579034183,0.56894220853358));
#12359=CARTESIAN_POINT('Origin',(7.6,43.352529339998,0.568942208533572));
#12360=CARTESIAN_POINT('Origin',(28.6755148879308,26.6511671019027,3.94394220853358));
#12361=CARTESIAN_POINT('',(44.675,14.0888605241386,4.31894220853358));
#12362=CARTESIAN_POINT('Origin',(19.0994459532668,-7.24961929163724,3.94394220853358));
#12363=CARTESIAN_POINT('',(19.336427604049,-7.54024739969385,3.56894220853358));
#12364=CARTESIAN_POINT('Origin',(10.5670018656691,-14.6909424986276,0.568942208533578));
#12365=CARTESIAN_POINT('Origin',(42.8,46.1468583054642,3.94394220853357));
#12366=CARTESIAN_POINT('',(9.51656158351419,46.1458435219839,3.94292742505328));
#12367=CARTESIAN_POINT('',(33.0190053326735,37.7783364265399,-4.42457967039044));
#12368=CARTESIAN_POINT('',(79.8334384164858,46.1458435219839,3.94292742505327));
#12369=CARTESIAN_POINT('',(50.9920734963343,35.8775357584437,-6.32538033848648));
#12370=CARTESIAN_POINT('',(80.888689097087,45.7718583054642,3.56894220853357));
#12371=CARTESIAN_POINT('',(42.8,46.5218583054643,4.31894220853358));
#12372=CARTESIAN_POINT('',(8.46131090291296,45.7718583054642,3.56894220853357));
#12373=CARTESIAN_POINT('Origin',(63.7754962209348,46.1468583054642,16.9585841802813));
#12374=CARTESIAN_POINT('',(81.4954257284741,41.4657067992189,8.62036683293988));
#12375=CARTESIAN_POINT('',(44.675,45.7718583054642,32.9246496852285));
#12376=CARTESIAN_POINT('Origin',(30.8990312825248,46.1468583054642,21.2747771929327));
#12377=CARTESIAN_POINT('',(7.93931663060539,41.704340285673,8.38187087871868));
#12378=CARTESIAN_POINT('Origin',(3.85,29.35719282884,4.31894220853358));
#12379=CARTESIAN_POINT('Origin',(83.0214252369611,46.1468583054642,5.21922670845019));
#12380=CARTESIAN_POINT('',(81.75,46.5218583054642,6.73260856154422));
#12381=CARTESIAN_POINT('',(47.6525389661932,46.5218583054642,34.372849497035));
#12382=CARTESIAN_POINT('',(83.2575682423031,46.5218583054642,5.51053664825316));
#12383=CARTESIAN_POINT('',(73.115224903592,62.5560854557015,34.372849497035));
#12384=CARTESIAN_POINT('',(82.5,45.7718583054642,5.15917356541413));
#12385=CARTESIAN_POINT('Origin',(82.125,46.1468583054642,0.568942208533583));
#12386=CARTESIAN_POINT('',(81.75,46.5218583054643,16.1803068262588));
#12387=CARTESIAN_POINT('',(75.4473489755304,52.8245093299344,22.4829578507289));
#12388=CARTESIAN_POINT('',(81.75,46.5218583054643,0.568942208533583));
#12389=CARTESIAN_POINT('Origin',(81.75,49.5218583054643,6.73260856154424));
#12390=CARTESIAN_POINT('',(47.6525389661932,49.5218583054643,34.372849497035));
#12391=CARTESIAN_POINT('',(81.75,17.4154579034183,6.73260856154422));
#12392=CARTESIAN_POINT('Origin',(81.75,-14.6909424986276,0.568942208533578));
#12393=CARTESIAN_POINT('',(81.75,33.9104936877391,3.56894220853358));
#12394=CARTESIAN_POINT('',(81.75,21.3851346411474,-8.95641683805808));
#12395=CARTESIAN_POINT('',(81.75,43.352529339998,3.56894220853358));
#12396=CARTESIAN_POINT('',(81.75,7.33312516510619,3.56894220853358));
#12397=CARTESIAN_POINT('',(81.75,43.352529339998,0.568942208533572));
#12398=CARTESIAN_POINT('',(81.75,-16.5659424986276,1.31894220853358));
#12399=CARTESIAN_POINT('',(81.75,-12.2716135331614,3.56894220853358));
#12400=CARTESIAN_POINT('',(81.75,-12.2716135331614,0.56894220853358));
#12401=CARTESIAN_POINT('',(81.75,31.1678530006198,3.56894220853358));
#12402=CARTESIAN_POINT('',(81.75,7.33312516510619,3.56894220853358));
#12403=CARTESIAN_POINT('',(81.75,11.4924401118099,23.2443550973435));
#12404=CARTESIAN_POINT('',(81.75,32.0088432582895,5.90993246620332));
#12405=CARTESIAN_POINT('',(81.75,21.4039793405327,16.5147963839601));
#12406=CARTESIAN_POINT('',(81.75,46.5218583054643,20.4229475133781));
#12407=CARTESIAN_POINT('',(81.75,26.1453218211751,0.0464110290889197));
#12408=CARTESIAN_POINT('',(81.75,46.5218583054643,34.372849497035));
#12409=CARTESIAN_POINT('',(81.75,46.5218583054643,0.568942208533583));
#12410=CARTESIAN_POINT('',(81.75,48.7718583054642,34.372849497035));
#12411=CARTESIAN_POINT('',(81.75,49.5218583054643,34.372849497035));
#12412=CARTESIAN_POINT('',(81.75,48.7718583054642,0.568942208533569));
#12413=CARTESIAN_POINT('Origin',(42.8,49.1468583054642,34.747849497035));
#12414=CARTESIAN_POINT('',(42.8,48.7718583054642,34.372849497035));
#12415=CARTESIAN_POINT('',(82.5,49.5218583054642,35.122849497035));
#12416=CARTESIAN_POINT('Origin',(82.125,49.1468583054642,0.568942208533569));
#12417=CARTESIAN_POINT('Origin',(81.75,49.5218583054643,34.372849497035));
#12418=CARTESIAN_POINT('',(81.1875,47.0843583054643,34.372849497035));
#12419=CARTESIAN_POINT('Origin',(29.3864598402773,29.9423803915387,3.94394220853358));
#12420=CARTESIAN_POINT('',(44.675,16.9920552826981,4.31894220853358));
#12421=CARTESIAN_POINT('Origin',(52.4964991352512,23.8536654345785,3.94394220853358));
#12422=CARTESIAN_POINT('',(52.2595174844691,24.1442935426351,3.56894220853359));
#12423=CARTESIAN_POINT('Origin',(78.7829981343309,45.7718583054642,0.568942208533585));
#12424=CARTESIAN_POINT('Origin',(82.125,46.1468583054642,0.568942208533583));
#12425=CARTESIAN_POINT('',(81.75,46.5218583054643,20.4229475133781));
#12426=CARTESIAN_POINT('Origin',(82.125,25.8801567782302,0.311576072033875));
#12427=CARTESIAN_POINT('',(82.5,32.0088432582895,6.97059263798315));
#12428=CARTESIAN_POINT('',(81.75,32.0088432582895,5.90993246620332));
#12429=CARTESIAN_POINT('',(82.5,25.6149917352852,0.57674111497883));
#12430=CARTESIAN_POINT('Origin',(82.125,21.6691443834777,16.7799614269051));
#12431=CARTESIAN_POINT('',(82.5,21.9343094264226,17.04512646985));
#12432=CARTESIAN_POINT('Origin',(3.85,45.7718583054643,20.7336076851579));
#12433=CARTESIAN_POINT('',(84.75,32.0088432582895,6.97059263798315));
#12434=CARTESIAN_POINT('',(3.85,32.0088432582895,6.97059263798315));
#12435=CARTESIAN_POINT('',(84.75,26.9658775679682,1.92762694766185));
#12436=CARTESIAN_POINT('Origin',(3.85,32.0088432582895,6.97059263798315));
#12437=CARTESIAN_POINT('',(84.75,19.0782145727627,19.90122132351));
#12438=CARTESIAN_POINT('Origin',(82.125,-16.5659424986276,0.943942208533582));
#12439=CARTESIAN_POINT('Origin',(82.125,7.33312516510619,3.94394220853358));
#12440=CARTESIAN_POINT('',(64.7121052462281,16.8725989339669,-13.4689525452386));
#12441=CARTESIAN_POINT('',(82.5,44.9318199363405,4.31894220853358));
#12442=CARTESIAN_POINT('Origin',(37.6369459532668,7.86608090938572,3.94394220853358));
#12443=CARTESIAN_POINT('',(47.6420018656691,15.5404579034183,3.56894220853357));
#12444=CARTESIAN_POINT('',(46.4552011194015,15.5404579034183,4.31894220853358));
#12445=CARTESIAN_POINT('',(37.873927604049,7.57545280132911,3.56894220853357));
#12446=CARTESIAN_POINT('Origin',(47.9239598402773,14.8266801905157,3.94394220853358));
#12447=CARTESIAN_POINT('',(82.5,-13.8509041295039,4.31894220853358));
#12448=CARTESIAN_POINT('',(48.1609414910595,15.1173082985724,3.56894220853358));
#12449=CARTESIAN_POINT('Origin',(82.125,11.2272750688649,22.9791900543986));
#12450=CARTESIAN_POINT('',(82.5,10.96211002592,22.7140250114536));
#12451=CARTESIAN_POINT('',(81.75,31.1678530006198,3.56894220853358));
#12452=CARTESIAN_POINT('Origin',(82.125,7.33312516510619,3.94394220853358));
#12453=CARTESIAN_POINT('Origin',(47.6420018656691,15.5404579034183,0.568942208533576));
#12454=CARTESIAN_POINT('',(47.6420018656691,15.5404579034183,0.568942208533576));
#12455=CARTESIAN_POINT('Origin',(81.75,-12.2716135331614,0.568942208533578));
#12456=CARTESIAN_POINT('Origin',(85.125,46.1468583054642,4.77592289487651));
#12457=CARTESIAN_POINT('',(85.5,46.5218583054642,3.56894220853358));
#12458=CARTESIAN_POINT('',(85.5,46.5218583054642,17.2409669980386));
#12459=CARTESIAN_POINT('',(85.5,46.5218583054642,4.77592289487651));
#12460=CARTESIAN_POINT('',(85.5,46.5218583054642,17.2409669980386));
#12461=CARTESIAN_POINT('',(85.5,46.5218583054642,3.56894220853358));
#12462=CARTESIAN_POINT('Origin',(85.125,22.4708554308855,-7.34036596243011));
#12463=CARTESIAN_POINT('',(85.5,32.8498335159592,3.56894220853358));
#12464=CARTESIAN_POINT('',(85.5,22.2056903879405,-7.07520091948515));
#12465=CARTESIAN_POINT('',(85.5,32.8498335159592,3.56894220853358));
#12466=CARTESIAN_POINT('',(84.75,22.7360204738304,-7.60553100537506));
#12467=CARTESIAN_POINT('Origin',(85.125,5.8279161441293,3.94394220853358));
#12468=CARTESIAN_POINT('',(85.5,5.8279161441293,3.56894220853358));
#12469=CARTESIAN_POINT('Origin',(85.5,-17.7013605405814,8.98290358121944));
#12470=CARTESIAN_POINT('',(85.5,48.7718583054642,37.9565785000528));
#12471=CARTESIAN_POINT('',(85.5,47.9968909417054,39.6185013748027));
#12472=CARTESIAN_POINT('',(85.5,-17.6909424986276,1.31894220853358));
#12473=CARTESIAN_POINT('',(85.5,-17.6909424986276,9.77592289487651));
#12474=CARTESIAN_POINT('',(85.5,48.7718583054642,1.31894220853358));
#12475=CARTESIAN_POINT('',(85.5,-18.0711515196045,1.31894220853358));
#12476=CARTESIAN_POINT('',(85.5,48.7718583054642,4.7759228948765));
#12477=CARTESIAN_POINT('',(85.5,12.8750838487441,21.8617113604093));
#12478=CARTESIAN_POINT('',(85.5,-0.578592132764452,15.5881592198958));
#12479=CARTESIAN_POINT('',(85.5,31.1678530006198,3.56894220853357));
#12480=CARTESIAN_POINT('',(85.5,8.63634525814996,26.1004499510034));
#12481=CARTESIAN_POINT('',(85.5,5.8279161441293,3.56894220853358));
#12482=CARTESIAN_POINT('',(85.5,46.5218583054642,37.5514599617918));
#12483=CARTESIAN_POINT('',(85.5,15.0451472032132,22.8736285212797));
#12484=CARTESIAN_POINT('',(85.5,-0.578592132764452,15.5881592198958));
#12485=CARTESIAN_POINT('',(85.5,46.5218583054642,20.422947513378));
#12486=CARTESIAN_POINT('',(85.5,46.5218583054642,4.77592289487651));
#12487=CARTESIAN_POINT('',(85.5,32.0088432582895,5.90993246620333));
#12488=CARTESIAN_POINT('',(85.5,27.4962076538582,1.39729686177194));
#12489=CARTESIAN_POINT('',(85.5,18.5478844868728,19.37089123762));
#12490=CARTESIAN_POINT('Origin',(85.125,5.8279161441293,3.94394220853358));
#12491=CARTESIAN_POINT('',(85.5,31.1678530006198,3.56894220853358));
#12492=CARTESIAN_POINT('Origin',(85.125,-0.420110284611691,15.2482937997571));
#12493=CARTESIAN_POINT('',(84.75,12.7160948867337,20.9600401506398));
#12494=CARTESIAN_POINT('Origin',(85.125,8.371180215205,25.8352849080585));
#12495=CARTESIAN_POINT('',(84.75,8.10601517226005,25.5701198651135));
#12496=CARTESIAN_POINT('Origin',(3.85,12.7160948867337,20.9600401506398));
#12497=CARTESIAN_POINT('Origin',(85.125,27.2310426109132,1.6624619047169));
#12498=CARTESIAN_POINT('',(85.5,46.5218583054642,20.422947513378));
#12499=CARTESIAN_POINT('',(85.5,32.0088432582895,5.90993246620333));
#12500=CARTESIAN_POINT('Origin',(85.125,-0.420110284611691,15.2482937997571));
#12501=CARTESIAN_POINT('',(84.75,45.7718583054642,36.3741957789537));
#12502=CARTESIAN_POINT('',(85.5,15.0451472032132,22.8736285212797));
#12503=CARTESIAN_POINT('Origin',(85.125,46.1468583054642,4.77592289487651));
#12504=CARTESIAN_POINT('Origin',(85.125,18.8130495298178,19.636056280565));
#12505=CARTESIAN_POINT('Origin',(85.125,48.3367563618441,39.7769832229555));
#12506=CARTESIAN_POINT('',(84.75,48.6766217819828,39.9354650711083));
#12507=CARTESIAN_POINT('',(85.5,48.7718583054642,37.9565785000528));
#12508=CARTESIAN_POINT('Origin',(84.75,-17.6909424986276,0.568942208533583));
#12509=CARTESIAN_POINT('',(84.75,-18.4409424986276,1.31894220853358));
#12510=CARTESIAN_POINT('',(84.75,-18.4409424986276,1.31894220853358));
#12511=CARTESIAN_POINT('',(84.75,-17.6909424986276,0.568942208533583));
#12512=CARTESIAN_POINT('',(85.5,-17.6909424986276,1.31894220853358));
#12513=CARTESIAN_POINT('Origin',(84.75,49.5218583054642,1.31894220853357));
#12514=CARTESIAN_POINT('',(84.75,48.7718583054642,0.568942208533575));
#12515=CARTESIAN_POINT('',(84.75,49.5218583054642,1.31894220853357));
#12516=CARTESIAN_POINT('',(85.5,48.7718583054642,1.31894220853358));
#12517=CARTESIAN_POINT('Origin',(4.6,-17.6909424986276,0.568942208533583));
#12518=CARTESIAN_POINT('',(4.6,-18.4409424986276,1.31894220853358));
#12519=CARTESIAN_POINT('',(3.85,-17.6909424986276,1.31894220853358));
#12520=CARTESIAN_POINT('',(4.6,-17.6909424986276,0.568942208533583));
#12521=CARTESIAN_POINT('',(4.6,-18.4409424986276,1.31894220853358));
#12522=CARTESIAN_POINT('Origin',(4.6,49.5218583054642,1.31894220853357));
#12523=CARTESIAN_POINT('',(3.85,48.7718583054642,1.31894220853358));
#12524=CARTESIAN_POINT('',(4.6,49.5218583054642,1.31894220853357));
#12525=CARTESIAN_POINT('',(4.6,48.7718583054642,0.568942208533575));
#12526=CARTESIAN_POINT('Origin',(4.225,48.3367563618441,39.7769832229555));
#12527=CARTESIAN_POINT('',(4.6,48.6766217819828,39.9354650711083));
#12528=CARTESIAN_POINT('',(4.6,49.5218583054642,38.122849497035));
#12529=CARTESIAN_POINT('Origin',(4.225,49.1468583054642,20.2522036398209));
#12530=CARTESIAN_POINT('Origin',(3.85,49.1468583054642,0.943942208533571));
#12531=CARTESIAN_POINT('Origin',(4.225,15.1178396416776,0.943942208533579));
#12532=CARTESIAN_POINT('Origin',(3.85,-18.0659424986276,0.943942208533583));
#12533=CARTESIAN_POINT('',(3.85,-18.4409424986276,1.31894220853358));
#12534=CARTESIAN_POINT('Origin',(4.225,-18.0659424986276,25.2522036398209));
#12535=CARTESIAN_POINT('',(4.6,-18.4409424986276,25.2522036398209));
#12536=CARTESIAN_POINT('Origin',(85.125,49.1468583054642,4.7759228948765));
#12537=CARTESIAN_POINT('Origin',(85.125,-18.0711515196045,0.943942208533583));
#12538=CARTESIAN_POINT('Origin',(85.125,-18.0659424986276,9.77592289487651));
#12539=CARTESIAN_POINT('',(84.75,-18.4409424986276,9.77592289487651));
#12540=CARTESIAN_POINT('Origin',(85.5,48.6766217819828,39.9354650711083));
#12541=CARTESIAN_POINT('Origin',(3.85,-18.4409424986276,10.5689422085336));
#12542=CARTESIAN_POINT('',(14.7574364602566,-18.4409424986276,3.49373676324397));
#12543=CARTESIAN_POINT('Ctrl Pts',(14.4344776332378,-18.4409424986276,3.36215176129848));
#12544=CARTESIAN_POINT('Ctrl Pts',(14.4814870971979,-18.4409424986276,3.40053061295119));
#12545=CARTESIAN_POINT('Ctrl Pts',(14.575669125191,-18.4409424986276,3.47742147228461));
#12546=CARTESIAN_POINT('Ctrl Pts',(14.6967774386459,-18.4409424986276,3.48829205786535));
#12547=CARTESIAN_POINT('Ctrl Pts',(14.7574364602566,-18.4409424986276,3.49373676324397));
#12548=CARTESIAN_POINT('',(15.7971333920956,-18.4409424986276,3.49373676324397));
#12549=CARTESIAN_POINT('',(9.30371823012829,-18.4409424986276,3.49373676324397));
#12550=CARTESIAN_POINT('',(15.7971333920956,-18.4409424986276,7.65308179402858));
#12551=CARTESIAN_POINT('',(15.7971333920956,-18.4409424986276,7.03133948588878));
#12552=CARTESIAN_POINT('',(14.7752373874187,-18.4409424986276,7.65308179402858));
#12553=CARTESIAN_POINT('',(9.82356669604778,-18.4409424986276,7.65308179402858));
#12554=CARTESIAN_POINT('',(14.4506376445293,-18.4409424986276,7.78574862027675));
#12555=CARTESIAN_POINT('Ctrl Pts',(14.7752373874187,-18.4409424986276,7.65308179402858));
#12556=CARTESIAN_POINT('Ctrl Pts',(14.7137980174804,-18.4409424986276,7.65844516393011));
#12557=CARTESIAN_POINT('Ctrl Pts',(14.5918163428783,-18.4409424986276,7.66909359412653));
#12558=CARTESIAN_POINT('Ctrl Pts',(14.4974659232128,-18.4409424986276,7.74705472283843));
#12559=CARTESIAN_POINT('Ctrl Pts',(14.4506376445293,-18.4409424986276,7.78574862027675));
#12560=CARTESIAN_POINT('',(14.3183546721935,-18.4409424986276,8.1110117628625));
#12561=CARTESIAN_POINT('Ctrl Pts',(14.4506376445293,-18.4409424986276,7.78574862027675));
#12562=CARTESIAN_POINT('Ctrl Pts',(14.4120556201254,-18.4409424986276,7.83271350105741));
#12563=CARTESIAN_POINT('Ctrl Pts',(14.3342886798308,-18.4409424986276,7.92737714652557));
#12564=CARTESIAN_POINT('Ctrl Pts',(14.3236933882211,-18.4409424986276,8.04948467615783));
#12565=CARTESIAN_POINT('Ctrl Pts',(14.3183546721935,-18.4409424986276,8.1110117628625));
#12566=CARTESIAN_POINT('',(14.4514405190945,-18.4409424986276,8.43557693505794));
#12567=CARTESIAN_POINT('Ctrl Pts',(14.3183546721935,-18.4409424986276,8.1110117628625));
#12568=CARTESIAN_POINT('Ctrl Pts',(14.3238080375558,-18.4409424986276,8.17224253884592));
#12569=CARTESIAN_POINT('Ctrl Pts',(14.3346699448265,-18.4409424986276,8.2942008098693));
#12570=CARTESIAN_POINT('Ctrl Pts',(14.4126242247412,-18.4409424986276,8.38858138567187));
#12571=CARTESIAN_POINT('Ctrl Pts',(14.4514405190945,-18.4409424986276,8.43557693505794));
#12572=CARTESIAN_POINT('',(14.7755866706371,-18.4409424986276,8.56894173169642));
#12573=CARTESIAN_POINT('Ctrl Pts',(14.4514405190945,-18.4409424986276,8.43557693505794));
#12574=CARTESIAN_POINT('Ctrl Pts',(14.4983421258802,-18.4409424986276,8.47447475575643));
#12575=CARTESIAN_POINT('Ctrl Pts',(14.592515111262,-18.4409424986276,8.55257706719234));
#12576=CARTESIAN_POINT('Ctrl Pts',(14.7144032855236,-18.4409424986276,8.56347258305299));
#12577=CARTESIAN_POINT('Ctrl Pts',(14.7755866706371,-18.4409424986276,8.56894173169642));
#12578=CARTESIAN_POINT('',(16.7174612939358,-18.4409424986276,8.56894173169642));
#12579=CARTESIAN_POINT('',(9.31279333531857,-18.4409424986276,8.56894173169642));
#12580=CARTESIAN_POINT('',(16.7174612939358,-18.4409424986276,3.49373676324397));
#12581=CARTESIAN_POINT('',(16.7174612939358,-18.4409424986276,9.568941970115));
#12582=CARTESIAN_POINT('',(10.2837306469679,-18.4409424986276,3.49373676324397));
#12583=CARTESIAN_POINT('',(26.8678712308407,-18.4409424986276,6.19370855832606));
#12584=CARTESIAN_POINT('Ctrl Pts',(27.0009564816952,-18.4409424986276,5.87200619721919));
#12585=CARTESIAN_POINT('Ctrl Pts',(26.9621403021907,-18.4409424986276,5.91911634680193));
#12586=CARTESIAN_POINT('Ctrl Pts',(26.8849416340139,-18.4409424986276,6.01281028710805));
#12587=CARTESIAN_POINT('Ctrl Pts',(26.8735400143543,-18.4409424986276,6.13363539384874));
#12588=CARTESIAN_POINT('Ctrl Pts',(26.8678712308407,-18.4409424986276,6.19370855832606));
#12589=CARTESIAN_POINT('',(26.8678712308407,-18.4409424986276,6.35237850690394));
#12590=CARTESIAN_POINT('',(26.8678712308407,-18.4409424986276,8.38132538342982));
#12591=CARTESIAN_POINT('',(26.2915491521358,-18.4409424986276,7.38055743718654));
#12592=CARTESIAN_POINT('',(23.2171466461865,-18.4409424986276,12.8654000219595));
#12593=CARTESIAN_POINT('',(26.2915491521358,-18.4409424986276,3.02638270402461));
#12594=CARTESIAN_POINT('',(26.2915491521358,-18.4409424986276,8.97474982286006));
#12595=CARTESIAN_POINT('',(26.157555526495,-18.4409424986276,2.70276047730952));
#12596=CARTESIAN_POINT('Ctrl Pts',(26.2915491521358,-18.4409424986276,3.02638270402461));
#12597=CARTESIAN_POINT('Ctrl Pts',(26.2859805986554,-18.4409424986276,2.96546198695969));
#12598=CARTESIAN_POINT('Ctrl Pts',(26.2748505700059,-18.4409424986276,2.84369799049806));
#12599=CARTESIAN_POINT('Ctrl Pts',(26.1966372940239,-18.4409424986276,2.74971972606947));
#12600=CARTESIAN_POINT('Ctrl Pts',(26.157555526495,-18.4409424986276,2.70276047730952));
#12601=CARTESIAN_POINT('',(25.829151815176,-18.4409424986276,2.56894149327785));
#12602=CARTESIAN_POINT('Ctrl Pts',(26.157555526495,-18.4409424986276,2.70276047730952));
#12603=CARTESIAN_POINT('Ctrl Pts',(26.1101376828352,-18.4409424986276,2.66373061535296));
#12604=CARTESIAN_POINT('Ctrl Pts',(26.014598090732,-18.4409424986276,2.58509150392623));
#12605=CARTESIAN_POINT('Ctrl Pts',(25.891270120547,-18.4409424986276,2.57435120717042));
#12606=CARTESIAN_POINT('Ctrl Pts',(25.829151815176,-18.4409424986276,2.56894149327785));
#12607=CARTESIAN_POINT('',(25.504307693243,-18.4409424986276,2.70447053456813));
#12608=CARTESIAN_POINT('Ctrl Pts',(25.829151815176,-18.4409424986276,2.56894149327785));
#12609=CARTESIAN_POINT('Ctrl Pts',(25.7677362372805,-18.4409424986276,2.57452779690962));
#12610=CARTESIAN_POINT('Ctrl Pts',(25.6452331714981,-18.4409424986276,2.58567056141227));
#12611=CARTESIAN_POINT('Ctrl Pts',(25.5511989045488,-18.4409424986276,2.66494131165293));
#12612=CARTESIAN_POINT('Ctrl Pts',(25.504307693243,-18.4409424986276,2.70447053456813));
#12613=CARTESIAN_POINT('',(25.3712212502956,-18.4409424986276,3.02624322915584));
#12614=CARTESIAN_POINT('Ctrl Pts',(25.504307693243,-18.4409424986276,2.70447053456813));
#12615=CARTESIAN_POINT('Ctrl Pts',(25.4654910037356,-18.4409424986276,2.75158694287506));
#12616=CARTESIAN_POINT('Ctrl Pts',(25.3882834595456,-18.4409424986276,2.84530287338293));
#12617=CARTESIAN_POINT('Ctrl Pts',(25.3768877024461,-18.4409424986276,2.96615195650475));
#12618=CARTESIAN_POINT('Ctrl Pts',(25.3712212502956,-18.4409424986276,3.02624322915584));
#12619=CARTESIAN_POINT('',(25.3712212502956,-18.4409424986276,8.56894173169642));
#12620=CARTESIAN_POINT('',(25.3712212502956,-18.4409424986276,6.79759271884471));
#12621=CARTESIAN_POINT('',(26.4613878190517,-18.4409424986276,8.56894173169642));
#12622=CARTESIAN_POINT('',(14.6106106251478,-18.4409424986276,8.56894173169642));
#12623=CARTESIAN_POINT('',(27.3180519998074,-18.4409424986276,7.2505084469369));
#12624=CARTESIAN_POINT('',(22.6483332186882,-18.4409424986276,14.4373534321721));
#12625=CARTESIAN_POINT('',(24.4376425143333,-18.4409424986276,2.96247180846492));
#12626=CARTESIAN_POINT('',(35.6601261556148,-18.4409424986276,1.44757189298183));
#12627=CARTESIAN_POINT('',(35.6601261556148,-18.4409424986276,6.47065438771754));
#12628=CARTESIAN_POINT('',(19.7550630778074,-18.4409424986276,1.44757189298182));
#12629=CARTESIAN_POINT('',(42.0141148030758,-18.4409424986276,3.22191037679225));
#12630=CARTESIAN_POINT('Ctrl Pts',(41.9817947804928,-18.4409424986276,3.03503908658534));
#12631=CARTESIAN_POINT('Ctrl Pts',(41.9834679999823,-18.4409424986276,3.06466268141807));
#12632=CARTESIAN_POINT('Ctrl Pts',(41.9870544358266,-18.4409424986276,3.12815890711511));
#12633=CARTESIAN_POINT('Ctrl Pts',(42.004701055567,-18.4409424986276,3.18929616073273));
#12634=CARTESIAN_POINT('Ctrl Pts',(42.0141148030758,-18.4409424986276,3.22191037679225));
#12635=CARTESIAN_POINT('',(43.4900330960751,-18.4409424986276,8.19135882401973));
#12636=CARTESIAN_POINT('',(41.4699515814713,-18.4409424986276,1.38970117560026));
#12637=CARTESIAN_POINT('',(43.9481019437313,-18.4409424986276,8.56894173169642));
#12638=CARTESIAN_POINT('Ctrl Pts',(43.4900330960751,-18.4409424986276,8.19135882401973));
#12639=CARTESIAN_POINT('Ctrl Pts',(43.5344006579043,-18.4409424986276,8.30142292292498));
#12640=CARTESIAN_POINT('Ctrl Pts',(43.6193793928405,-18.4409424986276,8.51223252122667));
#12641=CARTESIAN_POINT('Ctrl Pts',(43.8418051191983,-18.4409424986276,8.55060405155136));
#12642=CARTESIAN_POINT('Ctrl Pts',(43.9481019437313,-18.4409424986276,8.56894173169642));
#12643=CARTESIAN_POINT('',(44.3709182202816,-18.4409424986276,8.30144383454829));
#12644=CARTESIAN_POINT('Ctrl Pts',(43.9481019437313,-18.4409424986276,8.56894173169642));
#12645=CARTESIAN_POINT('Ctrl Pts',(44.0501129048641,-18.4409424986276,8.56120522824584));
#12646=CARTESIAN_POINT('Ctrl Pts',(44.2409949129868,-18.4409424986276,8.54672875142319));
#12647=CARTESIAN_POINT('Ctrl Pts',(44.329644603652,-18.4409424986276,8.37936515470954));
#12648=CARTESIAN_POINT('Ctrl Pts',(44.3709182202816,-18.4409424986276,8.30144383454829));
#12649=CARTESIAN_POINT('',(45.8448814809322,-18.4409424986276,3.18093456769496));
#12650=CARTESIAN_POINT('',(42.5192069218913,-18.4409424986276,14.7342397637759));
#12651=CARTESIAN_POINT('',(45.8730840146542,-18.4409424986276,3.02624322915584));
#12652=CARTESIAN_POINT('Ctrl Pts',(45.8448814809322,-18.4409424986276,3.18093456769496));
#12653=CARTESIAN_POINT('Ctrl Pts',(45.8530785261162,-18.4409424986276,3.15302603287236));
#12654=CARTESIAN_POINT('Ctrl Pts',(45.8679432452634,-18.4409424986276,3.10241602370029));
#12655=CARTESIAN_POINT('Ctrl Pts',(45.8714921351988,-18.4409424986276,3.04983073084608));
#12656=CARTESIAN_POINT('Ctrl Pts',(45.8730840146542,-18.4409424986276,3.02624322915584));
#12657=CARTESIAN_POINT('',(45.741078799963,-18.4409424986276,2.70373739743739));
#12658=CARTESIAN_POINT('Ctrl Pts',(45.8730840146542,-18.4409424986276,3.02624322915584));
#12659=CARTESIAN_POINT('Ctrl Pts',(45.8675533257367,-18.4409424986276,2.96584608266075));
#12660=CARTESIAN_POINT('Ctrl Pts',(45.8564761221631,-18.4409424986276,2.84487896681323));
#12661=CARTESIAN_POINT('Ctrl Pts',(45.7795811933517,-18.4409424986276,2.75082937603798));
#12662=CARTESIAN_POINT('Ctrl Pts',(45.741078799963,-18.4409424986276,2.70373739743739));
#12663=CARTESIAN_POINT('Ctrl Pts',(45.741078799963,-18.4409424986276,2.70373739743739));
#12664=CARTESIAN_POINT('Ctrl Pts',(45.695866687271,-18.4409424986276,2.66442667980506));
#12665=CARTESIAN_POINT('Ctrl Pts',(45.607218949298,-18.4409424986276,2.58734985262955));
#12666=CARTESIAN_POINT('Ctrl Pts',(45.4905425221082,-18.4409424986276,2.57499508382203));
#12667=CARTESIAN_POINT('Ctrl Pts',(45.4333733975887,-18.4409424986276,2.56894149327785));
#12668=CARTESIAN_POINT('',(36.4508938252926,-18.4409424986276,3.02624322915584));
#12669=CARTESIAN_POINT('Ctrl Pts',(36.5867375791073,-18.4409424986276,2.70181812787562));
#12670=CARTESIAN_POINT('Ctrl Pts',(36.5471162438561,-18.4409424986276,2.74862631386045));
#12671=CARTESIAN_POINT('Ctrl Pts',(36.4676948624377,-18.4409424986276,2.84245381283385));
#12672=CARTESIAN_POINT('Ctrl Pts',(36.4565025658317,-18.4409424986276,2.96488825796655));
#12673=CARTESIAN_POINT('Ctrl Pts',(36.4508938252926,-18.4409424986276,3.02624322915584));
#12674=CARTESIAN_POINT('',(36.4508938252926,-18.4409424986276,8.56894173169642));
#12675=CARTESIAN_POINT('',(36.4508938252926,-18.4409424986276,6.79759271884471));
#12676=CARTESIAN_POINT('',(39.152681773901,-18.4409424986276,8.56894173169642));
#12677=CARTESIAN_POINT('',(20.1504469126463,-18.4409424986276,8.56894173169642));
#12678=CARTESIAN_POINT('',(39.9974417150021,-18.4409424986276,8.21313836122066));
#12679=CARTESIAN_POINT('Ctrl Pts',(39.152681773901,-18.4409424986276,8.56894173169642));
#12680=CARTESIAN_POINT('Ctrl Pts',(39.3110008295867,-18.4409424986276,8.55376407772955));
#12681=CARTESIAN_POINT('Ctrl Pts',(39.6295492419354,-18.4409424986276,8.52322563399398));
#12682=CARTESIAN_POINT('Ctrl Pts',(39.8743215993745,-18.4409424986276,8.31691319673234));
#12683=CARTESIAN_POINT('Ctrl Pts',(39.9974417150021,-18.4409424986276,8.21313836122066));
#12684=CARTESIAN_POINT('',(40.3511166036129,-18.4409424986276,7.36694492841273));
#12685=CARTESIAN_POINT('Ctrl Pts',(39.9974417150021,-18.4409424986276,8.21313836122066));
#12686=CARTESIAN_POINT('Ctrl Pts',(40.1005962795625,-18.4409424986276,8.08945777060821));
#12687=CARTESIAN_POINT('Ctrl Pts',(40.3055961577985,-18.4409424986276,7.84366635920768));
#12688=CARTESIAN_POINT('Ctrl Pts',(40.3360078640764,-18.4409424986276,7.52517404503249));
#12689=CARTESIAN_POINT('Ctrl Pts',(40.3511166036129,-18.4409424986276,7.36694492841273));
#12690=CARTESIAN_POINT('',(40.3511166036129,-18.4409424986276,8.96794356847316));
#12691=CARTESIAN_POINT('',(47.960784381628,-18.4409424986276,8.56894173169642));
#12692=CARTESIAN_POINT('Ctrl Pts',(47.637195533514,-18.4409424986276,8.43240060353786));
#12693=CARTESIAN_POINT('Ctrl Pts',(47.6840021499906,-18.4409424986276,8.47222508454995));
#12694=CARTESIAN_POINT('Ctrl Pts',(47.7775091578793,-18.4409424986276,8.55178366708557));
#12695=CARTESIAN_POINT('Ctrl Pts',(47.8997389251978,-18.4409424986276,8.56322670997006));
#12696=CARTESIAN_POINT('Ctrl Pts',(47.960784381628,-18.4409424986276,8.56894173169642));
#12697=CARTESIAN_POINT('',(49.3245243489742,-18.4409424986276,8.56894173169642));
#12698=CARTESIAN_POINT('',(25.905392190814,-18.4409424986276,8.56894173169642));
#12699=CARTESIAN_POINT('',(50.0198959767818,-18.4409424986276,8.36856224084407));
#12700=CARTESIAN_POINT('Ctrl Pts',(49.3245243489742,-18.4409424986276,8.56894173169642));
#12701=CARTESIAN_POINT('Ctrl Pts',(49.452675900275,-18.4409424986276,8.56037369392106));
#12702=CARTESIAN_POINT('Ctrl Pts',(49.6992779067629,-18.4409424986276,8.54388622041317));
#12703=CARTESIAN_POINT('Ctrl Pts',(49.9158633778488,-18.4409424986276,8.42545051681921));
#12704=CARTESIAN_POINT('Ctrl Pts',(50.0198959767818,-18.4409424986276,8.36856224084407));
#12705=CARTESIAN_POINT('',(50.447356647253,-18.4409424986276,7.90047564054042));
#12706=CARTESIAN_POINT('Ctrl Pts',(50.0198959767818,-18.4409424986276,8.36856224084407));
#12707=CARTESIAN_POINT('Ctrl Pts',(50.1094401558485,-18.4409424986276,8.30220864807596));
#12708=CARTESIAN_POINT('Ctrl Pts',(50.2825745713543,-18.4409424986276,8.17391342419467));
#12709=CARTESIAN_POINT('Ctrl Pts',(50.3937031606051,-18.4409424986276,7.98950771756887));
#12710=CARTESIAN_POINT('Ctrl Pts',(50.447356647253,-18.4409424986276,7.90047564054042));
#12711=CARTESIAN_POINT('',(51.1847233235836,-18.4409424986276,6.39642633939296));
#12712=CARTESIAN_POINT('',(45.4052812089789,-18.4409424986276,18.1850874662438));
#12713=CARTESIAN_POINT('',(51.390583461523,-18.4409424986276,5.55819131875545));
#12714=CARTESIAN_POINT('Ctrl Pts',(51.1847233235836,-18.4409424986276,6.39642633939296));
#12715=CARTESIAN_POINT('Ctrl Pts',(51.2447648478104,-18.4409424986276,6.26421079312393));
#12716=CARTESIAN_POINT('Ctrl Pts',(51.3657828142057,-18.4409424986276,5.99772094728181));
#12717=CARTESIAN_POINT('Ctrl Pts',(51.3822741115336,-18.4409424986276,5.7054538263604));
#12718=CARTESIAN_POINT('Ctrl Pts',(51.390583461523,-18.4409424986276,5.55819131875545));
#12719=CARTESIAN_POINT('',(51.1716007649898,-18.4409424986276,4.75129880452663));
#12720=CARTESIAN_POINT('Ctrl Pts',(51.390583461523,-18.4409424986276,5.55819131875545));
#12721=CARTESIAN_POINT('Ctrl Pts',(51.3810076961357,-18.4409424986276,5.41827050292904));
#12722=CARTESIAN_POINT('Ctrl Pts',(51.3616116616441,-18.4409424986276,5.1348561898068));
#12723=CARTESIAN_POINT('Ctrl Pts',(51.2354677812867,-18.4409424986276,4.88022123059702));
#12724=CARTESIAN_POINT('Ctrl Pts',(51.1716007649898,-18.4409424986276,4.75129880452663));
#12725=CARTESIAN_POINT('',(50.4299759328365,-18.4409424986276,3.23601164365321));
#12726=CARTESIAN_POINT('',(47.7477061747114,-18.4409424986276,-2.24439940823268));
#12727=CARTESIAN_POINT('',(49.9945949971676,-18.4409424986276,2.7526018812707));
#12728=CARTESIAN_POINT('Ctrl Pts',(50.4299759328365,-18.4409424986276,3.23601164365321));
#12729=CARTESIAN_POINT('Ctrl Pts',(50.3742054851948,-18.4409424986276,3.14082913907778));
#12730=CARTESIAN_POINT('Ctrl Pts',(50.262283859146,-18.4409424986276,2.94981434299961));
#12731=CARTESIAN_POINT('Ctrl Pts',(50.0840267472665,-18.4409424986276,2.81848828186051));
#12732=CARTESIAN_POINT('Ctrl Pts',(49.9945949971676,-18.4409424986276,2.7526018812707));
#12733=CARTESIAN_POINT('Ctrl Pts',(49.9945949971676,-18.4409424986276,2.7526018812707));
#12734=CARTESIAN_POINT('Ctrl Pts',(49.8960964667283,-18.4409424986276,2.69903575129465));
#12735=CARTESIAN_POINT('Ctrl Pts',(49.6971815608457,-18.4409424986276,2.59086051603821));
#12736=CARTESIAN_POINT('Ctrl Pts',(49.4711563834307,-18.4409424986276,2.57629464664393));
#12737=CARTESIAN_POINT('Ctrl Pts',(49.3570541799068,-18.4409424986276,2.56894149327785));
#12738=CARTESIAN_POINT('',(23.7494790017605,-18.4409424986276,5.59225716138392));
#12739=CARTESIAN_POINT('Ctrl Pts',(23.6062359273434,-18.4409424986276,5.91996349835902));
#12740=CARTESIAN_POINT('Ctrl Pts',(23.6480139436879,-18.4409424986276,5.87373472157391));
#12741=CARTESIAN_POINT('Ctrl Pts',(23.7322488102735,-18.4409424986276,5.78052601552151));
#12742=CARTESIAN_POINT('Ctrl Pts',(23.7437048305841,-18.4409424986276,5.65534970401727));
#12743=CARTESIAN_POINT('Ctrl Pts',(23.7494790017605,-18.4409424986276,5.59225716138392));
#12744=CARTESIAN_POINT('',(23.7494790017605,-18.4409424986276,5.26842512631923));
#12745=CARTESIAN_POINT('',(23.7494790017605,-18.4409424986276,8.08059968495875));
#12746=CARTESIAN_POINT('',(23.6161136090755,-18.4409424986276,4.94131245160609));
#12747=CARTESIAN_POINT('Ctrl Pts',(23.7494790017605,-18.4409424986276,5.26842512631923));
#12748=CARTESIAN_POINT('Ctrl Pts',(23.7438000413797,-18.4409424986276,5.20753239208595));
#12749=CARTESIAN_POINT('Ctrl Pts',(23.7323789535823,-18.4409424986276,5.08506961417086));
#12750=CARTESIAN_POINT('Ctrl Pts',(23.6550113571938,-18.4409424986276,4.98940786579299));
#12751=CARTESIAN_POINT('Ctrl Pts',(23.6161136090755,-18.4409424986276,4.94131245160609));
#12752=CARTESIAN_POINT('',(23.287500089407,-18.4409424986276,4.8027465536645));
#12753=CARTESIAN_POINT('Ctrl Pts',(23.6161136090755,-18.4409424986276,4.94131245160609));
#12754=CARTESIAN_POINT('Ctrl Pts',(23.5689425017583,-18.4409424986276,4.90089768231789));
#12755=CARTESIAN_POINT('Ctrl Pts',(23.4741953876857,-18.4409424986276,4.8197212382243));
#12756=CARTESIAN_POINT('Ctrl Pts',(23.3499089005716,-18.4409424986276,4.80842087911907));
#12757=CARTESIAN_POINT('Ctrl Pts',(23.287500089407,-18.4409424986276,4.8027465536645));
#12758=CARTESIAN_POINT('',(20.3157019078732,-18.4409424986276,4.8027465536645));
#12759=CARTESIAN_POINT('',(13.5687500447035,-18.4409424986276,4.8027465536645));
#12760=CARTESIAN_POINT('Ctrl Pts',(20.3157019078732,-18.4409424986276,4.8027465536645));
#12761=CARTESIAN_POINT('Ctrl Pts',(20.2538809571105,-18.4409424986276,4.80836112141377));
#12762=CARTESIAN_POINT('Ctrl Pts',(20.1307848206947,-18.4409424986276,4.81954069062216));
#12763=CARTESIAN_POINT('Ctrl Pts',(20.0369426210842,-18.4409424986276,4.89993309513192));
#12764=CARTESIAN_POINT('Ctrl Pts',(19.9902295529842,-18.4409424986276,4.93995108151942));
#12765=CARTESIAN_POINT('',(10.8064642012119,-18.4409424986276,4.74459805036098));
#12766=CARTESIAN_POINT('',(9.23092152627073,-18.4409424986276,7.49712596461111));
#12767=CARTESIAN_POINT('',(9.6770663022995,-18.4409424986276,2.74450459027797));
#12768=CARTESIAN_POINT('',(11.2124008468396,-18.4409424986276,5.46348661116831));
#12769=CARTESIAN_POINT('',(9.32014608979225,-18.4409424986276,2.56894149327785));
#12770=CARTESIAN_POINT('Ctrl Pts',(9.6770663022995,-18.4409424986276,2.74450459027797));
#12771=CARTESIAN_POINT('Ctrl Pts',(9.63581106420434,-18.4409424986276,2.69340778310633));
#12772=CARTESIAN_POINT('Ctrl Pts',(9.54511800553442,-18.4409424986276,2.58107960504629));
#12773=CARTESIAN_POINT('Ctrl Pts',(9.39951561394546,-18.4409424986276,2.57322378847901));
#12774=CARTESIAN_POINT('Ctrl Pts',(9.32014608979225,-18.4409424986276,2.56894149327785));
#12775=CARTESIAN_POINT('',(8.98716958463192,-18.4409424986276,2.70890333200007));
#12776=CARTESIAN_POINT('Ctrl Pts',(9.32014608979225,-18.4409424986276,2.56894149327785));
#12777=CARTESIAN_POINT('Ctrl Pts',(9.2573149179977,-18.4409424986276,2.57477868445345));
#12778=CARTESIAN_POINT('Ctrl Pts',(9.13162280769182,-18.4409424986276,2.58645583221571));
#12779=CARTESIAN_POINT('Ctrl Pts',(9.03532826055624,-18.4409424986276,2.66808105517615));
#12780=CARTESIAN_POINT('Ctrl Pts',(8.98716958463192,-18.4409424986276,2.70890333200007));
#12781=CARTESIAN_POINT('',(8.85,-18.4409424986276,3.02184559846431));
#12782=CARTESIAN_POINT('Ctrl Pts',(8.98716958463192,-18.4409424986276,2.70890333200007));
#12783=CARTESIAN_POINT('Ctrl Pts',(8.94717617486693,-18.4409424986276,2.75585805200075));
#12784=CARTESIAN_POINT('Ctrl Pts',(8.86988569639082,-18.4409424986276,2.84660182195911));
#12785=CARTESIAN_POINT('Ctrl Pts',(8.85647258976095,-18.4409424986276,2.96480555062358));
#12786=CARTESIAN_POINT('Ctrl Pts',(8.85,-18.4409424986276,3.02184559846431));
#12787=CARTESIAN_POINT('',(8.91568789482117,-18.4409424986276,3.15007962728053));
#12788=CARTESIAN_POINT('Ctrl Pts',(8.85,-18.4409424986276,3.02184559846431));
#12789=CARTESIAN_POINT('Ctrl Pts',(8.84861649682241,-18.4409424986276,3.05852207866478));
#12790=CARTESIAN_POINT('Ctrl Pts',(8.84640401025014,-18.4409424986276,3.11717479538896));
#12791=CARTESIAN_POINT('Ctrl Pts',(8.89680387148611,-18.4409424986276,3.14111108261645));
#12792=CARTESIAN_POINT('Ctrl Pts',(8.91568789482117,-18.4409424986276,3.15007962728053));
#12793=CARTESIAN_POINT('',(10.2858480274677,-18.4409424986276,5.57117499852687));
#12794=CARTESIAN_POINT('',(9.89129281324192,-18.4409424986276,4.87398947976705));
#12795=CARTESIAN_POINT('',(8.95317385196686,-18.4409424986276,7.82948233628779));
#12796=CARTESIAN_POINT('',(8.36092632584504,-18.4409424986276,8.8330861868006));
#12797=CARTESIAN_POINT('',(8.86340284943581,-18.4409424986276,8.12476374650508));
#12798=CARTESIAN_POINT('Ctrl Pts',(8.95317385196686,-18.4409424986276,7.82948233628779));
#12799=CARTESIAN_POINT('Ctrl Pts',(8.9269676832261,-18.4409424986276,7.87876008945921));
#12800=CARTESIAN_POINT('Ctrl Pts',(8.87766251697039,-18.4409424986276,7.97147290974442));
#12801=CARTESIAN_POINT('Ctrl Pts',(8.86795209091298,-18.4409424986276,8.07585958860864));
#12802=CARTESIAN_POINT('Ctrl Pts',(8.86340284943581,-18.4409424986276,8.12476374650508));
#12803=CARTESIAN_POINT('',(8.9998743891716,-18.4409424986276,8.43536712670833));
#12804=CARTESIAN_POINT('Ctrl Pts',(8.86340284943581,-18.4409424986276,8.12476374650508));
#12805=CARTESIAN_POINT('Ctrl Pts',(8.86955918596666,-18.4409424986276,8.18241623674616));
#12806=CARTESIAN_POINT('Ctrl Pts',(8.88214026221933,-18.4409424986276,8.30023474329521));
#12807=CARTESIAN_POINT('Ctrl Pts',(8.96007546009334,-18.4409424986276,8.38968687848416));
#12808=CARTESIAN_POINT('Ctrl Pts',(8.9998743891716,-18.4409424986276,8.43536712670833));
#12809=CARTESIAN_POINT('',(9.31686515212059,-18.4409424986276,8.56894173169642));
#12810=CARTESIAN_POINT('Ctrl Pts',(8.9998743891716,-18.4409424986276,8.43536712670833));
#12811=CARTESIAN_POINT('Ctrl Pts',(9.04671247935228,-18.4409424986276,8.47432350961362));
#12812=CARTESIAN_POINT('Ctrl Pts',(9.13893710839381,-18.4409424986276,8.55102898475962));
#12813=CARTESIAN_POINT('Ctrl Pts',(9.25818141159185,-18.4409424986276,8.56303379851524));
#12814=CARTESIAN_POINT('Ctrl Pts',(9.31686515212059,-18.4409424986276,8.56894173169642));
#12815=CARTESIAN_POINT('Ctrl Pts',(9.31686515212059,-18.4409424986276,8.56894173169642));
#12816=CARTESIAN_POINT('Ctrl Pts',(9.40038385231598,-18.4409424986276,8.56054144971623));
#12817=CARTESIAN_POINT('Ctrl Pts',(9.56422979052627,-18.4409424986276,8.54406188191818));
#12818=CARTESIAN_POINT('Ctrl Pts',(9.6642565809196,-18.4409424986276,8.4136739248373));
#12819=CARTESIAN_POINT('Ctrl Pts',(9.71329579353332,-18.4409424986276,8.34974982286006));
#12820=CARTESIAN_POINT('Origin',(16.7174612939358,-18.4409424986276,3.49373676324397));
#12821=CARTESIAN_POINT('',(16.7174612939358,-18.4409424986276,3.49373676324397));
#12822=CARTESIAN_POINT('Origin',(16.7174612939358,-18.4409424986276,8.56894173169642));
#12823=CARTESIAN_POINT('',(16.7174612939358,-18.4409424986276,8.56894173169642));
#12824=CARTESIAN_POINT('Origin',(14.7755866706371,-18.4409424986276,8.56894173169642));
#12825=CARTESIAN_POINT('',(14.7755866706371,-18.4409424986276,8.56894173169642));
#12826=CARTESIAN_POINT('Ctrl Pts',(14.4514405190945,-18.4409424986276,8.43557693505794));
#12827=CARTESIAN_POINT('Ctrl Pts',(14.4514405190945,-17.4409424986276,8.43557693505794));
#12828=CARTESIAN_POINT('Ctrl Pts',(14.4983421258802,-18.4409424986276,8.47447475575643));
#12829=CARTESIAN_POINT('Ctrl Pts',(14.4983421258802,-17.4409424986276,8.47447475575643));
#12830=CARTESIAN_POINT('Ctrl Pts',(14.592515111262,-18.4409424986276,8.55257706719234));
#12831=CARTESIAN_POINT('Ctrl Pts',(14.592515111262,-17.4409424986276,8.55257706719234));
#12832=CARTESIAN_POINT('Ctrl Pts',(14.7144032855236,-18.4409424986276,8.56347258305299));
#12833=CARTESIAN_POINT('Ctrl Pts',(14.7144032855236,-17.4409424986276,8.56347258305299));
#12834=CARTESIAN_POINT('Ctrl Pts',(14.7755866706371,-18.4409424986276,8.56894173169642));
#12835=CARTESIAN_POINT('Ctrl Pts',(14.7755866706371,-17.4409424986276,8.56894173169642));
#12836=CARTESIAN_POINT('',(14.4514405190945,-18.4409424986276,8.43557693505794));
#12837=CARTESIAN_POINT('Ctrl Pts',(14.3183546721935,-18.4409424986276,8.1110117628625));
#12838=CARTESIAN_POINT('Ctrl Pts',(14.3183546721935,-17.4409424986276,8.1110117628625));
#12839=CARTESIAN_POINT('Ctrl Pts',(14.3238080375558,-18.4409424986276,8.17224253884592));
#12840=CARTESIAN_POINT('Ctrl Pts',(14.3238080375558,-17.4409424986276,8.17224253884592));
#12841=CARTESIAN_POINT('Ctrl Pts',(14.3346699448265,-18.4409424986276,8.2942008098693));
#12842=CARTESIAN_POINT('Ctrl Pts',(14.3346699448265,-17.4409424986276,8.2942008098693));
#12843=CARTESIAN_POINT('Ctrl Pts',(14.4126242247412,-18.4409424986276,8.38858138567187));
#12844=CARTESIAN_POINT('Ctrl Pts',(14.4126242247412,-17.4409424986276,8.38858138567187));
#12845=CARTESIAN_POINT('Ctrl Pts',(14.4514405190945,-18.4409424986276,8.43557693505794));
#12846=CARTESIAN_POINT('Ctrl Pts',(14.4514405190945,-17.4409424986276,8.43557693505794));
#12847=CARTESIAN_POINT('',(14.3183546721935,-18.4409424986276,8.1110117628625));
#12848=CARTESIAN_POINT('Ctrl Pts',(14.4506376445293,-18.4409424986276,7.78574862027675));
#12849=CARTESIAN_POINT('Ctrl Pts',(14.4506376445293,-17.4409424986276,7.78574862027675));
#12850=CARTESIAN_POINT('Ctrl Pts',(14.4120556201254,-18.4409424986276,7.83271350105741));
#12851=CARTESIAN_POINT('Ctrl Pts',(14.4120556201254,-17.4409424986276,7.83271350105741));
#12852=CARTESIAN_POINT('Ctrl Pts',(14.3342886798308,-18.4409424986276,7.92737714652557));
#12853=CARTESIAN_POINT('Ctrl Pts',(14.3342886798308,-17.4409424986276,7.92737714652557));
#12854=CARTESIAN_POINT('Ctrl Pts',(14.3236933882211,-18.4409424986276,8.04948467615783));
#12855=CARTESIAN_POINT('Ctrl Pts',(14.3236933882211,-17.4409424986276,8.04948467615783));
#12856=CARTESIAN_POINT('Ctrl Pts',(14.3183546721935,-18.4409424986276,8.1110117628625));
#12857=CARTESIAN_POINT('Ctrl Pts',(14.3183546721935,-17.4409424986276,8.1110117628625));
#12858=CARTESIAN_POINT('',(14.4506376445293,-18.4409424986276,7.78574862027675));
#12859=CARTESIAN_POINT('Ctrl Pts',(14.7752373874187,-18.4409424986276,7.65308179402858));
#12860=CARTESIAN_POINT('Ctrl Pts',(14.7752373874187,-17.4409424986276,7.65308179402858));
#12861=CARTESIAN_POINT('Ctrl Pts',(14.7137980174804,-18.4409424986276,7.65844516393011));
#12862=CARTESIAN_POINT('Ctrl Pts',(14.7137980174804,-17.4409424986276,7.65844516393011));
#12863=CARTESIAN_POINT('Ctrl Pts',(14.5918163428783,-18.4409424986276,7.66909359412653));
#12864=CARTESIAN_POINT('Ctrl Pts',(14.5918163428783,-17.4409424986276,7.66909359412653));
#12865=CARTESIAN_POINT('Ctrl Pts',(14.4974659232128,-18.4409424986276,7.74705472283843));
#12866=CARTESIAN_POINT('Ctrl Pts',(14.4974659232128,-17.4409424986276,7.74705472283843));
#12867=CARTESIAN_POINT('Ctrl Pts',(14.4506376445293,-18.4409424986276,7.78574862027675));
#12868=CARTESIAN_POINT('Ctrl Pts',(14.4506376445293,-17.4409424986276,7.78574862027675));
#12869=CARTESIAN_POINT('',(14.7752373874187,-18.4409424986276,7.65308179402858));
#12870=CARTESIAN_POINT('Origin',(15.7971333920956,-18.4409424986276,7.65308179402858));
#12871=CARTESIAN_POINT('',(15.7971333920956,-18.4409424986276,7.65308179402858));
#12872=CARTESIAN_POINT('Origin',(15.7971333920956,-18.4409424986276,3.49373676324397));
#12873=CARTESIAN_POINT('',(15.7971333920956,-18.4409424986276,3.49373676324397));
#12874=CARTESIAN_POINT('Origin',(14.7574364602566,-18.4409424986276,3.49373676324397));
#12875=CARTESIAN_POINT('',(14.7574364602566,-18.4409424986276,3.49373676324397));
#12876=CARTESIAN_POINT('Ctrl Pts',(14.4344776332378,-18.4409424986276,3.36215176129848));
#12877=CARTESIAN_POINT('Ctrl Pts',(14.4344776332378,-17.4409424986276,3.36215176129848));
#12878=CARTESIAN_POINT('Ctrl Pts',(14.4814870971979,-18.4409424986276,3.40053061295119));
#12879=CARTESIAN_POINT('Ctrl Pts',(14.4814870971979,-17.4409424986276,3.40053061295119));
#12880=CARTESIAN_POINT('Ctrl Pts',(14.575669125191,-18.4409424986276,3.47742147228461));
#12881=CARTESIAN_POINT('Ctrl Pts',(14.575669125191,-17.4409424986276,3.47742147228461));
#12882=CARTESIAN_POINT('Ctrl Pts',(14.6967774386459,-18.4409424986276,3.48829205786535));
#12883=CARTESIAN_POINT('Ctrl Pts',(14.6967774386459,-17.4409424986276,3.48829205786535));
#12884=CARTESIAN_POINT('Ctrl Pts',(14.7574364602566,-18.4409424986276,3.49373676324397));
#12885=CARTESIAN_POINT('Ctrl Pts',(14.7574364602566,-17.4409424986276,3.49373676324397));
#12886=CARTESIAN_POINT('Origin',(27.3180519998074,-18.4409424986276,7.2505084469369));
#12887=CARTESIAN_POINT('',(27.3180519998074,-18.4409424986276,7.2505084469369));
#12888=CARTESIAN_POINT('Origin',(26.4613878190517,-18.4409424986276,8.56894173169642));
#12889=CARTESIAN_POINT('',(26.4613878190517,-18.4409424986276,8.56894173169642));
#12890=CARTESIAN_POINT('Origin',(25.3712212502956,-18.4409424986276,8.56894173169642));
#12891=CARTESIAN_POINT('',(25.3712212502956,-18.4409424986276,8.56894173169642));
#12892=CARTESIAN_POINT('Origin',(25.3712212502956,-18.4409424986276,3.02624322915584));
#12893=CARTESIAN_POINT('',(25.3712212502956,-18.4409424986276,3.02624322915584));
#12894=CARTESIAN_POINT('Ctrl Pts',(25.504307693243,-18.4409424986276,2.70447053456813));
#12895=CARTESIAN_POINT('Ctrl Pts',(25.504307693243,-17.4409424986276,2.70447053456813));
#12896=CARTESIAN_POINT('Ctrl Pts',(25.4654910037356,-18.4409424986276,2.75158694287506));
#12897=CARTESIAN_POINT('Ctrl Pts',(25.4654910037356,-17.4409424986276,2.75158694287506));
#12898=CARTESIAN_POINT('Ctrl Pts',(25.3882834595456,-18.4409424986276,2.84530287338293));
#12899=CARTESIAN_POINT('Ctrl Pts',(25.3882834595456,-17.4409424986276,2.84530287338293));
#12900=CARTESIAN_POINT('Ctrl Pts',(25.3768877024461,-18.4409424986276,2.96615195650475));
#12901=CARTESIAN_POINT('Ctrl Pts',(25.3768877024461,-17.4409424986276,2.96615195650475));
#12902=CARTESIAN_POINT('Ctrl Pts',(25.3712212502956,-18.4409424986276,3.02624322915584));
#12903=CARTESIAN_POINT('Ctrl Pts',(25.3712212502956,-17.4409424986276,3.02624322915584));
#12904=CARTESIAN_POINT('',(25.504307693243,-18.4409424986276,2.70447053456813));
#12905=CARTESIAN_POINT('Ctrl Pts',(25.829151815176,-18.4409424986276,2.56894149327785));
#12906=CARTESIAN_POINT('Ctrl Pts',(25.829151815176,-17.4409424986276,2.56894149327785));
#12907=CARTESIAN_POINT('Ctrl Pts',(25.7677362372805,-18.4409424986276,2.57452779690962));
#12908=CARTESIAN_POINT('Ctrl Pts',(25.7677362372805,-17.4409424986276,2.57452779690962));
#12909=CARTESIAN_POINT('Ctrl Pts',(25.6452331714981,-18.4409424986276,2.58567056141227));
#12910=CARTESIAN_POINT('Ctrl Pts',(25.6452331714981,-17.4409424986276,2.58567056141227));
#12911=CARTESIAN_POINT('Ctrl Pts',(25.5511989045488,-18.4409424986276,2.66494131165293));
#12912=CARTESIAN_POINT('Ctrl Pts',(25.5511989045488,-17.4409424986276,2.66494131165293));
#12913=CARTESIAN_POINT('Ctrl Pts',(25.504307693243,-18.4409424986276,2.70447053456813));
#12914=CARTESIAN_POINT('Ctrl Pts',(25.504307693243,-17.4409424986276,2.70447053456813));
#12915=CARTESIAN_POINT('',(25.829151815176,-18.4409424986276,2.56894149327785));
#12916=CARTESIAN_POINT('Ctrl Pts',(26.157555526495,-18.4409424986276,2.70276047730952));
#12917=CARTESIAN_POINT('Ctrl Pts',(26.157555526495,-17.4409424986276,2.70276047730952));
#12918=CARTESIAN_POINT('Ctrl Pts',(26.1101376828352,-18.4409424986276,2.66373061535296));
#12919=CARTESIAN_POINT('Ctrl Pts',(26.1101376828352,-17.4409424986276,2.66373061535296));
#12920=CARTESIAN_POINT('Ctrl Pts',(26.014598090732,-18.4409424986276,2.58509150392623));
#12921=CARTESIAN_POINT('Ctrl Pts',(26.014598090732,-17.4409424986276,2.58509150392623));
#12922=CARTESIAN_POINT('Ctrl Pts',(25.891270120547,-18.4409424986276,2.57435120717042));
#12923=CARTESIAN_POINT('Ctrl Pts',(25.891270120547,-17.4409424986276,2.57435120717042));
#12924=CARTESIAN_POINT('Ctrl Pts',(25.829151815176,-18.4409424986276,2.56894149327785));
#12925=CARTESIAN_POINT('Ctrl Pts',(25.829151815176,-17.4409424986276,2.56894149327785));
#12926=CARTESIAN_POINT('',(26.157555526495,-18.4409424986276,2.70276047730952));
#12927=CARTESIAN_POINT('Ctrl Pts',(26.2915491521358,-18.4409424986276,3.02638270402461));
#12928=CARTESIAN_POINT('Ctrl Pts',(26.2915491521358,-17.4409424986276,3.02638270402461));
#12929=CARTESIAN_POINT('Ctrl Pts',(26.2859805986554,-18.4409424986276,2.96546198695969));
#12930=CARTESIAN_POINT('Ctrl Pts',(26.2859805986554,-17.4409424986276,2.96546198695969));
#12931=CARTESIAN_POINT('Ctrl Pts',(26.2748505700059,-18.4409424986276,2.84369799049806));
#12932=CARTESIAN_POINT('Ctrl Pts',(26.2748505700059,-17.4409424986276,2.84369799049806));
#12933=CARTESIAN_POINT('Ctrl Pts',(26.1966372940239,-18.4409424986276,2.74971972606947));
#12934=CARTESIAN_POINT('Ctrl Pts',(26.1966372940239,-17.4409424986276,2.74971972606947));
#12935=CARTESIAN_POINT('Ctrl Pts',(26.157555526495,-18.4409424986276,2.70276047730952));
#12936=CARTESIAN_POINT('Ctrl Pts',(26.157555526495,-17.4409424986276,2.70276047730952));
#12937=CARTESIAN_POINT('',(26.2915491521358,-18.4409424986276,3.02638270402461));
#12938=CARTESIAN_POINT('Origin',(26.2915491521358,-18.4409424986276,7.38055743718654));
#12939=CARTESIAN_POINT('',(26.2915491521358,-18.4409424986276,7.38055743718654));
#12940=CARTESIAN_POINT('Origin',(26.8678712308407,-18.4409424986276,6.35237850690394));
#12941=CARTESIAN_POINT('',(26.8678712308407,-18.4409424986276,6.35237850690394));
#12942=CARTESIAN_POINT('Origin',(26.8678712308407,-18.4409424986276,6.19370855832606));
#12943=CARTESIAN_POINT('',(26.8678712308407,-18.4409424986276,6.19370855832606));
#12944=CARTESIAN_POINT('Ctrl Pts',(27.0009564816952,-18.4409424986276,5.87200619721919));
#12945=CARTESIAN_POINT('Ctrl Pts',(27.0009564816952,-17.4409424986276,5.87200619721919));
#12946=CARTESIAN_POINT('Ctrl Pts',(26.9621403021907,-18.4409424986276,5.91911634680193));
#12947=CARTESIAN_POINT('Ctrl Pts',(26.9621403021907,-17.4409424986276,5.91911634680193));
#12948=CARTESIAN_POINT('Ctrl Pts',(26.8849416340139,-18.4409424986276,6.01281028710805));
#12949=CARTESIAN_POINT('Ctrl Pts',(26.8849416340139,-17.4409424986276,6.01281028710805));
#12950=CARTESIAN_POINT('Ctrl Pts',(26.8735400143543,-18.4409424986276,6.13363539384874));
#12951=CARTESIAN_POINT('Ctrl Pts',(26.8735400143543,-17.4409424986276,6.13363539384874));
#12952=CARTESIAN_POINT('Ctrl Pts',(26.8678712308407,-18.4409424986276,6.19370855832606));
#12953=CARTESIAN_POINT('Ctrl Pts',(26.8678712308407,-17.4409424986276,6.19370855832606));
#12954=CARTESIAN_POINT('Origin',(35.6601261556148,-18.4409424986276,1.44757189298183));
#12955=CARTESIAN_POINT('',(35.6601261556148,-18.4409424986276,1.44757189298183));
#12956=CARTESIAN_POINT('Origin',(35.6601261556148,-18.4409424986276,2.3723665669015));
#12957=CARTESIAN_POINT('Origin',(44.4682287633419,-18.4409424986276,4.75807048821956));
#12958=CARTESIAN_POINT('',(42.3347456986175,-18.4409424986276,12.6051446008822));
#12959=CARTESIAN_POINT('Ctrl Pts',(45.741078799963,-18.4409424986276,2.70373739743739));
#12960=CARTESIAN_POINT('Ctrl Pts',(45.741078799963,-17.4409424986276,2.70373739743739));
#12961=CARTESIAN_POINT('Ctrl Pts',(45.695866687271,-18.4409424986276,2.66442667980506));
#12962=CARTESIAN_POINT('Ctrl Pts',(45.695866687271,-17.4409424986276,2.66442667980506));
#12963=CARTESIAN_POINT('Ctrl Pts',(45.607218949298,-18.4409424986276,2.58734985262955));
#12964=CARTESIAN_POINT('Ctrl Pts',(45.607218949298,-17.4409424986276,2.58734985262955));
#12965=CARTESIAN_POINT('Ctrl Pts',(45.4905425221082,-18.4409424986276,2.57499508382203));
#12966=CARTESIAN_POINT('Ctrl Pts',(45.4905425221082,-17.4409424986276,2.57499508382203));
#12967=CARTESIAN_POINT('Ctrl Pts',(45.4333733975887,-18.4409424986276,2.56894149327785));
#12968=CARTESIAN_POINT('Ctrl Pts',(45.4333733975887,-17.4409424986276,2.56894149327785));
#12969=CARTESIAN_POINT('',(45.741078799963,-18.4409424986276,2.70373739743739));
#12970=CARTESIAN_POINT('Ctrl Pts',(45.8730840146542,-18.4409424986276,3.02624322915584));
#12971=CARTESIAN_POINT('Ctrl Pts',(45.8730840146542,-17.4409424986276,3.02624322915584));
#12972=CARTESIAN_POINT('Ctrl Pts',(45.8675533257367,-18.4409424986276,2.96584608266075));
#12973=CARTESIAN_POINT('Ctrl Pts',(45.8675533257367,-17.4409424986276,2.96584608266075));
#12974=CARTESIAN_POINT('Ctrl Pts',(45.8564761221631,-18.4409424986276,2.84487896681323));
#12975=CARTESIAN_POINT('Ctrl Pts',(45.8564761221631,-17.4409424986276,2.84487896681323));
#12976=CARTESIAN_POINT('Ctrl Pts',(45.7795811933517,-18.4409424986276,2.75082937603798));
#12977=CARTESIAN_POINT('Ctrl Pts',(45.7795811933517,-17.4409424986276,2.75082937603798));
#12978=CARTESIAN_POINT('Ctrl Pts',(45.741078799963,-18.4409424986276,2.70373739743739));
#12979=CARTESIAN_POINT('Ctrl Pts',(45.741078799963,-17.4409424986276,2.70373739743739));
#12980=CARTESIAN_POINT('',(45.8730840146542,-18.4409424986276,3.02624322915584));
#12981=CARTESIAN_POINT('Ctrl Pts',(45.8448814809322,-18.4409424986276,3.18093456769496));
#12982=CARTESIAN_POINT('Ctrl Pts',(45.8448814809322,-17.4409424986276,3.18093456769496));
#12983=CARTESIAN_POINT('Ctrl Pts',(45.8530785261162,-18.4409424986276,3.15302603287236));
#12984=CARTESIAN_POINT('Ctrl Pts',(45.8530785261162,-17.4409424986276,3.15302603287236));
#12985=CARTESIAN_POINT('Ctrl Pts',(45.8679432452634,-18.4409424986276,3.10241602370029));
#12986=CARTESIAN_POINT('Ctrl Pts',(45.8679432452634,-17.4409424986276,3.10241602370029));
#12987=CARTESIAN_POINT('Ctrl Pts',(45.8714921351988,-18.4409424986276,3.04983073084608));
#12988=CARTESIAN_POINT('Ctrl Pts',(45.8714921351988,-17.4409424986276,3.04983073084608));
#12989=CARTESIAN_POINT('Ctrl Pts',(45.8730840146542,-18.4409424986276,3.02624322915584));
#12990=CARTESIAN_POINT('Ctrl Pts',(45.8730840146542,-17.4409424986276,3.02624322915584));
#12991=CARTESIAN_POINT('',(45.8448814809322,-18.4409424986276,3.18093456769496));
#12992=CARTESIAN_POINT('Origin',(44.3709182202816,-18.4409424986276,8.30144383454829));
#12993=CARTESIAN_POINT('',(44.3709182202816,-18.4409424986276,8.30144383454829));
#12994=CARTESIAN_POINT('Ctrl Pts',(43.9481019437313,-18.4409424986276,8.56894173169642));
#12995=CARTESIAN_POINT('Ctrl Pts',(43.9481019437313,-17.4409424986276,8.56894173169642));
#12996=CARTESIAN_POINT('Ctrl Pts',(44.0501129048641,-18.4409424986276,8.56120522824584));
#12997=CARTESIAN_POINT('Ctrl Pts',(44.0501129048641,-17.4409424986276,8.56120522824584));
#12998=CARTESIAN_POINT('Ctrl Pts',(44.2409949129868,-18.4409424986276,8.54672875142319));
#12999=CARTESIAN_POINT('Ctrl Pts',(44.2409949129868,-17.4409424986276,8.54672875142319));
#13000=CARTESIAN_POINT('Ctrl Pts',(44.329644603652,-18.4409424986276,8.37936515470954));
#13001=CARTESIAN_POINT('Ctrl Pts',(44.329644603652,-17.4409424986276,8.37936515470954));
#13002=CARTESIAN_POINT('Ctrl Pts',(44.3709182202816,-18.4409424986276,8.30144383454829));
#13003=CARTESIAN_POINT('Ctrl Pts',(44.3709182202816,-17.4409424986276,8.30144383454829));
#13004=CARTESIAN_POINT('',(43.9481019437313,-18.4409424986276,8.56894173169642));
#13005=CARTESIAN_POINT('Ctrl Pts',(43.4900330960751,-18.4409424986276,8.19135882401973));
#13006=CARTESIAN_POINT('Ctrl Pts',(43.4900330960751,-17.4409424986276,8.19135882401973));
#13007=CARTESIAN_POINT('Ctrl Pts',(43.5344006579043,-18.4409424986276,8.30142292292498));
#13008=CARTESIAN_POINT('Ctrl Pts',(43.5344006579043,-17.4409424986276,8.30142292292498));
#13009=CARTESIAN_POINT('Ctrl Pts',(43.6193793928405,-18.4409424986276,8.51223252122667));
#13010=CARTESIAN_POINT('Ctrl Pts',(43.6193793928405,-17.4409424986276,8.51223252122667));
#13011=CARTESIAN_POINT('Ctrl Pts',(43.8418051191983,-18.4409424986276,8.55060405155136));
#13012=CARTESIAN_POINT('Ctrl Pts',(43.8418051191983,-17.4409424986276,8.55060405155136));
#13013=CARTESIAN_POINT('Ctrl Pts',(43.9481019437313,-18.4409424986276,8.56894173169642));
#13014=CARTESIAN_POINT('Ctrl Pts',(43.9481019437313,-17.4409424986276,8.56894173169642));
#13015=CARTESIAN_POINT('',(43.4900330960751,-18.4409424986276,8.19135882401973));
#13016=CARTESIAN_POINT('Origin',(42.0141148030758,-18.4409424986276,3.22191037679225));
#13017=CARTESIAN_POINT('',(42.0141148030758,-18.4409424986276,3.22191037679225));
#13018=CARTESIAN_POINT('Ctrl Pts',(41.9817947804928,-18.4409424986276,3.03503908658534));
#13019=CARTESIAN_POINT('Ctrl Pts',(41.9817947804928,-17.4409424986276,3.03503908658534));
#13020=CARTESIAN_POINT('Ctrl Pts',(41.9834679999823,-18.4409424986276,3.06466268141807));
#13021=CARTESIAN_POINT('Ctrl Pts',(41.9834679999823,-17.4409424986276,3.06466268141807));
#13022=CARTESIAN_POINT('Ctrl Pts',(41.9870544358266,-18.4409424986276,3.12815890711511));
#13023=CARTESIAN_POINT('Ctrl Pts',(41.9870544358266,-17.4409424986276,3.12815890711511));
#13024=CARTESIAN_POINT('Ctrl Pts',(42.004701055567,-18.4409424986276,3.18929616073273));
#13025=CARTESIAN_POINT('Ctrl Pts',(42.004701055567,-17.4409424986276,3.18929616073273));
#13026=CARTESIAN_POINT('Ctrl Pts',(42.0141148030758,-18.4409424986276,3.22191037679225));
#13027=CARTESIAN_POINT('Ctrl Pts',(42.0141148030758,-17.4409424986276,3.22191037679225));
#13028=CARTESIAN_POINT('Ctrl Pts',(39.3481039464474,-18.4409424986276,5.79061188245326));
#13029=CARTESIAN_POINT('Ctrl Pts',(39.3481039464474,-17.4409424986276,5.79061188245326));
#13030=CARTESIAN_POINT('Ctrl Pts',(39.3722209648639,-18.4409424986276,5.81909301393592));
#13031=CARTESIAN_POINT('Ctrl Pts',(39.3722209648639,-17.4409424986276,5.81909301393592));
#13032=CARTESIAN_POINT('Ctrl Pts',(39.4205238711663,-18.4409424986276,5.87613660869673));
#13033=CARTESIAN_POINT('Ctrl Pts',(39.4205238711663,-17.4409424986276,5.87613660869673));
#13034=CARTESIAN_POINT('Ctrl Pts',(39.4273646351505,-18.4409424986276,5.9505765661399));
#13035=CARTESIAN_POINT('Ctrl Pts',(39.4273646351505,-17.4409424986276,5.9505765661399));
#13036=CARTESIAN_POINT('Ctrl Pts',(39.4307898938656,-18.4409424986276,5.98784961247951));
#13037=CARTESIAN_POINT('Ctrl Pts',(39.4307898938656,-17.4409424986276,5.98784961247951));
#13038=CARTESIAN_POINT('',(39.3481039464474,-18.4409424986276,5.79061188245326));
#13039=CARTESIAN_POINT('Ctrl Pts',(39.3481039464474,-18.4409424986276,5.79061188245326));
#13040=CARTESIAN_POINT('Ctrl Pts',(39.3722209648639,-18.4409424986276,5.81909301393592));
#13041=CARTESIAN_POINT('Ctrl Pts',(39.4205238711663,-18.4409424986276,5.87613660869673));
#13042=CARTESIAN_POINT('Ctrl Pts',(39.4273646351505,-18.4409424986276,5.9505765661399));
#13043=CARTESIAN_POINT('Ctrl Pts',(39.4307898938656,-18.4409424986276,5.98784961247951));
#13044=CARTESIAN_POINT('',(39.3481039464474,-18.4409424986276,5.79061188245326));
#13045=CARTESIAN_POINT('Ctrl Pts',(39.1521930158138,-18.4409424986276,5.70967115903407));
#13046=CARTESIAN_POINT('Ctrl Pts',(39.1521930158138,-17.4409424986276,5.70967115903407));
#13047=CARTESIAN_POINT('Ctrl Pts',(39.1887441456635,-18.4409424986276,5.71312480389094));
#13048=CARTESIAN_POINT('Ctrl Pts',(39.1887441456635,-17.4409424986276,5.71312480389094));
#13049=CARTESIAN_POINT('Ctrl Pts',(39.2622943407225,-18.4409424986276,5.72007441814176));
#13050=CARTESIAN_POINT('Ctrl Pts',(39.2622943407225,-17.4409424986276,5.72007441814176));
#13051=CARTESIAN_POINT('Ctrl Pts',(39.3193848470152,-18.4409424986276,5.76700412392617));
#13052=CARTESIAN_POINT('Ctrl Pts',(39.3193848470152,-17.4409424986276,5.76700412392617));
#13053=CARTESIAN_POINT('Ctrl Pts',(39.3481039464474,-18.4409424986276,5.79061188245326));
#13054=CARTESIAN_POINT('Ctrl Pts',(39.3481039464474,-17.4409424986276,5.79061188245326));
#13055=CARTESIAN_POINT('',(39.1521930158138,-18.4409424986276,5.70967115903407));
#13056=CARTESIAN_POINT('Ctrl Pts',(39.1521930158138,-18.4409424986276,5.70967115903407));
#13057=CARTESIAN_POINT('Ctrl Pts',(39.1887441456635,-18.4409424986276,5.71312480389094));
#13058=CARTESIAN_POINT('Ctrl Pts',(39.2622943407225,-18.4409424986276,5.72007441814176));
#13059=CARTESIAN_POINT('Ctrl Pts',(39.3193848470152,-18.4409424986276,5.76700412392617));
#13060=CARTESIAN_POINT('Ctrl Pts',(39.3481039464474,-18.4409424986276,5.79061188245326));
#13061=CARTESIAN_POINT('',(39.1521930158138,-18.4409424986276,5.70967115903407));
#13062=CARTESIAN_POINT('Origin',(37.3801564633846,-18.4409424986276,5.70967115903407));
#13063=CARTESIAN_POINT('',(37.3801564633846,-18.4409424986276,5.70967115903407));
#13064=CARTESIAN_POINT('',(20.6150782316923,-18.4409424986276,5.70967115903407));
#13065=CARTESIAN_POINT('',(37.3801564633846,-18.4409424986276,5.70967115903407));
#13066=CARTESIAN_POINT('Origin',(37.3801564633846,-18.4409424986276,7.6441464617303));
#13067=CARTESIAN_POINT('',(37.3801564633846,-18.4409424986276,9.10654433513194));
#13068=CARTESIAN_POINT('Origin',(40.3511166036129,-18.4409424986276,7.36694492841273));
#13069=CARTESIAN_POINT('',(40.3511166036129,-18.4409424986276,7.36694492841273));
#13070=CARTESIAN_POINT('Ctrl Pts',(39.9974417150021,-18.4409424986276,8.21313836122066));
#13071=CARTESIAN_POINT('Ctrl Pts',(39.9974417150021,-17.4409424986276,8.21313836122066));
#13072=CARTESIAN_POINT('Ctrl Pts',(40.1005962795625,-18.4409424986276,8.08945777060821));
#13073=CARTESIAN_POINT('Ctrl Pts',(40.1005962795625,-17.4409424986276,8.08945777060821));
#13074=CARTESIAN_POINT('Ctrl Pts',(40.3055961577985,-18.4409424986276,7.84366635920768));
#13075=CARTESIAN_POINT('Ctrl Pts',(40.3055961577985,-17.4409424986276,7.84366635920768));
#13076=CARTESIAN_POINT('Ctrl Pts',(40.3360078640764,-18.4409424986276,7.52517404503249));
#13077=CARTESIAN_POINT('Ctrl Pts',(40.3360078640764,-17.4409424986276,7.52517404503249));
#13078=CARTESIAN_POINT('Ctrl Pts',(40.3511166036129,-18.4409424986276,7.36694492841273));
#13079=CARTESIAN_POINT('Ctrl Pts',(40.3511166036129,-17.4409424986276,7.36694492841273));
#13080=CARTESIAN_POINT('',(39.9974417150021,-18.4409424986276,8.21313836122066));
#13081=CARTESIAN_POINT('Ctrl Pts',(39.152681773901,-18.4409424986276,8.56894173169642));
#13082=CARTESIAN_POINT('Ctrl Pts',(39.152681773901,-17.4409424986276,8.56894173169642));
#13083=CARTESIAN_POINT('Ctrl Pts',(39.3110008295867,-18.4409424986276,8.55376407772955));
#13084=CARTESIAN_POINT('Ctrl Pts',(39.3110008295867,-17.4409424986276,8.55376407772955));
#13085=CARTESIAN_POINT('Ctrl Pts',(39.6295492419354,-18.4409424986276,8.52322563399398));
#13086=CARTESIAN_POINT('Ctrl Pts',(39.6295492419354,-17.4409424986276,8.52322563399398));
#13087=CARTESIAN_POINT('Ctrl Pts',(39.8743215993745,-18.4409424986276,8.31691319673234));
#13088=CARTESIAN_POINT('Ctrl Pts',(39.8743215993745,-17.4409424986276,8.31691319673234));
#13089=CARTESIAN_POINT('Ctrl Pts',(39.9974417150021,-18.4409424986276,8.21313836122066));
#13090=CARTESIAN_POINT('Ctrl Pts',(39.9974417150021,-17.4409424986276,8.21313836122066));
#13091=CARTESIAN_POINT('',(39.152681773901,-18.4409424986276,8.56894173169642));
#13092=CARTESIAN_POINT('Origin',(36.4508938252926,-18.4409424986276,8.56894173169642));
#13093=CARTESIAN_POINT('',(36.4508938252926,-18.4409424986276,8.56894173169642));
#13094=CARTESIAN_POINT('Origin',(36.4508938252926,-18.4409424986276,3.02624322915584));
#13095=CARTESIAN_POINT('',(36.4508938252926,-18.4409424986276,3.02624322915584));
#13096=CARTESIAN_POINT('Ctrl Pts',(36.5867375791073,-18.4409424986276,2.70181812787562));
#13097=CARTESIAN_POINT('Ctrl Pts',(36.5867375791073,-17.4409424986276,2.70181812787562));
#13098=CARTESIAN_POINT('Ctrl Pts',(36.5471162438561,-18.4409424986276,2.74862631386045));
#13099=CARTESIAN_POINT('Ctrl Pts',(36.5471162438561,-17.4409424986276,2.74862631386045));
#13100=CARTESIAN_POINT('Ctrl Pts',(36.4676948624377,-18.4409424986276,2.84245381283385));
#13101=CARTESIAN_POINT('Ctrl Pts',(36.4676948624377,-17.4409424986276,2.84245381283385));
#13102=CARTESIAN_POINT('Ctrl Pts',(36.4565025658317,-18.4409424986276,2.96488825796655));
#13103=CARTESIAN_POINT('Ctrl Pts',(36.4565025658317,-17.4409424986276,2.96488825796655));
#13104=CARTESIAN_POINT('Ctrl Pts',(36.4508938252926,-18.4409424986276,3.02624322915584));
#13105=CARTESIAN_POINT('Ctrl Pts',(36.4508938252926,-17.4409424986276,3.02624322915584));
#13106=CARTESIAN_POINT('Ctrl Pts',(49.3319916188717,-18.4409424986276,3.48668612981349));
#13107=CARTESIAN_POINT('Ctrl Pts',(49.3319916188717,-17.4409424986276,3.48668612981349));
#13108=CARTESIAN_POINT('Ctrl Pts',(49.387934276232,-18.4409424986276,3.48791607138477));
#13109=CARTESIAN_POINT('Ctrl Pts',(49.387934276232,-17.4409424986276,3.48791607138477));
#13110=CARTESIAN_POINT('Ctrl Pts',(49.4872144384846,-18.4409424986276,3.4900988207306));
#13111=CARTESIAN_POINT('Ctrl Pts',(49.4872144384846,-17.4409424986276,3.4900988207306));
#13112=CARTESIAN_POINT('Ctrl Pts',(49.5714455245576,-18.4409424986276,3.54161439636249));
#13113=CARTESIAN_POINT('Ctrl Pts',(49.5714455245576,-17.4409424986276,3.54161439636249));
#13114=CARTESIAN_POINT('Ctrl Pts',(49.6082138478756,-18.4409424986276,3.56410183454066));
#13115=CARTESIAN_POINT('Ctrl Pts',(49.6082138478756,-17.4409424986276,3.56410183454066));
#13116=CARTESIAN_POINT('',(49.3319916188717,-18.4409424986276,3.48668612981349));
#13117=CARTESIAN_POINT('Ctrl Pts',(49.3319916188717,-18.4409424986276,3.48668612981349));
#13118=CARTESIAN_POINT('Ctrl Pts',(49.387934276232,-18.4409424986276,3.48791607138477));
#13119=CARTESIAN_POINT('Ctrl Pts',(49.4872144384846,-18.4409424986276,3.4900988207306));
#13120=CARTESIAN_POINT('Ctrl Pts',(49.5714455245576,-18.4409424986276,3.54161439636249));
#13121=CARTESIAN_POINT('Ctrl Pts',(49.6082138478756,-18.4409424986276,3.56410183454066));
#13122=CARTESIAN_POINT('',(49.3319916188717,-18.4409424986276,3.48668612981349));
#13123=CARTESIAN_POINT('Origin',(49.170181697607,-18.4409424986276,3.48480143094569));
#13124=CARTESIAN_POINT('',(49.170181697607,-18.4409424986276,3.48480143094569));
#13125=CARTESIAN_POINT('',(26.5544157125797,-18.4409424986276,3.22138180739462));
#13126=CARTESIAN_POINT('',(49.170181697607,-18.4409424986276,3.48480143094569));
#13127=CARTESIAN_POINT('Origin',(49.170181697607,-18.4409424986276,7.6441464617303));
#13128=CARTESIAN_POINT('',(49.170181697607,-18.4409424986276,7.6441464617303));
#13129=CARTESIAN_POINT('',(49.170181697607,-18.4409424986276,9.10654433513194));
#13130=CARTESIAN_POINT('',(49.170181697607,-18.4409424986276,7.6441464617303));
#13131=CARTESIAN_POINT('Origin',(49.3173336446285,-18.4409424986276,7.6441464617303));
#13132=CARTESIAN_POINT('',(26.5836668223143,-18.4409424986276,7.6441464617303));
#13133=CARTESIAN_POINT('Ctrl Pts',(49.9945949971676,-18.4409424986276,2.7526018812707));
#13134=CARTESIAN_POINT('Ctrl Pts',(49.9945949971676,-17.4409424986276,2.7526018812707));
#13135=CARTESIAN_POINT('Ctrl Pts',(49.8960964667283,-18.4409424986276,2.69903575129465));
#13136=CARTESIAN_POINT('Ctrl Pts',(49.8960964667283,-17.4409424986276,2.69903575129465));
#13137=CARTESIAN_POINT('Ctrl Pts',(49.6971815608457,-18.4409424986276,2.59086051603821));
#13138=CARTESIAN_POINT('Ctrl Pts',(49.6971815608457,-17.4409424986276,2.59086051603821));
#13139=CARTESIAN_POINT('Ctrl Pts',(49.4711563834307,-18.4409424986276,2.57629464664393));
#13140=CARTESIAN_POINT('Ctrl Pts',(49.4711563834307,-17.4409424986276,2.57629464664393));
#13141=CARTESIAN_POINT('Ctrl Pts',(49.3570541799068,-18.4409424986276,2.56894149327785));
#13142=CARTESIAN_POINT('Ctrl Pts',(49.3570541799068,-17.4409424986276,2.56894149327785));
#13143=CARTESIAN_POINT('',(49.9945949971676,-18.4409424986276,2.7526018812707));
#13144=CARTESIAN_POINT('Ctrl Pts',(50.4299759328365,-18.4409424986276,3.23601164365321));
#13145=CARTESIAN_POINT('Ctrl Pts',(50.4299759328365,-17.4409424986276,3.23601164365321));
#13146=CARTESIAN_POINT('Ctrl Pts',(50.3742054851948,-18.4409424986276,3.14082913907778));
#13147=CARTESIAN_POINT('Ctrl Pts',(50.3742054851948,-17.4409424986276,3.14082913907778));
#13148=CARTESIAN_POINT('Ctrl Pts',(50.262283859146,-18.4409424986276,2.94981434299961));
#13149=CARTESIAN_POINT('Ctrl Pts',(50.262283859146,-17.4409424986276,2.94981434299961));
#13150=CARTESIAN_POINT('Ctrl Pts',(50.0840267472665,-18.4409424986276,2.81848828186051));
#13151=CARTESIAN_POINT('Ctrl Pts',(50.0840267472665,-17.4409424986276,2.81848828186051));
#13152=CARTESIAN_POINT('Ctrl Pts',(49.9945949971676,-18.4409424986276,2.7526018812707));
#13153=CARTESIAN_POINT('Ctrl Pts',(49.9945949971676,-17.4409424986276,2.7526018812707));
#13154=CARTESIAN_POINT('',(50.4299759328365,-18.4409424986276,3.23601164365321));
#13155=CARTESIAN_POINT('Origin',(51.1716007649898,-18.4409424986276,4.75129880452663));
#13156=CARTESIAN_POINT('',(51.1716007649898,-18.4409424986276,4.75129880452663));
#13157=CARTESIAN_POINT('Ctrl Pts',(51.390583461523,-18.4409424986276,5.55819131875545));
#13158=CARTESIAN_POINT('Ctrl Pts',(51.390583461523,-17.4409424986276,5.55819131875545));
#13159=CARTESIAN_POINT('Ctrl Pts',(51.3810076961357,-18.4409424986276,5.41827050292904));
#13160=CARTESIAN_POINT('Ctrl Pts',(51.3810076961357,-17.4409424986276,5.41827050292904));
#13161=CARTESIAN_POINT('Ctrl Pts',(51.3616116616441,-18.4409424986276,5.1348561898068));
#13162=CARTESIAN_POINT('Ctrl Pts',(51.3616116616441,-17.4409424986276,5.1348561898068));
#13163=CARTESIAN_POINT('Ctrl Pts',(51.2354677812867,-18.4409424986276,4.88022123059702));
#13164=CARTESIAN_POINT('Ctrl Pts',(51.2354677812867,-17.4409424986276,4.88022123059702));
#13165=CARTESIAN_POINT('Ctrl Pts',(51.1716007649898,-18.4409424986276,4.75129880452663));
#13166=CARTESIAN_POINT('Ctrl Pts',(51.1716007649898,-17.4409424986276,4.75129880452663));
#13167=CARTESIAN_POINT('',(51.390583461523,-18.4409424986276,5.55819131875545));
#13168=CARTESIAN_POINT('Ctrl Pts',(51.1847233235836,-18.4409424986276,6.39642633939296));
#13169=CARTESIAN_POINT('Ctrl Pts',(51.1847233235836,-17.4409424986276,6.39642633939296));
#13170=CARTESIAN_POINT('Ctrl Pts',(51.2447648478104,-18.4409424986276,6.26421079312393));
#13171=CARTESIAN_POINT('Ctrl Pts',(51.2447648478104,-17.4409424986276,6.26421079312393));
#13172=CARTESIAN_POINT('Ctrl Pts',(51.3657828142057,-18.4409424986276,5.99772094728181));
#13173=CARTESIAN_POINT('Ctrl Pts',(51.3657828142057,-17.4409424986276,5.99772094728181));
#13174=CARTESIAN_POINT('Ctrl Pts',(51.3822741115336,-18.4409424986276,5.7054538263604));
#13175=CARTESIAN_POINT('Ctrl Pts',(51.3822741115336,-17.4409424986276,5.7054538263604));
#13176=CARTESIAN_POINT('Ctrl Pts',(51.390583461523,-18.4409424986276,5.55819131875545));
#13177=CARTESIAN_POINT('Ctrl Pts',(51.390583461523,-17.4409424986276,5.55819131875545));
#13178=CARTESIAN_POINT('',(51.1847233235836,-18.4409424986276,6.39642633939296));
#13179=CARTESIAN_POINT('Origin',(50.447356647253,-18.4409424986276,7.90047564054042));
#13180=CARTESIAN_POINT('',(50.447356647253,-18.4409424986276,7.90047564054042));
#13181=CARTESIAN_POINT('Ctrl Pts',(50.0198959767818,-18.4409424986276,8.36856224084407));
#13182=CARTESIAN_POINT('Ctrl Pts',(50.0198959767818,-17.4409424986276,8.36856224084407));
#13183=CARTESIAN_POINT('Ctrl Pts',(50.1094401558485,-18.4409424986276,8.30220864807596));
#13184=CARTESIAN_POINT('Ctrl Pts',(50.1094401558485,-17.4409424986276,8.30220864807596));
#13185=CARTESIAN_POINT('Ctrl Pts',(50.2825745713543,-18.4409424986276,8.17391342419467));
#13186=CARTESIAN_POINT('Ctrl Pts',(50.2825745713543,-17.4409424986276,8.17391342419467));
#13187=CARTESIAN_POINT('Ctrl Pts',(50.3937031606051,-18.4409424986276,7.98950771756887));
#13188=CARTESIAN_POINT('Ctrl Pts',(50.3937031606051,-17.4409424986276,7.98950771756887));
#13189=CARTESIAN_POINT('Ctrl Pts',(50.447356647253,-18.4409424986276,7.90047564054042));
#13190=CARTESIAN_POINT('Ctrl Pts',(50.447356647253,-17.4409424986276,7.90047564054042));
#13191=CARTESIAN_POINT('',(50.0198959767818,-18.4409424986276,8.36856224084407));
#13192=CARTESIAN_POINT('Ctrl Pts',(49.3245243489742,-18.4409424986276,8.56894173169642));
#13193=CARTESIAN_POINT('Ctrl Pts',(49.3245243489742,-17.4409424986276,8.56894173169642));
#13194=CARTESIAN_POINT('Ctrl Pts',(49.452675900275,-18.4409424986276,8.56037369392106));
#13195=CARTESIAN_POINT('Ctrl Pts',(49.452675900275,-17.4409424986276,8.56037369392106));
#13196=CARTESIAN_POINT('Ctrl Pts',(49.6992779067629,-18.4409424986276,8.54388622041317));
#13197=CARTESIAN_POINT('Ctrl Pts',(49.6992779067629,-17.4409424986276,8.54388622041317));
#13198=CARTESIAN_POINT('Ctrl Pts',(49.9158633778488,-18.4409424986276,8.42545051681921));
#13199=CARTESIAN_POINT('Ctrl Pts',(49.9158633778488,-17.4409424986276,8.42545051681921));
#13200=CARTESIAN_POINT('Ctrl Pts',(50.0198959767818,-18.4409424986276,8.36856224084407));
#13201=CARTESIAN_POINT('Ctrl Pts',(50.0198959767818,-17.4409424986276,8.36856224084407));
#13202=CARTESIAN_POINT('',(49.3245243489742,-18.4409424986276,8.56894173169642));
#13203=CARTESIAN_POINT('Origin',(47.960784381628,-18.4409424986276,8.56894173169642));
#13204=CARTESIAN_POINT('',(47.960784381628,-18.4409424986276,8.56894173169642));
#13205=CARTESIAN_POINT('Ctrl Pts',(47.637195533514,-18.4409424986276,8.43240060353786));
#13206=CARTESIAN_POINT('Ctrl Pts',(47.637195533514,-17.4409424986276,8.43240060353786));
#13207=CARTESIAN_POINT('Ctrl Pts',(47.6840021499906,-18.4409424986276,8.47222508454995));
#13208=CARTESIAN_POINT('Ctrl Pts',(47.6840021499906,-17.4409424986276,8.47222508454995));
#13209=CARTESIAN_POINT('Ctrl Pts',(47.7775091578793,-18.4409424986276,8.55178366708557));
#13210=CARTESIAN_POINT('Ctrl Pts',(47.7775091578793,-17.4409424986276,8.55178366708557));
#13211=CARTESIAN_POINT('Ctrl Pts',(47.8997389251978,-18.4409424986276,8.56322670997006));
#13212=CARTESIAN_POINT('Ctrl Pts',(47.8997389251978,-17.4409424986276,8.56322670997006));
#13213=CARTESIAN_POINT('Ctrl Pts',(47.960784381628,-18.4409424986276,8.56894173169642));
#13214=CARTESIAN_POINT('Ctrl Pts',(47.960784381628,-17.4409424986276,8.56894173169642));
#13215=CARTESIAN_POINT('Ctrl Pts',(20.3157019078732,-18.4409424986276,4.8027465536645));
#13216=CARTESIAN_POINT('Ctrl Pts',(20.3157019078732,-17.4409424986276,4.8027465536645));
#13217=CARTESIAN_POINT('Ctrl Pts',(20.2538809571105,-18.4409424986276,4.80836112141377));
#13218=CARTESIAN_POINT('Ctrl Pts',(20.2538809571105,-17.4409424986276,4.80836112141377));
#13219=CARTESIAN_POINT('Ctrl Pts',(20.1307848206947,-18.4409424986276,4.81954069062216));
#13220=CARTESIAN_POINT('Ctrl Pts',(20.1307848206947,-17.4409424986276,4.81954069062216));
#13221=CARTESIAN_POINT('Ctrl Pts',(20.0369426210842,-18.4409424986276,4.89993309513192));
#13222=CARTESIAN_POINT('Ctrl Pts',(20.0369426210842,-17.4409424986276,4.89993309513192));
#13223=CARTESIAN_POINT('Ctrl Pts',(19.9902295529842,-18.4409424986276,4.93995108151942));
#13224=CARTESIAN_POINT('Ctrl Pts',(19.9902295529842,-17.4409424986276,4.93995108151942));
#13225=CARTESIAN_POINT('',(20.3157019078732,-18.4409424986276,4.8027465536645));
#13226=CARTESIAN_POINT('Origin',(23.287500089407,-18.4409424986276,4.8027465536645));
#13227=CARTESIAN_POINT('',(23.287500089407,-18.4409424986276,4.8027465536645));
#13228=CARTESIAN_POINT('Ctrl Pts',(23.6161136090755,-18.4409424986276,4.94131245160609));
#13229=CARTESIAN_POINT('Ctrl Pts',(23.6161136090755,-17.4409424986276,4.94131245160609));
#13230=CARTESIAN_POINT('Ctrl Pts',(23.5689425017583,-18.4409424986276,4.90089768231789));
#13231=CARTESIAN_POINT('Ctrl Pts',(23.5689425017583,-17.4409424986276,4.90089768231789));
#13232=CARTESIAN_POINT('Ctrl Pts',(23.4741953876857,-18.4409424986276,4.8197212382243));
#13233=CARTESIAN_POINT('Ctrl Pts',(23.4741953876857,-17.4409424986276,4.8197212382243));
#13234=CARTESIAN_POINT('Ctrl Pts',(23.3499089005716,-18.4409424986276,4.80842087911907));
#13235=CARTESIAN_POINT('Ctrl Pts',(23.3499089005716,-17.4409424986276,4.80842087911907));
#13236=CARTESIAN_POINT('Ctrl Pts',(23.287500089407,-18.4409424986276,4.8027465536645));
#13237=CARTESIAN_POINT('Ctrl Pts',(23.287500089407,-17.4409424986276,4.8027465536645));
#13238=CARTESIAN_POINT('',(23.6161136090755,-18.4409424986276,4.94131245160609));
#13239=CARTESIAN_POINT('Ctrl Pts',(23.7494790017605,-18.4409424986276,5.26842512631923));
#13240=CARTESIAN_POINT('Ctrl Pts',(23.7494790017605,-17.4409424986276,5.26842512631923));
#13241=CARTESIAN_POINT('Ctrl Pts',(23.7438000413797,-18.4409424986276,5.20753239208595));
#13242=CARTESIAN_POINT('Ctrl Pts',(23.7438000413797,-17.4409424986276,5.20753239208595));
#13243=CARTESIAN_POINT('Ctrl Pts',(23.7323789535823,-18.4409424986276,5.08506961417086));
#13244=CARTESIAN_POINT('Ctrl Pts',(23.7323789535823,-17.4409424986276,5.08506961417086));
#13245=CARTESIAN_POINT('Ctrl Pts',(23.6550113571938,-18.4409424986276,4.98940786579299));
#13246=CARTESIAN_POINT('Ctrl Pts',(23.6550113571938,-17.4409424986276,4.98940786579299));
#13247=CARTESIAN_POINT('Ctrl Pts',(23.6161136090755,-18.4409424986276,4.94131245160609));
#13248=CARTESIAN_POINT('Ctrl Pts',(23.6161136090755,-17.4409424986276,4.94131245160609));
#13249=CARTESIAN_POINT('',(23.7494790017605,-18.4409424986276,5.26842512631923));
#13250=CARTESIAN_POINT('Origin',(23.7494790017605,-18.4409424986276,5.59225716138392));
#13251=CARTESIAN_POINT('',(23.7494790017605,-18.4409424986276,5.59225716138392));
#13252=CARTESIAN_POINT('Ctrl Pts',(23.6062359273434,-18.4409424986276,5.91996349835902));
#13253=CARTESIAN_POINT('Ctrl Pts',(23.6062359273434,-17.4409424986276,5.91996349835902));
#13254=CARTESIAN_POINT('Ctrl Pts',(23.6480139436879,-18.4409424986276,5.87373472157391));
#13255=CARTESIAN_POINT('Ctrl Pts',(23.6480139436879,-17.4409424986276,5.87373472157391));
#13256=CARTESIAN_POINT('Ctrl Pts',(23.7322488102735,-18.4409424986276,5.78052601552151));
#13257=CARTESIAN_POINT('Ctrl Pts',(23.7322488102735,-17.4409424986276,5.78052601552151));
#13258=CARTESIAN_POINT('Ctrl Pts',(23.7437048305841,-18.4409424986276,5.65534970401727));
#13259=CARTESIAN_POINT('Ctrl Pts',(23.7437048305841,-17.4409424986276,5.65534970401727));
#13260=CARTESIAN_POINT('Ctrl Pts',(23.7494790017605,-18.4409424986276,5.59225716138392));
#13261=CARTESIAN_POINT('Ctrl Pts',(23.7494790017605,-17.4409424986276,5.59225716138392));
#13262=CARTESIAN_POINT('Ctrl Pts',(9.31686515212059,-18.4409424986276,8.56894173169642));
#13263=CARTESIAN_POINT('Ctrl Pts',(9.31686515212059,-17.4409424986276,8.56894173169642));
#13264=CARTESIAN_POINT('Ctrl Pts',(9.40038385231598,-18.4409424986276,8.56054144971623));
#13265=CARTESIAN_POINT('Ctrl Pts',(9.40038385231598,-17.4409424986276,8.56054144971623));
#13266=CARTESIAN_POINT('Ctrl Pts',(9.56422979052627,-18.4409424986276,8.54406188191818));
#13267=CARTESIAN_POINT('Ctrl Pts',(9.56422979052627,-17.4409424986276,8.54406188191818));
#13268=CARTESIAN_POINT('Ctrl Pts',(9.6642565809196,-18.4409424986276,8.4136739248373));
#13269=CARTESIAN_POINT('Ctrl Pts',(9.6642565809196,-17.4409424986276,8.4136739248373));
#13270=CARTESIAN_POINT('Ctrl Pts',(9.71329579353332,-18.4409424986276,8.34974982286006));
#13271=CARTESIAN_POINT('Ctrl Pts',(9.71329579353332,-17.4409424986276,8.34974982286006));
#13272=CARTESIAN_POINT('',(9.31686515212059,-18.4409424986276,8.56894173169642));
#13273=CARTESIAN_POINT('Ctrl Pts',(8.9998743891716,-18.4409424986276,8.43536712670833));
#13274=CARTESIAN_POINT('Ctrl Pts',(8.9998743891716,-17.4409424986276,8.43536712670833));
#13275=CARTESIAN_POINT('Ctrl Pts',(9.04671247935228,-18.4409424986276,8.47432350961362));
#13276=CARTESIAN_POINT('Ctrl Pts',(9.04671247935228,-17.4409424986276,8.47432350961362));
#13277=CARTESIAN_POINT('Ctrl Pts',(9.13893710839381,-18.4409424986276,8.55102898475962));
#13278=CARTESIAN_POINT('Ctrl Pts',(9.13893710839381,-17.4409424986276,8.55102898475962));
#13279=CARTESIAN_POINT('Ctrl Pts',(9.25818141159185,-18.4409424986276,8.56303379851524));
#13280=CARTESIAN_POINT('Ctrl Pts',(9.25818141159185,-17.4409424986276,8.56303379851524));
#13281=CARTESIAN_POINT('Ctrl Pts',(9.31686515212059,-18.4409424986276,8.56894173169642));
#13282=CARTESIAN_POINT('Ctrl Pts',(9.31686515212059,-17.4409424986276,8.56894173169642));
#13283=CARTESIAN_POINT('',(8.9998743891716,-18.4409424986276,8.43536712670833));
#13284=CARTESIAN_POINT('Ctrl Pts',(8.86340284943581,-18.4409424986276,8.12476374650508));
#13285=CARTESIAN_POINT('Ctrl Pts',(8.86340284943581,-17.4409424986276,8.12476374650508));
#13286=CARTESIAN_POINT('Ctrl Pts',(8.86955918596666,-18.4409424986276,8.18241623674616));
#13287=CARTESIAN_POINT('Ctrl Pts',(8.86955918596666,-17.4409424986276,8.18241623674616));
#13288=CARTESIAN_POINT('Ctrl Pts',(8.88214026221933,-18.4409424986276,8.30023474329521));
#13289=CARTESIAN_POINT('Ctrl Pts',(8.88214026221933,-17.4409424986276,8.30023474329521));
#13290=CARTESIAN_POINT('Ctrl Pts',(8.96007546009334,-18.4409424986276,8.38968687848416));
#13291=CARTESIAN_POINT('Ctrl Pts',(8.96007546009334,-17.4409424986276,8.38968687848416));
#13292=CARTESIAN_POINT('Ctrl Pts',(8.9998743891716,-18.4409424986276,8.43536712670833));
#13293=CARTESIAN_POINT('Ctrl Pts',(8.9998743891716,-17.4409424986276,8.43536712670833));
#13294=CARTESIAN_POINT('',(8.86340284943581,-18.4409424986276,8.12476374650508));
#13295=CARTESIAN_POINT('Ctrl Pts',(8.95317385196686,-18.4409424986276,7.82948233628779));
#13296=CARTESIAN_POINT('Ctrl Pts',(8.95317385196686,-17.4409424986276,7.82948233628779));
#13297=CARTESIAN_POINT('Ctrl Pts',(8.9269676832261,-18.4409424986276,7.87876008945921));
#13298=CARTESIAN_POINT('Ctrl Pts',(8.9269676832261,-17.4409424986276,7.87876008945921));
#13299=CARTESIAN_POINT('Ctrl Pts',(8.87766251697039,-18.4409424986276,7.97147290974442));
#13300=CARTESIAN_POINT('Ctrl Pts',(8.87766251697039,-17.4409424986276,7.97147290974442));
#13301=CARTESIAN_POINT('Ctrl Pts',(8.86795209091298,-18.4409424986276,8.07585958860864));
#13302=CARTESIAN_POINT('Ctrl Pts',(8.86795209091298,-17.4409424986276,8.07585958860864));
#13303=CARTESIAN_POINT('Ctrl Pts',(8.86340284943581,-18.4409424986276,8.12476374650508));
#13304=CARTESIAN_POINT('Ctrl Pts',(8.86340284943581,-17.4409424986276,8.12476374650508));
#13305=CARTESIAN_POINT('',(8.95317385196686,-18.4409424986276,7.82948233628779));
#13306=CARTESIAN_POINT('Origin',(10.2858480274677,-18.4409424986276,5.57117499852687));
#13307=CARTESIAN_POINT('',(10.2858480274677,-18.4409424986276,5.57117499852687));
#13308=CARTESIAN_POINT('Origin',(8.91568789482117,-18.4409424986276,3.15007962728053));
#13309=CARTESIAN_POINT('',(8.91568789482117,-18.4409424986276,3.15007962728053));
#13310=CARTESIAN_POINT('Ctrl Pts',(8.85,-18.4409424986276,3.02184559846431));
#13311=CARTESIAN_POINT('Ctrl Pts',(8.85,-17.4409424986276,3.02184559846431));
#13312=CARTESIAN_POINT('Ctrl Pts',(8.84861649682241,-18.4409424986276,3.05852207866478));
#13313=CARTESIAN_POINT('Ctrl Pts',(8.84861649682241,-17.4409424986276,3.05852207866478));
#13314=CARTESIAN_POINT('Ctrl Pts',(8.84640401025014,-18.4409424986276,3.11717479538896));
#13315=CARTESIAN_POINT('Ctrl Pts',(8.84640401025014,-17.4409424986276,3.11717479538896));
#13316=CARTESIAN_POINT('Ctrl Pts',(8.89680387148611,-18.4409424986276,3.14111108261645));
#13317=CARTESIAN_POINT('Ctrl Pts',(8.89680387148611,-17.4409424986276,3.14111108261645));
#13318=CARTESIAN_POINT('Ctrl Pts',(8.91568789482117,-18.4409424986276,3.15007962728053));
#13319=CARTESIAN_POINT('Ctrl Pts',(8.91568789482117,-17.4409424986276,3.15007962728053));
#13320=CARTESIAN_POINT('',(8.85,-18.4409424986276,3.02184559846431));
#13321=CARTESIAN_POINT('Ctrl Pts',(8.98716958463192,-18.4409424986276,2.70890333200007));
#13322=CARTESIAN_POINT('Ctrl Pts',(8.98716958463192,-17.4409424986276,2.70890333200008));
#13323=CARTESIAN_POINT('Ctrl Pts',(8.94717617486693,-18.4409424986276,2.75585805200075));
#13324=CARTESIAN_POINT('Ctrl Pts',(8.94717617486693,-17.4409424986276,2.75585805200075));
#13325=CARTESIAN_POINT('Ctrl Pts',(8.86988569639082,-18.4409424986276,2.84660182195911));
#13326=CARTESIAN_POINT('Ctrl Pts',(8.86988569639082,-17.4409424986276,2.84660182195911));
#13327=CARTESIAN_POINT('Ctrl Pts',(8.85647258976095,-18.4409424986276,2.96480555062358));
#13328=CARTESIAN_POINT('Ctrl Pts',(8.85647258976095,-17.4409424986276,2.96480555062358));
#13329=CARTESIAN_POINT('Ctrl Pts',(8.85,-18.4409424986276,3.02184559846431));
#13330=CARTESIAN_POINT('Ctrl Pts',(8.85,-17.4409424986276,3.02184559846431));
#13331=CARTESIAN_POINT('',(8.98716958463192,-18.4409424986276,2.70890333200007));
#13332=CARTESIAN_POINT('Ctrl Pts',(9.32014608979225,-18.4409424986276,2.56894149327785));
#13333=CARTESIAN_POINT('Ctrl Pts',(9.32014608979225,-17.4409424986276,2.56894149327785));
#13334=CARTESIAN_POINT('Ctrl Pts',(9.2573149179977,-18.4409424986276,2.57477868445345));
#13335=CARTESIAN_POINT('Ctrl Pts',(9.2573149179977,-17.4409424986276,2.57477868445345));
#13336=CARTESIAN_POINT('Ctrl Pts',(9.13162280769182,-18.4409424986276,2.58645583221571));
#13337=CARTESIAN_POINT('Ctrl Pts',(9.13162280769182,-17.4409424986276,2.58645583221571));
#13338=CARTESIAN_POINT('Ctrl Pts',(9.03532826055624,-18.4409424986276,2.66808105517615));
#13339=CARTESIAN_POINT('Ctrl Pts',(9.03532826055624,-17.4409424986276,2.66808105517615));
#13340=CARTESIAN_POINT('Ctrl Pts',(8.98716958463192,-18.4409424986276,2.70890333200007));
#13341=CARTESIAN_POINT('Ctrl Pts',(8.98716958463192,-17.4409424986276,2.70890333200008));
#13342=CARTESIAN_POINT('',(9.32014608979225,-18.4409424986276,2.56894149327785));
#13343=CARTESIAN_POINT('Ctrl Pts',(9.6770663022995,-18.4409424986276,2.74450459027797));
#13344=CARTESIAN_POINT('Ctrl Pts',(9.6770663022995,-17.4409424986276,2.74450459027797));
#13345=CARTESIAN_POINT('Ctrl Pts',(9.63581106420434,-18.4409424986276,2.69340778310633));
#13346=CARTESIAN_POINT('Ctrl Pts',(9.63581106420434,-17.4409424986276,2.69340778310633));
#13347=CARTESIAN_POINT('Ctrl Pts',(9.54511800553442,-18.4409424986276,2.58107960504629));
#13348=CARTESIAN_POINT('Ctrl Pts',(9.54511800553442,-17.4409424986276,2.58107960504629));
#13349=CARTESIAN_POINT('Ctrl Pts',(9.39951561394546,-18.4409424986276,2.57322378847901));
#13350=CARTESIAN_POINT('Ctrl Pts',(9.39951561394546,-17.4409424986276,2.57322378847901));
#13351=CARTESIAN_POINT('Ctrl Pts',(9.32014608979225,-18.4409424986276,2.56894149327785));
#13352=CARTESIAN_POINT('Ctrl Pts',(9.32014608979225,-17.4409424986276,2.56894149327785));
#13353=CARTESIAN_POINT('',(9.6770663022995,-18.4409424986276,2.74450459027797));
#13354=CARTESIAN_POINT('Origin',(10.8064642012119,-18.4409424986276,4.74459805036098));
#13355=CARTESIAN_POINT('',(10.8064642012119,-18.4409424986276,4.74459805036098));
#13356=CARTESIAN_POINT('Origin',(11.8832277715206,-18.4409424986276,2.86345459962398));
#13357=CARTESIAN_POINT('Origin',(3.85,-18.4409424986276,10.5689422085336));
#13358=CARTESIAN_POINT('Origin',(3.85,-18.4409424986276,10.5689422085336));
#13359=CARTESIAN_POINT('Origin',(81.7,45.0513906338362,38.2449920241455));
#13360=CARTESIAN_POINT('',(81.7,-14.2573909498421,10.5888529758341));
#13361=CARTESIAN_POINT('',(81.7,45.2326521912436,38.3295156764936));
#13362=CARTESIAN_POINT('Origin',(81.5,-14.2573909498421,10.5888529758341));
#13363=CARTESIAN_POINT('',(7.65000000000001,-14.2573909498421,10.5888529758341));
#13364=CARTESIAN_POINT('Origin',(10.35,42.7856211662446,37.1884463697937));
#13365=CARTESIAN_POINT('',(10.35,-11.8103599248432,11.729922282534));
#13366=CARTESIAN_POINT('Origin',(10.35,-11.8103599248432,11.729922282534));
#13367=CARTESIAN_POINT('Origin',(7.85,45.2326521912436,38.3295156764936));
#13368=CARTESIAN_POINT('',(7.65,45.2326521912436,38.3295156764936));
#13369=CARTESIAN_POINT('Origin',(3.85,34.6604936877391,4.31894220853359));
#13370=CARTESIAN_POINT('Origin',(3.85,34.6604936877391,4.31894220853359));
#13371=CARTESIAN_POINT('Origin',(3.85,-18.4409424986276,10.5689422085336));
#13372=CARTESIAN_POINT('Origin',(7.65,-14.0761293924348,10.6733766281822));
#13373=CARTESIAN_POINT('',(0.,0.,0.));
#13374=UNCERTAINTY_MEASURE_WITH_UNIT(LENGTH_MEASURE(0.01),#13380,
'DISTANCE_ACCURACY_VALUE',
'Maximum model space distance between geometric entities at asserted c
onnectivities');
#13375=UNCERTAINTY_MEASURE_WITH_UNIT(LENGTH_MEASURE(0.01),#13380,
'DISTANCE_ACCURACY_VALUE',
'Maximum model space distance between geometric entities at asserted c
onnectivities');
#13376=UNCERTAINTY_MEASURE_WITH_UNIT(LENGTH_MEASURE(0.01),#13380,
'DISTANCE_ACCURACY_VALUE',
'Maximum model space distance between geometric entities at asserted c
onnectivities');
#13377=(
GEOMETRIC_REPRESENTATION_CONTEXT(3)
GLOBAL_UNCERTAINTY_ASSIGNED_CONTEXT((#13374))
GLOBAL_UNIT_ASSIGNED_CONTEXT((#13380,#13382,#13383))
REPRESENTATION_CONTEXT('','3D')
);
#13378=(
GEOMETRIC_REPRESENTATION_CONTEXT(3)
GLOBAL_UNCERTAINTY_ASSIGNED_CONTEXT((#13375))
GLOBAL_UNIT_ASSIGNED_CONTEXT((#13380,#13382,#13383))
REPRESENTATION_CONTEXT('','3D')
);
#13379=(
GEOMETRIC_REPRESENTATION_CONTEXT(3)
GLOBAL_UNCERTAINTY_ASSIGNED_CONTEXT((#13376))
GLOBAL_UNIT_ASSIGNED_CONTEXT((#13380,#13382,#13383))
REPRESENTATION_CONTEXT('','3D')
);
#13380=(
LENGTH_UNIT()
NAMED_UNIT(*)
SI_UNIT(.MILLI.,.METRE.)
);
#13381=(
LENGTH_UNIT()
NAMED_UNIT(*)
SI_UNIT($,.METRE.)
);
#13382=(
NAMED_UNIT(*)
PLANE_ANGLE_UNIT()
SI_UNIT($,.RADIAN.)
);
#13383=(
NAMED_UNIT(*)
SI_UNIT($,.STERADIAN.)
SOLID_ANGLE_UNIT()
);
#13384=SHAPE_DEFINITION_REPRESENTATION(#13386,#13389);
#13385=SHAPE_DEFINITION_REPRESENTATION(#13387,#13390);
#13386=PRODUCT_DEFINITION_SHAPE('',$,#13392);
#13387=PRODUCT_DEFINITION_SHAPE('',$,#13393);
#13388=PRODUCT_DEFINITION_SHAPE($,$,#14);
#13389=SHAPE_REPRESENTATION('',(#7528,#7935),#13377);
#13390=SHAPE_REPRESENTATION('',(#7529),#13378);
#13391=PRODUCT_DEFINITION_CONTEXT('part definition',#13399,'design');
#13392=PRODUCT_DEFINITION('marcopad 1','marcopad v6',#13394,#13391);
#13393=PRODUCT_DEFINITION('marcopad_PCB','marcopad_PCB',#13395,#13391);
#13394=PRODUCT_DEFINITION_FORMATION('',$,#13401);
#13395=PRODUCT_DEFINITION_FORMATION('',$,#13402);
#13396=PRODUCT_RELATED_PRODUCT_CATEGORY('marcopad v6','marcopad v6',(#13401));
#13397=PRODUCT_RELATED_PRODUCT_CATEGORY('marcopad_PCB','marcopad_PCB',(#13402));
#13398=APPLICATION_PROTOCOL_DEFINITION('international standard',
'automotive_design',2009,#13399);
#13399=APPLICATION_CONTEXT(
'Core Data for Automotive Mechanical Design Process');
#13400=PRODUCT_CONTEXT('part definition',#13399,'mechanical');
#13401=PRODUCT('marcopad 1','marcopad v6','KiCad electronic assembly',(#13400));
#13402=PRODUCT('marcopad_PCB','marcopad_PCB',$,(#13400));
#13403=PRESENTATION_STYLE_ASSIGNMENT((#13405));
#13404=PRESENTATION_STYLE_ASSIGNMENT((#13406));
#13405=SURFACE_STYLE_USAGE(.BOTH.,#13407);
#13406=SURFACE_STYLE_USAGE(.BOTH.,#13408);
#13407=SURFACE_SIDE_STYLE('',(#13409));
#13408=SURFACE_SIDE_STYLE('',(#13410));
#13409=SURFACE_STYLE_FILL_AREA(#13411);
#13410=SURFACE_STYLE_FILL_AREA(#13412);
#13411=FILL_AREA_STYLE('Steel - Satin',(#13413));
#13412=FILL_AREA_STYLE('Opaque(80,124,105)',(#13414));
#13413=FILL_AREA_STYLE_COLOUR('Steel - Satin',#13415);
#13414=FILL_AREA_STYLE_COLOUR('Opaque(80,124,105)',#13416);
#13415=COLOUR_RGB('Steel - Satin',0.627450980392157,0.627450980392157,0.627450980392157);
#13416=COLOUR_RGB('Opaque(80,124,105)',0.313725490196078,0.486274509803922,
0.411764705882353);
ENDSEC;
END-ISO-10303-21;
